"First.Name","Surname","Year","Player.ID","Position"
"James","Podsiadly",2015,"CD_I200131",NA
"Scott","Thompson",2015,"CD_I210016",NA
"Brent","Reilly",2015,"CD_I220086",NA
"Eddie","Betts",2015,"CD_I240060",NA
"Richard","Douglas",2015,"CD_I240370",NA
"Nathan","Van Berlo",2015,"CD_I250118",NA
"David","Mackay",2015,"CD_I250362",NA
"Matthew","Jaensch",2015,"CD_I261351",NA
"Matthew","Wright",2015,"CD_I261384",NA
"Kyle","Cheney",2015,"CD_I270215",NA
"Andy","Otten",2015,"CD_I270296",NA
"Sam","Jacobs",2015,"CD_I270811",NA
"Patrick","Dangerfield",2015,"CD_I270917",NA
"Tom","Lynch",2015,"CD_I270938",NA
"Rory","Sloane",2015,"CD_I270963",NA
"Brodie","Martin",2015,"CD_I280281",NA
"Taylor","Walker",2015,"CD_I280506",NA
"Daniel","Talia",2015,"CD_I280934",NA
"Luke","Lowden",2015,"CD_I280947",NA
"Sam","Shaw",2015,"CD_I290211",NA
"Kyle","Hartigan",2015,"CD_I290228",NA
"Mitchell","Grigg",2015,"CD_I290731",NA
"Ricky","Henderson",2015,"CD_I291201",NA
"Brodie","Smith",2015,"CD_I291748",NA
"Sam","Kerridge",2015,"CD_I291806",NA
"Luke","Brown",2015,"CD_I293193",NA
"Rory","Laird",2015,"CD_I293222",NA
"Cameron","Ellis-Yolmen",2015,"CD_I293479",NA
"Jarryd","Lyons",2015,"CD_I293716",NA
"Brad","Crouch",2015,"CD_I294307",NA
"Anthony","Wilson",2015,"CD_I294418",NA
"Rory","Atkins",2015,"CD_I294472",NA
"Sam","Siggins",2015,"CD_I294646",NA
"Josh","Jenkins",2015,"CD_I294828",NA
"Riley","Knight",2015,"CD_I295103",NA
"Mitch","McGovern",2015,"CD_I297255",NA
"Matt","Crouch",2015,"CD_I297401",NA
"Jake","Kelly",2015,"CD_I297473",NA
"Reilly","O'Brien",2015,"CD_I297523",NA
"Harrison","Wigg",2015,"CD_I297729",NA
"Jake","Lever",2015,"CD_I298281",NA
"Jack","Osborn",2015,"CD_I298734",NA
"Keenan","Ramsey",2015,"CD_I990497",NA
"Charlie","Cameron",2015,"CD_I990609",NA
"Harry","Dear",2015,"CD_I991945",NA
"Matt","Maguire",2015,"CD_I220062",NA
"Daniel","Merrett",2015,"CD_I230147",NA
"Brent","Staker",2015,"CD_I230211",NA
"Jed","Adcock",2015,"CD_I240087",NA
"Luke","McGuane",2015,"CD_I240256",NA
"Matthew","Leuenberger",2015,"CD_I250335",NA
"Trent","West",2015,"CD_I260261",NA
"Dayne","Zorko",2015,"CD_I261224",NA
"Pearce","Hanley",2015,"CD_I270512",NA
"Tom","Rockliff",2015,"CD_I270919",NA
"Dayne","Beams",2015,"CD_I271001",NA
"Daniel","Rich",2015,"CD_I271072",NA
"Stefan","Martin",2015,"CD_I280763",NA
"Allen","Christensen",2015,"CD_I280918",NA
"Ryan","Harwood",2015,"CD_I281048",NA
"Rohan","Bewick",2015,"CD_I281329",NA
"Jack","Redden",2015,"CD_I281373",NA
"Mitch","Golby",2015,"CD_I290110",NA
"Mitch","Robinson",2015,"CD_I290311",NA
"Josh","Green",2015,"CD_I290748",NA
"Ryan","Lester",2015,"CD_I291548",NA
"Jackson","Paine",2015,"CD_I291811",NA
"Claye","Beams",2015,"CD_I292035",NA
"Sam","Mayes",2015,"CD_I293603",NA
"Josh","McGuinness",2015,"CD_I294294",NA
"Michael","Close",2015,"CD_I294309",NA
"Jordon","Bourke",2015,"CD_I294486",NA
"Jonathon","Freeman",2015,"CD_I294536",NA
"Marco","Paparone",2015,"CD_I294618",NA
"James","Aish",2015,"CD_I295067",NA
"Justin","Clarke",2015,"CD_I295162",NA
"Lewis","Taylor",2015,"CD_I296211",NA
"Darcy","Gardiner",2015,"CD_I296269",NA
"Liam","Dawson",2015,"CD_I296270",NA
"Nicholas","Robertson",2015,"CD_I297258",NA
"Hugh","Beasley",2015,"CD_I297364",NA
"Tom","Cutler",2015,"CD_I297406",NA
"Daniel","McStay",2015,"CD_I297504",NA
"Jaden","McGrath",2015,"CD_I298293",NA
"Josh","Watts",2015,"CD_I298410",NA
"Matthew","Hammelmann",2015,"CD_I298535",NA
"Billy","Evans",2015,"CD_I992450",NA
"Archie","Smith",2015,"CD_I992752",NA
"Zac","O'Brien",2015,"CD_I993649",NA
"Josh","Clayton",2015,"CD_I994235",NA
"Harris","Andrews",2015,"CD_I996059",NA
"Cian","Hanley",2015,"CD_I999240",NA
"Dane","Swan",2015,"CD_I220105",NA
"Ben","Reid",2015,"CD_I240232",NA
"Travis","Cloke",2015,"CD_I240366",NA
"Alan","Toovey",2015,"CD_I240419",NA
"Clinton","Young",2015,"CD_I250055",NA
"Sam","Dwyer",2015,"CD_I250133",NA
"Jesse","White",2015,"CD_I250212",NA
"Travis","Varcoe",2015,"CD_I250290",NA
"Tyson","Goldsack",2015,"CD_I260246",NA
"Scott","Pendlebury",2015,"CD_I260257",NA
"Nathan","Brown",2015,"CD_I260310",NA
"Brent","Macaffer",2015,"CD_I261181",NA
"Tony","Armstrong",2015,"CD_I270170",NA
"Levi","Greenwood",2015,"CD_I270861",NA
"Jarryd","Blair",2015,"CD_I280104",NA
"Steele","Sidebottom",2015,"CD_I280965",NA
"Josh","Thomas",2015,"CD_I290289",NA
"Lachlan","Keeffe",2015,"CD_I290314",NA
"Patrick","Karnezis",2015,"CD_I290808",NA
"Jack","Frost",2015,"CD_I290810",NA
"Alex","Fasolo",2015,"CD_I290821",NA
"Ben","Sinclair",2015,"CD_I291386",NA
"Taylor","Adams",2015,"CD_I291776",NA
"Jarrod","Witts",2015,"CD_I291975",NA
"Adam","Oxley",2015,"CD_I292048",NA
"Tim","Broomhead",2015,"CD_I293035",NA
"Ben","Kennedy",2015,"CD_I293431",NA
"Jamie","Elliott",2015,"CD_I293801",NA
"Jack","Crisp",2015,"CD_I293871",NA
"Brodie","Grundy",2015,"CD_I293957",NA
"Corey","Gault",2015,"CD_I294172",NA
"Paul","Seedsman",2015,"CD_I294733",NA
"Matthew","Scharenberg",2015,"CD_I295012",NA
"Marley","Williams",2015,"CD_I295256",NA
"Tom","Langdon",2015,"CD_I295444",NA
"Jackson","Ramsay",2015,"CD_I295827",NA
"Brenden","Abbott",2015,"CD_I296323",NA
"Nathan","Freeman",2015,"CD_I297433",NA
"Matthew","Goodyear",2015,"CD_I298266",NA
"Darcy","Moore",2015,"CD_I298288",NA
"Jono","Marsh",2015,"CD_I990548",NA
"Michael","Manteit",2015,"CD_I992008",NA
"Brayden","Maynard",2015,"CD_I992010",NA
"Jordan","De Goey",2015,"CD_I994185",NA
"Mason","Cox",2015,"CD_I998647",NA
"Gary","Ablett",2015,"CD_I220001","MIDFIELDER"
"Nick","Malceski",2015,"CD_I230132","MEDIUM_DEFENDER"
"Andrew","Raines",2015,"CD_I240013","MIDFIELDER"
"Jarrod","Harbrow",2015,"CD_I240254","MEDIUM_DEFENDER"
"Michael","Rischitelli",2015,"CD_I240712","MIDFIELDER"
"Danny","Stanley",2015,"CD_I250249","MEDIUM_FORWARD"
"Greg","Broughton",2015,"CD_I261756","MEDIUM_DEFENDER"
"Charlie","Dixon",2015,"CD_I280711","KEY_FORWARD"
"Zac","Smith",2015,"CD_I280722","RUCK"
"Luke","Russell",2015,"CD_I281025","MIDFIELDER_FORWARD"
"Rory","Thompson",2015,"CD_I281075","KEY_DEFENDER"
"Steven","May",2015,"CD_I281085","KEY_DEFENDER"
"Trent","McKenzie",2015,"CD_I290527","MEDIUM_DEFENDER"
"Dion","Prestia",2015,"CD_I290627","MIDFIELDER"
"Mitch","Hallahan",2015,"CD_I290781","MIDFIELDER"
"Matt","Shaw",2015,"CD_I290790","MIDFIELDER"
"Tom","Nicholls",2015,"CD_I290815","RUCK"
"Brandon","Matera",2015,"CD_I290817","MEDIUM_FORWARD"
"David","Swallow",2015,"CD_I290832","MIDFIELDER"
"Keegan","Brooksby",2015,"CD_I290889","RUCK"
"Daniel","Gorringe",2015,"CD_I291304","RUCK"
"Harley","Bennell",2015,"CD_I291594","MIDFIELDER_FORWARD"
"Sam","Day",2015,"CD_I291753","KEY_FORWARD"
"Clay","Cameron",2015,"CD_I291896","KEY_DEFENDER"
"Seb","Tape",2015,"CD_I293223","MEDIUM_DEFENDER"
"Tom","Lynch",2015,"CD_I293813","KEY_FORWARD"
"Sean","Lemmens",2015,"CD_I294013","MEDIUM_DEFENDER"
"Henry","Schade",2015,"CD_I294291","KEY_DEFENDER"
"Andrew","Boston",2015,"CD_I294485","MEDIUM_FORWARD"
"Jesse","Lonergan",2015,"CD_I294583","MIDFIELDER"
"Jaeger","O'Meara",2015,"CD_I294613","MIDFIELDER"
"Alex","Sexton",2015,"CD_I294643","MEDIUM_FORWARD"
"Louis","Herbert",2015,"CD_I295453","MEDIUM_FORWARD"
"Adam","Saad",2015,"CD_I295461","MEDIUM_DEFENDER"
"Jack","Martin",2015,"CD_I296190","MEDIUM_FORWARD"
"Kade","Kolodjashnij",2015,"CD_I296209","MEDIUM_DEFENDER"
"Jarred","Ellis",2015,"CD_I296276","MEDIUM_DEFENDER"
"Jack","Leslie",2015,"CD_I296322","KEY_DEFENDER"
"Joshua","Glenn",2015,"CD_I296487","MIDFIELDER_FORWARD"
"Aaron","Hall",2015,"CD_I296735","MIDFIELDER_FORWARD"
"Josh","Hall",2015,"CD_I296736","KEY_FORWARD"
"Timmy","Sumner",2015,"CD_I296940","MEDIUM_FORWARD"
"Touk","Miller",2015,"CD_I298272","MIDFIELDER_FORWARD"
"Peter","Wright",2015,"CD_I298289","KEY_FORWARD"
"Jarrod","Garlett",2015,"CD_I990424","MEDIUM_FORWARD"
"Tyrone","Downie",2015,"CD_I996865","MEDIUM_FORWARD"
"Andrew","Carrazzo",2015,"CD_I220015",NA
"Chris","Judd",2015,"CD_I220056",NA
"Kade","Simpson",2015,"CD_I230202",NA
"Andrew","Walker",2015,"CD_I240014",NA
"Cameron","Wood",2015,"CD_I240300",NA
"Dale","Thomas",2015,"CD_I240359",NA
"Marc","Murphy",2015,"CD_I250105",NA
"Bryce","Gibbs",2015,"CD_I250417",NA
"Robert","Warnock",2015,"CD_I250672",NA
"Samuel","Rowe",2015,"CD_I260278",NA
"Dennis","Armfield",2015,"CD_I260533",NA
"Michael","Jamison",2015,"CD_I261043",NA
"Andrejs","Everitt",2015,"CD_I261257",NA
"David","Ellard",2015,"CD_I261258",NA
"Matthew","Kreuzer",2015,"CD_I261299",NA
"Ed","Curnow",2015,"CD_I270146",NA
"Lachie","Henderson",2015,"CD_I270326",NA
"Simon","White",2015,"CD_I270637",NA
"Chris","Yarran",2015,"CD_I271110",NA
"Jason","Tutt",2015,"CD_I281013",NA
"Liam","Jones",2015,"CD_I281078",NA
"Levi","Casboult",2015,"CD_I281124",NA
"Matthew","Watson",2015,"CD_I290526",NA
"Fraser","Russell",2015,"CD_I290779",NA
"Dylan","Buckley",2015,"CD_I291777",NA
"Zach","Tuohy",2015,"CD_I292511",NA
"Troy","Menzel",2015,"CD_I293154",NA
"Mark","Whiley",2015,"CD_I293816",NA
"Thomas","Fields",2015,"CD_I294265",NA
"Kristian","Jaksch",2015,"CD_I294561",NA
"Tom","Bell",2015,"CD_I294691",NA
"Blaine","Boekhorst",2015,"CD_I295199",NA
"Nick","Graham",2015,"CD_I295445",NA
"Matthew","Dick",2015,"CD_I295496",NA
"Sam","Docherty",2015,"CD_I295518",NA
"Cameron","Giles",2015,"CD_I296431",NA
"Nick","Holman",2015,"CD_I297456",NA
"Billy","Gowers",2015,"CD_I298277",NA
"Dillon","Viojo-Rainbow",2015,"CD_I298283",NA
"Clem","Smith",2015,"CD_I298444",NA
"Bradley","Walsh",2015,"CD_I990397",NA
"Blaine","Johnson",2015,"CD_I990425",NA
"Patrick","Cripps",2015,"CD_I990704",NA
"Jayden","Foster",2015,"CD_I991961",NA
"Ciaran","Byrne",2015,"CD_I995121",NA
"Ciaran","Sheehan",2015,"CD_I995219",NA
"Drew","Petrie",2015,"CD_I210023",NA
"Nick","Dal Santo",2015,"CD_I220023",NA
"Jarrad","Waite",2015,"CD_I220110",NA
"Daniel","Wells",2015,"CD_I230232",NA
"Michael","Firrito",2015,"CD_I230272",NA
"Nathan","Grima",2015,"CD_I240131",NA
"Andrew","Swallow",2015,"CD_I240417",NA
"Scott","McMahon",2015,"CD_I250135",NA
"Leigh","Adams",2015,"CD_I250285",NA
"Lachlan","Hansen",2015,"CD_I250373",NA
"Sam","Gibson",2015,"CD_I250557",NA
"Robin","Nahas",2015,"CD_I250623",NA
"Shaun","Higgins",2015,"CD_I260227",NA
"Daniel","Currie",2015,"CD_I261236",NA
"Lindsay","Thomas",2015,"CD_I261909",NA
"Robbie","Tarrant",2015,"CD_I270325",NA
"Todd","Goldstein",2015,"CD_I271129",NA
"Joel","Tippett",2015,"CD_I272008",NA
"Ryan","Bastinac",2015,"CD_I280863",NA
"Sam","Wright",2015,"CD_I280864",NA
"Ben","Cunnington",2015,"CD_I280921",NA
"Jack","Ziebell",2015,"CD_I280944",NA
"Scott D.","Thompson",2015,"CD_I281395",NA
"Jamie","Macmillan",2015,"CD_I290194",NA
"Majak","Daw",2015,"CD_I290199",NA
"Kieran","Harper",2015,"CD_I290547",NA
"Shaun","Atley",2015,"CD_I290787",NA
"Ben","Jacobs",2015,"CD_I290802",NA
"Aaron","Mullett",2015,"CD_I291445",NA
"Aaron","Black",2015,"CD_I291672",NA
"Ben","Brown",2015,"CD_I291867",NA
"Bradley","McKenzie",2015,"CD_I291963",NA
"Max","Warren",2015,"CD_I293701",NA
"Mason","Wood",2015,"CD_I295340",NA
"Trent","Dumont",2015,"CD_I296035",NA
"Taylor","Garner",2015,"CD_I296078",NA
"Luke","McDonald",2015,"CD_I296355",NA
"Sam","Durdin",2015,"CD_I297767",NA
"Daniel","Nielson",2015,"CD_I298285",NA
"Ed","Vickers-Willis",2015,"CD_I298287",NA
"Eric","Wallace",2015,"CD_I298706",NA
"Brent","Harvey",2015,"CD_I960491",NA
"Will","Fordham",2015,"CD_I991960",NA
"Kayne","Turner",2015,"CD_I992499",NA
"Braydon","Preuss",2015,"CD_I992644",NA
"Kane","Cornes",2015,"CD_I210020",NA
"Tom","Logan",2015,"CD_I230124",NA
"Jay","Schulz",2015,"CD_I230195",NA
"Angus","Monfries",2015,"CD_I240290",NA
"Matthew","White",2015,"CD_I240389",NA
"Paddy","Ryder",2015,"CD_I250267",NA
"Travis","Boak",2015,"CD_I250365",NA
"Alipate","Carlile",2015,"CD_I250688",NA
"Justin","Westhoff",2015,"CD_I260750",NA
"Nathan","Krakouer",2015,"CD_I261083",NA
"Matthew","Lobbe",2015,"CD_I261230",NA
"Robbie","Gray",2015,"CD_I261396",NA
"Hamish","Hartlett",2015,"CD_I261892",NA
"Brad","Ebert",2015,"CD_I261911",NA
"Kane","Mitchell",2015,"CD_I270606",NA
"Paul","Stewart",2015,"CD_I270779",NA
"Matthew","Broadbent",2015,"CD_I271078",NA
"Jackson","Trengove",2015,"CD_I280013",NA
"Andrew","Moore",2015,"CD_I280750",NA
"John","Butcher",2015,"CD_I280877",NA
"Jasper","Pittard",2015,"CD_I290156",NA
"Jarrad","Redden",2015,"CD_I290277",NA
"Johann","Wagner",2015,"CD_I290536",NA
"Cameron","O'Shea",2015,"CD_I290540",NA
"Aaron","Young",2015,"CD_I290546",NA
"Sam","Gray",2015,"CD_I290722",NA
"Jared","Polec",2015,"CD_I290738",NA
"Brendon","Ah Chee",2015,"CD_I291947",NA
"Chad","Wingard",2015,"CD_I291962",NA
"Jack","Hombsch",2015,"CD_I291964",NA
"Tom","Jonas",2015,"CD_I292145",NA
"Mitch","Harvey",2015,"CD_I294035",NA
"Ollie","Wines",2015,"CD_I294318",NA
"Tom","Clurey",2015,"CD_I294504",NA
"Jake","Neade",2015,"CD_I294604",NA
"Mason","Shaw",2015,"CD_I294644",NA
"Sam","Colquhoun",2015,"CD_I295054",NA
"Jarman","Impey",2015,"CD_I296254",NA
"Karl","Amon",2015,"CD_I297354",NA
"Logan","Austin",2015,"CD_I298091",NA
"Jesse","Palmer",2015,"CD_I298318",NA
"Sam","Russell",2015,"CD_I298658",NA
"Billy","Frampton",2015,"CD_I991773",NA
"Darcy","Byrne-Jones",2015,"CD_I991930",NA
"Daniel","Flynn",2015,"CD_I993424",NA
"Dougal","Howard",2015,"CD_I993480",NA
"Robert","Murphy",2015,"CD_I200083",NA
"Matthew","Boyd",2015,"CD_I220010",NA
"Will","Minson",2015,"CD_I230255",NA
"Dale","Morris",2015,"CD_I250712",NA
"Brett","Goodes",2015,"CD_I261160",NA
"Jarrad","Grant",2015,"CD_I261319",NA
"Liam","Picken",2015,"CD_I271439",NA
"Jordan","Roughead",2015,"CD_I280012",NA
"Ayce","Cordy",2015,"CD_I280056",NA
"Koby","Stevens",2015,"CD_I280946",NA
"Easton","Wood",2015,"CD_I281139",NA
"Matthew","Fuller",2015,"CD_I281291",NA
"Tom","Campbell",2015,"CD_I290246",NA
"Sam","Darley",2015,"CD_I290765",NA
"Tom","Liberatore",2015,"CD_I290799",NA
"Luke","Dahlhaus",2015,"CD_I291526",NA
"Mitch","Wallis",2015,"CD_I291545",NA
"Michael","Talia",2015,"CD_I291810",NA
"Fletcher","Roberts",2015,"CD_I291814",NA
"Jordan","Kelly",2015,"CD_I291815",NA
"Jack","Redpath",2015,"CD_I292030",NA
"Stewart","Crameri",2015,"CD_I292503",NA
"Daniel","Pearce",2015,"CD_I293676",NA
"Clay","Smith",2015,"CD_I293847",NA
"Jake","Stringer",2015,"CD_I293884",NA
"Jason","Johannisen",2015,"CD_I294101",NA
"Josh","Prudden",2015,"CD_I294336",NA
"Nathan","Hrovat",2015,"CD_I294556",NA
"Lachie","Hunter",2015,"CD_I294557",NA
"Caleb","Daniel",2015,"CD_I295136",NA
"Joel","Hamling",2015,"CD_I295222",NA
"Lin","Jong",2015,"CD_I295313",NA
"Jack","Macrae",2015,"CD_I295467",NA
"Shane","Biggs",2015,"CD_I295608",NA
"Tory","Dickson",2015,"CD_I295712",NA
"Tom","Boyd",2015,"CD_I296367",NA
"Mitch","Honeychurch",2015,"CD_I296369",NA
"Marcus","Bontempelli",2015,"CD_I297373",NA
"Declan","Hamilton",2015,"CD_I297702",NA
"Lukas","Webb",2015,"CD_I298307",NA
"Zaine","Cordy",2015,"CD_I991939",NA
"Roarke","Smith",2015,"CD_I992054",NA
"Toby","McLean",2015,"CD_I996483",NA
"Bailey","Dale",2015,"CD_I996708",NA
"Shaun","Burgoyne",2015,"CD_I210012",NA
"David","Hale",2015,"CD_I220036",NA
"Brian","Lake",2015,"CD_I220039",NA
"Luke","Hodge",2015,"CD_I220047",NA
"Sam","Mitchell",2015,"CD_I220073",NA
"Grant","Birchall",2015,"CD_I240302",NA
"Jarryd","Roughead",2015,"CD_I240357",NA
"Jordan","Lewis",2015,"CD_I250089",NA
"Jonathan","Simpkin",2015,"CD_I250652",NA
"Matt","Spangher",2015,"CD_I250654",NA
"Josh","Gibson",2015,"CD_I250715",NA
"James","Frawley",2015,"CD_I260288",NA
"Paul","Puopolo",2015,"CD_I260710",NA
"Cyril","Rioli",2015,"CD_I260955",NA
"Ben","McEvoy",2015,"CD_I261323",NA
"Brendan","Whitecross",2015,"CD_I261386",NA
"Matthew","Suckling",2015,"CD_I270732",NA
"Ben","Stratton",2015,"CD_I280471",NA
"Liam","Shiels",2015,"CD_I280737",NA
"Luke","Breust",2015,"CD_I280744",NA
"Ryan","Schoenmakers",2015,"CD_I281301",NA
"Taylor","Duryea",2015,"CD_I290085",NA
"Will","Langford",2015,"CD_I290683",NA
"Jonathon","Ceglar",2015,"CD_I291327",NA
"Jack","Gunston",2015,"CD_I291351",NA
"Alex","Woodward",2015,"CD_I291772",NA
"Jed","Anderson",2015,"CD_I291861",NA
"Sam","Grimley",2015,"CD_I292013",NA
"Angus","Dewar",2015,"CD_I294178",NA
"Jonathan","O'Rourke",2015,"CD_I294615",NA
"Isaac","Smith",2015,"CD_I294877",NA
"Kaiden","Brand",2015,"CD_I295156",NA
"Bradley","Hill",2015,"CD_I295584",NA
"Tim","O'Brien",2015,"CD_I296041",NA
"William","Hartung",2015,"CD_I296198",NA
"Zac","Webster",2015,"CD_I296232",NA
"Dallas","Willsmore",2015,"CD_I296279",NA
"Kurt","Heatherley",2015,"CD_I296383",NA
"Shem","Tatupu",2015,"CD_I296392",NA
"James","Sicily",2015,"CD_I297566",NA
"Marc","Pittonet",2015,"CD_I298290",NA
"Jermaine","Lewis",2015,"CD_I298453",NA
"Jared","Hardisty",2015,"CD_I990589",NA
"Teia","Miles",2015,"CD_I992018",NA
"Daniel","Howe",2015,"CD_I992462",NA
"Lachlan","Langford",2015,"CD_I999241",NA
"Corey","Enright",2015,"CD_I200035",NA
"Jimmy","Bartel",2015,"CD_I220007",NA
"Steve","Johnson",2015,"CD_I220054",NA
"James","Kelly",2015,"CD_I220058",NA
"Tom","Lonergan",2015,"CD_I230125",NA
"Hamish","McIntosh",2015,"CD_I230141",NA
"Mathew","Stokes",2015,"CD_I230214",NA
"Andrew","Mackie",2015,"CD_I230248",NA
"Jared","Rivers",2015,"CD_I230250",NA
"Mitch","Clark",2015,"CD_I240393",NA
"Joel","Selwood",2015,"CD_I250321",NA
"Harry","Taylor",2015,"CD_I261497",NA
"Tom","Hawkins",2015,"CD_I261510",NA
"Dawson","Simpson",2015,"CD_I270340",NA
"Rhys","Stanley",2015,"CD_I280317",NA
"Sam","Blease",2015,"CD_I280746",NA
"Nathan","Vardy",2015,"CD_I280959",NA
"Steven","Motlop",2015,"CD_I280990",NA
"Mitch","Duncan",2015,"CD_I281065",NA
"Josh","Cowan",2015,"CD_I290106",NA
"Cameron","Guthrie",2015,"CD_I290550",NA
"Josh","Caddy",2015,"CD_I290623",NA
"Billie","Smedts",2015,"CD_I290783",NA
"Daniel","Menzel",2015,"CD_I291307",NA
"Josh","Walker",2015,"CD_I291550",NA
"Shane","Kersten",2015,"CD_I291949",NA
"George","Horlin-Smith",2015,"CD_I293255",NA
"Lincoln","McCarthy",2015,"CD_I293581",NA
"Cameron","Delaney",2015,"CD_I293796",NA
"Jed","Bews",2015,"CD_I293883",NA
"Jackson","Thurlow",2015,"CD_I294663",NA
"Brad","Hartman",2015,"CD_I295138",NA
"Jordan","Murdoch",2015,"CD_I295942",NA
"Cory","Gregson",2015,"CD_I296161",NA
"Jake","Kolodjashnij",2015,"CD_I296291",NA
"Jarrad","Jansen",2015,"CD_I296312",NA
"Zachary","Bates",2015,"CD_I296337",NA
"Darcy","Lang",2015,"CD_I296439",NA
"Mark","Blicavs",2015,"CD_I296733",NA
"Dean","Gore",2015,"CD_I297125",NA
"James","Toohey",2015,"CD_I297580",NA
"Jordan","Cunico",2015,"CD_I298305",NA
"Nakia","Cockatoo",2015,"CD_I298336",NA
"Thomas","Read",2015,"CD_I990917",NA
"Padraig","Lucey",2015,"CD_I993431",NA
"Michael","Luxford",2015,"CD_I995220",NA
"Nick","Riewoldt",2015,"CD_I210001","KEY_FORWARD"
"Leigh","Montagna",2015,"CD_I220075","MIDFIELDER"
"Adam","Schneider",2015,"CD_I220098","MIDFIELDER_FORWARD"
"Sean","Dempster",2015,"CD_I230243","MEDIUM_DEFENDER"
"Farren","Ray",2015,"CD_I240062","MIDFIELDER"
"Sam","Fisher",2015,"CD_I240708","KEY_DEFENDER"
"Sam","Gilbert",2015,"CD_I250134","MEDIUM_DEFENDER"
"David","Armitage",2015,"CD_I250340","MIDFIELDER"
"Jarryn","Geary",2015,"CD_I260113","MEDIUM_DEFENDER"
"Luke","Delaney",2015,"CD_I270303","KEY_DEFENDER"
"Jack","Steven",2015,"CD_I270912","MIDFIELDER"
"Tom","Simpkin",2015,"CD_I280053","KEY_DEFENDER"
"Shane","Savage",2015,"CD_I280858","MEDIUM_DEFENDER"
"Dylan","Roberton",2015,"CD_I280933","MEDIUM_DEFENDER"
"Maverick","Weller",2015,"CD_I281024","MIDFIELDER_FORWARD"
"Cameron","Shenton",2015,"CD_I281298","MEDIUM_DEFENDER"
"Thomas","Lee",2015,"CD_I290422","KEY_DEFENDER"
"Jimmy","Webster",2015,"CD_I290757","MEDIUM_DEFENDER"
"Josh","Bruce",2015,"CD_I291492","KEY_FORWARD"
"Tom","Curren",2015,"CD_I291518","MEDIUM_FORWARD"
"Jack","Newnes",2015,"CD_I291773","MIDFIELDER"
"Billy","Longer",2015,"CD_I291828","RUCK"
"Arryn","Siposs",2015,"CD_I293815","MEDIUM_FORWARD"
"Sebastian","Ross",2015,"CD_I293846","MIDFIELDER"
"Tom","Hickey",2015,"CD_I294266","RUCK"
"Nathan","Wright",2015,"CD_I294317","MEDIUM_DEFENDER"
"Luke","Dunstan",2015,"CD_I294429","MIDFIELDER"
"Tim","Membrey",2015,"CD_I294596","KEY_FORWARD"
"Lewis","Pierce",2015,"CD_I294621","RUCK"
"Ahmed","Saad",2015,"CD_I294818","MEDIUM_FORWARD"
"Brodie","Murdoch",2015,"CD_I295095","MEDIUM_FORWARD"
"Daniel","Markworth",2015,"CD_I295263","MEDIUM_FORWARD"
"Josh","Saunders",2015,"CD_I295477","MEDIUM_FORWARD"
"Spencer","White",2015,"CD_I295482","KEY_FORWARD"
"Eli","Templeton",2015,"CD_I296208","MEDIUM_FORWARD"
"Blake","Acres",2015,"CD_I296294","MIDFIELDER"
"Jack","Billings",2015,"CD_I296351","MEDIUM_FORWARD"
"Darren","Minchington",2015,"CD_I296452","MEDIUM_FORWARD"
"Daniel","McKenzie",2015,"CD_I298265","MIDFIELDER"
"Paddy","McCartin",2015,"CD_I298312","KEY_FORWARD"
"Hugh","Goddard",2015,"CD_I298316","KEY_DEFENDER"
"Jack","Lonie",2015,"CD_I992000","MEDIUM_FORWARD"
"Brenton","Payne",2015,"CD_I992034","MIDFIELDER_FORWARD"
"Jack","Sinclair",2015,"CD_I994389","MEDIUM_FORWARD"
"Jason","Holmes",2015,"CD_I994460","RUCK"
"Paul","Chapman",2015,"CD_I200039",NA
"Adam","Cooney",2015,"CD_I230041",NA
"Brendon","Goddard",2015,"CD_I230084",NA
"Jobe","Watson",2015,"CD_I230231",NA
"Jason","Winderlich",2015,"CD_I230238",NA
"Brent","Stanton",2015,"CD_I240027",NA
"Courtenay","Dempsey",2015,"CD_I240245",NA
"Heath","Hocking",2015,"CD_I250569",NA
"James","Gwilt",2015,"CD_I250703",NA
"Ben","Howlett",2015,"CD_I260073",NA
"James","Magner",2015,"CD_I260176",NA
"James","Polkinghorne",2015,"CD_I260975",NA
"Marcus","Marigliani",2015,"CD_I261050",NA
"Jared","Petrenko",2015,"CD_I261138",NA
"David","Myers",2015,"CD_I261314",NA
"Tom","Bellchambers",2015,"CD_I261320",NA
"Clinton","Jones",2015,"CD_I261743",NA
"Jonathan","Giles",2015,"CD_I261841",NA
"Cale","Hooker",2015,"CD_I270588",NA
"Michael","Hurley",2015,"CD_I270935",NA
"David","Zaharakis",2015,"CD_I270951",NA
"Mitchell","Clisby",2015,"CD_I270976",NA
"Tayte","Pears",2015,"CD_I271022",NA
"Shaun","McKernan",2015,"CD_I280038",NA
"Jake","Melksham",2015,"CD_I280824",NA
"Travis","Colyer",2015,"CD_I280988",NA
"Michael","Hibberd",2015,"CD_I290160",NA
"Jordan","Schroder",2015,"CD_I290576",NA
"Mitch","Brown",2015,"CD_I290622",NA
"Dyson","Heppell",2015,"CD_I290629",NA
"Jake","Carlisle",2015,"CD_I290641",NA
"Kurt","Aylett",2015,"CD_I290687",NA
"Alex","Browne",2015,"CD_I291522",NA
"Nick","Kommer",2015,"CD_I291686",NA
"Elliott","Kavanagh",2015,"CD_I291804",NA
"Nick","O'Brien",2015,"CD_I291812",NA
"Shaun","Edwards",2015,"CD_I291936",NA
"Anthony","McDonald-Tipungwuti",2015,"CD_I294092",NA
"Sam","Michael",2015,"CD_I294270",NA
"Ariel","Steinberg",2015,"CD_I294453",NA
"Jason","Ashby",2015,"CD_I294470",NA
"Joe","Daniher",2015,"CD_I294518",NA
"Mark","Baguley",2015,"CD_I294798",NA
"Jackson","Merrett",2015,"CD_I295285",NA
"Lauchlan","Dalgleish",2015,"CD_I295319",NA
"Will","Hams",2015,"CD_I295459",NA
"Patrick","Ambrose",2015,"CD_I295599",NA
"Joshua","Freezer",2015,"CD_I295715",NA
"Aaron","Heppell",2015,"CD_I296250",NA
"Orazio","Fantasia",2015,"CD_I296334",NA
"Martin","Gleeson",2015,"CD_I297438",NA
"Jayden","Laverde",2015,"CD_I298280",NA
"Jake","Long",2015,"CD_I298347",NA
"Sam","Tagliabue",2015,"CD_I298606",NA
"Kyle","Langford",2015,"CD_I298630",NA
"Dustin","Fletcher",2015,"CD_I960197",NA
"Zach","Merrett",2015,"CD_I992016",NA
"Conor","McKenna",2015,"CD_I997846",NA
"Rhyce","Shaw",2015,"CD_I200023",NA
"Ted","Richards",2015,"CD_I210027",NA
"Ben","McGlynn",2015,"CD_I230140",NA
"Jarrad","McVeigh",2015,"CD_I230253",NA
"Heath","Grundy",2015,"CD_I240072",NA
"Kieren","Jack",2015,"CD_I240226",NA
"Lance","Franklin",2015,"CD_I240399",NA
"Nick","Smith",2015,"CD_I250338",NA
"Josh P.","Kennedy",2015,"CD_I260382",NA
"Craig","Bird",2015,"CD_I261212",NA
"Kurt","Tippett",2015,"CD_I270742",NA
"Jeremy","Laidler",2015,"CD_I270899",NA
"Lewis","Jetta",2015,"CD_I281281",NA
"Dan","Hannebery",2015,"CD_I290117",NA
"Sam","Reid",2015,"CD_I290188",NA
"Dane","Rampe",2015,"CD_I290307",NA
"Luke","Parker",2015,"CD_I290778",NA
"Mike","Pyke",2015,"CD_I291206",NA
"Gary","Rohan",2015,"CD_I291357",NA
"Alex","Johnson",2015,"CD_I291450",NA
"Tom","Mitchell",2015,"CD_I291856",NA
"Harry","Cunningham",2015,"CD_I291978",NA
"Xavier","Richards",2015,"CD_I293739",NA
"George","Hewett",2015,"CD_I294036",NA
"Aliir","Aliir",2015,"CD_I294469",NA
"Daniel","Robinson",2015,"CD_I294638",NA
"Tom","Derickx",2015,"CD_I294797",NA
"Jake","Lloyd",2015,"CD_I295342",NA
"Dean","Towers",2015,"CD_I295695",NA
"Brandon","Jack",2015,"CD_I295906",NA
"Lloyd","Perris",2015,"CD_I296220",NA
"Harrison","Marsh",2015,"CD_I296840",NA
"James","Rose",2015,"CD_I297107",NA
"Nic","Newman",2015,"CD_I297907",NA
"Jordan","Foote",2015,"CD_I298112",NA
"Sam","Naismith",2015,"CD_I298144",NA
"Toby","Nankervis",2015,"CD_I298174",NA
"Sean","McLaren",2015,"CD_I298291",NA
"Isaac","Heeney",2015,"CD_I298539",NA
"Abe","Davis",2015,"CD_I298542",NA
"Jack","Hiscox",2015,"CD_I298620",NA
"Adam","Goodes",2015,"CD_I980073",NA
"Zak","Jones",2015,"CD_I991988",NA
"Lewis","Melican",2015,"CD_I996743",NA
"Matthew","Pavlich",2015,"CD_I200032",NA
"Luke","McPharlin",2015,"CD_I200045",NA
"Aaron","Sandilands",2015,"CD_I220096",NA
"Ryan","Crowley",2015,"CD_I230048",NA
"Michael","Johnson",2015,"CD_I230107",NA
"Colin","Sylvia",2015,"CD_I240037",NA
"David","Mundy",2015,"CD_I240052",NA
"Paul","Duffield",2015,"CD_I240139",NA
"Lee","Spurr",2015,"CD_I240266",NA
"Zac","Dawson",2015,"CD_I240552",NA
"Danyle","Pearce",2015,"CD_I250063",NA
"Jonathon","Griffin",2015,"CD_I250088",NA
"Garrick","Ibbotson",2015,"CD_I250268",NA
"Hayden","Ballantyne",2015,"CD_I260069",NA
"Nicholas","Suban",2015,"CD_I270908",NA
"Matt","de Boer",2015,"CD_I271015",NA
"Alex","Silvagni",2015,"CD_I271433",NA
"Stephen","Hill",2015,"CD_I280336",NA
"Clancee","Pearce",2015,"CD_I280386",NA
"Chris","Mayne",2015,"CD_I280416",NA
"Tendai","Mzungu",2015,"CD_I280726",NA
"Michael","Walters",2015,"CD_I281007",NA
"Jack","Hannath",2015,"CD_I281105",NA
"Anthony","Morabito",2015,"CD_I281111",NA
"Zac","Clarke",2015,"CD_I290251",NA
"Cam","Sutcliffe",2015,"CD_I290733",NA
"Nat","Fyfe",2015,"CD_I291570",NA
"Tommy","Sheridan",2015,"CD_I291792",NA
"Max","Duffy",2015,"CD_I291926",NA
"Michael","Barlow",2015,"CD_I292026",NA
"Lachie","Neale",2015,"CD_I293535",NA
"Hayden","Crozier",2015,"CD_I293651",NA
"Matt","Taberner",2015,"CD_I293854",NA
"Craig","Moller",2015,"CD_I294080",NA
"Jacob","Ballard",2015,"CD_I294475",NA
"Tanner","Smith",2015,"CD_I295406",NA
"Thomas","Vandeleur",2015,"CD_I296314",NA
"Ed","Langdon",2015,"CD_I298264",NA
"Alex","Pearce",2015,"CD_I298409",NA
"Josh","Deluca",2015,"CD_I298446",NA
"Connor","Blakely",2015,"CD_I298450",NA
"Lachie","Weller",2015,"CD_I298524",NA
"Sean","Hurley",2015,"CD_I298704",NA
"Michael","Apeness",2015,"CD_I991917",NA
"Brady","Grey",2015,"CD_I993192",NA
"Ethan","Hughes",2015,"CD_I996580",NA
"Joel","Patfull",2015,"CD_I230170","KEY_DEFENDER"
"Ryan","Griffen",2015,"CD_I240156","MIDFIELDER"
"Dylan","Addison",2015,"CD_I240212","MEDIUM_FORWARD"
"Heath","Shaw",2015,"CD_I240700","MEDIUM_DEFENDER"
"Tim","Mohr",2015,"CD_I261189","KEY_DEFENDER"
"Rhys","Palmer",2015,"CD_I261231","MEDIUM_FORWARD"
"Callan","Ward",2015,"CD_I280109","MIDFIELDER"
"Shane","Mumford",2015,"CD_I280762","RUCK"
"Phil","Davis",2015,"CD_I280804","KEY_DEFENDER"
"Tom","Scully",2015,"CD_I280969","MIDFIELDER"
"Curtly","Hampton",2015,"CD_I290306","MEDIUM_DEFENDER"
"Sam","Schulz",2015,"CD_I290673","MIDFIELDER"
"Adam","Kennedy",2015,"CD_I291509","MEDIUM_DEFENDER"
"Jed","Lamb",2015,"CD_I291544","MEDIUM_FORWARD"
"Will","Hoskin-Elliott",2015,"CD_I291720","MEDIUM_FORWARD"
"Devon","Smith",2015,"CD_I291771","MEDIUM_FORWARD"
"Dylan","Shiel",2015,"CD_I291783","MIDFIELDER"
"Adam","Treloar",2015,"CD_I291790","MIDFIELDER"
"Matthew","Buntine",2015,"CD_I291797","MEDIUM_DEFENDER"
"Tomas","Bugg",2015,"CD_I291802","MEDIUM_DEFENDER"
"Tim","Golds",2015,"CD_I291817","MEDIUM_DEFENDER"
"Adam","Tomlinson",2015,"CD_I291819","KEY_DEFENDER"
"Jonathon","Patton",2015,"CD_I291821","KEY_FORWARD"
"Jacob","Townsend",2015,"CD_I291891","MIDFIELDER"
"Stephen","Coniglio",2015,"CD_I291969","MIDFIELDER"
"Liam","Sumner",2015,"CD_I293662","MIDFIELDER_FORWARD"
"Jeremy","Cameron",2015,"CD_I293845","KEY_FORWARD"
"Andrew","Phillips",2015,"CD_I294068","RUCK"
"Nathan","Wilson",2015,"CD_I294125","MEDIUM_DEFENDER"
"Lachie","Whitfield",2015,"CD_I294305","MIDFIELDER"
"Aidan","Corr",2015,"CD_I294508","KEY_DEFENDER"
"Lachie","Plowman",2015,"CD_I294624","KEY_DEFENDER"
"James","Stewart",2015,"CD_I294654","KEY_FORWARD"
"Zac","Williams",2015,"CD_I294685","MEDIUM_DEFENDER"
"Nick","Haynes",2015,"CD_I295265","KEY_DEFENDER"
"Toby","Greene",2015,"CD_I295344","MIDFIELDER_FORWARD"
"Jack","Steele",2015,"CD_I296205","MIDFIELDER_FORWARD"
"Jake","Barrett",2015,"CD_I296214","MIDFIELDER"
"Josh","Kelly",2015,"CD_I296347","MIDFIELDER"
"Tom","Downie",2015,"CD_I296559","RUCK"
"Jeremy","Finlayson",2015,"CD_I298111","KEY_DEFENDER"
"Paul","Ahern",2015,"CD_I298271","MIDFIELDER"
"Caleb","Marchbank",2015,"CD_I298302","KEY_DEFENDER"
"Jarrod","Pickett",2015,"CD_I990423","MIDFIELDER_FORWARD"
"Rory","Lobb",2015,"CD_I990740","RUCK"
"Cam","McCarthy",2015,"CD_I995192","KEY_FORWARD"
"Pat","McKenna",2015,"CD_I999233","MEDIUM_FORWARD"
"Chris","Newman",2015,"CD_I210048",NA
"Chris","Knights",2015,"CD_I240032",NA
"Nathan","Foley",2015,"CD_I240130",NA
"Troy","Chaplin",2015,"CD_I240180",NA
"Brett","Deledio",2015,"CD_I240336",NA
"Matt","Thomas",2015,"CD_I240385",NA
"Ivan","Maric",2015,"CD_I240546",NA
"Shaun","Grigg",2015,"CD_I250298",NA
"Bachar","Houli",2015,"CD_I250312",NA
"Ricky","Petterd",2015,"CD_I250360",NA
"Jack","Riewoldt",2015,"CD_I250395",NA
"Steven","Morris",2015,"CD_I260433",NA
"Shane","Edwards",2015,"CD_I260930",NA
"Alex","Rance",2015,"CD_I261362",NA
"Shaun","Hampson",2015,"CD_I270737",NA
"Trent","Cotchin",2015,"CD_I270896",NA
"Ty","Vickery",2015,"CD_I270941",NA
"Nathan","Gordon",2015,"CD_I280018",NA
"Ben","Griffiths",2015,"CD_I280747",NA
"Dylan","Grimes",2015,"CD_I280819",NA
"Taylor","Hunt",2015,"CD_I280822",NA
"Kane","Lambert",2015,"CD_I290032",NA
"Sam","Lloyd",2015,"CD_I290073",NA
"David","Astbury",2015,"CD_I290198",NA
"Anthony","Miles",2015,"CD_I290671",NA
"Reece","Conca",2015,"CD_I290823",NA
"Dustin","Martin",2015,"CD_I290847",NA
"Jake","Batchelor",2015,"CD_I291437",NA
"Todd","Elton",2015,"CD_I291825",NA
"Matthew","Arnot",2015,"CD_I291835",NA
"Matt","Dea",2015,"CD_I292025",NA
"Matthew","McDonough",2015,"CD_I293471",NA
"Brandon","Ellis",2015,"CD_I293713",NA
"Liam","McBean",2015,"CD_I294591",NA
"Kamdyn","McIntosh",2015,"CD_I294592",NA
"Nick","Vlastuin",2015,"CD_I294674",NA
"Nathan","Drummond",2015,"CD_I296306",NA
"Ben","Lennon",2015,"CD_I296357",NA
"Reece","McKenzie",2015,"CD_I298627",NA
"Jason","Castagna",2015,"CD_I991933",NA
"Corey","Ellis",2015,"CD_I991953",NA
"Connor","Menadue",2015,"CD_I992015",NA
"Jayden","Short",2015,"CD_I992049",NA
"Dan","Butler",2015,"CD_I992374",NA
"Ivan","Soldo",2015,"CD_I998529",NA
"Daniel","Cross",2015,"CD_I210049","MEDIUM_DEFENDER"
"Mark","Jamar",2015,"CD_I220052","RUCK"
"Heritier","Lumumba",2015,"CD_I240073","MEDIUM_DEFENDER"
"Nathan","Jones",2015,"CD_I250222","MIDFIELDER"
"Rohan","Bail",2015,"CD_I250345","MIDFIELDER_FORWARD"
"Lynden","Dunn",2015,"CD_I250548","KEY_DEFENDER"
"Chris","Dawes",2015,"CD_I260394","KEY_FORWARD"
"Bernie","Vince",2015,"CD_I261142","MIDFIELDER"
"Jack","Grimes",2015,"CD_I261297","MEDIUM_DEFENDER"
"Dean","Terlich",2015,"CD_I270241","MEDIUM_DEFENDER"
"Jeff","Garlett",2015,"CD_I270653","MEDIUM_FORWARD"
"Colin","Garland",2015,"CD_I270830","MEDIUM_DEFENDER"
"Jordie","McKenzie",2015,"CD_I270906","MIDFIELDER"
"Jake","Spencer",2015,"CD_I280521","RUCK"
"Jack","Trengove",2015,"CD_I280608","MIDFIELDER"
"Jack","Fitzpatrick",2015,"CD_I280758","KEY_DEFENDER"
"Jack","Watts",2015,"CD_I280972","MIDFIELDER_FORWARD"
"Neville","Jetta",2015,"CD_I281280","MEDIUM_DEFENDER"
"Max","Gawn",2015,"CD_I290528","RUCK"
"Jeremy","Howe",2015,"CD_I291313","MEDIUM_DEFENDER"
"Aidan","Riley",2015,"CD_I291402","MIDFIELDER_FORWARD"
"Viv","Michie",2015,"CD_I291446","MIDFIELDER"
"Tom","McDonald",2015,"CD_I291533","KEY_DEFENDER"
"Benjamin","Newton",2015,"CD_I291607","MIDFIELDER_FORWARD"
"Dom","Tyson",2015,"CD_I291784","MIDFIELDER"
"Jack","Viney",2015,"CD_I291902","MIDFIELDER"
"Cameron","Pedersen",2015,"CD_I292029","KEY_FORWARD"
"Jimmy","Toumpas",2015,"CD_I293042","MIDFIELDER"
"Sam","Frost",2015,"CD_I293738","RUCK"
"Dean","Kent",2015,"CD_I294570","MEDIUM_FORWARD"
"Matt","Jones",2015,"CD_I296027","MEDIUM_FORWARD"
"Jesse","Hogan",2015,"CD_I296324","KEY_FORWARD"
"Jay","Kennedy Harris",2015,"CD_I296343","MEDIUM_FORWARD"
"Christian","Salem",2015,"CD_I296359","MEDIUM_DEFENDER"
"Alex","Neal-Bullen",2015,"CD_I296420","MIDFIELDER_FORWARD"
"Billy","Stretch",2015,"CD_I297139","MIDFIELDER"
"James","Harmes",2015,"CD_I297899","MEDIUM_FORWARD"
"Aaron","vandenBerg",2015,"CD_I297990","MIDFIELDER_FORWARD"
"Max","King",2015,"CD_I298128","RUCK"
"Christian","Petracca",2015,"CD_I298210","MIDFIELDER_FORWARD"
"Angus","Brayshaw",2015,"CD_I298279","MIDFIELDER_FORWARD"
"Mitch","White",2015,"CD_I992075","MEDIUM_DEFENDER"
"Oscar","McDonald",2015,"CD_I992472","KEY_DEFENDER"
"Jayden","Hunt",2015,"CD_I994385","MEDIUM_FORWARD"
"Beau","Waters",2015,"CD_I240016",NA
"Mark","LeCras",2015,"CD_I240119",NA
"Matthew","Priddis",2015,"CD_I240124",NA
"Sam","Butler",2015,"CD_I240159",NA
"Shannon","Hurn",2015,"CD_I240283",NA
"Josh J.","Kennedy",2015,"CD_I240406",NA
"Matt","Rosa",2015,"CD_I250111",NA
"Xavier","Ellis",2015,"CD_I250257",NA
"Eric","Mackenzie",2015,"CD_I250317",NA
"Mitchell","Brown",2015,"CD_I260303",NA
"Josh","Hill",2015,"CD_I261209",NA
"Will","Schofield",2015,"CD_I261214",NA
"Chris","Masten",2015,"CD_I261290",NA
"Sharrod","Wellingham",2015,"CD_I261799",NA
"Scott","Selwood",2015,"CD_I270928",NA
"Nic","Naitanui",2015,"CD_I271045",NA
"Luke","Shuey",2015,"CD_I280078",NA
"Patrick","McGinnity",2015,"CD_I280441",NA
"Mark","Hutchings",2015,"CD_I281052",NA
"Kane","Lucas",2015,"CD_I281079",NA
"Brad","Sheppard",2015,"CD_I281080",NA
"Scott","Lycett",2015,"CD_I290746",NA
"Andrew","Gaff",2015,"CD_I290801",NA
"Jamie","Cripps",2015,"CD_I290826",NA
"Jack","Darling",2015,"CD_I290838",NA
"Jamie","Bennell",2015,"CD_I290943",NA
"Simon","Tunbridge",2015,"CD_I291927",NA
"Fraser","McInnes",2015,"CD_I291929",NA
"Elliot","Yeo",2015,"CD_I292128",NA
"Murray","Newman",2015,"CD_I294169",NA
"Brant","Colledge",2015,"CD_I294506",NA
"Callum","Sinclair",2015,"CD_I294737",NA
"Jeremy","McGovern",2015,"CD_I294859",NA
"Dom","Sheed",2015,"CD_I296296",NA
"William","Maginness",2015,"CD_I296346",NA
"Malcolm","Karpany",2015,"CD_I296432",NA
"Dylan","Main",2015,"CD_I296542",NA
"Liam","Duggan",2015,"CD_I298268",NA
"Jackson","Nelson",2015,"CD_I298298",NA
"Tom","Lamb",2015,"CD_I298311",NA
"Alec","Waterman",2015,"CD_I298445",NA
"Rowen","Powell",2015,"CD_I298482",NA
"Tom","Barrass",2015,"CD_I990290",NA
"Damien","Cavka",2015,"CD_I991937",NA
"Paddy","Brophy",2015,"CD_I993428",NA
"Corey","Adamson",2015,"CD_I999242",NA
"Tom","Doedee",2016,"CD_I1000932",NA
"Scott","Thompson",2016,"CD_I210016",NA
"Eddie","Betts",2016,"CD_I240060",NA
"Richard","Douglas",2016,"CD_I240370",NA
"Nathan","Van Berlo",2016,"CD_I250118",NA
"David","Mackay",2016,"CD_I250362",NA
"Matthew","Jaensch",2016,"CD_I261351",NA
"Kyle","Cheney",2016,"CD_I270215",NA
"Andy","Otten",2016,"CD_I270296",NA
"Sam","Jacobs",2016,"CD_I270811",NA
"Tom","Lynch",2016,"CD_I270938",NA
"Rory","Sloane",2016,"CD_I270963",NA
"Taylor","Walker",2016,"CD_I280506",NA
"Daniel","Talia",2016,"CD_I280934",NA
"Luke","Lowden",2016,"CD_I280947",NA
"Jonathon","Beech",2016,"CD_I280974",NA
"Hugh","Greenwood",2016,"CD_I281091",NA
"Sam","Shaw",2016,"CD_I290211",NA
"Kyle","Hartigan",2016,"CD_I290228",NA
"Curtly","Hampton",2016,"CD_I290306",NA
"Mitchell","Grigg",2016,"CD_I290731",NA
"Alex","Keath",2016,"CD_I290797",NA
"Ricky","Henderson",2016,"CD_I291201",NA
"Brodie","Smith",2016,"CD_I291748",NA
"Troy","Menzel",2016,"CD_I293154",NA
"Luke","Brown",2016,"CD_I293193",NA
"Rory","Laird",2016,"CD_I293222",NA
"Cameron","Ellis-Yolmen",2016,"CD_I293479",NA
"Jarryd","Lyons",2016,"CD_I293716",NA
"Brad","Crouch",2016,"CD_I294307",NA
"Rory","Atkins",2016,"CD_I294472",NA
"Paul","Seedsman",2016,"CD_I294733",NA
"Josh","Jenkins",2016,"CD_I294828",NA
"Riley","Knight",2016,"CD_I295103",NA
"Dean","Gore",2016,"CD_I297125",NA
"Mitch","McGovern",2016,"CD_I297255",NA
"Matt","Crouch",2016,"CD_I297401",NA
"Jake","Kelly",2016,"CD_I297473",NA
"Reilly","O'Brien",2016,"CD_I297523",NA
"Harrison","Wigg",2016,"CD_I297729",NA
"Jake","Lever",2016,"CD_I298281",NA
"Keenan","Ramsey",2016,"CD_I990497",NA
"Charlie","Cameron",2016,"CD_I990609",NA
"Wayne","Milera",2016,"CD_I990882",NA
"Harry","Dear",2016,"CD_I991945",NA
"Paul","Hunter",2016,"CD_I992597",NA
"Daniel","Merrett",2016,"CD_I230147",NA
"Trent","West",2016,"CD_I260261",NA
"Dayne","Zorko",2016,"CD_I261224",NA
"Pearce","Hanley",2016,"CD_I270512",NA
"Tom","Rockliff",2016,"CD_I270919",NA
"Dayne","Beams",2016,"CD_I271001",NA
"Daniel","Rich",2016,"CD_I271072",NA
"Stefan","Martin",2016,"CD_I280763",NA
"Ryan","Bastinac",2016,"CD_I280863",NA
"Allen","Christensen",2016,"CD_I280918",NA
"Ryan","Harwood",2016,"CD_I281048",NA
"Rohan","Bewick",2016,"CD_I281329",NA
"Mitch","Robinson",2016,"CD_I290311",NA
"Josh","Green",2016,"CD_I290748",NA
"Ryan","Lester",2016,"CD_I291548",NA
"Josh","Walker",2016,"CD_I291550",NA
"Jackson","Paine",2016,"CD_I291811",NA
"Claye","Beams",2016,"CD_I292035",NA
"Sam","Mayes",2016,"CD_I293603",NA
"Josh","McGuinness",2016,"CD_I294294",NA
"Michael","Close",2016,"CD_I294309",NA
"Jonathon","Freeman",2016,"CD_I294536",NA
"Marco","Paparone",2016,"CD_I294618",NA
"Tom","Bell",2016,"CD_I294691",NA
"Justin","Clarke",2016,"CD_I295162",NA
"Lewis","Taylor",2016,"CD_I296211",NA
"Darcy","Gardiner",2016,"CD_I296269",NA
"Liam","Dawson",2016,"CD_I296270",NA
"Jarrad","Jansen",2016,"CD_I296312",NA
"Nicholas","Robertson",2016,"CD_I297258",NA
"Hugh","Beasley",2016,"CD_I297364",NA
"Tom","Cutler",2016,"CD_I297406",NA
"Daniel","McStay",2016,"CD_I297504",NA
"Jaden","McGrath",2016,"CD_I298293",NA
"Josh","Watts",2016,"CD_I298410",NA
"Matthew","Hammelmann",2016,"CD_I298535",NA
"Billy","Evans",2016,"CD_I992450",NA
"Archie","Smith",2016,"CD_I992752",NA
"Rhys","Mathieson",2016,"CD_I993828",NA
"Sam","Skinner",2016,"CD_I993836",NA
"Josh","Schache",2016,"CD_I993841",NA
"Ben","Keays",2016,"CD_I993946",NA
"Eric","Hipwood",2016,"CD_I993953",NA
"Josh","Clayton",2016,"CD_I994235",NA
"Harris","Andrews",2016,"CD_I996059",NA
"Reuben","William",2016,"CD_I998256",NA
"Cian","Hanley",2016,"CD_I999240",NA
"Rupert","Wills",2016,"CD_I1001448",NA
"Brayden","Sier",2016,"CD_I1003029",NA
"Darrean","Wyatt",2016,"CD_I1003545",NA
"Dane","Swan",2016,"CD_I220105",NA
"Ben","Reid",2016,"CD_I240232",NA
"Travis","Cloke",2016,"CD_I240366",NA
"Alan","Toovey",2016,"CD_I240419",NA
"Jesse","White",2016,"CD_I250212",NA
"Travis","Varcoe",2016,"CD_I250290",NA
"Tyson","Goldsack",2016,"CD_I260246",NA
"Scott","Pendlebury",2016,"CD_I260257",NA
"Nathan","Brown",2016,"CD_I260310",NA
"Brent","Macaffer",2016,"CD_I261181",NA
"Levi","Greenwood",2016,"CD_I270861",NA
"Jarryd","Blair",2016,"CD_I280104",NA
"Steele","Sidebottom",2016,"CD_I280965",NA
"Josh","Thomas",2016,"CD_I290289",NA
"Lachlan","Keeffe",2016,"CD_I290314",NA
"Jack","Frost",2016,"CD_I290810",NA
"Alex","Fasolo",2016,"CD_I290821",NA
"Jeremy","Howe",2016,"CD_I291313",NA
"Ben","Sinclair",2016,"CD_I291386",NA
"Taylor","Adams",2016,"CD_I291776",NA
"Adam","Treloar",2016,"CD_I291790",NA
"Tim","Golds",2016,"CD_I291817",NA
"Jarrod","Witts",2016,"CD_I291975",NA
"Adam","Oxley",2016,"CD_I292048",NA
"Tim","Broomhead",2016,"CD_I293035",NA
"Jamie","Elliott",2016,"CD_I293801",NA
"Jack","Crisp",2016,"CD_I293871",NA
"Brodie","Grundy",2016,"CD_I293957",NA
"Corey","Gault",2016,"CD_I294172",NA
"Josh","Smith",2016,"CD_I294650",NA
"Matthew","Scharenberg",2016,"CD_I295012",NA
"James","Aish",2016,"CD_I295067",NA
"Marley","Williams",2016,"CD_I295256",NA
"Tom","Langdon",2016,"CD_I295444",NA
"Jackson","Ramsay",2016,"CD_I295827",NA
"Matthew","Goodyear",2016,"CD_I298266",NA
"Darcy","Moore",2016,"CD_I298288",NA
"Jono","Marsh",2016,"CD_I990548",NA
"Brayden","Maynard",2016,"CD_I992010",NA
"Ben","Crocker",2016,"CD_I993796",NA
"Jordan","De Goey",2016,"CD_I994185",NA
"Tom","Phillips",2016,"CD_I996487",NA
"Mason","Cox",2016,"CD_I998647",NA
"Gary","Ablett",2016,"CD_I220001","MIDFIELDER"
"Nick","Malceski",2016,"CD_I230132","MIDFIELDER"
"Jarrod","Harbrow",2016,"CD_I240254","MEDIUM_DEFENDER"
"Michael","Rischitelli",2016,"CD_I240712","MIDFIELDER"
"Matt","Rosa",2016,"CD_I250111","MIDFIELDER"
"Danny","Stanley",2016,"CD_I250249","MIDFIELDER"
"Daniel","Currie",2016,"CD_I261236","RUCK"
"Jarrad","Grant",2016,"CD_I261319","MEDIUM_FORWARD"
"Ryan","Davis",2016,"CD_I280497","MEDIUM_FORWARD"
"Luke","Russell",2016,"CD_I281025","MIDFIELDER_FORWARD"
"Rory","Thompson",2016,"CD_I281075","KEY_DEFENDER"
"Steven","May",2016,"CD_I281085","KEY_DEFENDER"
"Trent","McKenzie",2016,"CD_I290527","MEDIUM_DEFENDER"
"Dion","Prestia",2016,"CD_I290627","MIDFIELDER"
"Mitch","Hallahan",2016,"CD_I290781","MIDFIELDER"
"Matt","Shaw",2016,"CD_I290790","MIDFIELDER"
"Tom","Nicholls",2016,"CD_I290815","RUCK"
"Brandon","Matera",2016,"CD_I290817","MEDIUM_FORWARD"
"David","Swallow",2016,"CD_I290832","MIDFIELDER"
"Keegan","Brooksby",2016,"CD_I290889","KEY_DEFENDER"
"Sam","Day",2016,"CD_I291753","KEY_FORWARD"
"Clay","Cameron",2016,"CD_I291896","KEY_DEFENDER"
"Tom","Keough",2016,"CD_I292146","KEY_DEFENDER"
"Seb","Tape",2016,"CD_I293223","MEDIUM_DEFENDER"
"Tom","Lynch",2016,"CD_I293813","KEY_FORWARD"
"Sean","Lemmens",2016,"CD_I294013","MEDIUM_DEFENDER"
"Henry","Schade",2016,"CD_I294291","KEY_DEFENDER"
"Jesse","Lonergan",2016,"CD_I294583","MIDFIELDER"
"Jaeger","O'Meara",2016,"CD_I294613","MIDFIELDER"
"Alex","Sexton",2016,"CD_I294643","MIDFIELDER"
"Adam","Saad",2016,"CD_I295461","MEDIUM_DEFENDER"
"Jack","Martin",2016,"CD_I296190","MEDIUM_DEFENDER"
"Kade","Kolodjashnij",2016,"CD_I296209","MEDIUM_DEFENDER"
"Mackenzie","Willis",2016,"CD_I296284","MEDIUM_DEFENDER"
"Jack","Leslie",2016,"CD_I296322","KEY_DEFENDER"
"Aaron","Hall",2016,"CD_I296735","MIDFIELDER"
"Touk","Miller",2016,"CD_I298272","MIDFIELDER_FORWARD"
"Peter","Wright",2016,"CD_I298289","KEY_FORWARD"
"Callum","Ah Chee",2016,"CD_I298437","MEDIUM_FORWARD"
"Cameron","Loersch",2016,"CD_I990321","KEY_FORWARD"
"Jarrod","Garlett",2016,"CD_I990424","MIDFIELDER_FORWARD"
"Brayden","Fiorini",2016,"CD_I993799","MIDFIELDER"
"Jesse","Joyce",2016,"CD_I996064","MEDIUM_DEFENDER"
"Darcy","Macpherson",2016,"CD_I996464","MEDIUM_FORWARD"
"Joshua","Schoenfeld",2016,"CD_I998511","MIDFIELDER"
"Harry","McKay",2016,"CD_I1000953",NA
"Jack","Silvagni",2016,"CD_I1001028",NA
"Matt","Korcheck",2016,"CD_I1003558",NA
"Kade","Simpson",2016,"CD_I230202",NA
"Andrew","Walker",2016,"CD_I240014",NA
"Cameron","Wood",2016,"CD_I240300",NA
"Dale","Thomas",2016,"CD_I240359",NA
"Marc","Murphy",2016,"CD_I250105",NA
"Bryce","Gibbs",2016,"CD_I250417",NA
"Samuel","Rowe",2016,"CD_I260278",NA
"Dennis","Armfield",2016,"CD_I260533",NA
"Michael","Jamison",2016,"CD_I261043",NA
"Andrejs","Everitt",2016,"CD_I261257",NA
"Matthew","Kreuzer",2016,"CD_I261299",NA
"Matthew","Wright",2016,"CD_I261384",NA
"Ed","Curnow",2016,"CD_I270146",NA
"Simon","White",2016,"CD_I270637",NA
"Jason","Tutt",2016,"CD_I281013",NA
"Liam","Jones",2016,"CD_I281078",NA
"Levi","Casboult",2016,"CD_I281124",NA
"Daniel","Gorringe",2016,"CD_I291304",NA
"Jed","Lamb",2016,"CD_I291544",NA
"Dylan","Buckley",2016,"CD_I291777",NA
"Sam","Kerridge",2016,"CD_I291806",NA
"Zach","Tuohy",2016,"CD_I292511",NA
"Liam","Sumner",2016,"CD_I293662",NA
"Mark","Whiley",2016,"CD_I293816",NA
"Andrew","Phillips",2016,"CD_I294068",NA
"Kristian","Jaksch",2016,"CD_I294561",NA
"Lachie","Plowman",2016,"CD_I294624",NA
"Blaine","Boekhorst",2016,"CD_I295199",NA
"Andrew","Gallucci",2016,"CD_I295383",NA
"Nick","Graham",2016,"CD_I295445",NA
"Matthew","Dick",2016,"CD_I295496",NA
"Sam","Docherty",2016,"CD_I295518",NA
"Billy","Gowers",2016,"CD_I298277",NA
"Dillon","Viojo-Rainbow",2016,"CD_I298283",NA
"Clem","Smith",2016,"CD_I298444",NA
"Patrick","Cripps",2016,"CD_I990704",NA
"Jayden","Foster",2016,"CD_I991961",NA
"David","Cuningham",2016,"CD_I993795",NA
"Jacob","Weitering",2016,"CD_I993832",NA
"Ciaran","Byrne",2016,"CD_I995121",NA
"Ciaran","Sheehan",2016,"CD_I995219",NA
"Charlie","Curnow",2016,"CD_I996731",NA
"Jesse","Glass-McCasker",2016,"CD_I998622",NA
"Ben","McKay",2016,"CD_I1002143",NA
"Drew","Petrie",2016,"CD_I210023",NA
"Nick","Dal Santo",2016,"CD_I220023",NA
"Jarrad","Waite",2016,"CD_I220110",NA
"Daniel","Wells",2016,"CD_I230232",NA
"Michael","Firrito",2016,"CD_I230272",NA
"Farren","Ray",2016,"CD_I240062",NA
"Andrew","Swallow",2016,"CD_I240417",NA
"Lachlan","Hansen",2016,"CD_I250373",NA
"Sam","Gibson",2016,"CD_I250557",NA
"Robin","Nahas",2016,"CD_I250623",NA
"Shaun","Higgins",2016,"CD_I260227",NA
"Lindsay","Thomas",2016,"CD_I261909",NA
"Robbie","Tarrant",2016,"CD_I270325",NA
"Todd","Goldstein",2016,"CD_I271129",NA
"Joel","Tippett",2016,"CD_I272008",NA
"Sam","Wright",2016,"CD_I280864",NA
"Ben","Cunnington",2016,"CD_I280921",NA
"Jack","Ziebell",2016,"CD_I280944",NA
"Scott D.","Thompson",2016,"CD_I281395",NA
"Jamie","Macmillan",2016,"CD_I290194",NA
"Majak","Daw",2016,"CD_I290199",NA
"Shaun","Atley",2016,"CD_I290787",NA
"Ben","Jacobs",2016,"CD_I290802",NA
"Aaron","Mullett",2016,"CD_I291445",NA
"Aaron","Black",2016,"CD_I291672",NA
"Jed","Anderson",2016,"CD_I291861",NA
"Ben","Brown",2016,"CD_I291867",NA
"Bradley","McKenzie",2016,"CD_I291963",NA
"Mason","Wood",2016,"CD_I295340",NA
"Trent","Dumont",2016,"CD_I296035",NA
"Taylor","Garner",2016,"CD_I296078",NA
"Luke","McDonald",2016,"CD_I296355",NA
"Sam","Durdin",2016,"CD_I297767",NA
"Daniel","Nielson",2016,"CD_I298285",NA
"Ed","Vickers-Willis",2016,"CD_I298287",NA
"Mitchell","Hibberd",2016,"CD_I298407",NA
"Brent","Harvey",2016,"CD_I960491",NA
"Will","Fordham",2016,"CD_I991960",NA
"Kayne","Turner",2016,"CD_I992499",NA
"Braydon","Preuss",2016,"CD_I992644",NA
"Corey","Wagner",2016,"CD_I993940",NA
"Ryan","Clarke",2016,"CD_I996442",NA
"Declan","Mountford",2016,"CD_I999724",NA
"Jay","Schulz",2016,"CD_I230195",NA
"Angus","Monfries",2016,"CD_I240290",NA
"Matthew","White",2016,"CD_I240389",NA
"Paddy","Ryder",2016,"CD_I250267",NA
"Travis","Boak",2016,"CD_I250365",NA
"Alipate","Carlile",2016,"CD_I250688",NA
"Justin","Westhoff",2016,"CD_I260750",NA
"Nathan","Krakouer",2016,"CD_I261083",NA
"Matthew","Lobbe",2016,"CD_I261230",NA
"Robbie","Gray",2016,"CD_I261396",NA
"Hamish","Hartlett",2016,"CD_I261892",NA
"Brad","Ebert",2016,"CD_I261911",NA
"Kane","Mitchell",2016,"CD_I270606",NA
"Paul","Stewart",2016,"CD_I270779",NA
"Matthew","Broadbent",2016,"CD_I271078",NA
"Jackson","Trengove",2016,"CD_I280013",NA
"Charlie","Dixon",2016,"CD_I280711",NA
"John","Butcher",2016,"CD_I280877",NA
"Jasper","Pittard",2016,"CD_I290156",NA
"Cameron","O'Shea",2016,"CD_I290540",NA
"Aaron","Young",2016,"CD_I290546",NA
"Sam","Gray",2016,"CD_I290722",NA
"Jared","Polec",2016,"CD_I290738",NA
"Brendon","Ah Chee",2016,"CD_I291947",NA
"Chad","Wingard",2016,"CD_I291962",NA
"Jack","Hombsch",2016,"CD_I291964",NA
"Tom","Jonas",2016,"CD_I292145",NA
"Jimmy","Toumpas",2016,"CD_I293042",NA
"Ollie","Wines",2016,"CD_I294318",NA
"Tom","Clurey",2016,"CD_I294504",NA
"Jake","Neade",2016,"CD_I294604",NA
"Sam","Colquhoun",2016,"CD_I295054",NA
"Jarman","Impey",2016,"CD_I296254",NA
"Karl","Amon",2016,"CD_I297354",NA
"Logan","Austin",2016,"CD_I298091",NA
"Jesse","Palmer",2016,"CD_I298318",NA
"Aidyn","Johnson",2016,"CD_I298430",NA
"Will","Snelling",2016,"CD_I990606",NA
"Billy","Frampton",2016,"CD_I991773",NA
"Darcy","Byrne-Jones",2016,"CD_I991930",NA
"Cameron","Hewett",2016,"CD_I992258",NA
"Dougal","Howard",2016,"CD_I993480",NA
"Dan","Houston",2016,"CD_I994295",NA
"Riley","Bonner",2016,"CD_I994599",NA
"Luke","Goetz",2016,"CD_I1002159",NA
"Robert","Murphy",2016,"CD_I200083",NA
"Matthew","Boyd",2016,"CD_I220010",NA
"Will","Minson",2016,"CD_I230255",NA
"Jed","Adcock",2016,"CD_I240087",NA
"Dale","Morris",2016,"CD_I250712",NA
"Matthew","Suckling",2016,"CD_I270732",NA
"Liam","Picken",2016,"CD_I271439",NA
"Jordan","Roughead",2016,"CD_I280012",NA
"Koby","Stevens",2016,"CD_I280946",NA
"Easton","Wood",2016,"CD_I281139",NA
"Tom","Campbell",2016,"CD_I290246",NA
"Tom","Liberatore",2016,"CD_I290799",NA
"Luke","Dahlhaus",2016,"CD_I291526",NA
"Mitch","Wallis",2016,"CD_I291545",NA
"Fletcher","Roberts",2016,"CD_I291814",NA
"Jack","Redpath",2016,"CD_I292030",NA
"Stewart","Crameri",2016,"CD_I292503",NA
"Clay","Smith",2016,"CD_I293847",NA
"Jake","Stringer",2016,"CD_I293884",NA
"Jason","Johannisen",2016,"CD_I294101",NA
"Marcus","Adams",2016,"CD_I294168",NA
"Josh","Prudden",2016,"CD_I294336",NA
"Nathan","Hrovat",2016,"CD_I294556",NA
"Lachie","Hunter",2016,"CD_I294557",NA
"Caleb","Daniel",2016,"CD_I295136",NA
"Joel","Hamling",2016,"CD_I295222",NA
"Lin","Jong",2016,"CD_I295313",NA
"Jack","Macrae",2016,"CD_I295467",NA
"Shane","Biggs",2016,"CD_I295608",NA
"Tory","Dickson",2016,"CD_I295712",NA
"Tom","Boyd",2016,"CD_I296367",NA
"Mitch","Honeychurch",2016,"CD_I296369",NA
"Marcus","Bontempelli",2016,"CD_I297373",NA
"Declan","Hamilton",2016,"CD_I297702",NA
"Lukas","Webb",2016,"CD_I298307",NA
"Zaine","Cordy",2016,"CD_I991939",NA
"Roarke","Smith",2016,"CD_I992054",NA
"Bailey","Williams",2016,"CD_I992351",NA
"Josh","Dunkley",2016,"CD_I993834",NA
"Kieran","Collins",2016,"CD_I993840",NA
"Brad","Lynch",2016,"CD_I994410",NA
"Toby","McLean",2016,"CD_I996483",NA
"Bailey","Dale",2016,"CD_I996708",NA
"Conor","Glass",2016,"CD_I1003547",NA
"Shaun","Burgoyne",2016,"CD_I210012",NA
"Luke","Hodge",2016,"CD_I220047",NA
"Sam","Mitchell",2016,"CD_I220073",NA
"Grant","Birchall",2016,"CD_I240302",NA
"Jarryd","Roughead",2016,"CD_I240357",NA
"Jordan","Lewis",2016,"CD_I250089",NA
"Matt","Spangher",2016,"CD_I250654",NA
"Josh","Gibson",2016,"CD_I250715",NA
"James","Frawley",2016,"CD_I260288",NA
"Paul","Puopolo",2016,"CD_I260710",NA
"Cyril","Rioli",2016,"CD_I260955",NA
"Ben","McEvoy",2016,"CD_I261323",NA
"Brendan","Whitecross",2016,"CD_I261386",NA
"Ben","Stratton",2016,"CD_I280471",NA
"Liam","Shiels",2016,"CD_I280737",NA
"Luke","Breust",2016,"CD_I280744",NA
"Jack","Fitzpatrick",2016,"CD_I280758",NA
"Ryan","Schoenmakers",2016,"CD_I281301",NA
"Taylor","Duryea",2016,"CD_I290085",NA
"Will","Langford",2016,"CD_I290683",NA
"Jonathon","Ceglar",2016,"CD_I291327",NA
"Jack","Gunston",2016,"CD_I291351",NA
"Alex","Woodward",2016,"CD_I291772",NA
"Angus","Dewar",2016,"CD_I294178",NA
"Jonathan","O'Rourke",2016,"CD_I294615",NA
"Isaac","Smith",2016,"CD_I294877",NA
"Kaiden","Brand",2016,"CD_I295156",NA
"Bradley","Hill",2016,"CD_I295584",NA
"Tim","O'Brien",2016,"CD_I296041",NA
"William","Hartung",2016,"CD_I296198",NA
"Zac","Webster",2016,"CD_I296232",NA
"Dallas","Willsmore",2016,"CD_I296279",NA
"Kurt","Heatherley",2016,"CD_I296383",NA
"Shem","Tatupu",2016,"CD_I296392",NA
"James","Sicily",2016,"CD_I297566",NA
"Marc","Pittonet",2016,"CD_I298290",NA
"Jermaine","Lewis",2016,"CD_I298453",NA
"Teia","Miles",2016,"CD_I992018",NA
"Ryan","Burton",2016,"CD_I992128",NA
"Daniel","Howe",2016,"CD_I992462",NA
"Blake","Hardwick",2016,"CD_I993794",NA
"Kade","Stewart",2016,"CD_I993859",NA
"Kieran","Lovell",2016,"CD_I993960",NA
"Lachlan","Langford",2016,"CD_I999241",NA
"Luke","Surman",2016,"CD_I999367",NA
"Corey","Enright",2016,"CD_I200035",NA
"Jimmy","Bartel",2016,"CD_I220007",NA
"Tom","Lonergan",2016,"CD_I230125",NA
"Andrew","Mackie",2016,"CD_I230248",NA
"Mitch","Clark",2016,"CD_I240393",NA
"Joel","Selwood",2016,"CD_I250321",NA
"Harry","Taylor",2016,"CD_I261497",NA
"Tom","Hawkins",2016,"CD_I261510",NA
"Lachie","Henderson",2016,"CD_I270326",NA
"Patrick","Dangerfield",2016,"CD_I270917",NA
"Scott","Selwood",2016,"CD_I270928",NA
"Rhys","Stanley",2016,"CD_I280317",NA
"Zac","Smith",2016,"CD_I280722",NA
"Nathan","Vardy",2016,"CD_I280959",NA
"Steven","Motlop",2016,"CD_I280990",NA
"Mitch","Duncan",2016,"CD_I281065",NA
"Josh","Cowan",2016,"CD_I290106",NA
"Cameron","Guthrie",2016,"CD_I290550",NA
"Josh","Caddy",2016,"CD_I290623",NA
"Billie","Smedts",2016,"CD_I290783",NA
"Daniel","Menzel",2016,"CD_I291307",NA
"Tom","Ruggles",2016,"CD_I291473",NA
"Shane","Kersten",2016,"CD_I291949",NA
"George","Horlin-Smith",2016,"CD_I293255",NA
"Lincoln","McCarthy",2016,"CD_I293581",NA
"Cameron","Delaney",2016,"CD_I293796",NA
"Jed","Bews",2016,"CD_I293883",NA
"Sam","Menegola",2016,"CD_I294199",NA
"Jackson","Thurlow",2016,"CD_I294663",NA
"Jordan","Murdoch",2016,"CD_I295942",NA
"Cory","Gregson",2016,"CD_I296161",NA
"Jake","Kolodjashnij",2016,"CD_I296291",NA
"Zachary","Bates",2016,"CD_I296337",NA
"Darcy","Lang",2016,"CD_I296439",NA
"Mark","Blicavs",2016,"CD_I296733",NA
"Jordan","Cunico",2016,"CD_I298305",NA
"Nakia","Cockatoo",2016,"CD_I298336",NA
"Thomas","Read",2016,"CD_I990917",NA
"Padraig","Lucey",2016,"CD_I993431",NA
"James","Parsons",2016,"CD_I993798",NA
"Jock","Cornell",2016,"CD_I993896",NA
"Matthew","Hayball",2016,"CD_I994144",NA
"Michael","Luxford",2016,"CD_I995220",NA
"Ryan","Gardner",2016,"CD_I997501",NA
"Wylie","Buzza",2016,"CD_I997770",NA
"Nick","Riewoldt",2016,"CD_I210001",NA
"Leigh","Montagna",2016,"CD_I220075",NA
"Sean","Dempster",2016,"CD_I230243",NA
"Sam","Fisher",2016,"CD_I240708",NA
"Sam","Gilbert",2016,"CD_I250134",NA
"David","Armitage",2016,"CD_I250340",NA
"Jarryn","Geary",2016,"CD_I260113",NA
"Luke","Delaney",2016,"CD_I270303",NA
"Jack","Steven",2016,"CD_I270912",NA
"Shane","Savage",2016,"CD_I280858",NA
"Dylan","Roberton",2016,"CD_I280933",NA
"Maverick","Weller",2016,"CD_I281024",NA
"Cameron","Shenton",2016,"CD_I281298",NA
"Thomas","Lee",2016,"CD_I290422",NA
"Jake","Carlisle",2016,"CD_I290641",NA
"Jimmy","Webster",2016,"CD_I290757",NA
"Josh","Bruce",2016,"CD_I291492",NA
"Tom","Curren",2016,"CD_I291518",NA
"Jack","Newnes",2016,"CD_I291773",NA
"Billy","Longer",2016,"CD_I291828",NA
"Sebastian","Ross",2016,"CD_I293846",NA
"Tom","Hickey",2016,"CD_I294266",NA
"Nathan","Wright",2016,"CD_I294317",NA
"Luke","Dunstan",2016,"CD_I294429",NA
"Tim","Membrey",2016,"CD_I294596",NA
"Lewis","Pierce",2016,"CD_I294621",NA
"Brodie","Murdoch",2016,"CD_I295095",NA
"Josh","Saunders",2016,"CD_I295477",NA
"Eli","Templeton",2016,"CD_I296208",NA
"Blake","Acres",2016,"CD_I296294",NA
"Jack","Billings",2016,"CD_I296351",NA
"Darren","Minchington",2016,"CD_I296452",NA
"Nathan","Freeman",2016,"CD_I297433",NA
"Nick","Coughlan",2016,"CD_I298101",NA
"Daniel","McKenzie",2016,"CD_I298265",NA
"Paddy","McCartin",2016,"CD_I298312",NA
"Hugh","Goddard",2016,"CD_I298316",NA
"Jade","Gresham",2016,"CD_I298421",NA
"Jack","Lonie",2016,"CD_I992000",NA
"Brenton","Payne",2016,"CD_I992034",NA
"Nick","O'Kearney",2016,"CD_I993784",NA
"Brandon","White",2016,"CD_I993821",NA
"Jack","Sinclair",2016,"CD_I994389",NA
"Jason","Holmes",2016,"CD_I994460",NA
"Bailey","Rice",2016,"CD_I996716",NA
"Mark","Jamar",2016,"CD_I220052","RUCK"
"James","Kelly",2016,"CD_I220058","MEDIUM_DEFENDER"
"Adam","Cooney",2016,"CD_I230041","MIDFIELDER"
"Ryan","Crowley",2016,"CD_I230048","MIDFIELDER_FORWARD"
"Brendon","Goddard",2016,"CD_I230084","MIDFIELDER"
"Mathew","Stokes",2016,"CD_I230214","MEDIUM_FORWARD"
"Jobe","Watson",2016,"CD_I230231","MIDFIELDER"
"Brent","Stanton",2016,"CD_I240027","MIDFIELDER"
"Nathan","Grima",2016,"CD_I240131","KEY_DEFENDER"
"Courtenay","Dempsey",2016,"CD_I240245","MEDIUM_DEFENDER"
"Matthew","Leuenberger",2016,"CD_I250335","RUCK"
"Heath","Hocking",2016,"CD_I250569","MIDFIELDER"
"Jonathan","Simpkin",2016,"CD_I250652","MIDFIELDER"
"James","Gwilt",2016,"CD_I250703","KEY_DEFENDER"
"Ben","Howlett",2016,"CD_I260073","MIDFIELDER_FORWARD"
"James","Polkinghorne",2016,"CD_I260975","MIDFIELDER_FORWARD"
"Craig","Bird",2016,"CD_I261212","MIDFIELDER"
"David","Myers",2016,"CD_I261314","MIDFIELDER"
"Tom","Bellchambers",2016,"CD_I261320","RUCK"
"Cale","Hooker",2016,"CD_I270588","KEY_DEFENDER"
"Michael","Hurley",2016,"CD_I270935","KEY_DEFENDER"
"David","Zaharakis",2016,"CD_I270951","MIDFIELDER"
"Tayte","Pears",2016,"CD_I271022","KEY_DEFENDER"
"Shaun","McKernan",2016,"CD_I280038","KEY_FORWARD"
"Travis","Colyer",2016,"CD_I280988","MEDIUM_FORWARD"
"Michael","Hibberd",2016,"CD_I290160","MEDIUM_DEFENDER"
"Mitch","Brown",2016,"CD_I290622","KEY_FORWARD"
"Dyson","Heppell",2016,"CD_I290629","MIDFIELDER"
"Nick","Kommer",2016,"CD_I291686","MEDIUM_FORWARD"
"Shaun","Edwards",2016,"CD_I291936","MIDFIELDER_FORWARD"
"Sam","Grimley",2016,"CD_I292013","KEY_FORWARD"
"Matt","Dea",2016,"CD_I292025","MEDIUM_DEFENDER"
"Michael","Hartley",2016,"CD_I294077","KEY_DEFENDER"
"Anthony","McDonald-Tipungwuti",2016,"CD_I294092","MEDIUM_DEFENDER"
"Sam","Michael",2016,"CD_I294270","RUCK"
"Jason","Ashby",2016,"CD_I294470","MEDIUM_DEFENDER"
"Joe","Daniher",2016,"CD_I294518","KEY_FORWARD"
"Mark","Baguley",2016,"CD_I294798","MEDIUM_DEFENDER"
"Jackson","Merrett",2016,"CD_I295285","MIDFIELDER_FORWARD"
"Will","Hams",2016,"CD_I295459","MIDFIELDER_FORWARD"
"Patrick","Ambrose",2016,"CD_I295599","KEY_DEFENDER"
"Orazio","Fantasia",2016,"CD_I296334","MEDIUM_FORWARD"
"Martin","Gleeson",2016,"CD_I297438","MEDIUM_DEFENDER"
"Jayden","Laverde",2016,"CD_I298280","MEDIUM_FORWARD"
"Jake","Long",2016,"CD_I298347","MIDFIELDER_FORWARD"
"Kyle","Langford",2016,"CD_I298630","MIDFIELDER_FORWARD"
"Aaron","Francis",2016,"CD_I990816","KEY_DEFENDER"
"Yestin","Eades",2016,"CD_I991807","MEDIUM_FORWARD"
"Zach","Merrett",2016,"CD_I992016","MIDFIELDER"
"Alex","Morgan",2016,"CD_I992023","MEDIUM_DEFENDER"
"Tom","Wallis",2016,"CD_I993791","MIDFIELDER"
"Darcy","Parish",2016,"CD_I993817","MIDFIELDER"
"Gach","Nyuon",2016,"CD_I993829","RUCK"
"Mason","Redman",2016,"CD_I997078","MEDIUM_FORWARD"
"Conor","McKenna",2016,"CD_I997846","MEDIUM_DEFENDER"
"Sam","Murray",2016,"CD_I1003620",NA
"Ted","Richards",2016,"CD_I210027",NA
"Ben","McGlynn",2016,"CD_I230140",NA
"Jarrad","McVeigh",2016,"CD_I230253",NA
"Heath","Grundy",2016,"CD_I240072",NA
"Kieren","Jack",2016,"CD_I240226",NA
"Lance","Franklin",2016,"CD_I240399",NA
"Nick","Smith",2016,"CD_I250338",NA
"Josh P.","Kennedy",2016,"CD_I260382",NA
"Kurt","Tippett",2016,"CD_I270742",NA
"Jeremy","Laidler",2016,"CD_I270899",NA
"Dan","Hannebery",2016,"CD_I290117",NA
"Sam","Reid",2016,"CD_I290188",NA
"Dane","Rampe",2016,"CD_I290307",NA
"Luke","Parker",2016,"CD_I290778",NA
"Gary","Rohan",2016,"CD_I291357",NA
"Alex","Johnson",2016,"CD_I291450",NA
"Michael","Talia",2016,"CD_I291810",NA
"Tom","Mitchell",2016,"CD_I291856",NA
"Harry","Cunningham",2016,"CD_I291978",NA
"Xavier","Richards",2016,"CD_I293739",NA
"George","Hewett",2016,"CD_I294036",NA
"Aliir","Aliir",2016,"CD_I294469",NA
"Daniel","Robinson",2016,"CD_I294638",NA
"Callum","Sinclair",2016,"CD_I294737",NA
"Tom","Derickx",2016,"CD_I294797",NA
"Jake","Lloyd",2016,"CD_I295342",NA
"Dean","Towers",2016,"CD_I295695",NA
"Brandon","Jack",2016,"CD_I295906",NA
"Harrison","Marsh",2016,"CD_I296840",NA
"James","Rose",2016,"CD_I297107",NA
"Nic","Newman",2016,"CD_I297907",NA
"Jordan","Foote",2016,"CD_I298112",NA
"Sam","Naismith",2016,"CD_I298144",NA
"Toby","Nankervis",2016,"CD_I298174",NA
"Isaac","Heeney",2016,"CD_I298539",NA
"Abe","Davis",2016,"CD_I298542",NA
"Jack","Hiscox",2016,"CD_I298620",NA
"Zak","Jones",2016,"CD_I991988",NA
"Jordan","Dawson",2016,"CD_I992242",NA
"Callum","Mills",2016,"CD_I993905",NA
"Tyrone","Leonardis",2016,"CD_I996463",NA
"Lewis","Melican",2016,"CD_I996743",NA
"Tom","Papley",2016,"CD_I996765",NA
"Kyle","Galloway",2016,"CD_I996782",NA
"Colin","O'Riordan",2016,"CD_I997842",NA
"Matthew","Pavlich",2016,"CD_I200032",NA
"Aaron","Sandilands",2016,"CD_I220096",NA
"Michael","Johnson",2016,"CD_I230107",NA
"David","Mundy",2016,"CD_I240052",NA
"Lee","Spurr",2016,"CD_I240266",NA
"Zac","Dawson",2016,"CD_I240552",NA
"Danyle","Pearce",2016,"CD_I250063",NA
"Jonathon","Griffin",2016,"CD_I250088",NA
"Garrick","Ibbotson",2016,"CD_I250268",NA
"Hayden","Ballantyne",2016,"CD_I260069",NA
"Nicholas","Suban",2016,"CD_I270908",NA
"Matt","de Boer",2016,"CD_I271015",NA
"Alex","Silvagni",2016,"CD_I271433",NA
"Stephen","Hill",2016,"CD_I280336",NA
"Clancee","Pearce",2016,"CD_I280386",NA
"Chris","Mayne",2016,"CD_I280416",NA
"Tendai","Mzungu",2016,"CD_I280726",NA
"Michael","Walters",2016,"CD_I281007",NA
"Jack","Hannath",2016,"CD_I281105",NA
"Anthony","Morabito",2016,"CD_I281111",NA
"Zac","Clarke",2016,"CD_I290251",NA
"Cam","Sutcliffe",2016,"CD_I290733",NA
"Nat","Fyfe",2016,"CD_I291570",NA
"Harley","Bennell",2016,"CD_I291594",NA
"Tommy","Sheridan",2016,"CD_I291792",NA
"Michael","Barlow",2016,"CD_I292026",NA
"Lachie","Neale",2016,"CD_I293535",NA
"Hayden","Crozier",2016,"CD_I293651",NA
"Matt","Taberner",2016,"CD_I293854",NA
"Tanner","Smith",2016,"CD_I295406",NA
"Sam","Collins",2016,"CD_I295446",NA
"Matthew","Uebergang",2016,"CD_I296289",NA
"Ed","Langdon",2016,"CD_I298264",NA
"Ryan","Nyhuis",2016,"CD_I298352",NA
"Alex","Pearce",2016,"CD_I298409",NA
"Josh","Deluca",2016,"CD_I298446",NA
"Connor","Blakely",2016,"CD_I298450",NA
"Lachie","Weller",2016,"CD_I298524",NA
"Sean","Hurley",2016,"CD_I298704",NA
"Michael","Apeness",2016,"CD_I991917",NA
"Brady","Grey",2016,"CD_I993192",NA
"Darcy","Tucker",2016,"CD_I993816",NA
"Shane","Yarran",2016,"CD_I994607",NA
"Harley","Balic",2016,"CD_I996498",NA
"Ethan","Hughes",2016,"CD_I996580",NA
"Matthew","Kennedy",2016,"CD_I1001398","MEDIUM_FORWARD"
"Steve","Johnson",2016,"CD_I220054","MEDIUM_FORWARD"
"Joel","Patfull",2016,"CD_I230170","KEY_DEFENDER"
"Ryan","Griffen",2016,"CD_I240156","MIDFIELDER"
"Heath","Shaw",2016,"CD_I240700","MEDIUM_DEFENDER"
"Tim","Mohr",2016,"CD_I261189","KEY_DEFENDER"
"Rhys","Palmer",2016,"CD_I261231","MEDIUM_FORWARD"
"Sam","Reid",2016,"CD_I261374","MEDIUM_FORWARD"
"Dawson","Simpson",2016,"CD_I270340","RUCK"
"Callan","Ward",2016,"CD_I280109","MIDFIELDER"
"Shane","Mumford",2016,"CD_I280762","RUCK"
"Phil","Davis",2016,"CD_I280804","KEY_DEFENDER"
"Tom","Scully",2016,"CD_I280969","MIDFIELDER"
"Daniel","Lloyd",2016,"CD_I290675","MIDFIELDER"
"Adam","Kennedy",2016,"CD_I291509","MEDIUM_DEFENDER"
"Will","Hoskin-Elliott",2016,"CD_I291720","MEDIUM_FORWARD"
"Devon","Smith",2016,"CD_I291771","MEDIUM_FORWARD"
"Dylan","Shiel",2016,"CD_I291783","MIDFIELDER"
"Matthew","Buntine",2016,"CD_I291797","MEDIUM_DEFENDER"
"Adam","Tomlinson",2016,"CD_I291819","KEY_DEFENDER"
"Jonathon","Patton",2016,"CD_I291821","KEY_FORWARD"
"Stephen","Coniglio",2016,"CD_I291969","MIDFIELDER"
"Jeremy","Cameron",2016,"CD_I293845","KEY_FORWARD"
"Nathan","Wilson",2016,"CD_I294125","MEDIUM_DEFENDER"
"Lachie","Whitfield",2016,"CD_I294305","MIDFIELDER"
"Aidan","Corr",2016,"CD_I294508","KEY_DEFENDER"
"James","Stewart",2016,"CD_I294654","KEY_FORWARD"
"Zac","Williams",2016,"CD_I294685","MEDIUM_DEFENDER"
"Nick","Haynes",2016,"CD_I295265","KEY_DEFENDER"
"Toby","Greene",2016,"CD_I295344","MEDIUM_FORWARD"
"Jack","Steele",2016,"CD_I296205","MIDFIELDER_FORWARD"
"Jake","Barrett",2016,"CD_I296214","MIDFIELDER"
"Josh","Kelly",2016,"CD_I296347","MIDFIELDER"
"Tom","Downie",2016,"CD_I296559","RUCK"
"Jeremy","Finlayson",2016,"CD_I298111","KEY_DEFENDER"
"Paul","Ahern",2016,"CD_I298271","MIDFIELDER"
"Caleb","Marchbank",2016,"CD_I298302","KEY_DEFENDER"
"Jarrod","Pickett",2016,"CD_I990423","MIDFIELDER_FORWARD"
"Rory","Lobb",2016,"CD_I990740","KEY_FORWARD"
"Harry","Himmelberg",2016,"CD_I993107","KEY_DEFENDER"
"Matt","Flynn",2016,"CD_I993902","KEY_FORWARD"
"Jacob","Hopper",2016,"CD_I993903","MIDFIELDER_FORWARD"
"Cam","McCarthy",2016,"CD_I995192","KEY_FORWARD"
"Pat","McKenna",2016,"CD_I999233","MEDIUM_DEFENDER"
"Daniel","Rioli",2016,"CD_I1000981",NA
"Troy","Chaplin",2016,"CD_I240180",NA
"Brett","Deledio",2016,"CD_I240336",NA
"Ivan","Maric",2016,"CD_I240546",NA
"Shaun","Grigg",2016,"CD_I250298",NA
"Bachar","Houli",2016,"CD_I250312",NA
"Jack","Riewoldt",2016,"CD_I250395",NA
"Steven","Morris",2016,"CD_I260433",NA
"Shane","Edwards",2016,"CD_I260930",NA
"Alex","Rance",2016,"CD_I261362",NA
"Shaun","Hampson",2016,"CD_I270737",NA
"Trent","Cotchin",2016,"CD_I270896",NA
"Ty","Vickery",2016,"CD_I270941",NA
"Chris","Yarran",2016,"CD_I271110",NA
"Ben","Griffiths",2016,"CD_I280747",NA
"Andrew","Moore",2016,"CD_I280750",NA
"Dylan","Grimes",2016,"CD_I280819",NA
"Taylor","Hunt",2016,"CD_I280822",NA
"Kane","Lambert",2016,"CD_I290032",NA
"Sam","Lloyd",2016,"CD_I290073",NA
"David","Astbury",2016,"CD_I290198",NA
"Anthony","Miles",2016,"CD_I290671",NA
"Reece","Conca",2016,"CD_I290823",NA
"Dustin","Martin",2016,"CD_I290847",NA
"Jake","Batchelor",2016,"CD_I291437",NA
"Adam","Marcon",2016,"CD_I291517",NA
"Todd","Elton",2016,"CD_I291825",NA
"Jacob","Townsend",2016,"CD_I291891",NA
"Brandon","Ellis",2016,"CD_I293713",NA
"Liam","McBean",2016,"CD_I294591",NA
"Kamdyn","McIntosh",2016,"CD_I294592",NA
"Nick","Vlastuin",2016,"CD_I294674",NA
"Nathan","Broad",2016,"CD_I295203",NA
"Nathan","Drummond",2016,"CD_I296306",NA
"Ben","Lennon",2016,"CD_I296357",NA
"Oleg","Markov",2016,"CD_I298358",NA
"Reece","McKenzie",2016,"CD_I298627",NA
"Jason","Castagna",2016,"CD_I991933",NA
"Corey","Ellis",2016,"CD_I991953",NA
"Connor","Menadue",2016,"CD_I992015",NA
"Jayden","Short",2016,"CD_I992049",NA
"Dan","Butler",2016,"CD_I992374",NA
"Mabior","Chol",2016,"CD_I994077",NA
"Ivan","Soldo",2016,"CD_I998529",NA
"Callum","Moore",2016,"CD_I998569",NA
"Joel","Smith",2016,"CD_I1003546","MEDIUM_DEFENDER"
"Heritier","Lumumba",2016,"CD_I240073","MEDIUM_DEFENDER"
"Nathan","Jones",2016,"CD_I250222","MIDFIELDER"
"Lynden","Dunn",2016,"CD_I250548","KEY_DEFENDER"
"Chris","Dawes",2016,"CD_I260394","KEY_FORWARD"
"Bernie","Vince",2016,"CD_I261142","MEDIUM_DEFENDER"
"Jack","Grimes",2016,"CD_I261297","MIDFIELDER"
"Dean","Terlich",2016,"CD_I270241","MEDIUM_FORWARD"
"Jeff","Garlett",2016,"CD_I270653","MEDIUM_FORWARD"
"Colin","Garland",2016,"CD_I270830","MEDIUM_DEFENDER"
"Jake","Spencer",2016,"CD_I280521","RUCK"
"Jack","Trengove",2016,"CD_I280608","MIDFIELDER"
"Jake","Melksham",2016,"CD_I280824","MIDFIELDER"
"Jack","Watts",2016,"CD_I280972","KEY_FORWARD"
"Neville","Jetta",2016,"CD_I281280","MEDIUM_DEFENDER"
"Max","Gawn",2016,"CD_I290528","RUCK"
"Viv","Michie",2016,"CD_I291446","MEDIUM_DEFENDER"
"Tom","McDonald",2016,"CD_I291533","KEY_DEFENDER"
"Benjamin","Newton",2016,"CD_I291607","MIDFIELDER"
"Dom","Tyson",2016,"CD_I291784","MIDFIELDER"
"Tomas","Bugg",2016,"CD_I291802","MIDFIELDER"
"Jack","Viney",2016,"CD_I291902","MIDFIELDER"
"Cameron","Pedersen",2016,"CD_I292029","KEY_FORWARD"
"Ben","Kennedy",2016,"CD_I293431","MEDIUM_FORWARD"
"Sam","Frost",2016,"CD_I293738","KEY_DEFENDER"
"Dean","Kent",2016,"CD_I294570","MEDIUM_FORWARD"
"Josh","Wagner",2016,"CD_I294675","MEDIUM_DEFENDER"
"Matt","Jones",2016,"CD_I296027","MIDFIELDER"
"Jesse","Hogan",2016,"CD_I296324","KEY_FORWARD"
"Jay","Kennedy Harris",2016,"CD_I296343","MEDIUM_FORWARD"
"Christian","Salem",2016,"CD_I296359","MEDIUM_DEFENDER"
"Alex","Neal-Bullen",2016,"CD_I296420","MIDFIELDER_FORWARD"
"Billy","Stretch",2016,"CD_I297139","MIDFIELDER"
"James","Harmes",2016,"CD_I297899","MEDIUM_DEFENDER"
"Aaron","vandenBerg",2016,"CD_I297990","MEDIUM_FORWARD"
"Max","King",2016,"CD_I298128","RUCK"
"Christian","Petracca",2016,"CD_I298210","MEDIUM_FORWARD"
"Angus","Brayshaw",2016,"CD_I298279","MIDFIELDER_FORWARD"
"Mitch","White",2016,"CD_I992075","MEDIUM_DEFENDER"
"Oscar","McDonald",2016,"CD_I992472","KEY_DEFENDER"
"Sam","Weideman",2016,"CD_I993806","KEY_FORWARD"
"Mitch","King",2016,"CD_I993823","RUCK"
"Liam","Hulett",2016,"CD_I993835","KEY_FORWARD"
"Jayden","Hunt",2016,"CD_I994385","MEDIUM_DEFENDER"
"Clayton","Oliver",2016,"CD_I996701","MIDFIELDER"
"Mark","LeCras",2016,"CD_I240119",NA
"Matthew","Priddis",2016,"CD_I240124",NA
"Sam","Butler",2016,"CD_I240159",NA
"Shannon","Hurn",2016,"CD_I240283",NA
"Josh J.","Kennedy",2016,"CD_I240406",NA
"Xavier","Ellis",2016,"CD_I250257",NA
"Eric","Mackenzie",2016,"CD_I250317",NA
"Mitchell","Brown",2016,"CD_I260303",NA
"Josh","Hill",2016,"CD_I261209",NA
"Will","Schofield",2016,"CD_I261214",NA
"Chris","Masten",2016,"CD_I261290",NA
"Sharrod","Wellingham",2016,"CD_I261799",NA
"Jonathan","Giles",2016,"CD_I261841",NA
"Nic","Naitanui",2016,"CD_I271045",NA
"Luke","Shuey",2016,"CD_I280078",NA
"Patrick","McGinnity",2016,"CD_I280441",NA
"Mark","Hutchings",2016,"CD_I281052",NA
"Kane","Lucas",2016,"CD_I281079",NA
"Brad","Sheppard",2016,"CD_I281080",NA
"Lewis","Jetta",2016,"CD_I281281",NA
"Jack","Redden",2016,"CD_I281373",NA
"Scott","Lycett",2016,"CD_I290746",NA
"Andrew","Gaff",2016,"CD_I290801",NA
"Jamie","Cripps",2016,"CD_I290826",NA
"Jack","Darling",2016,"CD_I290838",NA
"Jamie","Bennell",2016,"CD_I290943",NA
"Simon","Tunbridge",2016,"CD_I291927",NA
"Fraser","McInnes",2016,"CD_I291929",NA
"Elliot","Yeo",2016,"CD_I292128",NA
"Brant","Colledge",2016,"CD_I294506",NA
"Jeremy","McGovern",2016,"CD_I294859",NA
"Dom","Sheed",2016,"CD_I296296",NA
"Malcolm","Karpany",2016,"CD_I296432",NA
"Luke","Partington",2016,"CD_I297703",NA
"Liam","Duggan",2016,"CD_I298268",NA
"Jackson","Nelson",2016,"CD_I298298",NA
"Tom","Lamb",2016,"CD_I298311",NA
"Alec","Waterman",2016,"CD_I298445",NA
"Tom","Barrass",2016,"CD_I990290",NA
"Damien","Cavka",2016,"CD_I991937",NA
"Matthew","Allen",2016,"CD_I992111",NA
"Paddy","Brophy",2016,"CD_I993428",NA
"Jordan","Snadden",2016,"CD_I993764",NA
"Tom","Cole",2016,"CD_I993820",NA
"Kurt","Mutimer",2016,"CD_I993827",NA
"Corey","Adamson",2016,"CD_I999242",NA
"Matthew","Signorello",2017,"CD_I1000839","MIDFIELDER_FORWARD"
"Myles","Poholke",2017,"CD_I1000908","MIDFIELDER_FORWARD"
"Tom","Doedee",2017,"CD_I1000932","MEDIUM_DEFENDER"
"Elliott","Himmelberg",2017,"CD_I1005199","KEY_FORWARD"
"Scott","Thompson",2017,"CD_I210016","MIDFIELDER"
"Eddie","Betts",2017,"CD_I240060","MEDIUM_FORWARD"
"Richard","Douglas",2017,"CD_I240370","MIDFIELDER"
"David","Mackay",2017,"CD_I250362","MIDFIELDER"
"Kyle","Cheney",2017,"CD_I270215","KEY_DEFENDER"
"Andy","Otten",2017,"CD_I270296","KEY_FORWARD"
"Sam","Jacobs",2017,"CD_I270811","RUCK"
"Tom","Lynch",2017,"CD_I270938","MEDIUM_FORWARD"
"Rory","Sloane",2017,"CD_I270963","MIDFIELDER"
"Taylor","Walker",2017,"CD_I280506","KEY_FORWARD"
"Daniel","Talia",2017,"CD_I280934","KEY_DEFENDER"
"Jonathon","Beech",2017,"CD_I280974","MEDIUM_FORWARD"
"Hugh","Greenwood",2017,"CD_I281091","MIDFIELDER"
"Sam","Shaw",2017,"CD_I290211","KEY_DEFENDER"
"Kyle","Hartigan",2017,"CD_I290228","KEY_DEFENDER"
"Curtly","Hampton",2017,"CD_I290306","MIDFIELDER"
"Alex","Keath",2017,"CD_I290797","KEY_DEFENDER"
"Brodie","Smith",2017,"CD_I291748","MEDIUM_DEFENDER"
"Troy","Menzel",2017,"CD_I293154","MEDIUM_FORWARD"
"Luke","Brown",2017,"CD_I293193","MEDIUM_DEFENDER"
"Rory","Laird",2017,"CD_I293222","MEDIUM_DEFENDER"
"Cameron","Ellis-Yolmen",2017,"CD_I293479","MIDFIELDER"
"Brad","Crouch",2017,"CD_I294307","MIDFIELDER"
"Rory","Atkins",2017,"CD_I294472","MIDFIELDER"
"Paul","Seedsman",2017,"CD_I294733","MIDFIELDER"
"Josh","Jenkins",2017,"CD_I294828","KEY_FORWARD"
"Riley","Knight",2017,"CD_I295103","MEDIUM_FORWARD"
"Dean","Gore",2017,"CD_I297125","MIDFIELDER"
"Mitch","McGovern",2017,"CD_I297255","KEY_FORWARD"
"Matt","Crouch",2017,"CD_I297401","MIDFIELDER"
"Jake","Kelly",2017,"CD_I297473","MEDIUM_DEFENDER"
"Reilly","O'Brien",2017,"CD_I297523","RUCK"
"Harrison","Wigg",2017,"CD_I297729","MIDFIELDER"
"Jake","Lever",2017,"CD_I298281","KEY_DEFENDER"
"Ben","Davis",2017,"CD_I298417","MEDIUM_DEFENDER"
"Charlie","Cameron",2017,"CD_I990609","MEDIUM_FORWARD"
"Wayne","Milera",2017,"CD_I990882","MIDFIELDER_FORWARD"
"Harry","Dear",2017,"CD_I991945","KEY_FORWARD"
"Ben","Jarman",2017,"CD_I992266","MEDIUM_FORWARD"
"Paul","Hunter",2017,"CD_I992597","RUCK"
"Jordan","Gallucci",2017,"CD_I998106","MIDFIELDER_FORWARD"
"Hugh","McCluggage",2017,"CD_I1000978","MIDFIELDER_FORWARD"
"Mitchell","Hinge",2017,"CD_I1004863","MEDIUM_DEFENDER"
"Oscar","McInerney",2017,"CD_I1005521","RUCK"
"Dayne","Zorko",2017,"CD_I261224","MIDFIELDER"
"Tom","Rockliff",2017,"CD_I270919","MIDFIELDER"
"Dayne","Beams",2017,"CD_I271001","MIDFIELDER"
"Daniel","Rich",2017,"CD_I271072","MEDIUM_DEFENDER"
"Stefan","Martin",2017,"CD_I280763","RUCK"
"Ryan","Bastinac",2017,"CD_I280863","MIDFIELDER"
"Allen","Christensen",2017,"CD_I280918","MIDFIELDER_FORWARD"
"Ryan","Harwood",2017,"CD_I281048","MEDIUM_DEFENDER"
"Rohan","Bewick",2017,"CD_I281329","MIDFIELDER_FORWARD"
"Mitch","Robinson",2017,"CD_I290311","MIDFIELDER_FORWARD"
"Matt","Eagles",2017,"CD_I290326","KEY_DEFENDER"
"Jack","Frost",2017,"CD_I290810","KEY_DEFENDER"
"Ryan","Lester",2017,"CD_I291548","MIDFIELDER_FORWARD"
"Josh","Walker",2017,"CD_I291550","KEY_FORWARD"
"Claye","Beams",2017,"CD_I292035","MIDFIELDER"
"Sam","Mayes",2017,"CD_I293603","MEDIUM_DEFENDER"
"Michael","Close",2017,"CD_I294309","KEY_FORWARD"
"Jonathon","Freeman",2017,"CD_I294536","KEY_FORWARD"
"Marco","Paparone",2017,"CD_I294618","MEDIUM_DEFENDER"
"Tom","Bell",2017,"CD_I294691","MEDIUM_FORWARD"
"Lewis","Taylor",2017,"CD_I296211","MEDIUM_FORWARD"
"Jake","Barrett",2017,"CD_I296214","MEDIUM_FORWARD"
"Darcy","Gardiner",2017,"CD_I296269","MEDIUM_DEFENDER"
"Liam","Dawson",2017,"CD_I296270","MEDIUM_DEFENDER"
"Jarrad","Jansen",2017,"CD_I296312","MIDFIELDER_FORWARD"
"Nicholas","Robertson",2017,"CD_I297258","MEDIUM_DEFENDER"
"Tom","Cutler",2017,"CD_I297406","MEDIUM_DEFENDER"
"Daniel","McStay",2017,"CD_I297504","KEY_DEFENDER"
"Blake","Grewar",2017,"CD_I297868","MIDFIELDER_FORWARD"
"Matthew","Hammelmann",2017,"CD_I298535","KEY_FORWARD"
"Archie","Smith",2017,"CD_I992752","KEY_FORWARD"
"Rhys","Mathieson",2017,"CD_I993828","MIDFIELDER_FORWARD"
"Sam","Skinner",2017,"CD_I993836","KEY_DEFENDER"
"Josh","Schache",2017,"CD_I993841","KEY_FORWARD"
"Ben","Keays",2017,"CD_I993946","MIDFIELDER_FORWARD"
"Eric","Hipwood",2017,"CD_I993953","KEY_FORWARD"
"Cedric","Cox",2017,"CD_I994047","MEDIUM_DEFENDER"
"Josh","Clayton",2017,"CD_I994235","MIDFIELDER"
"Harris","Andrews",2017,"CD_I996059","KEY_DEFENDER"
"Corey","Lyons",2017,"CD_I998105","MIDFIELDER"
"Alex","Witherden",2017,"CD_I998128","MEDIUM_DEFENDER"
"Jarrod","Berry",2017,"CD_I998133","MIDFIELDER"
"Reuben","William",2017,"CD_I998256","MEDIUM_DEFENDER"
"Jacob","Allison",2017,"CD_I998268","MIDFIELDER"
"Cian","Hanley",2017,"CD_I999240","MEDIUM_DEFENDER"
"Max","Lynch",2017,"CD_I1000960",NA
"Rupert","Wills",2017,"CD_I1001448",NA
"Liam","Mackie",2017,"CD_I1002059",NA
"Callum","Brown",2017,"CD_I1002770",NA
"Brayden","Sier",2017,"CD_I1003029",NA
"Josh","Daicos",2017,"CD_I1005054",NA
"Daniel","Wells",2017,"CD_I230232",NA
"Ben","Reid",2017,"CD_I240232",NA
"Jesse","White",2017,"CD_I250212",NA
"Travis","Varcoe",2017,"CD_I250290",NA
"Lynden","Dunn",2017,"CD_I250548",NA
"Tyson","Goldsack",2017,"CD_I260246",NA
"Scott","Pendlebury",2017,"CD_I260257",NA
"Levi","Greenwood",2017,"CD_I270861",NA
"Jarryd","Blair",2017,"CD_I280104",NA
"Chris","Mayne",2017,"CD_I280416",NA
"Steele","Sidebottom",2017,"CD_I280965",NA
"Josh","Thomas",2017,"CD_I290289",NA
"Lachlan","Keeffe",2017,"CD_I290314",NA
"Alex","Fasolo",2017,"CD_I290821",NA
"Jeremy","Howe",2017,"CD_I291313",NA
"Ben","Sinclair",2017,"CD_I291386",NA
"Will","Hoskin-Elliott",2017,"CD_I291720",NA
"Taylor","Adams",2017,"CD_I291776",NA
"Adam","Treloar",2017,"CD_I291790",NA
"Adam","Oxley",2017,"CD_I292048",NA
"Tim","Broomhead",2017,"CD_I293035",NA
"Jamie","Elliott",2017,"CD_I293801",NA
"Jack","Crisp",2017,"CD_I293871",NA
"Brodie","Grundy",2017,"CD_I293957",NA
"Henry","Schade",2017,"CD_I294291",NA
"Josh","Smith",2017,"CD_I294650",NA
"Matthew","Scharenberg",2017,"CD_I295012",NA
"James","Aish",2017,"CD_I295067",NA
"Tom","Langdon",2017,"CD_I295444",NA
"Jackson","Ramsay",2017,"CD_I295827",NA
"Darcy","Moore",2017,"CD_I298288",NA
"Brayden","Maynard",2017,"CD_I992010",NA
"Ben","Crocker",2017,"CD_I993796",NA
"Jordan","De Goey",2017,"CD_I994185",NA
"Tom","Phillips",2017,"CD_I996487",NA
"Mitch","McCarthy",2017,"CD_I996714",NA
"Sam","McLarty",2017,"CD_I998119",NA
"Mason","Cox",2017,"CD_I998647",NA
"Kayle","Kirby",2017,"CD_I998797",NA
"Max","Spencer",2017,"CD_I1001573","KEY_DEFENDER"
"Gary","Ablett",2017,"CD_I220001","MIDFIELDER"
"Jarrod","Harbrow",2017,"CD_I240254","MEDIUM_DEFENDER"
"Michael","Rischitelli",2017,"CD_I240712","MIDFIELDER"
"Matt","Rosa",2017,"CD_I250111","MIDFIELDER"
"Daniel","Currie",2017,"CD_I261236","RUCK"
"Jarrad","Grant",2017,"CD_I261319","MEDIUM_FORWARD"
"Pearce","Hanley",2017,"CD_I270512","MEDIUM_DEFENDER"
"Ryan","Davis",2017,"CD_I280497","MEDIUM_DEFENDER"
"Rory","Thompson",2017,"CD_I281075","KEY_DEFENDER"
"Steven","May",2017,"CD_I281085","KEY_DEFENDER"
"Trent","McKenzie",2017,"CD_I290527","KEY_DEFENDER"
"Mitch","Hallahan",2017,"CD_I290781","MIDFIELDER"
"Matt","Shaw",2017,"CD_I290790","MIDFIELDER"
"Tom","Nicholls",2017,"CD_I290815","RUCK"
"Brandon","Matera",2017,"CD_I290817","MEDIUM_FORWARD"
"David","Swallow",2017,"CD_I290832","MIDFIELDER"
"Keegan","Brooksby",2017,"CD_I290889","RUCK"
"Sam","Day",2017,"CD_I291753","KEY_FORWARD"
"Jarrod","Witts",2017,"CD_I291975","RUCK"
"Michael","Barlow",2017,"CD_I292026","MIDFIELDER_FORWARD"
"Jarryd","Lyons",2017,"CD_I293716","MIDFIELDER"
"Tom","Lynch",2017,"CD_I293813","KEY_FORWARD"
"Sean","Lemmens",2017,"CD_I294013","MEDIUM_FORWARD"
"Jesse","Lonergan",2017,"CD_I294583","MIDFIELDER"
"Alex","Sexton",2017,"CD_I294643","MIDFIELDER"
"Adam","Saad",2017,"CD_I295461","MEDIUM_DEFENDER"
"Jack","Martin",2017,"CD_I296190","MEDIUM_FORWARD"
"Kade","Kolodjashnij",2017,"CD_I296209","MEDIUM_DEFENDER"
"Mackenzie","Willis",2017,"CD_I296284","MEDIUM_DEFENDER"
"Jack","Leslie",2017,"CD_I296322","KEY_DEFENDER"
"Aaron","Hall",2017,"CD_I296735","MIDFIELDER"
"Touk","Miller",2017,"CD_I298272","MIDFIELDER"
"Peter","Wright",2017,"CD_I298289","KEY_FORWARD"
"Callum","Ah Chee",2017,"CD_I298437","MEDIUM_FORWARD"
"Cameron","Loersch",2017,"CD_I990321","KEY_FORWARD"
"Brayden","Fiorini",2017,"CD_I993799","MIDFIELDER"
"Jesse","Joyce",2017,"CD_I996064","MEDIUM_DEFENDER"
"Darcy","Macpherson",2017,"CD_I996464","MEDIUM_FORWARD"
"Jack","Scrimshaw",2017,"CD_I998114","MEDIUM_DEFENDER"
"Will","Brodie",2017,"CD_I998129","MIDFIELDER"
"Ben","Ainsworth",2017,"CD_I998130","MEDIUM_FORWARD"
"Brad","Scheer",2017,"CD_I998257","MEDIUM_FORWARD"
"Jack","Bowes",2017,"CD_I998260","MEDIUM_DEFENDER"
"Joshua","Schoenfeld",2017,"CD_I998511","MIDFIELDER_FORWARD"
"Harry","McKay",2017,"CD_I1000953",NA
"Jack","Silvagni",2017,"CD_I1001028",NA
"Matt","Korcheck",2017,"CD_I1003558",NA
"Kade","Simpson",2017,"CD_I230202",NA
"Dale","Thomas",2017,"CD_I240359",NA
"Marc","Murphy",2017,"CD_I250105",NA
"Bryce","Gibbs",2017,"CD_I250417",NA
"Samuel","Rowe",2017,"CD_I260278",NA
"Dennis","Armfield",2017,"CD_I260533",NA
"Rhys","Palmer",2017,"CD_I261231",NA
"Matthew","Kreuzer",2017,"CD_I261299",NA
"Matthew","Wright",2017,"CD_I261384",NA
"Ed","Curnow",2017,"CD_I270146",NA
"Simon","White",2017,"CD_I270637",NA
"Alex","Silvagni",2017,"CD_I271433",NA
"Liam","Jones",2017,"CD_I281078",NA
"Levi","Casboult",2017,"CD_I281124",NA
"Billie","Smedts",2017,"CD_I290783",NA
"Daniel","Gorringe",2017,"CD_I291304",NA
"Jed","Lamb",2017,"CD_I291544",NA
"Dylan","Buckley",2017,"CD_I291777",NA
"Sam","Kerridge",2017,"CD_I291806",NA
"Liam","Sumner",2017,"CD_I293662",NA
"Andrew","Phillips",2017,"CD_I294068",NA
"Kristian","Jaksch",2017,"CD_I294561",NA
"Lachie","Plowman",2017,"CD_I294624",NA
"Blaine","Boekhorst",2017,"CD_I295199",NA
"Andrew","Gallucci",2017,"CD_I295383",NA
"Nick","Graham",2017,"CD_I295445",NA
"Sam","Docherty",2017,"CD_I295518",NA
"Caleb","Marchbank",2017,"CD_I298302",NA
"Jarrod","Pickett",2017,"CD_I990423",NA
"Patrick","Cripps",2017,"CD_I990704",NA
"Kym","LeBois",2017,"CD_I992276",NA
"David","Cuningham",2017,"CD_I993795",NA
"Jacob","Weitering",2017,"CD_I993832",NA
"Sam","Petrevski-Seton",2017,"CD_I994539",NA
"Ciaran","Byrne",2017,"CD_I995121",NA
"Ciaran","Sheehan",2017,"CD_I995219",NA
"Charlie","Curnow",2017,"CD_I996731",NA
"Cam","Polson",2017,"CD_I998100",NA
"Patrick","Kerr",2017,"CD_I998116",NA
"Thomas","Williamson",2017,"CD_I998167",NA
"Harrison","Macreadie",2017,"CD_I998226",NA
"Jesse","Glass-McCasker",2017,"CD_I998622",NA
"Zac","Fisher",2017,"CD_I999827",NA
"Nick","Larkey",2017,"CD_I1001017",NA
"Ben","McKay",2017,"CD_I1002143",NA
"Jarrad","Waite",2017,"CD_I220110",NA
"Andrew","Swallow",2017,"CD_I240417",NA
"Lachlan","Hansen",2017,"CD_I250373",NA
"Sam","Gibson",2017,"CD_I250557",NA
"Shaun","Higgins",2017,"CD_I260227",NA
"Lindsay","Thomas",2017,"CD_I261909",NA
"Robbie","Tarrant",2017,"CD_I270325",NA
"Todd","Goldstein",2017,"CD_I271129",NA
"Sam","Wright",2017,"CD_I280864",NA
"Ben","Cunnington",2017,"CD_I280921",NA
"Jack","Ziebell",2017,"CD_I280944",NA
"Scott D.","Thompson",2017,"CD_I281395",NA
"Jamie","Macmillan",2017,"CD_I290194",NA
"Majak","Daw",2017,"CD_I290199",NA
"Shaun","Atley",2017,"CD_I290787",NA
"Ben","Jacobs",2017,"CD_I290802",NA
"Aaron","Mullett",2017,"CD_I291445",NA
"Jed","Anderson",2017,"CD_I291861",NA
"Ben","Brown",2017,"CD_I291867",NA
"Nathan","Hrovat",2017,"CD_I294556",NA
"Marley","Williams",2017,"CD_I295256",NA
"Mason","Wood",2017,"CD_I295340",NA
"Trent","Dumont",2017,"CD_I296035",NA
"Taylor","Garner",2017,"CD_I296078",NA
"Luke","McDonald",2017,"CD_I296355",NA
"Sam","Durdin",2017,"CD_I297767",NA
"Paul","Ahern",2017,"CD_I298271",NA
"Daniel","Nielson",2017,"CD_I298285",NA
"Ed","Vickers-Willis",2017,"CD_I298287",NA
"Mitchell","Hibberd",2017,"CD_I298407",NA
"Will","Fordham",2017,"CD_I991960",NA
"Kayne","Turner",2017,"CD_I992499",NA
"Braydon","Preuss",2017,"CD_I992644",NA
"Corey","Wagner",2017,"CD_I993940",NA
"Jy","Simpkin",2017,"CD_I993998",NA
"Ryan","Clarke",2017,"CD_I996442",NA
"Matthew","Taylor",2017,"CD_I996597",NA
"Oscar","Junker",2017,"CD_I998111",NA
"Josh","Williams",2017,"CD_I998261",NA
"Declan","Watson",2017,"CD_I998266",NA
"Cameron","Zurhaar",2017,"CD_I998484",NA
"Declan","Mountford",2017,"CD_I999724",NA
"Willem","Drew",2017,"CD_I1000972",NA
"Todd","Marshall",2017,"CD_I1004998",NA
"Angus","Monfries",2017,"CD_I240290",NA
"Matthew","White",2017,"CD_I240389",NA
"Paddy","Ryder",2017,"CD_I250267",NA
"Travis","Boak",2017,"CD_I250365",NA
"Justin","Westhoff",2017,"CD_I260750",NA
"Nathan","Krakouer",2017,"CD_I261083",NA
"Matthew","Lobbe",2017,"CD_I261230",NA
"Robbie","Gray",2017,"CD_I261396",NA
"Hamish","Hartlett",2017,"CD_I261892",NA
"Brad","Ebert",2017,"CD_I261911",NA
"Matthew","Broadbent",2017,"CD_I271078",NA
"Jackson","Trengove",2017,"CD_I280013",NA
"Charlie","Dixon",2017,"CD_I280711",NA
"Jasper","Pittard",2017,"CD_I290156",NA
"Aaron","Young",2017,"CD_I290546",NA
"Sam","Gray",2017,"CD_I290722",NA
"Jared","Polec",2017,"CD_I290738",NA
"Brendon","Ah Chee",2017,"CD_I291947",NA
"Chad","Wingard",2017,"CD_I291962",NA
"Jack","Hombsch",2017,"CD_I291964",NA
"Tom","Jonas",2017,"CD_I292145",NA
"Jimmy","Toumpas",2017,"CD_I293042",NA
"Emmanuel","Irra",2017,"CD_I293208",NA
"Jarrod","Lienert",2017,"CD_I293987",NA
"Ollie","Wines",2017,"CD_I294318",NA
"Tom","Clurey",2017,"CD_I294504",NA
"Jake","Neade",2017,"CD_I294604",NA
"Jarman","Impey",2017,"CD_I296254",NA
"Brett","Eddy",2017,"CD_I296532",NA
"Karl","Amon",2017,"CD_I297354",NA
"Logan","Austin",2017,"CD_I298091",NA
"Jesse","Palmer",2017,"CD_I298318",NA
"Aidyn","Johnson",2017,"CD_I298430",NA
"Will","Snelling",2017,"CD_I990606",NA
"Billy","Frampton",2017,"CD_I991773",NA
"Darcy","Byrne-Jones",2017,"CD_I991930",NA
"Cameron","Hewett",2017,"CD_I992258",NA
"Dougal","Howard",2017,"CD_I993480",NA
"Sam","Powell-Pepper",2017,"CD_I993979",NA
"Dan","Houston",2017,"CD_I994295",NA
"Riley","Bonner",2017,"CD_I994599",NA
"Peter","Ladhams",2017,"CD_I997142",NA
"Joe","Atley",2017,"CD_I998126",NA
"Patrick","Lipinski",2017,"CD_I1003130",NA
"Tim","English",2017,"CD_I1004592",NA
"Nathan","Mullenger-McHugh",2017,"CD_I1004922",NA
"Fergus","Greene",2017,"CD_I1006303",NA
"Robert","Murphy",2017,"CD_I200083",NA
"Matthew","Boyd",2017,"CD_I220010",NA
"Travis","Cloke",2017,"CD_I240366",NA
"Dale","Morris",2017,"CD_I250712",NA
"Matthew","Suckling",2017,"CD_I270732",NA
"Liam","Picken",2017,"CD_I271439",NA
"Jordan","Roughead",2017,"CD_I280012",NA
"Easton","Wood",2017,"CD_I281139",NA
"Tom","Campbell",2017,"CD_I290246",NA
"Tom","Liberatore",2017,"CD_I290799",NA
"Luke","Dahlhaus",2017,"CD_I291526",NA
"Mitch","Wallis",2017,"CD_I291545",NA
"Fletcher","Roberts",2017,"CD_I291814",NA
"Jack","Redpath",2017,"CD_I292030",NA
"Stewart","Crameri",2017,"CD_I292503",NA
"Clay","Smith",2017,"CD_I293847",NA
"Jake","Stringer",2017,"CD_I293884",NA
"Jason","Johannisen",2017,"CD_I294101",NA
"Marcus","Adams",2017,"CD_I294168",NA
"Josh","Prudden",2017,"CD_I294336",NA
"Lachie","Hunter",2017,"CD_I294557",NA
"Caleb","Daniel",2017,"CD_I295136",NA
"Lin","Jong",2017,"CD_I295313",NA
"Jack","Macrae",2017,"CD_I295467",NA
"Shane","Biggs",2017,"CD_I295608",NA
"Tory","Dickson",2017,"CD_I295712",NA
"Tom","Boyd",2017,"CD_I296367",NA
"Mitch","Honeychurch",2017,"CD_I296369",NA
"Marcus","Bontempelli",2017,"CD_I297373",NA
"Declan","Hamilton",2017,"CD_I297702",NA
"Lukas","Webb",2017,"CD_I298307",NA
"Zaine","Cordy",2017,"CD_I991939",NA
"Roarke","Smith",2017,"CD_I992054",NA
"Bailey","Williams",2017,"CD_I992351",NA
"Josh","Dunkley",2017,"CD_I993834",NA
"Kieran","Collins",2017,"CD_I993840",NA
"Brad","Lynch",2017,"CD_I994410",NA
"Toby","McLean",2017,"CD_I996483",NA
"Bailey","Dale",2017,"CD_I996708",NA
"Lewis","Young",2017,"CD_I997316",NA
"Tristan","Tweedie",2017,"CD_I998796",NA
"Mitch","Lewis",2017,"CD_I1000887",NA
"James","Cousins",2017,"CD_I1000959",NA
"Harry","Morrison",2017,"CD_I1000963",NA
"Oliver","Hanrahan",2017,"CD_I1001043",NA
"Conor","Glass",2017,"CD_I1003547",NA
"Conor","Nash",2017,"CD_I1007124",NA
"Shaun","Burgoyne",2017,"CD_I210012",NA
"Luke","Hodge",2017,"CD_I220047",NA
"Grant","Birchall",2017,"CD_I240302",NA
"Jarryd","Roughead",2017,"CD_I240357",NA
"Josh","Gibson",2017,"CD_I250715",NA
"James","Frawley",2017,"CD_I260288",NA
"Paul","Puopolo",2017,"CD_I260710",NA
"Cyril","Rioli",2017,"CD_I260955",NA
"Ben","McEvoy",2017,"CD_I261323",NA
"Brendan","Whitecross",2017,"CD_I261386",NA
"Ty","Vickery",2017,"CD_I270941",NA
"Ben","Stratton",2017,"CD_I280471",NA
"Liam","Shiels",2017,"CD_I280737",NA
"Luke","Breust",2017,"CD_I280744",NA
"Jack","Fitzpatrick",2017,"CD_I280758",NA
"Ryan","Schoenmakers",2017,"CD_I281301",NA
"Taylor","Duryea",2017,"CD_I290085",NA
"Will","Langford",2017,"CD_I290683",NA
"Ricky","Henderson",2017,"CD_I291201",NA
"Jonathon","Ceglar",2017,"CD_I291327",NA
"Jack","Gunston",2017,"CD_I291351",NA
"Tom","Mitchell",2017,"CD_I291856",NA
"Jaeger","O'Meara",2017,"CD_I294613",NA
"Jonathan","O'Rourke",2017,"CD_I294615",NA
"Isaac","Smith",2017,"CD_I294877",NA
"Kaiden","Brand",2017,"CD_I295156",NA
"Tim","O'Brien",2017,"CD_I296041",NA
"William","Hartung",2017,"CD_I296198",NA
"Dallas","Willsmore",2017,"CD_I296279",NA
"Kurt","Heatherley",2017,"CD_I296383",NA
"James","Sicily",2017,"CD_I297566",NA
"Marc","Pittonet",2017,"CD_I298290",NA
"Teia","Miles",2017,"CD_I992018",NA
"Ryan","Burton",2017,"CD_I992128",NA
"Daniel","Howe",2017,"CD_I992462",NA
"Blake","Hardwick",2017,"CD_I993794",NA
"Kade","Stewart",2017,"CD_I993859",NA
"Kieran","Lovell",2017,"CD_I993960",NA
"Luke","Surman",2017,"CD_I999367",NA
"Jack","Henry",2017,"CD_I1000937",NA
"Esava","Ratugolea",2017,"CD_I1002220",NA
"Zach","Guthrie",2017,"CD_I1004870",NA
"Sam","Simpson",2017,"CD_I1004940",NA
"Ryan","Abbott",2017,"CD_I1005530",NA
"Mark","O'Connor",2017,"CD_I1007102",NA
"Tom","Lonergan",2017,"CD_I230125",NA
"Andrew","Mackie",2017,"CD_I230248",NA
"Joel","Selwood",2017,"CD_I250321",NA
"Harry","Taylor",2017,"CD_I261497",NA
"Tom","Hawkins",2017,"CD_I261510",NA
"Lachie","Henderson",2017,"CD_I270326",NA
"Patrick","Dangerfield",2017,"CD_I270917",NA
"Scott","Selwood",2017,"CD_I270928",NA
"Rhys","Stanley",2017,"CD_I280317",NA
"Zac","Smith",2017,"CD_I280722",NA
"Steven","Motlop",2017,"CD_I280990",NA
"Mitch","Duncan",2017,"CD_I281065",NA
"Josh","Cowan",2017,"CD_I290106",NA
"Cameron","Guthrie",2017,"CD_I290550",NA
"Daniel","Menzel",2017,"CD_I291307",NA
"Tom","Ruggles",2017,"CD_I291473",NA
"Aaron","Black",2017,"CD_I291672",NA
"Tom","Stewart",2017,"CD_I291800",NA
"Zach","Tuohy",2017,"CD_I292511",NA
"George","Horlin-Smith",2017,"CD_I293255",NA
"Lincoln","McCarthy",2017,"CD_I293581",NA
"Jed","Bews",2017,"CD_I293883",NA
"Sam","Menegola",2017,"CD_I294199",NA
"Jackson","Thurlow",2017,"CD_I294663",NA
"Jordan","Murdoch",2017,"CD_I295942",NA
"Cory","Gregson",2017,"CD_I296161",NA
"Jake","Kolodjashnij",2017,"CD_I296291",NA
"Darcy","Lang",2017,"CD_I296439",NA
"Mark","Blicavs",2017,"CD_I296733",NA
"Jordan","Cunico",2017,"CD_I298305",NA
"Nakia","Cockatoo",2017,"CD_I298336",NA
"Brandan","Parfitt",2017,"CD_I298419",NA
"Timm","House",2017,"CD_I993625",NA
"James","Parsons",2017,"CD_I993798",NA
"Matthew","Hayball",2017,"CD_I994144",NA
"Ryan","Gardner",2017,"CD_I997501",NA
"Wylie","Buzza",2017,"CD_I997770",NA
"Jamaine","Jones",2017,"CD_I998791",NA
"Quinton","Narkle",2017,"CD_I999824",NA
"Ed","Phillips",2017,"CD_I1002213",NA
"Darragh","Joyce",2017,"CD_I1003520",NA
"Ray","Connellan",2017,"CD_I1007158",NA
"Nick","Riewoldt",2017,"CD_I210001",NA
"Leigh","Montagna",2017,"CD_I220075",NA
"Sean","Dempster",2017,"CD_I230243",NA
"Sam","Gilbert",2017,"CD_I250134",NA
"David","Armitage",2017,"CD_I250340",NA
"Jarryn","Geary",2017,"CD_I260113",NA
"Nathan","Brown",2017,"CD_I260310",NA
"Jack","Steven",2017,"CD_I270912",NA
"Shane","Savage",2017,"CD_I280858",NA
"Dylan","Roberton",2017,"CD_I280933",NA
"Koby","Stevens",2017,"CD_I280946",NA
"Maverick","Weller",2017,"CD_I281024",NA
"Jake","Carlisle",2017,"CD_I290641",NA
"Jimmy","Webster",2017,"CD_I290757",NA
"Josh","Bruce",2017,"CD_I291492",NA
"Jack","Newnes",2017,"CD_I291773",NA
"Billy","Longer",2017,"CD_I291828",NA
"Sebastian","Ross",2017,"CD_I293846",NA
"Tom","Hickey",2017,"CD_I294266",NA
"Nathan","Wright",2017,"CD_I294317",NA
"Luke","Dunstan",2017,"CD_I294429",NA
"Tim","Membrey",2017,"CD_I294596",NA
"Lewis","Pierce",2017,"CD_I294621",NA
"Jack","Steele",2017,"CD_I296205",NA
"Blake","Acres",2017,"CD_I296294",NA
"Jack","Billings",2017,"CD_I296351",NA
"Darren","Minchington",2017,"CD_I296452",NA
"Nathan","Freeman",2017,"CD_I297433",NA
"Nick","Coughlan",2017,"CD_I298101",NA
"Daniel","McKenzie",2017,"CD_I298265",NA
"Paddy","McCartin",2017,"CD_I298312",NA
"Hugh","Goddard",2017,"CD_I298316",NA
"Jade","Gresham",2017,"CD_I298421",NA
"Jack","Lonie",2017,"CD_I992000",NA
"Rowan","Marshall",2017,"CD_I992468",NA
"Nick","O'Kearney",2017,"CD_I993784",NA
"Brandon","White",2017,"CD_I993821",NA
"Ben","Long",2017,"CD_I993917",NA
"Jack","Sinclair",2017,"CD_I994389",NA
"Jason","Holmes",2017,"CD_I994460",NA
"Bailey","Rice",2017,"CD_I996716",NA
"Josh","Battle",2017,"CD_I998134",NA
"Jordan","Ridley",2017,"CD_I1001026",NA
"Sam","Draper",2017,"CD_I1005577",NA
"Joshua","Begley",2017,"CD_I1005721",NA
"James","Kelly",2017,"CD_I220058",NA
"Brendon","Goddard",2017,"CD_I230084",NA
"Jobe","Watson",2017,"CD_I230231",NA
"Brent","Stanton",2017,"CD_I240027",NA
"Matthew","Leuenberger",2017,"CD_I250335",NA
"Heath","Hocking",2017,"CD_I250569",NA
"Ben","Howlett",2017,"CD_I260073",NA
"Craig","Bird",2017,"CD_I261212",NA
"David","Myers",2017,"CD_I261314",NA
"Tom","Bellchambers",2017,"CD_I261320",NA
"Cale","Hooker",2017,"CD_I270588",NA
"Michael","Hurley",2017,"CD_I270935",NA
"David","Zaharakis",2017,"CD_I270951",NA
"Shaun","McKernan",2017,"CD_I280038",NA
"Travis","Colyer",2017,"CD_I280988",NA
"Mitch","Brown",2017,"CD_I290622",NA
"Dyson","Heppell",2017,"CD_I290629",NA
"Josh","Green",2017,"CD_I290748",NA
"Matt","Dea",2017,"CD_I292025",NA
"Michael","Hartley",2017,"CD_I294077",NA
"Anthony","McDonald-Tipungwuti",2017,"CD_I294092",NA
"Ben","McNiece",2017,"CD_I294339",NA
"Joe","Daniher",2017,"CD_I294518",NA
"James","Stewart",2017,"CD_I294654",NA
"Mark","Baguley",2017,"CD_I294798",NA
"Jackson","Merrett",2017,"CD_I295285",NA
"Patrick","Ambrose",2017,"CD_I295599",NA
"Orazio","Fantasia",2017,"CD_I296334",NA
"Martin","Gleeson",2017,"CD_I297438",NA
"Jayden","Laverde",2017,"CD_I298280",NA
"Jake","Long",2017,"CD_I298347",NA
"Kyle","Langford",2017,"CD_I298630",NA
"Aaron","Francis",2017,"CD_I990816",NA
"Yestin","Eades",2017,"CD_I991807",NA
"Zach","Merrett",2017,"CD_I992016",NA
"Alex","Morgan",2017,"CD_I992023",NA
"Darcy","Parish",2017,"CD_I993817",NA
"Mason","Redman",2017,"CD_I997078",NA
"Conor","McKenna",2017,"CD_I997846",NA
"Andrew","McGrath",2017,"CD_I998102",NA
"Dylan","Clarke",2017,"CD_I998109",NA
"Kobe","Mutch",2017,"CD_I998212",NA
"Toby","Pink",2017,"CD_I1002138",NA
"Sam","Murray",2017,"CD_I1003620",NA
"Ben","Ronke",2017,"CD_I1004880",NA
"Jarrad","McVeigh",2017,"CD_I230253",NA
"Heath","Grundy",2017,"CD_I240072",NA
"Kieren","Jack",2017,"CD_I240226",NA
"Lance","Franklin",2017,"CD_I240399",NA
"Nick","Smith",2017,"CD_I250338",NA
"Josh P.","Kennedy",2017,"CD_I260382",NA
"Kurt","Tippett",2017,"CD_I270742",NA
"Jeremy","Laidler",2017,"CD_I270899",NA
"Dan","Hannebery",2017,"CD_I290117",NA
"Sam","Reid",2017,"CD_I290188",NA
"Dane","Rampe",2017,"CD_I290307",NA
"Luke","Parker",2017,"CD_I290778",NA
"Gary","Rohan",2017,"CD_I291357",NA
"Alex","Johnson",2017,"CD_I291450",NA
"Michael","Talia",2017,"CD_I291810",NA
"Robbie","Fox",2017,"CD_I291848",NA
"Shaun","Edwards",2017,"CD_I291936",NA
"Harry","Cunningham",2017,"CD_I291978",NA
"George","Hewett",2017,"CD_I294036",NA
"Aliir","Aliir",2017,"CD_I294469",NA
"Daniel","Robinson",2017,"CD_I294638",NA
"Callum","Sinclair",2017,"CD_I294737",NA
"Jake","Lloyd",2017,"CD_I295342",NA
"Dean","Towers",2017,"CD_I295695",NA
"Brandon","Jack",2017,"CD_I295906",NA
"Harrison","Marsh",2017,"CD_I296840",NA
"James","Rose",2017,"CD_I297107",NA
"Nic","Newman",2017,"CD_I297907",NA
"Jordan","Foote",2017,"CD_I298112",NA
"Sam","Naismith",2017,"CD_I298144",NA
"Isaac","Heeney",2017,"CD_I298539",NA
"Darcy","Cameron",2017,"CD_I990291",NA
"Zak","Jones",2017,"CD_I991988",NA
"Jordan","Dawson",2017,"CD_I992242",NA
"Callum","Mills",2017,"CD_I993905",NA
"Tyrone","Leonardis",2017,"CD_I996463",NA
"Lewis","Melican",2017,"CD_I996743",NA
"Tom","Papley",2017,"CD_I996765",NA
"Will","Hayward",2017,"CD_I997100",NA
"Colin","O'Riordan",2017,"CD_I997842",NA
"Oliver","Florent",2017,"CD_I998103",NA
"Samuel","Fisher",2017,"CD_I998206",NA
"Jack","Maibaum",2017,"CD_I998662",NA
"Aaron","Sandilands",2017,"CD_I220096",NA
"Michael","Johnson",2017,"CD_I230107",NA
"David","Mundy",2017,"CD_I240052",NA
"Lee","Spurr",2017,"CD_I240266",NA
"Zac","Dawson",2017,"CD_I240552",NA
"Danyle","Pearce",2017,"CD_I250063",NA
"Jonathon","Griffin",2017,"CD_I250088",NA
"Garrick","Ibbotson",2017,"CD_I250268",NA
"Hayden","Ballantyne",2017,"CD_I260069",NA
"Nicholas","Suban",2017,"CD_I270908",NA
"Stephen","Hill",2017,"CD_I280336",NA
"Michael","Walters",2017,"CD_I281007",NA
"Zac","Clarke",2017,"CD_I290251",NA
"Cam","Sutcliffe",2017,"CD_I290733",NA
"Nat","Fyfe",2017,"CD_I291570",NA
"Harley","Bennell",2017,"CD_I291594",NA
"Tommy","Sheridan",2017,"CD_I291792",NA
"Shane","Kersten",2017,"CD_I291949",NA
"Lachie","Neale",2017,"CD_I293535",NA
"Hayden","Crozier",2017,"CD_I293651",NA
"Matt","Taberner",2017,"CD_I293854",NA
"Joel","Hamling",2017,"CD_I295222",NA
"Sam","Collins",2017,"CD_I295446",NA
"Bradley","Hill",2017,"CD_I295584",NA
"Matthew","Uebergang",2017,"CD_I296289",NA
"Ed","Langdon",2017,"CD_I298264",NA
"Ryan","Nyhuis",2017,"CD_I298352",NA
"Alex","Pearce",2017,"CD_I298409",NA
"Josh","Deluca",2017,"CD_I298446",NA
"Connor","Blakely",2017,"CD_I298450",NA
"Lachie","Weller",2017,"CD_I298524",NA
"Michael","Apeness",2017,"CD_I991917",NA
"Brady","Grey",2017,"CD_I993192",NA
"Darcy","Tucker",2017,"CD_I993816",NA
"Shane","Yarran",2017,"CD_I994607",NA
"Cam","McCarthy",2017,"CD_I995192",NA
"Harley","Balic",2017,"CD_I996498",NA
"Ethan","Hughes",2017,"CD_I996580",NA
"Brennan","Cox",2017,"CD_I997033",NA
"Griffin","Logue",2017,"CD_I997933",NA
"Taylin","Duman",2017,"CD_I998115",NA
"Sean","Darcy",2017,"CD_I998145",NA
"Luke","Strnadica",2017,"CD_I998192",NA
"Luke","Ryan",2017,"CD_I998659",NA
"Isaac","Cumming",2017,"CD_I1001396","MEDIUM_DEFENDER"
"Matthew","Kennedy",2017,"CD_I1001398","MIDFIELDER"
"Jake","Stein",2017,"CD_I1007238","KEY_DEFENDER"
"Steve","Johnson",2017,"CD_I220054","MEDIUM_FORWARD"
"Joel","Patfull",2017,"CD_I230170","KEY_DEFENDER"
"Ryan","Griffen",2017,"CD_I240156","MIDFIELDER"
"Brett","Deledio",2017,"CD_I240336","MEDIUM_FORWARD"
"Heath","Shaw",2017,"CD_I240700","MEDIUM_DEFENDER"
"Tim","Mohr",2017,"CD_I261189","KEY_DEFENDER"
"Sam","Reid",2017,"CD_I261374","MEDIUM_FORWARD"
"Dawson","Simpson",2017,"CD_I270340","RUCK"
"Matt","de Boer",2017,"CD_I271015","MEDIUM_FORWARD"
"Callan","Ward",2017,"CD_I280109","MIDFIELDER"
"Tendai","Mzungu",2017,"CD_I280726","MIDFIELDER"
"Shane","Mumford",2017,"CD_I280762","RUCK"
"Phil","Davis",2017,"CD_I280804","KEY_DEFENDER"
"Tom","Scully",2017,"CD_I280969","MIDFIELDER"
"Daniel","Lloyd",2017,"CD_I290675","MEDIUM_FORWARD"
"Adam","Kennedy",2017,"CD_I291509","MEDIUM_DEFENDER"
"Devon","Smith",2017,"CD_I291771","MEDIUM_FORWARD"
"Dylan","Shiel",2017,"CD_I291783","MIDFIELDER"
"Matthew","Buntine",2017,"CD_I291797","MEDIUM_DEFENDER"
"Adam","Tomlinson",2017,"CD_I291819","KEY_DEFENDER"
"Jonathon","Patton",2017,"CD_I291821","KEY_FORWARD"
"Stephen","Coniglio",2017,"CD_I291969","MIDFIELDER"
"Jeremy","Cameron",2017,"CD_I293845","KEY_FORWARD"
"Nathan","Wilson",2017,"CD_I294125","MEDIUM_DEFENDER"
"Lachie","Whitfield",2017,"CD_I294305","MIDFIELDER"
"Aidan","Corr",2017,"CD_I294508","KEY_DEFENDER"
"Zac","Williams",2017,"CD_I294685","MEDIUM_DEFENDER"
"Nick","Haynes",2017,"CD_I295265","MEDIUM_DEFENDER"
"Toby","Greene",2017,"CD_I295344","MEDIUM_FORWARD"
"Josh","Kelly",2017,"CD_I296347","MIDFIELDER"
"Tom","Downie",2017,"CD_I296559","RUCK"
"Jeremy","Finlayson",2017,"CD_I298111","MEDIUM_DEFENDER"
"Rory","Lobb",2017,"CD_I990740","KEY_FORWARD"
"Harry","Himmelberg",2017,"CD_I993107","KEY_FORWARD"
"Lachie","Tiziani",2017,"CD_I993894","MEDIUM_FORWARD"
"Matt","Flynn",2017,"CD_I993902","RUCK"
"Jacob","Hopper",2017,"CD_I993903","MIDFIELDER"
"Tim","Taranto",2017,"CD_I998172","MIDFIELDER_FORWARD"
"Harry","Perryman",2017,"CD_I998205","MEDIUM_DEFENDER"
"Will","Setterfield",2017,"CD_I998215","MIDFIELDER_FORWARD"
"Zachary","Sproule",2017,"CD_I998225","KEY_FORWARD"
"Daniel","Rioli",2017,"CD_I1000981",NA
"Ivan","Maric",2017,"CD_I240546",NA
"Shaun","Grigg",2017,"CD_I250298",NA
"Bachar","Houli",2017,"CD_I250312",NA
"Jack","Riewoldt",2017,"CD_I250395",NA
"Steven","Morris",2017,"CD_I260433",NA
"Shane","Edwards",2017,"CD_I260930",NA
"Alex","Rance",2017,"CD_I261362",NA
"Shaun","Hampson",2017,"CD_I270737",NA
"Trent","Cotchin",2017,"CD_I270896",NA
"Chris","Yarran",2017,"CD_I271110",NA
"Ben","Griffiths",2017,"CD_I280747",NA
"Dylan","Grimes",2017,"CD_I280819",NA
"Taylor","Hunt",2017,"CD_I280822",NA
"Kane","Lambert",2017,"CD_I290032",NA
"Sam","Lloyd",2017,"CD_I290073",NA
"David","Astbury",2017,"CD_I290198",NA
"Josh","Caddy",2017,"CD_I290623",NA
"Dion","Prestia",2017,"CD_I290627",NA
"Anthony","Miles",2017,"CD_I290671",NA
"Reece","Conca",2017,"CD_I290823",NA
"Dustin","Martin",2017,"CD_I290847",NA
"Jake","Batchelor",2017,"CD_I291437",NA
"Todd","Elton",2017,"CD_I291825",NA
"Jacob","Townsend",2017,"CD_I291891",NA
"Brandon","Ellis",2017,"CD_I293713",NA
"Kamdyn","McIntosh",2017,"CD_I294592",NA
"Nick","Vlastuin",2017,"CD_I294674",NA
"Nathan","Broad",2017,"CD_I295203",NA
"Nathan","Drummond",2017,"CD_I296306",NA
"Ben","Lennon",2017,"CD_I296357",NA
"Toby","Nankervis",2017,"CD_I298174",NA
"Oleg","Markov",2017,"CD_I298358",NA
"Jack","Graham",2017,"CD_I990827",NA
"Jason","Castagna",2017,"CD_I991933",NA
"Corey","Ellis",2017,"CD_I991953",NA
"Connor","Menadue",2017,"CD_I992015",NA
"Jayden","Short",2017,"CD_I992049",NA
"Dan","Butler",2017,"CD_I992374",NA
"Shai","Bolton",2017,"CD_I993993",NA
"Mabior","Chol",2017,"CD_I994077",NA
"Tyson","Stengle",2017,"CD_I997230",NA
"Ryan","Garthwaite",2017,"CD_I998218",NA
"Ivan","Soldo",2017,"CD_I998529",NA
"Callum","Moore",2017,"CD_I998569",NA
"Lachlan","Filipovic",2017,"CD_I1000840",NA
"Mitch","Hannan",2017,"CD_I1001449",NA
"Joel","Smith",2017,"CD_I1003546",NA
"Corey","Maynard",2017,"CD_I1007125",NA
"Jordan","Lewis",2017,"CD_I250089",NA
"Nathan","Jones",2017,"CD_I250222",NA
"Bernie","Vince",2017,"CD_I261142",NA
"Jeff","Garlett",2017,"CD_I270653",NA
"Colin","Garland",2017,"CD_I270830",NA
"Jake","Spencer",2017,"CD_I280521",NA
"Jack","Trengove",2017,"CD_I280608",NA
"Jake","Melksham",2017,"CD_I280824",NA
"Jack","Watts",2017,"CD_I280972",NA
"Neville","Jetta",2017,"CD_I281280",NA
"Michael","Hibberd",2017,"CD_I290160",NA
"Max","Gawn",2017,"CD_I290528",NA
"Tom","McDonald",2017,"CD_I291533",NA
"Dom","Tyson",2017,"CD_I291784",NA
"Tomas","Bugg",2017,"CD_I291802",NA
"Jack","Viney",2017,"CD_I291902",NA
"Cameron","Pedersen",2017,"CD_I292029",NA
"Ben","Kennedy",2017,"CD_I293431",NA
"Sam","Frost",2017,"CD_I293738",NA
"Dean","Kent",2017,"CD_I294570",NA
"Josh","Wagner",2017,"CD_I294675",NA
"Tim","Smith",2017,"CD_I294823",NA
"Jesse","Hogan",2017,"CD_I296324",NA
"Jay","Kennedy Harris",2017,"CD_I296343",NA
"Christian","Salem",2017,"CD_I296359",NA
"Alex","Neal-Bullen",2017,"CD_I296420",NA
"Billy","Stretch",2017,"CD_I297139",NA
"James","Harmes",2017,"CD_I297899",NA
"Aaron","vandenBerg",2017,"CD_I297990",NA
"Christian","Petracca",2017,"CD_I298210",NA
"Angus","Brayshaw",2017,"CD_I298279",NA
"Mitch","White",2017,"CD_I992075",NA
"Declan","Keilty",2017,"CD_I992465",NA
"Oscar","McDonald",2017,"CD_I992472",NA
"Sam","Weideman",2017,"CD_I993806",NA
"Mitch","King",2017,"CD_I993823",NA
"Liam","Hulett",2017,"CD_I993835",NA
"Dion","Johnstone",2017,"CD_I993996",NA
"Jayden","Hunt",2017,"CD_I994385",NA
"Clayton","Oliver",2017,"CD_I996701",NA
"Pat","McKenna",2017,"CD_I999233",NA
"Drew","Petrie",2017,"CD_I210023",NA
"Sam","Mitchell",2017,"CD_I220073",NA
"Mark","LeCras",2017,"CD_I240119",NA
"Matthew","Priddis",2017,"CD_I240124",NA
"Sam","Butler",2017,"CD_I240159",NA
"Shannon","Hurn",2017,"CD_I240283",NA
"Josh J.","Kennedy",2017,"CD_I240406",NA
"Eric","Mackenzie",2017,"CD_I250317",NA
"Josh","Hill",2017,"CD_I261209",NA
"Will","Schofield",2017,"CD_I261214",NA
"Chris","Masten",2017,"CD_I261290",NA
"Sharrod","Wellingham",2017,"CD_I261799",NA
"Jonathan","Giles",2017,"CD_I261841",NA
"Nic","Naitanui",2017,"CD_I271045",NA
"Luke","Shuey",2017,"CD_I280078",NA
"Nathan","Vardy",2017,"CD_I280959",NA
"Mark","Hutchings",2017,"CD_I281052",NA
"Brad","Sheppard",2017,"CD_I281080",NA
"Lewis","Jetta",2017,"CD_I281281",NA
"Jack","Redden",2017,"CD_I281373",NA
"Scott","Lycett",2017,"CD_I290746",NA
"Andrew","Gaff",2017,"CD_I290801",NA
"Jamie","Cripps",2017,"CD_I290826",NA
"Jack","Darling",2017,"CD_I290838",NA
"Simon","Tunbridge",2017,"CD_I291927",NA
"Fraser","McInnes",2017,"CD_I291929",NA
"Elliot","Yeo",2017,"CD_I292128",NA
"Jeremy","McGovern",2017,"CD_I294859",NA
"Willie","Rioli",2017,"CD_I296225",NA
"Dom","Sheed",2017,"CD_I296296",NA
"Malcolm","Karpany",2017,"CD_I296432",NA
"Luke","Partington",2017,"CD_I297703",NA
"Liam","Duggan",2017,"CD_I298268",NA
"Jackson","Nelson",2017,"CD_I298298",NA
"Tom","Lamb",2017,"CD_I298311",NA
"Francis","Watson",2017,"CD_I298474",NA
"Tom","Barrass",2017,"CD_I990290",NA
"Tom","Gorter",2017,"CD_I990633",NA
"Matthew","Allen",2017,"CD_I992111",NA
"Paddy","Brophy",2017,"CD_I993428",NA
"Jordan","Snadden",2017,"CD_I993764",NA
"Tom","Cole",2017,"CD_I993820",NA
"Kurt","Mutimer",2017,"CD_I993827",NA
"Jake","Waterman",2017,"CD_I996554",NA
"Tarir","Bayok",2017,"CD_I996562",NA
"Josh","Rotham",2017,"CD_I997823",NA
"Daniel","Venables",2017,"CD_I998414",NA
"Matthew","Signorello",2018,"CD_I1000839",NA
"Myles","Poholke",2018,"CD_I1000908",NA
"Tom","Doedee",2018,"CD_I1000932",NA
"Lachlan","Murphy",2018,"CD_I1000998",NA
"Elliott","Himmelberg",2018,"CD_I1005199",NA
"Eddie","Betts",2018,"CD_I240060",NA
"Richard","Douglas",2018,"CD_I240370",NA
"David","Mackay",2018,"CD_I250362",NA
"Bryce","Gibbs",2018,"CD_I250417",NA
"Sam","Gibson",2018,"CD_I250557",NA
"Kyle","Cheney",2018,"CD_I270215",NA
"Andy","Otten",2018,"CD_I270296",NA
"Sam","Jacobs",2018,"CD_I270811",NA
"Tom","Lynch",2018,"CD_I270938",NA
"Rory","Sloane",2018,"CD_I270963",NA
"Taylor","Walker",2018,"CD_I280506",NA
"Daniel","Talia",2018,"CD_I280934",NA
"Hugh","Greenwood",2018,"CD_I281091",NA
"Kyle","Hartigan",2018,"CD_I290228",NA
"Curtly","Hampton",2018,"CD_I290306",NA
"Alex","Keath",2018,"CD_I290797",NA
"Brodie","Smith",2018,"CD_I291748",NA
"Luke","Brown",2018,"CD_I293193",NA
"Rory","Laird",2018,"CD_I293222",NA
"Cameron","Ellis-Yolmen",2018,"CD_I293479",NA
"Brad","Crouch",2018,"CD_I294307",NA
"Rory","Atkins",2018,"CD_I294472",NA
"Paul","Seedsman",2018,"CD_I294733",NA
"Josh","Jenkins",2018,"CD_I294828",NA
"Riley","Knight",2018,"CD_I295103",NA
"Patrick","Wilson",2018,"CD_I295964",NA
"Mitch","McGovern",2018,"CD_I297255",NA
"Matt","Crouch",2018,"CD_I297401",NA
"Jake","Kelly",2018,"CD_I297473",NA
"Reilly","O'Brien",2018,"CD_I297523",NA
"Ben","Davis",2018,"CD_I298417",NA
"Wayne","Milera",2018,"CD_I990882",NA
"Harry","Dear",2018,"CD_I991945",NA
"Ben","Jarman",2018,"CD_I992266",NA
"Paul","Hunter",2018,"CD_I992597",NA
"Andrew","McPherson",2018,"CD_I997206",NA
"Jordan","Gallucci",2018,"CD_I998106",NA
"Darcy","Fogarty",2018,"CD_I999331",NA
"Jackson","Edwards",2018,"CD_I999335",NA
"Hugh","McCluggage",2018,"CD_I1000978",NA
"Cam","Rayner",2018,"CD_I1002235",NA
"Toby","Wooller",2018,"CD_I1002244",NA
"Zac","Bailey",2018,"CD_I1002312",NA
"Jack","Payne",2018,"CD_I1002347",NA
"Connor","Ballenden",2018,"CD_I1002351",NA
"Brandon","Starcevich",2018,"CD_I1002401",NA
"Mitchell","Hinge",2018,"CD_I1004863",NA
"Oscar","McInerney",2018,"CD_I1005521",NA
"Luke","Hodge",2018,"CD_I220047",NA
"Dayne","Zorko",2018,"CD_I261224",NA
"Dayne","Beams",2018,"CD_I271001",NA
"Daniel","Rich",2018,"CD_I271072",NA
"Stefan","Martin",2018,"CD_I280763",NA
"Ryan","Bastinac",2018,"CD_I280863",NA
"Allen","Christensen",2018,"CD_I280918",NA
"Rohan","Bewick",2018,"CD_I281329",NA
"Mitch","Robinson",2018,"CD_I290311",NA
"Matt","Eagles",2018,"CD_I290326",NA
"Jack","Frost",2018,"CD_I290810",NA
"Ryan","Lester",2018,"CD_I291548",NA
"Josh","Walker",2018,"CD_I291550",NA
"Claye","Beams",2018,"CD_I292035",NA
"Sam","Mayes",2018,"CD_I293603",NA
"Marco","Paparone",2018,"CD_I294618",NA
"Tom","Bell",2018,"CD_I294691",NA
"Lewis","Taylor",2018,"CD_I296211",NA
"Jake","Barrett",2018,"CD_I296214",NA
"Darcy","Gardiner",2018,"CD_I296269",NA
"Liam","Dawson",2018,"CD_I296270",NA
"Nicholas","Robertson",2018,"CD_I297258",NA
"Tom","Cutler",2018,"CD_I297406",NA
"Daniel","McStay",2018,"CD_I297504",NA
"Charlie","Cameron",2018,"CD_I990609",NA
"Archie","Smith",2018,"CD_I992752",NA
"Rhys","Mathieson",2018,"CD_I993828",NA
"Sam","Skinner",2018,"CD_I993836",NA
"Ben","Keays",2018,"CD_I993946",NA
"Eric","Hipwood",2018,"CD_I993953",NA
"Cedric","Cox",2018,"CD_I994047",NA
"Harris","Andrews",2018,"CD_I996059",NA
"Corey","Lyons",2018,"CD_I998105",NA
"Alex","Witherden",2018,"CD_I998128",NA
"Jarrod","Berry",2018,"CD_I998133",NA
"Jacob","Allison",2018,"CD_I998268",NA
"Cian","Hanley",2018,"CD_I999240",NA
"Max","Lynch",2018,"CD_I1000960",NA
"Rupert","Wills",2018,"CD_I1001448",NA
"Jaidyn","Stephenson",2018,"CD_I1002240",NA
"Callum","Brown",2018,"CD_I1002770",NA
"Brayden","Sier",2018,"CD_I1003029",NA
"Sam","Murray",2018,"CD_I1003620",NA
"Flynn","Appleby",2018,"CD_I1005013",NA
"Josh","Daicos",2018,"CD_I1005054",NA
"Nathan","Murphy",2018,"CD_I1005107",NA
"Tyler","Brown",2018,"CD_I1008171",NA
"Jack","Madgen",2018,"CD_I1010841",NA
"Daniel","Wells",2018,"CD_I230232",NA
"Ben","Reid",2018,"CD_I240232",NA
"Travis","Varcoe",2018,"CD_I250290",NA
"Lynden","Dunn",2018,"CD_I250548",NA
"Tyson","Goldsack",2018,"CD_I260246",NA
"Scott","Pendlebury",2018,"CD_I260257",NA
"Levi","Greenwood",2018,"CD_I270861",NA
"Jarryd","Blair",2018,"CD_I280104",NA
"Chris","Mayne",2018,"CD_I280416",NA
"Steele","Sidebottom",2018,"CD_I280965",NA
"Josh","Thomas",2018,"CD_I290289",NA
"Alex","Fasolo",2018,"CD_I290821",NA
"Jeremy","Howe",2018,"CD_I291313",NA
"Will","Hoskin-Elliott",2018,"CD_I291720",NA
"Taylor","Adams",2018,"CD_I291776",NA
"Adam","Treloar",2018,"CD_I291790",NA
"Brody","Mihocek",2018,"CD_I291849",NA
"Adam","Oxley",2018,"CD_I292048",NA
"Tim","Broomhead",2018,"CD_I293035",NA
"Jamie","Elliott",2018,"CD_I293801",NA
"Jack","Crisp",2018,"CD_I293871",NA
"Brodie","Grundy",2018,"CD_I293957",NA
"Josh","Smith",2018,"CD_I294650",NA
"Matthew","Scharenberg",2018,"CD_I295012",NA
"James","Aish",2018,"CD_I295067",NA
"Tom","Langdon",2018,"CD_I295444",NA
"Darcy","Moore",2018,"CD_I298288",NA
"Brayden","Maynard",2018,"CD_I992010",NA
"Ben","Crocker",2018,"CD_I993796",NA
"Jordan","De Goey",2018,"CD_I994185",NA
"Tom","Phillips",2018,"CD_I996487",NA
"Sam","McLarty",2018,"CD_I998119",NA
"Mason","Cox",2018,"CD_I998647",NA
"Kayle","Kirby",2018,"CD_I998797",NA
"Max","Spencer",2018,"CD_I1001573","KEY_DEFENDER"
"Jacob","Heron",2018,"CD_I1002328","MEDIUM_DEFENDER"
"Jacob","Dawson",2018,"CD_I1002331","MIDFIELDER"
"Brayden","Crossley",2018,"CD_I1002350","KEY_FORWARD"
"Connor","Nutting",2018,"CD_I1006241","MEDIUM_DEFENDER"
"Wil","Powell",2018,"CD_I1007881","MEDIUM_FORWARD"
"Josh","Jaska",2018,"CD_I1008199","KEY_DEFENDER"
"Charlie","Ballard",2018,"CD_I1008882","KEY_DEFENDER"
"Jarrod","Harbrow",2018,"CD_I240254","MEDIUM_DEFENDER"
"Michael","Rischitelli",2018,"CD_I240712","MEDIUM_DEFENDER"
"Matt","Rosa",2018,"CD_I250111","MIDFIELDER"
"Pearce","Hanley",2018,"CD_I270512","MEDIUM_DEFENDER"
"Rory","Thompson",2018,"CD_I281075","KEY_DEFENDER"
"Steven","May",2018,"CD_I281085","KEY_DEFENDER"
"Aaron","Young",2018,"CD_I290546","MEDIUM_FORWARD"
"Tom","Nicholls",2018,"CD_I290815","RUCK"
"David","Swallow",2018,"CD_I290832","MIDFIELDER"
"Sam","Day",2018,"CD_I291753","KEY_FORWARD"
"Jarrod","Witts",2018,"CD_I291975","RUCK"
"Michael","Barlow",2018,"CD_I292026","MIDFIELDER"
"Jarryd","Lyons",2018,"CD_I293716","MIDFIELDER"
"Tom","Lynch",2018,"CD_I293813","KEY_FORWARD"
"Sean","Lemmens",2018,"CD_I294013","MEDIUM_FORWARD"
"Jesse","Lonergan",2018,"CD_I294583","MIDFIELDER"
"Alex","Sexton",2018,"CD_I294643","MEDIUM_FORWARD"
"Jack","Martin",2018,"CD_I296190","MIDFIELDER_FORWARD"
"Kade","Kolodjashnij",2018,"CD_I296209","MEDIUM_DEFENDER"
"Mackenzie","Willis",2018,"CD_I296284","MEDIUM_DEFENDER"
"Jack","Leslie",2018,"CD_I296322","KEY_DEFENDER"
"Aaron","Hall",2018,"CD_I296735","MIDFIELDER"
"Nick","Holman",2018,"CD_I297456","MEDIUM_FORWARD"
"Harrison","Wigg",2018,"CD_I297729","MEDIUM_DEFENDER"
"Touk","Miller",2018,"CD_I298272","MIDFIELDER"
"Peter","Wright",2018,"CD_I298289","KEY_FORWARD"
"Callum","Ah Chee",2018,"CD_I298437","MEDIUM_DEFENDER"
"Lachie","Weller",2018,"CD_I298524","MIDFIELDER"
"Brayden","Fiorini",2018,"CD_I993799","MIDFIELDER"
"Jesse","Joyce",2018,"CD_I996064","MEDIUM_DEFENDER"
"Darcy","Macpherson",2018,"CD_I996464","MEDIUM_FORWARD"
"Jack","Scrimshaw",2018,"CD_I998114","MEDIUM_DEFENDER"
"Will","Brodie",2018,"CD_I998129","MIDFIELDER"
"Ben","Ainsworth",2018,"CD_I998130","MIDFIELDER_FORWARD"
"Brad","Scheer",2018,"CD_I998257","MIDFIELDER_FORWARD"
"Jack","Bowes",2018,"CD_I998260","MIDFIELDER"
"Joshua","Schoenfeld",2018,"CD_I998511","MIDFIELDER"
"Harry","McKay",2018,"CD_I1000953",NA
"Jack","Silvagni",2018,"CD_I1001028",NA
"Matthew","Kennedy",2018,"CD_I1001398",NA
"Paddy","Dow",2018,"CD_I1002256",NA
"Lochie","O'Brien",2018,"CD_I1002259",NA
"Angus","Schumacher",2018,"CD_I1004767",NA
"Tom","De Koning",2018,"CD_I1004912",NA
"Cillian","McDaid",2018,"CD_I1010840",NA
"Kade","Simpson",2018,"CD_I230202",NA
"Dale","Thomas",2018,"CD_I240359",NA
"Marc","Murphy",2018,"CD_I250105",NA
"Samuel","Rowe",2018,"CD_I260278",NA
"Matthew","Lobbe",2018,"CD_I261230",NA
"Matthew","Kreuzer",2018,"CD_I261299",NA
"Matthew","Wright",2018,"CD_I261384",NA
"Ed","Curnow",2018,"CD_I270146",NA
"Alex","Silvagni",2018,"CD_I271433",NA
"Liam","Jones",2018,"CD_I281078",NA
"Levi","Casboult",2018,"CD_I281124",NA
"Cameron","O'Shea",2018,"CD_I290540",NA
"Matt","Shaw",2018,"CD_I290790",NA
"Aaron","Mullett",2018,"CD_I291445",NA
"Jed","Lamb",2018,"CD_I291544",NA
"Sam","Kerridge",2018,"CD_I291806",NA
"Andrew","Phillips",2018,"CD_I294068",NA
"Lachie","Plowman",2018,"CD_I294624",NA
"Nick","Graham",2018,"CD_I295445",NA
"Sam","Docherty",2018,"CD_I295518",NA
"Darcy","Lang",2018,"CD_I296439",NA
"Caleb","Marchbank",2018,"CD_I298302",NA
"Jarrod","Pickett",2018,"CD_I990423",NA
"Jarrod","Garlett",2018,"CD_I990424",NA
"Patrick","Cripps",2018,"CD_I990704",NA
"Kym","LeBois",2018,"CD_I992276",NA
"David","Cuningham",2018,"CD_I993795",NA
"Jacob","Weitering",2018,"CD_I993832",NA
"Sam","Petrevski-Seton",2018,"CD_I994539",NA
"Ciaran","Byrne",2018,"CD_I995121",NA
"Charlie","Curnow",2018,"CD_I996731",NA
"Cam","Polson",2018,"CD_I998100",NA
"Patrick","Kerr",2018,"CD_I998116",NA
"Thomas","Williamson",2018,"CD_I998167",NA
"Harrison","Macreadie",2018,"CD_I998226",NA
"Jesse","Glass-McCasker",2018,"CD_I998622",NA
"Zac","Fisher",2018,"CD_I999827",NA
"Thomas","Murphy",2018,"CD_I1000905","MEDIUM_DEFENDER"
"Nick","Larkey",2018,"CD_I1001017","KEY_FORWARD"
"Ben","McKay",2018,"CD_I1002143","KEY_DEFENDER"
"Luke","Davies-Uniacke",2018,"CD_I1002267","MIDFIELDER"
"Gordon","Narrier",2018,"CD_I1003113","MEDIUM_FORWARD"
"Tristan","Xerri",2018,"CD_I1004965","KEY_FORWARD"
"William","Walker",2018,"CD_I1005084","MEDIUM_FORWARD"
"Tom","Jeffries",2018,"CD_I1008800","RUCK"
"Jarrad","Waite",2018,"CD_I220110","KEY_FORWARD"
"Shaun","Higgins",2018,"CD_I260227","MIDFIELDER"
"Robbie","Tarrant",2018,"CD_I270325","KEY_DEFENDER"
"Todd","Goldstein",2018,"CD_I271129","RUCK"
"Sam","Wright",2018,"CD_I280864","MEDIUM_DEFENDER"
"Ben","Cunnington",2018,"CD_I280921","MIDFIELDER"
"Jack","Ziebell",2018,"CD_I280944","MEDIUM_FORWARD"
"Scott D.","Thompson",2018,"CD_I281395","KEY_DEFENDER"
"Jamie","Macmillan",2018,"CD_I290194","MEDIUM_DEFENDER"
"Majak","Daw",2018,"CD_I290199","KEY_DEFENDER"
"Shaun","Atley",2018,"CD_I290787","MEDIUM_FORWARD"
"Ben","Jacobs",2018,"CD_I290802","MIDFIELDER"
"Jed","Anderson",2018,"CD_I291861","MIDFIELDER"
"Ben","Brown",2018,"CD_I291867","KEY_FORWARD"
"Nathan","Hrovat",2018,"CD_I294556","MEDIUM_FORWARD"
"Marley","Williams",2018,"CD_I295256","MEDIUM_DEFENDER"
"Mason","Wood",2018,"CD_I295340","MEDIUM_FORWARD"
"Trent","Dumont",2018,"CD_I296035","MIDFIELDER"
"Taylor","Garner",2018,"CD_I296078","MEDIUM_FORWARD"
"William","Hartung",2018,"CD_I296198","MIDFIELDER"
"Luke","McDonald",2018,"CD_I296355","MEDIUM_DEFENDER"
"Sam","Durdin",2018,"CD_I297767","KEY_DEFENDER"
"Paul","Ahern",2018,"CD_I298271","MIDFIELDER"
"Daniel","Nielson",2018,"CD_I298285","KEY_DEFENDER"
"Ed","Vickers-Willis",2018,"CD_I298287","MEDIUM_DEFENDER"
"Mitchell","Hibberd",2018,"CD_I298407","MEDIUM_DEFENDER"
"Alex","Morgan",2018,"CD_I992023","MEDIUM_DEFENDER"
"Kayne","Turner",2018,"CD_I992499","MEDIUM_FORWARD"
"Braydon","Preuss",2018,"CD_I992644","RUCK"
"Jy","Simpkin",2018,"CD_I993998","MIDFIELDER_FORWARD"
"Ryan","Clarke",2018,"CD_I996442","MEDIUM_DEFENDER"
"Oscar","Junker",2018,"CD_I998111","MEDIUM_FORWARD"
"Josh","Williams",2018,"CD_I998261","MIDFIELDER"
"Declan","Watson",2018,"CD_I998266","KEY_DEFENDER"
"Kyron","Hayden",2018,"CD_I998327","MIDFIELDER_FORWARD"
"Cameron","Zurhaar",2018,"CD_I998484","MEDIUM_FORWARD"
"Declan","Mountford",2018,"CD_I999724","MEDIUM_FORWARD"
"Willem","Drew",2018,"CD_I1000972",NA
"Sam","Hayes",2018,"CD_I1002248",NA
"Kane","Farrell",2018,"CD_I1002253",NA
"Jake","Patmore",2018,"CD_I1002392",NA
"Todd","Marshall",2018,"CD_I1004998",NA
"Paddy","Ryder",2018,"CD_I250267",NA
"Travis","Boak",2018,"CD_I250365",NA
"Justin","Westhoff",2018,"CD_I260750",NA
"Robbie","Gray",2018,"CD_I261396",NA
"Hamish","Hartlett",2018,"CD_I261892",NA
"Lindsay","Thomas",2018,"CD_I261909",NA
"Brad","Ebert",2018,"CD_I261911",NA
"Tom","Rockliff",2018,"CD_I270919",NA
"Matthew","Broadbent",2018,"CD_I271078",NA
"Jack","Trengove",2018,"CD_I280608",NA
"Charlie","Dixon",2018,"CD_I280711",NA
"Jack","Watts",2018,"CD_I280972",NA
"Steven","Motlop",2018,"CD_I280990",NA
"Jasper","Pittard",2018,"CD_I290156",NA
"Trent","McKenzie",2018,"CD_I290527",NA
"Sam","Gray",2018,"CD_I290722",NA
"Jared","Polec",2018,"CD_I290738",NA
"Chad","Wingard",2018,"CD_I291962",NA
"Jack","Hombsch",2018,"CD_I291964",NA
"Tom","Jonas",2018,"CD_I292145",NA
"Jimmy","Toumpas",2018,"CD_I293042",NA
"Emmanuel","Irra",2018,"CD_I293208",NA
"Jarrod","Lienert",2018,"CD_I293987",NA
"Ollie","Wines",2018,"CD_I294318",NA
"Tom","Clurey",2018,"CD_I294504",NA
"Jake","Neade",2018,"CD_I294604",NA
"Karl","Amon",2018,"CD_I297354",NA
"Dominic","Barry",2018,"CD_I297362",NA
"Aidyn","Johnson",2018,"CD_I298430",NA
"Will","Snelling",2018,"CD_I990606",NA
"Billy","Frampton",2018,"CD_I991773",NA
"Darcy","Byrne-Jones",2018,"CD_I991930",NA
"Cameron","Hewett",2018,"CD_I992258",NA
"Dougal","Howard",2018,"CD_I993480",NA
"Sam","Powell-Pepper",2018,"CD_I993979",NA
"Dan","Houston",2018,"CD_I994295",NA
"Riley","Bonner",2018,"CD_I994599",NA
"Peter","Ladhams",2018,"CD_I997142",NA
"Joe","Atley",2018,"CD_I998126",NA
"Joel","Garner",2018,"CD_I998321",NA
"Callum","Porter",2018,"CD_I1002383","MIDFIELDER"
"Aaron","Naughton",2018,"CD_I1002404","KEY_DEFENDER"
"Patrick","Lipinski",2018,"CD_I1003130","MIDFIELDER_FORWARD"
"Tim","English",2018,"CD_I1004592","RUCK"
"Nathan","Mullenger-McHugh",2018,"CD_I1004922","KEY_DEFENDER"
"Fergus","Greene",2018,"CD_I1006303","MEDIUM_FORWARD"
"Ed","Richards",2018,"CD_I1008280","MEDIUM_DEFENDER"
"Dale","Morris",2018,"CD_I250712","KEY_DEFENDER"
"Matthew","Suckling",2018,"CD_I270732","MEDIUM_DEFENDER"
"Liam","Picken",2018,"CD_I271439","MIDFIELDER_FORWARD"
"Jordan","Roughead",2018,"CD_I280012","RUCK"
"Jackson","Trengove",2018,"CD_I280013","KEY_DEFENDER"
"Easton","Wood",2018,"CD_I281139","MEDIUM_DEFENDER"
"Tom","Campbell",2018,"CD_I290246","RUCK"
"Tom","Liberatore",2018,"CD_I290799","MIDFIELDER"
"Luke","Dahlhaus",2018,"CD_I291526","MIDFIELDER_FORWARD"
"Mitch","Wallis",2018,"CD_I291545","MIDFIELDER_FORWARD"
"Fletcher","Roberts",2018,"CD_I291814","KEY_DEFENDER"
"Jack","Redpath",2018,"CD_I292030","KEY_FORWARD"
"Hayden","Crozier",2018,"CD_I293651","MEDIUM_DEFENDER"
"Clay","Smith",2018,"CD_I293847","MEDIUM_FORWARD"
"Jason","Johannisen",2018,"CD_I294101","MEDIUM_DEFENDER"
"Marcus","Adams",2018,"CD_I294168","KEY_DEFENDER"
"Lachie","Hunter",2018,"CD_I294557","MIDFIELDER"
"Caleb","Daniel",2018,"CD_I295136","MEDIUM_FORWARD"
"Lin","Jong",2018,"CD_I295313","MIDFIELDER_FORWARD"
"Jack","Macrae",2018,"CD_I295467","MIDFIELDER"
"Shane","Biggs",2018,"CD_I295608","MEDIUM_DEFENDER"
"Tory","Dickson",2018,"CD_I295712","MEDIUM_FORWARD"
"Tom","Boyd",2018,"CD_I296367","RUCK"
"Mitch","Honeychurch",2018,"CD_I296369","MIDFIELDER_FORWARD"
"Marcus","Bontempelli",2018,"CD_I297373","MIDFIELDER"
"Billy","Gowers",2018,"CD_I298277","MEDIUM_FORWARD"
"Lukas","Webb",2018,"CD_I298307","MEDIUM_FORWARD"
"Zaine","Cordy",2018,"CD_I991939","KEY_DEFENDER"
"Roarke","Smith",2018,"CD_I992054","MEDIUM_DEFENDER"
"Bailey","Williams",2018,"CD_I992351","MEDIUM_DEFENDER"
"Josh","Dunkley",2018,"CD_I993834","MIDFIELDER_FORWARD"
"Kieran","Collins",2018,"CD_I993840","KEY_DEFENDER"
"Josh","Schache",2018,"CD_I993841","KEY_FORWARD"
"Brad","Lynch",2018,"CD_I994410","MEDIUM_DEFENDER"
"Toby","McLean",2018,"CD_I996483","MIDFIELDER_FORWARD"
"Bailey","Dale",2018,"CD_I996708","MIDFIELDER_FORWARD"
"Lewis","Young",2018,"CD_I997316","KEY_DEFENDER"
"Mitch","Lewis",2018,"CD_I1000887",NA
"James","Cousins",2018,"CD_I1000959",NA
"Harry","Morrison",2018,"CD_I1000963",NA
"Oliver","Hanrahan",2018,"CD_I1001043",NA
"James","Worpel",2018,"CD_I1002222",NA
"Conor","Glass",2018,"CD_I1003547",NA
"Jackson","Ross",2018,"CD_I1004919",NA
"Harry","Jones",2018,"CD_I1004991",NA
"Dylan","Moore",2018,"CD_I1006314",NA
"Conor","Nash",2018,"CD_I1007124",NA
"Shaun","Burgoyne",2018,"CD_I210012",NA
"Grant","Birchall",2018,"CD_I240302",NA
"Jarryd","Roughead",2018,"CD_I240357",NA
"James","Frawley",2018,"CD_I260288",NA
"Paul","Puopolo",2018,"CD_I260710",NA
"Cyril","Rioli",2018,"CD_I260955",NA
"Ben","McEvoy",2018,"CD_I261323",NA
"Brendan","Whitecross",2018,"CD_I261386",NA
"Ty","Vickery",2018,"CD_I270941",NA
"Ben","Stratton",2018,"CD_I280471",NA
"Liam","Shiels",2018,"CD_I280737",NA
"Luke","Breust",2018,"CD_I280744",NA
"Ryan","Schoenmakers",2018,"CD_I281301",NA
"Taylor","Duryea",2018,"CD_I290085",NA
"Will","Langford",2018,"CD_I290683",NA
"Ricky","Henderson",2018,"CD_I291201",NA
"Jonathon","Ceglar",2018,"CD_I291327",NA
"David","Mirra",2018,"CD_I291334",NA
"Jack","Gunston",2018,"CD_I291351",NA
"Tom","Mitchell",2018,"CD_I291856",NA
"Jaeger","O'Meara",2018,"CD_I294613",NA
"Jonathan","O'Rourke",2018,"CD_I294615",NA
"Isaac","Smith",2018,"CD_I294877",NA
"Kaiden","Brand",2018,"CD_I295156",NA
"Tim","O'Brien",2018,"CD_I296041",NA
"Jarman","Impey",2018,"CD_I296254",NA
"Dallas","Willsmore",2018,"CD_I296279",NA
"Kurt","Heatherley",2018,"CD_I296383",NA
"James","Sicily",2018,"CD_I297566",NA
"Marc","Pittonet",2018,"CD_I298290",NA
"Teia","Miles",2018,"CD_I992018",NA
"Ryan","Burton",2018,"CD_I992128",NA
"Daniel","Howe",2018,"CD_I992462",NA
"Blake","Hardwick",2018,"CD_I993794",NA
"Kieran","Lovell",2018,"CD_I993960",NA
"Changkuoth","Jiath",2018,"CD_I998390",NA
"Jack","Henry",2018,"CD_I1000937",NA
"Esava","Ratugolea",2018,"CD_I1002220",NA
"Lachie","Fogarty",2018,"CD_I1002228",NA
"Charlie","Constable",2018,"CD_I1002242",NA
"Zach","Guthrie",2018,"CD_I1004870",NA
"Gryan","Miers",2018,"CD_I1004938",NA
"Sam","Simpson",2018,"CD_I1004940",NA
"Ryan","Abbott",2018,"CD_I1005530",NA
"Mark","O'Connor",2018,"CD_I1007102",NA
"Gary","Ablett",2018,"CD_I220001",NA
"Joel","Selwood",2018,"CD_I250321",NA
"Harry","Taylor",2018,"CD_I261497",NA
"Tom","Hawkins",2018,"CD_I261510",NA
"Lachie","Henderson",2018,"CD_I270326",NA
"Patrick","Dangerfield",2018,"CD_I270917",NA
"Scott","Selwood",2018,"CD_I270928",NA
"Rhys","Stanley",2018,"CD_I280317",NA
"Zac","Smith",2018,"CD_I280722",NA
"Mitch","Duncan",2018,"CD_I281065",NA
"Cameron","Guthrie",2018,"CD_I290550",NA
"Daniel","Menzel",2018,"CD_I291307",NA
"Aaron","Black",2018,"CD_I291672",NA
"Tom","Stewart",2018,"CD_I291800",NA
"Stewart","Crameri",2018,"CD_I292503",NA
"Zach","Tuohy",2018,"CD_I292511",NA
"George","Horlin-Smith",2018,"CD_I293255",NA
"Lincoln","McCarthy",2018,"CD_I293581",NA
"Jed","Bews",2018,"CD_I293883",NA
"Sam","Menegola",2018,"CD_I294199",NA
"Jackson","Thurlow",2018,"CD_I294663",NA
"Tim","Kelly",2018,"CD_I295898",NA
"Jordan","Murdoch",2018,"CD_I295942",NA
"Cory","Gregson",2018,"CD_I296161",NA
"Jake","Kolodjashnij",2018,"CD_I296291",NA
"Mark","Blicavs",2018,"CD_I296733",NA
"Jordan","Cunico",2018,"CD_I298305",NA
"Nakia","Cockatoo",2018,"CD_I298336",NA
"Brandan","Parfitt",2018,"CD_I298419",NA
"Timm","House",2018,"CD_I993625",NA
"James","Parsons",2018,"CD_I993798",NA
"Matthew","Hayball",2018,"CD_I994144",NA
"Ryan","Gardner",2018,"CD_I997501",NA
"Wylie","Buzza",2018,"CD_I997770",NA
"Jamaine","Jones",2018,"CD_I998791",NA
"Quinton","Narkle",2018,"CD_I999824",NA
"Ed","Phillips",2018,"CD_I1002213",NA
"Hunter","Clark",2018,"CD_I1002264",NA
"Oscar","Clavarino",2018,"CD_I1002266",NA
"Darragh","Joyce",2018,"CD_I1003520",NA
"Ben","Paton",2018,"CD_I1004985",NA
"Doulton","Langlands",2018,"CD_I1004989",NA
"Nick","Coffield",2018,"CD_I1005717",NA
"Ray","Connellan",2018,"CD_I1007158",NA
"Sam","Gilbert",2018,"CD_I250134",NA
"David","Armitage",2018,"CD_I250340",NA
"Jarryn","Geary",2018,"CD_I260113",NA
"Nathan","Brown",2018,"CD_I260310",NA
"Jack","Steven",2018,"CD_I270912",NA
"Shane","Savage",2018,"CD_I280858",NA
"Dylan","Roberton",2018,"CD_I280933",NA
"Koby","Stevens",2018,"CD_I280946",NA
"Maverick","Weller",2018,"CD_I281024",NA
"Jake","Carlisle",2018,"CD_I290641",NA
"Jimmy","Webster",2018,"CD_I290757",NA
"Josh","Bruce",2018,"CD_I291492",NA
"Jack","Newnes",2018,"CD_I291773",NA
"Billy","Longer",2018,"CD_I291828",NA
"Sebastian","Ross",2018,"CD_I293846",NA
"Tom","Hickey",2018,"CD_I294266",NA
"Nathan","Wright",2018,"CD_I294317",NA
"Luke","Dunstan",2018,"CD_I294429",NA
"Tim","Membrey",2018,"CD_I294596",NA
"Lewis","Pierce",2018,"CD_I294621",NA
"Jack","Steele",2018,"CD_I296205",NA
"Blake","Acres",2018,"CD_I296294",NA
"Jack","Billings",2018,"CD_I296351",NA
"Darren","Minchington",2018,"CD_I296452",NA
"Nathan","Freeman",2018,"CD_I297433",NA
"Logan","Austin",2018,"CD_I298091",NA
"Daniel","McKenzie",2018,"CD_I298265",NA
"Paddy","McCartin",2018,"CD_I298312",NA
"Hugh","Goddard",2018,"CD_I298316",NA
"Jade","Gresham",2018,"CD_I298421",NA
"Jack","Lonie",2018,"CD_I992000",NA
"Rowan","Marshall",2018,"CD_I992468",NA
"Brandon","White",2018,"CD_I993821",NA
"Ben","Long",2018,"CD_I993917",NA
"Jack","Sinclair",2018,"CD_I994389",NA
"Bailey","Rice",2018,"CD_I996716",NA
"Josh","Battle",2018,"CD_I998134",NA
"Jordan","Houlahan",2018,"CD_I1000057",NA
"Jordan","Ridley",2018,"CD_I1001026",NA
"Brandon","Zerk-Thatcher",2018,"CD_I1004034",NA
"Trent","Mynott",2018,"CD_I1004917",NA
"Sam","Draper",2018,"CD_I1005577",NA
"Joshua","Begley",2018,"CD_I1005721",NA
"Luke","Lavender",2018,"CD_I1010816",NA
"Brendon","Goddard",2018,"CD_I230084",NA
"Matthew","Leuenberger",2018,"CD_I250335",NA
"David","Myers",2018,"CD_I261314",NA
"Tom","Bellchambers",2018,"CD_I261320",NA
"Cale","Hooker",2018,"CD_I270588",NA
"Michael","Hurley",2018,"CD_I270935",NA
"David","Zaharakis",2018,"CD_I270951",NA
"Shaun","McKernan",2018,"CD_I280038",NA
"Travis","Colyer",2018,"CD_I280988",NA
"Mitch","Brown",2018,"CD_I290622",NA
"Dyson","Heppell",2018,"CD_I290629",NA
"Josh","Green",2018,"CD_I290748",NA
"Devon","Smith",2018,"CD_I291771",NA
"Matt","Dea",2018,"CD_I292025",NA
"Jake","Stringer",2018,"CD_I293884",NA
"Michael","Hartley",2018,"CD_I294077",NA
"Anthony","McDonald-Tipungwuti",2018,"CD_I294092",NA
"Ben","McNiece",2018,"CD_I294339",NA
"Joe","Daniher",2018,"CD_I294518",NA
"James","Stewart",2018,"CD_I294654",NA
"Mark","Baguley",2018,"CD_I294798",NA
"Jackson","Merrett",2018,"CD_I295285",NA
"Adam","Saad",2018,"CD_I295461",NA
"Patrick","Ambrose",2018,"CD_I295599",NA
"Orazio","Fantasia",2018,"CD_I296334",NA
"Martin","Gleeson",2018,"CD_I297438",NA
"Jayden","Laverde",2018,"CD_I298280",NA
"Jake","Long",2018,"CD_I298347",NA
"Kyle","Langford",2018,"CD_I298630",NA
"Aaron","Francis",2018,"CD_I990816",NA
"Zach","Merrett",2018,"CD_I992016",NA
"Darcy","Parish",2018,"CD_I993817",NA
"Matt","Guelfi",2018,"CD_I996232",NA
"Mason","Redman",2018,"CD_I997078",NA
"Conor","McKenna",2018,"CD_I997846",NA
"Andrew","McGrath",2018,"CD_I998102",NA
"Dylan","Clarke",2018,"CD_I998109",NA
"Kobe","Mutch",2018,"CD_I998212",NA
"Toby","Pink",2018,"CD_I1002138",NA
"Angus","Styles",2018,"CD_I1002238",NA
"James","Bell",2018,"CD_I1002291",NA
"Ben","Ronke",2018,"CD_I1004880",NA
"Matthew","Ling",2018,"CD_I1004949",NA
"Ryley","Stoddart",2018,"CD_I1008080",NA
"Joel","Amartey",2018,"CD_I1008091",NA
"Tom","McCartin",2018,"CD_I1008198",NA
"Jarrad","McVeigh",2018,"CD_I230253",NA
"Heath","Grundy",2018,"CD_I240072",NA
"Kieren","Jack",2018,"CD_I240226",NA
"Lance","Franklin",2018,"CD_I240399",NA
"Nick","Smith",2018,"CD_I250338",NA
"Josh P.","Kennedy",2018,"CD_I260382",NA
"Kurt","Tippett",2018,"CD_I270742",NA
"Dan","Hannebery",2018,"CD_I290117",NA
"Sam","Reid",2018,"CD_I290188",NA
"Dane","Rampe",2018,"CD_I290307",NA
"Luke","Parker",2018,"CD_I290778",NA
"Gary","Rohan",2018,"CD_I291357",NA
"Alex","Johnson",2018,"CD_I291450",NA
"Robbie","Fox",2018,"CD_I291848",NA
"Harry","Cunningham",2018,"CD_I291978",NA
"George","Hewett",2018,"CD_I294036",NA
"Aliir","Aliir",2018,"CD_I294469",NA
"Daniel","Robinson",2018,"CD_I294638",NA
"Callum","Sinclair",2018,"CD_I294737",NA
"Jake","Lloyd",2018,"CD_I295342",NA
"Dean","Towers",2018,"CD_I295695",NA
"Harrison","Marsh",2018,"CD_I296840",NA
"James","Rose",2018,"CD_I297107",NA
"Nic","Newman",2018,"CD_I297907",NA
"Jordan","Foote",2018,"CD_I298112",NA
"Sam","Naismith",2018,"CD_I298144",NA
"Isaac","Heeney",2018,"CD_I298539",NA
"Darcy","Cameron",2018,"CD_I990291",NA
"Zak","Jones",2018,"CD_I991988",NA
"Jordan","Dawson",2018,"CD_I992242",NA
"Callum","Mills",2018,"CD_I993905",NA
"Lewis","Melican",2018,"CD_I996743",NA
"Tom","Papley",2018,"CD_I996765",NA
"Will","Hayward",2018,"CD_I997100",NA
"Colin","O'Riordan",2018,"CD_I997842",NA
"Oliver","Florent",2018,"CD_I998103",NA
"Jake","Brown",2018,"CD_I998208",NA
"Jack","Maibaum",2018,"CD_I998662",NA
"Lloyd","Meek",2018,"CD_I1000980",NA
"Andrew","Brayshaw",2018,"CD_I1002232",NA
"Adam","Cerra",2018,"CD_I1002239",NA
"Mitch","Crowden",2018,"CD_I1002353",NA
"Stefan","Giro",2018,"CD_I1002354",NA
"Hugh","Dixon",2018,"CD_I1002372",NA
"Tom","North",2018,"CD_I1003132",NA
"Aaron","Sandilands",2018,"CD_I220096",NA
"Michael","Johnson",2018,"CD_I230107",NA
"David","Mundy",2018,"CD_I240052",NA
"Lee","Spurr",2018,"CD_I240266",NA
"Danyle","Pearce",2018,"CD_I250063",NA
"Hayden","Ballantyne",2018,"CD_I260069",NA
"Stephen","Hill",2018,"CD_I280336",NA
"Michael","Walters",2018,"CD_I281007",NA
"Cam","Sutcliffe",2018,"CD_I290733",NA
"Brandon","Matera",2018,"CD_I290817",NA
"Nat","Fyfe",2018,"CD_I291570",NA
"Harley","Bennell",2018,"CD_I291594",NA
"Tommy","Sheridan",2018,"CD_I291792",NA
"Shane","Kersten",2018,"CD_I291949",NA
"Lachie","Neale",2018,"CD_I293535",NA
"Matt","Taberner",2018,"CD_I293854",NA
"Nathan","Wilson",2018,"CD_I294125",NA
"Joel","Hamling",2018,"CD_I295222",NA
"Bradley","Hill",2018,"CD_I295584",NA
"Scott","Jones",2018,"CD_I296317",NA
"Ed","Langdon",2018,"CD_I298264",NA
"Ryan","Nyhuis",2018,"CD_I298352",NA
"Alex","Pearce",2018,"CD_I298409",NA
"Connor","Blakely",2018,"CD_I298450",NA
"Michael","Apeness",2018,"CD_I991917",NA
"Sam","Switkowski",2018,"CD_I992059",NA
"Brady","Grey",2018,"CD_I993192",NA
"Darcy","Tucker",2018,"CD_I993816",NA
"Cam","McCarthy",2018,"CD_I995192",NA
"Ethan","Hughes",2018,"CD_I996580",NA
"Brennan","Cox",2018,"CD_I997033",NA
"Griffin","Logue",2018,"CD_I997933",NA
"Taylin","Duman",2018,"CD_I998115",NA
"Sean","Darcy",2018,"CD_I998145",NA
"Bailey","Banfield",2018,"CD_I998180",NA
"Luke","Strnadica",2018,"CD_I998192",NA
"Luke","Ryan",2018,"CD_I998659",NA
"Isaac","Cumming",2018,"CD_I1001396","MEDIUM_DEFENDER"
"Brent","Daniels",2018,"CD_I1002251","MEDIUM_FORWARD"
"Nicholas","Shipley",2018,"CD_I1002296","MIDFIELDER"
"Zac","Langdon",2018,"CD_I1004286","MEDIUM_FORWARD"
"Aiden","Bonar",2018,"CD_I1004894","MEDIUM_FORWARD"
"Sam","Taylor",2018,"CD_I1005247","KEY_DEFENDER"
"Jake","Stein",2018,"CD_I1007238","KEY_DEFENDER"
"Jack","Buckley",2018,"CD_I1009708","MIDFIELDER_FORWARD"
"Ryan","Griffen",2018,"CD_I240156","MEDIUM_FORWARD"
"Brett","Deledio",2018,"CD_I240336","MIDFIELDER"
"Heath","Shaw",2018,"CD_I240700","MEDIUM_DEFENDER"
"Tim","Mohr",2018,"CD_I261189","KEY_DEFENDER"
"Sam","Reid",2018,"CD_I261374","MEDIUM_FORWARD"
"Dawson","Simpson",2018,"CD_I270340","RUCK"
"Matt","de Boer",2018,"CD_I271015","MEDIUM_FORWARD"
"Callan","Ward",2018,"CD_I280109","MIDFIELDER"
"Phil","Davis",2018,"CD_I280804","KEY_DEFENDER"
"Tom","Scully",2018,"CD_I280969","MIDFIELDER"
"Lachlan","Keeffe",2018,"CD_I290314","KEY_DEFENDER"
"Daniel","Lloyd",2018,"CD_I290675","MEDIUM_FORWARD"
"Adam","Kennedy",2018,"CD_I291509","MEDIUM_DEFENDER"
"Dylan","Buckley",2018,"CD_I291777","MEDIUM_FORWARD"
"Dylan","Shiel",2018,"CD_I291783","MIDFIELDER"
"Matthew","Buntine",2018,"CD_I291797","MEDIUM_DEFENDER"
"Adam","Tomlinson",2018,"CD_I291819","MIDFIELDER"
"Jonathon","Patton",2018,"CD_I291821","KEY_FORWARD"
"Stephen","Coniglio",2018,"CD_I291969","MIDFIELDER"
"Jeremy","Cameron",2018,"CD_I293845","KEY_FORWARD"
"Lachie","Whitfield",2018,"CD_I294305","MEDIUM_DEFENDER"
"Aidan","Corr",2018,"CD_I294508","KEY_DEFENDER"
"Zac","Williams",2018,"CD_I294685","MEDIUM_DEFENDER"
"Nick","Haynes",2018,"CD_I295265","MEDIUM_DEFENDER"
"Toby","Greene",2018,"CD_I295344","MEDIUM_FORWARD"
"Josh","Kelly",2018,"CD_I296347","MIDFIELDER"
"Jeremy","Finlayson",2018,"CD_I298111","MEDIUM_DEFENDER"
"Rory","Lobb",2018,"CD_I990740","RUCK"
"Harry","Himmelberg",2018,"CD_I993107","KEY_FORWARD"
"Lachie","Tiziani",2018,"CD_I993894","MEDIUM_FORWARD"
"Matt","Flynn",2018,"CD_I993902","RUCK"
"Jacob","Hopper",2018,"CD_I993903","MIDFIELDER"
"Tim","Taranto",2018,"CD_I998172","MIDFIELDER"
"Harry","Perryman",2018,"CD_I998205","MEDIUM_DEFENDER"
"Will","Setterfield",2018,"CD_I998215","MIDFIELDER_FORWARD"
"Zachary","Sproule",2018,"CD_I998225","MIDFIELDER_FORWARD"
"Callum","Coleman-Jones",2018,"CD_I1000061",NA
"Liam","Baker",2018,"CD_I1000223",NA
"Daniel","Rioli",2018,"CD_I1000981",NA
"Jack","Higgins",2018,"CD_I1002227",NA
"Patrick","Naish",2018,"CD_I1002231",NA
"Noah","Balta",2018,"CD_I1002245",NA
"Ben","Miller",2018,"CD_I1002403",NA
"Derek","Eggmolesse-Smith",2018,"CD_I1006276",NA
"Shaun","Grigg",2018,"CD_I250298",NA
"Bachar","Houli",2018,"CD_I250312",NA
"Jack","Riewoldt",2018,"CD_I250395",NA
"Shane","Edwards",2018,"CD_I260930",NA
"Alex","Rance",2018,"CD_I261362",NA
"Shaun","Hampson",2018,"CD_I270737",NA
"Trent","Cotchin",2018,"CD_I270896",NA
"Ben","Griffiths",2018,"CD_I280747",NA
"Dylan","Grimes",2018,"CD_I280819",NA
"Kane","Lambert",2018,"CD_I290032",NA
"Sam","Lloyd",2018,"CD_I290073",NA
"David","Astbury",2018,"CD_I290198",NA
"Josh","Caddy",2018,"CD_I290623",NA
"Dion","Prestia",2018,"CD_I290627",NA
"Anthony","Miles",2018,"CD_I290671",NA
"Reece","Conca",2018,"CD_I290823",NA
"Dustin","Martin",2018,"CD_I290847",NA
"Jacob","Townsend",2018,"CD_I291891",NA
"Brandon","Ellis",2018,"CD_I293713",NA
"Kamdyn","McIntosh",2018,"CD_I294592",NA
"Nick","Vlastuin",2018,"CD_I294674",NA
"Nathan","Broad",2018,"CD_I295203",NA
"Nathan","Drummond",2018,"CD_I296306",NA
"Toby","Nankervis",2018,"CD_I298174",NA
"Oleg","Markov",2018,"CD_I298358",NA
"Jack","Graham",2018,"CD_I990827",NA
"Jason","Castagna",2018,"CD_I991933",NA
"Corey","Ellis",2018,"CD_I991953",NA
"Connor","Menadue",2018,"CD_I992015",NA
"Jayden","Short",2018,"CD_I992049",NA
"Dan","Butler",2018,"CD_I992374",NA
"Shai","Bolton",2018,"CD_I993993",NA
"Mabior","Chol",2018,"CD_I994077",NA
"Tyson","Stengle",2018,"CD_I997230",NA
"Ryan","Garthwaite",2018,"CD_I998218",NA
"Ivan","Soldo",2018,"CD_I998529",NA
"Callum","Moore",2018,"CD_I998569",NA
"Lachlan","Filipovic",2018,"CD_I1000840",NA
"Bayley","Fritsch",2018,"CD_I1001438",NA
"Mitch","Hannan",2018,"CD_I1001449",NA
"Charlie","Spargo",2018,"CD_I1002282",NA
"Joel","Smith",2018,"CD_I1003546",NA
"Corey","Maynard",2018,"CD_I1007125",NA
"Oskar","Baker",2018,"CD_I1008855",NA
"Harrison","Petty",2018,"CD_I1008893",NA
"Jordan","Lewis",2018,"CD_I250089",NA
"Nathan","Jones",2018,"CD_I250222",NA
"Bernie","Vince",2018,"CD_I261142",NA
"Jeff","Garlett",2018,"CD_I270653",NA
"Jake","Melksham",2018,"CD_I280824",NA
"Neville","Jetta",2018,"CD_I281280",NA
"Michael","Hibberd",2018,"CD_I290160",NA
"Max","Gawn",2018,"CD_I290528",NA
"Tom","McDonald",2018,"CD_I291533",NA
"Dom","Tyson",2018,"CD_I291784",NA
"Tomas","Bugg",2018,"CD_I291802",NA
"Jack","Viney",2018,"CD_I291902",NA
"Cameron","Pedersen",2018,"CD_I292029",NA
"Sam","Frost",2018,"CD_I293738",NA
"Dean","Kent",2018,"CD_I294570",NA
"Josh","Wagner",2018,"CD_I294675",NA
"Tim","Smith",2018,"CD_I294823",NA
"Jesse","Hogan",2018,"CD_I296324",NA
"Jay","Kennedy Harris",2018,"CD_I296343",NA
"Christian","Salem",2018,"CD_I296359",NA
"Alex","Neal-Bullen",2018,"CD_I296420",NA
"Billy","Stretch",2018,"CD_I297139",NA
"James","Harmes",2018,"CD_I297899",NA
"Aaron","vandenBerg",2018,"CD_I297990",NA
"Christian","Petracca",2018,"CD_I298210",NA
"Angus","Brayshaw",2018,"CD_I298279",NA
"Jake","Lever",2018,"CD_I298281",NA
"Declan","Keilty",2018,"CD_I992465",NA
"Oscar","McDonald",2018,"CD_I992472",NA
"Sam","Weideman",2018,"CD_I993806",NA
"Mitch","King",2018,"CD_I993823",NA
"Dion","Johnstone",2018,"CD_I993996",NA
"Jayden","Hunt",2018,"CD_I994385",NA
"Harley","Balic",2018,"CD_I996498",NA
"Clayton","Oliver",2018,"CD_I996701",NA
"Pat","McKenna",2018,"CD_I999233",NA
"Jarrod","Brander",2018,"CD_I1002300",NA
"Callan","England",2018,"CD_I1002390",NA
"Brayden","Ainsworth",2018,"CD_I1004356",NA
"Liam","Ryan",2018,"CD_I1004364",NA
"Oscar","Allen",2018,"CD_I1004385",NA
"Jack","Petruccelle",2018,"CD_I1006550",NA
"Ryan","Burrows",2018,"CD_I1009163",NA
"Mark","LeCras",2018,"CD_I240119",NA
"Shannon","Hurn",2018,"CD_I240283",NA
"Josh J.","Kennedy",2018,"CD_I240406",NA
"Eric","Mackenzie",2018,"CD_I250317",NA
"Will","Schofield",2018,"CD_I261214",NA
"Chris","Masten",2018,"CD_I261290",NA
"Nic","Naitanui",2018,"CD_I271045",NA
"Luke","Shuey",2018,"CD_I280078",NA
"Nathan","Vardy",2018,"CD_I280959",NA
"Mark","Hutchings",2018,"CD_I281052",NA
"Brad","Sheppard",2018,"CD_I281080",NA
"Lewis","Jetta",2018,"CD_I281281",NA
"Jack","Redden",2018,"CD_I281373",NA
"Scott","Lycett",2018,"CD_I290746",NA
"Andrew","Gaff",2018,"CD_I290801",NA
"Jamie","Cripps",2018,"CD_I290826",NA
"Jack","Darling",2018,"CD_I290838",NA
"Fraser","McInnes",2018,"CD_I291929",NA
"Brendon","Ah Chee",2018,"CD_I291947",NA
"Elliot","Yeo",2018,"CD_I292128",NA
"Jeremy","McGovern",2018,"CD_I294859",NA
"Willie","Rioli",2018,"CD_I296225",NA
"Dom","Sheed",2018,"CD_I296296",NA
"Malcolm","Karpany",2018,"CD_I296432",NA
"Luke","Partington",2018,"CD_I297703",NA
"Liam","Duggan",2018,"CD_I298268",NA
"Jackson","Nelson",2018,"CD_I298298",NA
"Francis","Watson",2018,"CD_I298474",NA
"Tom","Barrass",2018,"CD_I990290",NA
"Matthew","Allen",2018,"CD_I992111",NA
"Tom","Cole",2018,"CD_I993820",NA
"Kurt","Mutimer",2018,"CD_I993827",NA
"Tony","Olango",2018,"CD_I993877",NA
"Jake","Waterman",2018,"CD_I996554",NA
"Tarir","Bayok",2018,"CD_I996562",NA
"Josh","Rotham",2018,"CD_I997823",NA
"Hamish","Brayshaw",2018,"CD_I998107",NA
"Daniel","Venables",2018,"CD_I998414",NA
"Myles","Poholke",2019,"CD_I1000908","MEDIUM_FORWARD"
"Tom","Doedee",2019,"CD_I1000932","MEDIUM_DEFENDER"
"Lachlan","Murphy",2019,"CD_I1000998","MEDIUM_FORWARD"
"Jordon","Butts",2019,"CD_I1004995","KEY_DEFENDER"
"Elliott","Himmelberg",2019,"CD_I1005199","KEY_FORWARD"
"Lachlan","Sholl",2019,"CD_I1006136","MEDIUM_DEFENDER"
"Chayce","Jones",2019,"CD_I1006203","MEDIUM_FORWARD"
"William","Hamill",2019,"CD_I1008159","MEDIUM_DEFENDER"
"Ned","McHenry",2019,"CD_I1008185","MIDFIELDER"
"Kieran","Strachan",2019,"CD_I1008752","KEY_FORWARD"
"Eddie","Betts",2019,"CD_I240060","MEDIUM_FORWARD"
"Richard","Douglas",2019,"CD_I240370","MEDIUM_FORWARD"
"David","Mackay",2019,"CD_I250362","MIDFIELDER"
"Bryce","Gibbs",2019,"CD_I250417","MIDFIELDER"
"Andy","Otten",2019,"CD_I270296","MEDIUM_DEFENDER"
"Sam","Jacobs",2019,"CD_I270811","RUCK"
"Tom","Lynch",2019,"CD_I270938","MEDIUM_FORWARD"
"Rory","Sloane",2019,"CD_I270963","MIDFIELDER"
"Taylor","Walker",2019,"CD_I280506","KEY_FORWARD"
"Daniel","Talia",2019,"CD_I280934","KEY_DEFENDER"
"Hugh","Greenwood",2019,"CD_I281091","MIDFIELDER_FORWARD"
"Kyle","Hartigan",2019,"CD_I290228","KEY_DEFENDER"
"Alex","Keath",2019,"CD_I290797","KEY_DEFENDER"
"Brodie","Smith",2019,"CD_I291748","MEDIUM_DEFENDER"
"Luke","Brown",2019,"CD_I293193","MEDIUM_DEFENDER"
"Rory","Laird",2019,"CD_I293222","MEDIUM_DEFENDER"
"Cameron","Ellis-Yolmen",2019,"CD_I293479","MIDFIELDER"
"Brad","Crouch",2019,"CD_I294307","MIDFIELDER"
"Rory","Atkins",2019,"CD_I294472","MIDFIELDER"
"Paul","Seedsman",2019,"CD_I294733","MIDFIELDER"
"Josh","Jenkins",2019,"CD_I294828","KEY_FORWARD"
"Riley","Knight",2019,"CD_I295103","MEDIUM_FORWARD"
"Patrick","Wilson",2019,"CD_I295964","MIDFIELDER"
"Matt","Crouch",2019,"CD_I297401","MIDFIELDER"
"Jake","Kelly",2019,"CD_I297473","MEDIUM_DEFENDER"
"Reilly","O'Brien",2019,"CD_I297523","RUCK"
"Ben","Davis",2019,"CD_I298417","MEDIUM_FORWARD"
"Shane","McAdam",2019,"CD_I298470","MEDIUM_FORWARD"
"Wayne","Milera",2019,"CD_I990882","MEDIUM_DEFENDER"
"Paul","Hunter",2019,"CD_I992597","RUCK"
"Andrew","McPherson",2019,"CD_I997206","MEDIUM_DEFENDER"
"Tyson","Stengle",2019,"CD_I997230","MEDIUM_FORWARD"
"Jordan","Gallucci",2019,"CD_I998106","MEDIUM_FORWARD"
"Darcy","Fogarty",2019,"CD_I999331","KEY_FORWARD"
"Hugh","McCluggage",2019,"CD_I1000978","MIDFIELDER"
"Cam","Rayner",2019,"CD_I1002235","MEDIUM_FORWARD"
"Toby","Wooller",2019,"CD_I1002244","MIDFIELDER_FORWARD"
"Zac","Bailey",2019,"CD_I1002312","MEDIUM_DEFENDER"
"Jack","Payne",2019,"CD_I1002347","KEY_DEFENDER"
"Connor","Ballenden",2019,"CD_I1002351","KEY_FORWARD"
"Brandon","Starcevich",2019,"CD_I1002401","MEDIUM_DEFENDER"
"Mitchell","Hinge",2019,"CD_I1004863","MIDFIELDER"
"Noah","Answerth",2019,"CD_I1005053","MEDIUM_DEFENDER"
"Oscar","McInerney",2019,"CD_I1005521","RUCK"
"Ely","Smith",2019,"CD_I1006033","MIDFIELDER_FORWARD"
"Connor","McFadyen",2019,"CD_I1006085","MEDIUM_FORWARD"
"Thomas","Berry",2019,"CD_I1006100","MEDIUM_FORWARD"
"Tom","Joyce",2019,"CD_I1006150","MIDFIELDER"
"Tom","Fullarton",2019,"CD_I1013532","KEY_FORWARD"
"James","Madden",2019,"CD_I1013978","MEDIUM_DEFENDER"
"Luke","Hodge",2019,"CD_I220047","MEDIUM_DEFENDER"
"Dayne","Zorko",2019,"CD_I261224","MIDFIELDER"
"Daniel","Rich",2019,"CD_I271072","MEDIUM_DEFENDER"
"Stefan","Martin",2019,"CD_I280763","RUCK"
"Ryan","Bastinac",2019,"CD_I280863","MIDFIELDER"
"Allen","Christensen",2019,"CD_I280918","MEDIUM_FORWARD"
"Mitch","Robinson",2019,"CD_I290311","MIDFIELDER"
"Matt","Eagles",2019,"CD_I290326","KEY_DEFENDER"
"Ryan","Lester",2019,"CD_I291548","MEDIUM_DEFENDER"
"Josh","Walker",2019,"CD_I291550","KEY_DEFENDER"
"Lachie","Neale",2019,"CD_I293535","MIDFIELDER"
"Lincoln","McCarthy",2019,"CD_I293581","MEDIUM_FORWARD"
"Jarryd","Lyons",2019,"CD_I293716","MIDFIELDER"
"Marcus","Adams",2019,"CD_I294168","KEY_DEFENDER"
"Lewis","Taylor",2019,"CD_I296211","MIDFIELDER"
"Darcy","Gardiner",2019,"CD_I296269","MEDIUM_DEFENDER"
"Nicholas","Robertson",2019,"CD_I297258","MEDIUM_DEFENDER"
"Tom","Cutler",2019,"CD_I297406","MIDFIELDER"
"Daniel","McStay",2019,"CD_I297504","KEY_FORWARD"
"Charlie","Cameron",2019,"CD_I990609","MEDIUM_FORWARD"
"Archie","Smith",2019,"CD_I992752","RUCK"
"Rhys","Mathieson",2019,"CD_I993828","MIDFIELDER_FORWARD"
"Sam","Skinner",2019,"CD_I993836","KEY_FORWARD"
"Ben","Keays",2019,"CD_I993946","MIDFIELDER"
"Eric","Hipwood",2019,"CD_I993953","KEY_FORWARD"
"Cedric","Cox",2019,"CD_I994047","MEDIUM_FORWARD"
"Harris","Andrews",2019,"CD_I996059","KEY_DEFENDER"
"Corey","Lyons",2019,"CD_I998105","MIDFIELDER"
"Alex","Witherden",2019,"CD_I998128","MEDIUM_DEFENDER"
"Jarrod","Berry",2019,"CD_I998133","MIDFIELDER"
"Jacob","Allison",2019,"CD_I998268","MIDFIELDER"
"John","Noble",2019,"CD_I1000072","MEDIUM_DEFENDER"
"Max","Lynch",2019,"CD_I1000960","RUCK"
"Rupert","Wills",2019,"CD_I1001448","MIDFIELDER"
"Jaidyn","Stephenson",2019,"CD_I1002240","MEDIUM_FORWARD"
"Callum","Brown",2019,"CD_I1002770","MEDIUM_FORWARD"
"Brayden","Sier",2019,"CD_I1003029","MIDFIELDER"
"Sam","Murray",2019,"CD_I1003620","MEDIUM_DEFENDER"
"Flynn","Appleby",2019,"CD_I1005013","MEDIUM_DEFENDER"
"Josh","Daicos",2019,"CD_I1005054","MIDFIELDER"
"Nathan","Murphy",2019,"CD_I1005107","MEDIUM_DEFENDER"
"Isaac","Quaynor",2019,"CD_I1008089","MEDIUM_DEFENDER"
"Tyler","Brown",2019,"CD_I1008171","MIDFIELDER"
"William","Kelly",2019,"CD_I1008285","KEY_FORWARD"
"Atu","Bosenavulagi",2019,"CD_I1008288","MEDIUM_FORWARD"
"Jack","Madgen",2019,"CD_I1010841","KEY_DEFENDER"
"Mark","Keane",2019,"CD_I1013974","KEY_DEFENDER"
"Anton","Tohill",2019,"CD_I1013975","MEDIUM_FORWARD"
"Daniel","Wells",2019,"CD_I230232","MEDIUM_FORWARD"
"Ben","Reid",2019,"CD_I240232","KEY_FORWARD"
"Travis","Varcoe",2019,"CD_I250290","MEDIUM_FORWARD"
"Lynden","Dunn",2019,"CD_I250548","KEY_DEFENDER"
"Tyson","Goldsack",2019,"CD_I260246","KEY_DEFENDER"
"Scott","Pendlebury",2019,"CD_I260257","MIDFIELDER"
"Levi","Greenwood",2019,"CD_I270861","MEDIUM_DEFENDER"
"Dayne","Beams",2019,"CD_I271001","MIDFIELDER"
"Jordan","Roughead",2019,"CD_I280012","KEY_DEFENDER"
"Chris","Mayne",2019,"CD_I280416","MIDFIELDER"
"Steele","Sidebottom",2019,"CD_I280965","MIDFIELDER"
"Josh","Thomas",2019,"CD_I290289","MEDIUM_FORWARD"
"Jeremy","Howe",2019,"CD_I291313","KEY_DEFENDER"
"Will","Hoskin-Elliott",2019,"CD_I291720","MEDIUM_FORWARD"
"Taylor","Adams",2019,"CD_I291776","MIDFIELDER"
"Adam","Treloar",2019,"CD_I291790","MIDFIELDER"
"Brody","Mihocek",2019,"CD_I291849","KEY_FORWARD"
"Tim","Broomhead",2019,"CD_I293035","MIDFIELDER_FORWARD"
"Jamie","Elliott",2019,"CD_I293801","MEDIUM_FORWARD"
"Jack","Crisp",2019,"CD_I293871","MEDIUM_DEFENDER"
"Brodie","Grundy",2019,"CD_I293957","RUCK"
"Matthew","Scharenberg",2019,"CD_I295012","MEDIUM_DEFENDER"
"James","Aish",2019,"CD_I295067","MEDIUM_DEFENDER"
"Tom","Langdon",2019,"CD_I295444","MEDIUM_DEFENDER"
"Darcy","Moore",2019,"CD_I298288","KEY_DEFENDER"
"Brayden","Maynard",2019,"CD_I992010","MEDIUM_DEFENDER"
"Ben","Crocker",2019,"CD_I993796","MEDIUM_FORWARD"
"Jordan","De Goey",2019,"CD_I994185","MEDIUM_FORWARD"
"Tom","Phillips",2019,"CD_I996487","MIDFIELDER"
"Mason","Cox",2019,"CD_I998647","KEY_FORWARD"
"Jez","McLennan",2019,"CD_I1000044","MEDIUM_DEFENDER"
"Chris","Burgess",2019,"CD_I1000068","KEY_DEFENDER"
"Izak","Rankine",2019,"CD_I1001195","MEDIUM_FORWARD"
"Jacob","Heron",2019,"CD_I1002328","MEDIUM_FORWARD"
"Jacob","Dawson",2019,"CD_I1002331","MEDIUM_DEFENDER"
"Brayden","Crossley",2019,"CD_I1002350","KEY_FORWARD"
"Jack","Lukosius",2019,"CD_I1004095","MEDIUM_DEFENDER"
"Josh","Corbett",2019,"CD_I1005547","KEY_FORWARD"
"Caleb","Graham",2019,"CD_I1006087","KEY_DEFENDER"
"Mitch","Riordan",2019,"CD_I1006108","MIDFIELDER"
"Sam","Fletcher",2019,"CD_I1006110","MIDFIELDER"
"Ben","King",2019,"CD_I1006144","KEY_FORWARD"
"Connor","Nutting",2019,"CD_I1006241","MEDIUM_FORWARD"
"Wil","Powell",2019,"CD_I1007881","MIDFIELDER"
"Charlie","Ballard",2019,"CD_I1008882","KEY_DEFENDER"
"Jarrod","Harbrow",2019,"CD_I240254","MEDIUM_DEFENDER"
"Michael","Rischitelli",2019,"CD_I240712","MEDIUM_FORWARD"
"Pearce","Hanley",2019,"CD_I270512","MEDIUM_DEFENDER"
"Rory","Thompson",2019,"CD_I281075","KEY_DEFENDER"
"Aaron","Young",2019,"CD_I290546","MEDIUM_FORWARD"
"Anthony","Miles",2019,"CD_I290671","MIDFIELDER"
"Tom","Nicholls",2019,"CD_I290815","RUCK"
"David","Swallow",2019,"CD_I290832","MIDFIELDER"
"Sam","Day",2019,"CD_I291753","KEY_FORWARD"
"Jack","Hombsch",2019,"CD_I291964","KEY_DEFENDER"
"Jarrod","Witts",2019,"CD_I291975","RUCK"
"George","Horlin-Smith",2019,"CD_I293255","MEDIUM_DEFENDER"
"Sean","Lemmens",2019,"CD_I294013","MIDFIELDER_FORWARD"
"Alex","Sexton",2019,"CD_I294643","MEDIUM_FORWARD"
"Sam","Collins",2019,"CD_I295446","KEY_DEFENDER"
"Jordan","Murdoch",2019,"CD_I295942","MEDIUM_DEFENDER"
"Jack","Martin",2019,"CD_I296190","MIDFIELDER_FORWARD"
"Jack","Leslie",2019,"CD_I296322","KEY_DEFENDER"
"Nick","Holman",2019,"CD_I297456","MEDIUM_FORWARD"
"Harrison","Wigg",2019,"CD_I297729","MEDIUM_DEFENDER"
"Touk","Miller",2019,"CD_I298272","MIDFIELDER"
"Peter","Wright",2019,"CD_I298289","KEY_FORWARD"
"Callum","Ah Chee",2019,"CD_I298437","MIDFIELDER_FORWARD"
"Lachie","Weller",2019,"CD_I298524","MEDIUM_DEFENDER"
"Corey","Ellis",2019,"CD_I991953","MEDIUM_DEFENDER"
"Brayden","Fiorini",2019,"CD_I993799","MIDFIELDER"
"Jesse","Joyce",2019,"CD_I996064","MEDIUM_DEFENDER"
"Darcy","Macpherson",2019,"CD_I996464","MIDFIELDER_FORWARD"
"Will","Brodie",2019,"CD_I998129","MIDFIELDER"
"Ben","Ainsworth",2019,"CD_I998130","MIDFIELDER_FORWARD"
"Brad","Scheer",2019,"CD_I998257","MEDIUM_FORWARD"
"Jack","Bowes",2019,"CD_I998260","MIDFIELDER"
"Joshua","Schoenfeld",2019,"CD_I998511","MIDFIELDER"
"Harry","McKay",2019,"CD_I1000953","KEY_FORWARD"
"Jack","Silvagni",2019,"CD_I1001028","MEDIUM_FORWARD"
"Matthew","Kennedy",2019,"CD_I1001398","MEDIUM_FORWARD"
"Paddy","Dow",2019,"CD_I1002256","MIDFIELDER_FORWARD"
"Lochie","O'Brien",2019,"CD_I1002259","MIDFIELDER"
"Angus","Schumacher",2019,"CD_I1004767","KEY_DEFENDER"
"Tom","De Koning",2019,"CD_I1004912","RUCK"
"Sam","Walsh",2019,"CD_I1006094","MIDFIELDER"
"Matthew","Cottrell",2019,"CD_I1008154","MEDIUM_DEFENDER"
"Liam","Stocker",2019,"CD_I1008312","MEDIUM_DEFENDER"
"Finn","O'Dwyer",2019,"CD_I1011924","KEY_FORWARD"
"Ben","Silvagni",2019,"CD_I1011949","KEY_DEFENDER"
"Matthew","Owies",2019,"CD_I1013973","MEDIUM_FORWARD"
"Kade","Simpson",2019,"CD_I230202","MEDIUM_DEFENDER"
"Dale","Thomas",2019,"CD_I240359","MEDIUM_DEFENDER"
"Marc","Murphy",2019,"CD_I250105","MIDFIELDER"
"Matthew","Lobbe",2019,"CD_I261230","RUCK"
"Matthew","Kreuzer",2019,"CD_I261299","RUCK"
"Ed","Curnow",2019,"CD_I270146","MIDFIELDER"
"Liam","Jones",2019,"CD_I281078","KEY_DEFENDER"
"Levi","Casboult",2019,"CD_I281124","KEY_FORWARD"
"Alex","Fasolo",2019,"CD_I290821","MEDIUM_FORWARD"
"Tomas","Bugg",2019,"CD_I291802","MEDIUM_FORWARD"
"Andrew","Phillips",2019,"CD_I294068","RUCK"
"Lachie","Plowman",2019,"CD_I294624","MEDIUM_DEFENDER"
"Sam","Docherty",2019,"CD_I295518","MEDIUM_DEFENDER"
"Michael","Gibbons",2019,"CD_I296200","MEDIUM_FORWARD"
"Darcy","Lang",2019,"CD_I296439","MEDIUM_FORWARD"
"Mitch","McGovern",2019,"CD_I297255","KEY_FORWARD"
"Nic","Newman",2019,"CD_I297907","MEDIUM_DEFENDER"
"Caleb","Marchbank",2019,"CD_I298302","MEDIUM_DEFENDER"
"Hugh","Goddard",2019,"CD_I298316","KEY_DEFENDER"
"Josh","Deluca",2019,"CD_I298446","MEDIUM_FORWARD"
"Jarrod","Pickett",2019,"CD_I990423","MEDIUM_FORWARD"
"Jarrod","Garlett",2019,"CD_I990424","MEDIUM_DEFENDER"
"Patrick","Cripps",2019,"CD_I990704","MIDFIELDER"
"Kym","LeBois",2019,"CD_I992276","MEDIUM_FORWARD"
"David","Cuningham",2019,"CD_I993795","MEDIUM_FORWARD"
"Jacob","Weitering",2019,"CD_I993832","KEY_DEFENDER"
"Sam","Petrevski-Seton",2019,"CD_I994539","MEDIUM_DEFENDER"
"Charlie","Curnow",2019,"CD_I996731","KEY_FORWARD"
"Cam","Polson",2019,"CD_I998100","MEDIUM_FORWARD"
"Patrick","Kerr",2019,"CD_I998116","KEY_FORWARD"
"Thomas","Williamson",2019,"CD_I998167","MEDIUM_DEFENDER"
"Will","Setterfield",2019,"CD_I998215","MIDFIELDER"
"Harrison","Macreadie",2019,"CD_I998226","KEY_DEFENDER"
"Zac","Fisher",2019,"CD_I999827","MIDFIELDER_FORWARD"
"Thomas","Murphy",2019,"CD_I1000905","MEDIUM_DEFENDER"
"Nick","Larkey",2019,"CD_I1001017","KEY_FORWARD"
"Lachlan","Hosie",2019,"CD_I1001351","MEDIUM_FORWARD"
"Ben","McKay",2019,"CD_I1002143","KEY_DEFENDER"
"Luke","Davies-Uniacke",2019,"CD_I1002267","MIDFIELDER_FORWARD"
"Tristan","Xerri",2019,"CD_I1004965","RUCK"
"William","Walker",2019,"CD_I1005084","MEDIUM_FORWARD"
"Tarryn","Thomas",2019,"CD_I1005729","MEDIUM_FORWARD"
"Bailey","Scott",2019,"CD_I1006058","MIDFIELDER_FORWARD"
"Curtis","Taylor",2019,"CD_I1006137","MEDIUM_FORWARD"
"Joel","Crocker",2019,"CD_I1006138","MEDIUM_DEFENDER"
"Tom","McKenzie",2019,"CD_I1008261","MIDFIELDER"
"Red Og","Murphy",2019,"CD_I1014044","MEDIUM_FORWARD"
"Shaun","Higgins",2019,"CD_I260227","MIDFIELDER"
"Robbie","Tarrant",2019,"CD_I270325","KEY_DEFENDER"
"Todd","Goldstein",2019,"CD_I271129","RUCK"
"Sam","Wright",2019,"CD_I280864","MEDIUM_DEFENDER"
"Ben","Cunnington",2019,"CD_I280921","MIDFIELDER"
"Jack","Ziebell",2019,"CD_I280944","MIDFIELDER_FORWARD"
"Scott D.","Thompson",2019,"CD_I281395","KEY_DEFENDER"
"Jasper","Pittard",2019,"CD_I290156","MEDIUM_DEFENDER"
"Jamie","Macmillan",2019,"CD_I290194","MEDIUM_DEFENDER"
"Majak","Daw",2019,"CD_I290199","KEY_DEFENDER"
"Tom","Campbell",2019,"CD_I290246","RUCK"
"Jared","Polec",2019,"CD_I290738","MIDFIELDER"
"Shaun","Atley",2019,"CD_I290787","MEDIUM_DEFENDER"
"Ben","Jacobs",2019,"CD_I290802","MIDFIELDER"
"Dom","Tyson",2019,"CD_I291784","MIDFIELDER"
"Jed","Anderson",2019,"CD_I291861","MIDFIELDER"
"Ben","Brown",2019,"CD_I291867","KEY_FORWARD"
"Nathan","Hrovat",2019,"CD_I294556","MEDIUM_FORWARD"
"Marley","Williams",2019,"CD_I295256","MEDIUM_DEFENDER"
"Mason","Wood",2019,"CD_I295340","MEDIUM_FORWARD"
"Trent","Dumont",2019,"CD_I296035","MIDFIELDER"
"Taylor","Garner",2019,"CD_I296078","MEDIUM_FORWARD"
"Luke","McDonald",2019,"CD_I296355","MEDIUM_DEFENDER"
"Aaron","Hall",2019,"CD_I296735","MIDFIELDER"
"Sam","Durdin",2019,"CD_I297767","KEY_DEFENDER"
"Paul","Ahern",2019,"CD_I298271","MEDIUM_DEFENDER"
"Ed","Vickers-Willis",2019,"CD_I298287","MEDIUM_DEFENDER"
"Tom","Wilkinson",2019,"CD_I992076","MEDIUM_FORWARD"
"Kayne","Turner",2019,"CD_I992499","MEDIUM_FORWARD"
"Jy","Simpkin",2019,"CD_I993998","MIDFIELDER_FORWARD"
"Declan","Watson",2019,"CD_I998266","KEY_DEFENDER"
"Kyron","Hayden",2019,"CD_I998327","MIDFIELDER"
"Cameron","Zurhaar",2019,"CD_I998484","MEDIUM_FORWARD"
"Willem","Drew",2019,"CD_I1000972","MIDFIELDER"
"Connor","Rozee",2019,"CD_I1001299","MEDIUM_FORWARD"
"Sam","Hayes",2019,"CD_I1002248","RUCK"
"Kane","Farrell",2019,"CD_I1002253","MEDIUM_FORWARD"
"Tobin","Cox",2019,"CD_I1002355","MEDIUM_FORWARD"
"Jake","Patmore",2019,"CD_I1002392","MIDFIELDER_FORWARD"
"Kai","Pudney",2019,"CD_I1004716","MIDFIELDER"
"Riley","Grundy",2019,"CD_I1004829","KEY_DEFENDER"
"Todd","Marshall",2019,"CD_I1004998","KEY_FORWARD"
"Xavier","Duursma",2019,"CD_I1006096","MIDFIELDER"
"Zak","Butters",2019,"CD_I1006121","MEDIUM_FORWARD"
"Paddy","Ryder",2019,"CD_I250267","RUCK"
"Travis","Boak",2019,"CD_I250365","MIDFIELDER"
"Justin","Westhoff",2019,"CD_I260750","KEY_FORWARD"
"Robbie","Gray",2019,"CD_I261396","MIDFIELDER_FORWARD"
"Hamish","Hartlett",2019,"CD_I261892","MEDIUM_DEFENDER"
"Brad","Ebert",2019,"CD_I261911","MEDIUM_FORWARD"
"Tom","Rockliff",2019,"CD_I270919","MIDFIELDER"
"Matthew","Broadbent",2019,"CD_I271078","MEDIUM_DEFENDER"
"Jack","Trengove",2019,"CD_I280608","MIDFIELDER"
"Charlie","Dixon",2019,"CD_I280711","KEY_FORWARD"
"Jack","Watts",2019,"CD_I280972","KEY_DEFENDER"
"Steven","Motlop",2019,"CD_I280990","MEDIUM_FORWARD"
"Trent","McKenzie",2019,"CD_I290527","MEDIUM_DEFENDER"
"Sam","Gray",2019,"CD_I290722","MEDIUM_FORWARD"
"Cam","Sutcliffe",2019,"CD_I290733","MEDIUM_FORWARD"
"Scott","Lycett",2019,"CD_I290746","RUCK"
"Tom","Jonas",2019,"CD_I292145","KEY_DEFENDER"
"Sam","Mayes",2019,"CD_I293603","MIDFIELDER"
"Jarrod","Lienert",2019,"CD_I293987","MEDIUM_DEFENDER"
"Ollie","Wines",2019,"CD_I294318","MIDFIELDER"
"Tom","Clurey",2019,"CD_I294504","KEY_DEFENDER"
"Karl","Amon",2019,"CD_I297354","MIDFIELDER"
"Aidyn","Johnson",2019,"CD_I298430","MEDIUM_FORWARD"
"Billy","Frampton",2019,"CD_I991773","KEY_FORWARD"
"Darcy","Byrne-Jones",2019,"CD_I991930","MEDIUM_DEFENDER"
"Ryan","Burton",2019,"CD_I992128","MEDIUM_DEFENDER"
"Cameron","Hewett",2019,"CD_I992258","MEDIUM_DEFENDER"
"Dougal","Howard",2019,"CD_I993480","KEY_DEFENDER"
"Sam","Powell-Pepper",2019,"CD_I993979","MIDFIELDER_FORWARD"
"Dan","Houston",2019,"CD_I994295","MEDIUM_DEFENDER"
"Riley","Bonner",2019,"CD_I994599","MEDIUM_DEFENDER"
"Peter","Ladhams",2019,"CD_I997142","RUCK"
"Joe","Atley",2019,"CD_I998126","MIDFIELDER"
"Joel","Garner",2019,"CD_I998321","MEDIUM_DEFENDER"
"Martin","Frederick",2019,"CD_I999320","MEDIUM_DEFENDER"
"Boyd","Woodcock",2019,"CD_I999346","MEDIUM_FORWARD"
"Callum","Porter",2019,"CD_I1002383","MIDFIELDER"
"Aaron","Naughton",2019,"CD_I1002404","KEY_FORWARD"
"Patrick","Lipinski",2019,"CD_I1003130","MIDFIELDER_FORWARD"
"Tim","English",2019,"CD_I1004592","RUCK"
"Lachlan","Young",2019,"CD_I1004909","MEDIUM_DEFENDER"
"Laitham","Vandermeer",2019,"CD_I1005000","MEDIUM_DEFENDER"
"Rhylee","West",2019,"CD_I1006127","MEDIUM_FORWARD"
"Bailey","Smith",2019,"CD_I1006130","MIDFIELDER_FORWARD"
"Fergus","Greene",2019,"CD_I1006303","MEDIUM_FORWARD"
"Ed","Richards",2019,"CD_I1008280","MIDFIELDER_FORWARD"
"Dale","Morris",2019,"CD_I250712","KEY_DEFENDER"
"Matthew","Suckling",2019,"CD_I270732","MEDIUM_DEFENDER"
"Liam","Picken",2019,"CD_I271439","MIDFIELDER_FORWARD"
"Jackson","Trengove",2019,"CD_I280013","KEY_DEFENDER"
"Easton","Wood",2019,"CD_I281139","MEDIUM_DEFENDER"
"Sam","Lloyd",2019,"CD_I290073","MEDIUM_FORWARD"
"Taylor","Duryea",2019,"CD_I290085","MEDIUM_DEFENDER"
"Tom","Liberatore",2019,"CD_I290799","MIDFIELDER"
"Mitch","Wallis",2019,"CD_I291545","MIDFIELDER_FORWARD"
"Fletcher","Roberts",2019,"CD_I291814","KEY_DEFENDER"
"Hayden","Crozier",2019,"CD_I293651","MEDIUM_DEFENDER"
"Jason","Johannisen",2019,"CD_I294101","MEDIUM_DEFENDER"
"Lachie","Hunter",2019,"CD_I294557","MIDFIELDER"
"Caleb","Daniel",2019,"CD_I295136","MEDIUM_DEFENDER"
"Lin","Jong",2019,"CD_I295313","MIDFIELDER_FORWARD"
"Jack","Macrae",2019,"CD_I295467","MIDFIELDER"
"Tory","Dickson",2019,"CD_I295712","MEDIUM_FORWARD"
"Ben","Cavarra",2019,"CD_I296070","MEDIUM_FORWARD"
"Tom","Boyd",2019,"CD_I296367","RUCK"
"Marcus","Bontempelli",2019,"CD_I297373","MIDFIELDER"
"Billy","Gowers",2019,"CD_I298277","MEDIUM_FORWARD"
"Lukas","Webb",2019,"CD_I298307","MIDFIELDER"
"Zaine","Cordy",2019,"CD_I991939","KEY_DEFENDER"
"Will","Hayes",2019,"CD_I991976","MIDFIELDER"
"Roarke","Smith",2019,"CD_I992054","MIDFIELDER"
"Jordon","Sweet",2019,"CD_I992330","RUCK"
"Bailey","Williams",2019,"CD_I992351","MEDIUM_DEFENDER"
"Josh","Dunkley",2019,"CD_I993834","MIDFIELDER"
"Josh","Schache",2019,"CD_I993841","KEY_FORWARD"
"Brad","Lynch",2019,"CD_I994410","MEDIUM_DEFENDER"
"Toby","McLean",2019,"CD_I996483","MEDIUM_FORWARD"
"Bailey","Dale",2019,"CD_I996708","MEDIUM_FORWARD"
"Lewis","Young",2019,"CD_I997316","KEY_DEFENDER"
"Ryan","Gardner",2019,"CD_I997501","KEY_FORWARD"
"Buku","Khamis",2019,"CD_I998782","KEY_DEFENDER"
"Mitch","Lewis",2019,"CD_I1000887","KEY_FORWARD"
"James","Cousins",2019,"CD_I1000959","MIDFIELDER"
"Harry","Morrison",2019,"CD_I1000963","MIDFIELDER"
"Ned","Reeves",2019,"CD_I1001024","RUCK"
"Oliver","Hanrahan",2019,"CD_I1001043","MEDIUM_FORWARD"
"James","Worpel",2019,"CD_I1002222","MIDFIELDER"
"Mathew","Walker",2019,"CD_I1002590","MEDIUM_FORWARD"
"Conor","Glass",2019,"CD_I1003547","MEDIUM_DEFENDER"
"Jackson","Ross",2019,"CD_I1004919","KEY_FORWARD"
"Harry","Jones",2019,"CD_I1004991","MIDFIELDER"
"Jacob","Koschitzke",2019,"CD_I1006030","KEY_DEFENDER"
"Will","Golds",2019,"CD_I1006128","MIDFIELDER"
"Damon","Greaves",2019,"CD_I1006159","MEDIUM_DEFENDER"
"Dylan","Moore",2019,"CD_I1006314","MEDIUM_FORWARD"
"Conor","Nash",2019,"CD_I1007124","KEY_FORWARD"
"Shaun","Burgoyne",2019,"CD_I210012","MEDIUM_DEFENDER"
"Grant","Birchall",2019,"CD_I240302","MEDIUM_DEFENDER"
"Jarryd","Roughead",2019,"CD_I240357","KEY_FORWARD"
"James","Frawley",2019,"CD_I260288","KEY_DEFENDER"
"Paul","Puopolo",2019,"CD_I260710","MEDIUM_FORWARD"
"Tim","Mohr",2019,"CD_I261189","KEY_DEFENDER"
"Ben","McEvoy",2019,"CD_I261323","RUCK"
"Ben","Stratton",2019,"CD_I280471","MEDIUM_DEFENDER"
"Liam","Shiels",2019,"CD_I280737","MIDFIELDER"
"Luke","Breust",2019,"CD_I280744","MEDIUM_FORWARD"
"Tom","Scully",2019,"CD_I280969","MIDFIELDER"
"Ryan","Schoenmakers",2019,"CD_I281301","KEY_FORWARD"
"Will","Langford",2019,"CD_I290683","MEDIUM_FORWARD"
"Ricky","Henderson",2019,"CD_I291201","MIDFIELDER"
"Jonathon","Ceglar",2019,"CD_I291327","RUCK"
"David","Mirra",2019,"CD_I291334","MEDIUM_DEFENDER"
"Jack","Gunston",2019,"CD_I291351","KEY_FORWARD"
"Tom","Mitchell",2019,"CD_I291856","MIDFIELDER"
"Chad","Wingard",2019,"CD_I291962","MIDFIELDER_FORWARD"
"Jaeger","O'Meara",2019,"CD_I294613","MIDFIELDER"
"Isaac","Smith",2019,"CD_I294877","MIDFIELDER"
"Kaiden","Brand",2019,"CD_I295156","KEY_DEFENDER"
"Tim","O'Brien",2019,"CD_I296041","KEY_DEFENDER"
"Jarman","Impey",2019,"CD_I296254","MEDIUM_DEFENDER"
"Darren","Minchington",2019,"CD_I296452","MEDIUM_FORWARD"
"James","Sicily",2019,"CD_I297566","KEY_DEFENDER"
"Marc","Pittonet",2019,"CD_I298290","RUCK"
"Teia","Miles",2019,"CD_I992018","MEDIUM_DEFENDER"
"Daniel","Howe",2019,"CD_I992462","MIDFIELDER"
"Blake","Hardwick",2019,"CD_I993794","MEDIUM_DEFENDER"
"Jack","Scrimshaw",2019,"CD_I998114","MEDIUM_DEFENDER"
"Changkuoth","Jiath",2019,"CD_I998390","MEDIUM_DEFENDER"
"Jack","Henry",2019,"CD_I1000937","MEDIUM_DEFENDER"
"Esava","Ratugolea",2019,"CD_I1002220","KEY_FORWARD"
"Lachie","Fogarty",2019,"CD_I1002228","MIDFIELDER"
"Charlie","Constable",2019,"CD_I1002242","MIDFIELDER"
"Jacob","Kennerley",2019,"CD_I1004681","MIDFIELDER"
"Zach","Guthrie",2019,"CD_I1004870","MEDIUM_DEFENDER"
"Gryan","Miers",2019,"CD_I1004938","MEDIUM_FORWARD"
"Sam","Simpson",2019,"CD_I1004940","MIDFIELDER"
"Ryan","Abbott",2019,"CD_I1005530","RUCK"
"Oscar","Brownless",2019,"CD_I1006101","MEDIUM_DEFENDER"
"Jordan","Clark",2019,"CD_I1006152","MIDFIELDER"
"Mark","O'Connor",2019,"CD_I1007102","MEDIUM_DEFENDER"
"Blake","Schlensog",2019,"CD_I1008202","KEY_FORWARD"
"Ben","Jarvis",2019,"CD_I1008940","MEDIUM_DEFENDER"
"Stefan","Okunbor",2019,"CD_I1013977","MEDIUM_DEFENDER"
"Gary","Ablett",2019,"CD_I220001","MEDIUM_FORWARD"
"Joel","Selwood",2019,"CD_I250321","MIDFIELDER"
"Harry","Taylor",2019,"CD_I261497","KEY_DEFENDER"
"Tom","Hawkins",2019,"CD_I261510","KEY_FORWARD"
"Lachie","Henderson",2019,"CD_I270326","KEY_DEFENDER"
"Patrick","Dangerfield",2019,"CD_I270917","MIDFIELDER"
"Scott","Selwood",2019,"CD_I270928","MIDFIELDER"
"Rhys","Stanley",2019,"CD_I280317","RUCK"
"Zac","Smith",2019,"CD_I280722","RUCK"
"Mitch","Duncan",2019,"CD_I281065","MIDFIELDER"
"Cameron","Guthrie",2019,"CD_I290550","MIDFIELDER"
"Gary","Rohan",2019,"CD_I291357","MEDIUM_FORWARD"
"Luke","Dahlhaus",2019,"CD_I291526","MEDIUM_FORWARD"
"Tom","Stewart",2019,"CD_I291800","MEDIUM_DEFENDER"
"Zach","Tuohy",2019,"CD_I292511","MEDIUM_DEFENDER"
"Jed","Bews",2019,"CD_I293883","MEDIUM_DEFENDER"
"Sam","Menegola",2019,"CD_I294199","MIDFIELDER"
"Tim","Kelly",2019,"CD_I295898","MIDFIELDER"
"Jake","Kolodjashnij",2019,"CD_I296291","MEDIUM_DEFENDER"
"Mark","Blicavs",2019,"CD_I296733","KEY_DEFENDER"
"Darcy","Fort",2019,"CD_I298211","KEY_FORWARD"
"Jordan","Cunico",2019,"CD_I298305","MEDIUM_DEFENDER"
"Nakia","Cockatoo",2019,"CD_I298336","MIDFIELDER_FORWARD"
"Brandan","Parfitt",2019,"CD_I298419","MIDFIELDER_FORWARD"
"James","Parsons",2019,"CD_I993798","MIDFIELDER"
"Tom","Atkins",2019,"CD_I994386","MEDIUM_FORWARD"
"Nathan","Kreuger",2019,"CD_I997254","KEY_FORWARD"
"Wylie","Buzza",2019,"CD_I997770","KEY_FORWARD"
"Jamaine","Jones",2019,"CD_I998791","MEDIUM_FORWARD"
"Jake","Tarca",2019,"CD_I999382","MEDIUM_FORWARD"
"Quinton","Narkle",2019,"CD_I999824","MIDFIELDER"
"Matthew","Parker",2019,"CD_I1000267","MEDIUM_FORWARD"
"Ed","Phillips",2019,"CD_I1002213","MIDFIELDER"
"Hunter","Clark",2019,"CD_I1002264","MEDIUM_DEFENDER"
"Oscar","Clavarino",2019,"CD_I1002266","KEY_DEFENDER"
"Jack","Bytel",2019,"CD_I1002922","MIDFIELDER"
"Darragh","Joyce",2019,"CD_I1003520","KEY_DEFENDER"
"Jack","Mayo",2019,"CD_I1004360","KEY_FORWARD"
"Ben","Paton",2019,"CD_I1004985","MEDIUM_DEFENDER"
"Doulton","Langlands",2019,"CD_I1004989","MIDFIELDER"
"Nick","Coffield",2019,"CD_I1005717","MEDIUM_DEFENDER"
"Max","King",2019,"CD_I1006143","KEY_FORWARD"
"Sam","Alabakis",2019,"CD_I1013976","RUCK"
"David","Armitage",2019,"CD_I250340","MEDIUM_DEFENDER"
"Jarryn","Geary",2019,"CD_I260113","MEDIUM_DEFENDER"
"Samuel","Rowe",2019,"CD_I260278","KEY_FORWARD"
"Nathan","Brown",2019,"CD_I260310","KEY_DEFENDER"
"Jack","Steven",2019,"CD_I270912","MIDFIELDER_FORWARD"
"Shane","Savage",2019,"CD_I280858","MEDIUM_DEFENDER"
"Dylan","Roberton",2019,"CD_I280933","MEDIUM_DEFENDER"
"Dan","Hannebery",2019,"CD_I290117","MIDFIELDER"
"Jake","Carlisle",2019,"CD_I290641","KEY_DEFENDER"
"Jimmy","Webster",2019,"CD_I290757","MEDIUM_DEFENDER"
"Josh","Bruce",2019,"CD_I291492","KEY_FORWARD"
"Jack","Newnes",2019,"CD_I291773","MIDFIELDER"
"Billy","Longer",2019,"CD_I291828","RUCK"
"Sebastian","Ross",2019,"CD_I293846","MIDFIELDER"
"Luke","Dunstan",2019,"CD_I294429","MIDFIELDER"
"Dean","Kent",2019,"CD_I294570","MEDIUM_FORWARD"
"Tim","Membrey",2019,"CD_I294596","KEY_FORWARD"
"Lewis","Pierce",2019,"CD_I294621","RUCK"
"Robert","Young",2019,"CD_I295015","MEDIUM_FORWARD"
"Jack","Steele",2019,"CD_I296205","MIDFIELDER"
"Blake","Acres",2019,"CD_I296294","MIDFIELDER_FORWARD"
"Jack","Billings",2019,"CD_I296351","MIDFIELDER"
"Callum","Wilkie",2019,"CD_I296422","KEY_DEFENDER"
"Nick","Hind",2019,"CD_I297452","MEDIUM_FORWARD"
"Logan","Austin",2019,"CD_I298091","KEY_DEFENDER"
"Daniel","McKenzie",2019,"CD_I298265","MEDIUM_DEFENDER"
"Paddy","McCartin",2019,"CD_I298312","KEY_FORWARD"
"Jade","Gresham",2019,"CD_I298421","MIDFIELDER_FORWARD"
"Jono","Marsh",2019,"CD_I990548","KEY_DEFENDER"
"Jack","Lonie",2019,"CD_I992000","MEDIUM_FORWARD"
"Rowan","Marshall",2019,"CD_I992468","RUCK"
"Brandon","White",2019,"CD_I993821","MEDIUM_FORWARD"
"Ben","Long",2019,"CD_I993917","MEDIUM_FORWARD"
"Jack","Sinclair",2019,"CD_I994389","MIDFIELDER_FORWARD"
"Bailey","Rice",2019,"CD_I996716","MEDIUM_FORWARD"
"Josh","Battle",2019,"CD_I998134","KEY_DEFENDER"
"Jordan","Houlahan",2019,"CD_I1000057","MEDIUM_FORWARD"
"Jordan","Ridley",2019,"CD_I1001026","MEDIUM_DEFENDER"
"Brandon","Zerk-Thatcher",2019,"CD_I1004034","KEY_DEFENDER"
"Trent","Mynott",2019,"CD_I1004917","MIDFIELDER"
"Sam","Draper",2019,"CD_I1005577","RUCK"
"Joshua","Begley",2019,"CD_I1005721","MEDIUM_FORWARD"
"Irving","Mosquito",2019,"CD_I1006097","MEDIUM_FORWARD"
"Brayden","Ham",2019,"CD_I1008190","MIDFIELDER_FORWARD"
"Luke","Lavender",2019,"CD_I1010816","KEY_FORWARD"
"Noah","Gown",2019,"CD_I1011864","KEY_FORWARD"
"David","Myers",2019,"CD_I261314","MIDFIELDER_FORWARD"
"Tom","Bellchambers",2019,"CD_I261320","RUCK"
"Cale","Hooker",2019,"CD_I270588","KEY_DEFENDER"
"Michael","Hurley",2019,"CD_I270935","KEY_DEFENDER"
"David","Zaharakis",2019,"CD_I270951","MIDFIELDER"
"Shaun","McKernan",2019,"CD_I280038","KEY_FORWARD"
"Zac","Clarke",2019,"CD_I290251","RUCK"
"Mitch","Brown",2019,"CD_I290622","KEY_FORWARD"
"Dyson","Heppell",2019,"CD_I290629","MIDFIELDER"
"Devon","Smith",2019,"CD_I291771","MIDFIELDER_FORWARD"
"Dylan","Shiel",2019,"CD_I291783","MIDFIELDER"
"Matt","Dea",2019,"CD_I292025","MEDIUM_DEFENDER"
"Jake","Stringer",2019,"CD_I293884","MEDIUM_FORWARD"
"Michael","Hartley",2019,"CD_I294077","KEY_DEFENDER"
"Anthony","McDonald-Tipungwuti",2019,"CD_I294092","MEDIUM_FORWARD"
"Ben","McNiece",2019,"CD_I294339","MEDIUM_DEFENDER"
"Joe","Daniher",2019,"CD_I294518","KEY_FORWARD"
"James","Stewart",2019,"CD_I294654","KEY_FORWARD"
"Mark","Baguley",2019,"CD_I294798","MEDIUM_FORWARD"
"Adam","Saad",2019,"CD_I295461","MEDIUM_DEFENDER"
"Patrick","Ambrose",2019,"CD_I295599","KEY_DEFENDER"
"Orazio","Fantasia",2019,"CD_I296334","MEDIUM_FORWARD"
"Martin","Gleeson",2019,"CD_I297438","MEDIUM_DEFENDER"
"Jayden","Laverde",2019,"CD_I298280","KEY_FORWARD"
"Jake","Long",2019,"CD_I298347","MEDIUM_DEFENDER"
"Kyle","Langford",2019,"CD_I298630","MIDFIELDER_FORWARD"
"Will","Snelling",2019,"CD_I990606","MEDIUM_FORWARD"
"Aaron","Francis",2019,"CD_I990816","KEY_DEFENDER"
"Zach","Merrett",2019,"CD_I992016","MIDFIELDER"
"Darcy","Parish",2019,"CD_I993817","MIDFIELDER_FORWARD"
"Tom","Jok",2019,"CD_I994073","MIDFIELDER"
"Matt","Guelfi",2019,"CD_I996232","MIDFIELDER"
"Mason","Redman",2019,"CD_I997078","MEDIUM_DEFENDER"
"Conor","McKenna",2019,"CD_I997846","MEDIUM_DEFENDER"
"Andrew","McGrath",2019,"CD_I998102","MIDFIELDER"
"Dylan","Clarke",2019,"CD_I998109","MIDFIELDER"
"Kobe","Mutch",2019,"CD_I998212","MIDFIELDER"
"Toby","Pink",2019,"CD_I1002138","KEY_DEFENDER"
"James","Bell",2019,"CD_I1002291","MIDFIELDER_FORWARD"
"Durak","Tucker",2019,"CD_I1002592","MEDIUM_DEFENDER"
"Hayden","McLean",2019,"CD_I1003203","RUCK"
"Ben","Ronke",2019,"CD_I1004880","MEDIUM_FORWARD"
"Matthew","Ling",2019,"CD_I1004949","MEDIUM_DEFENDER"
"Nick","Blakey",2019,"CD_I1006028","KEY_FORWARD"
"James","Rowbottom",2019,"CD_I1006126","MIDFIELDER_FORWARD"
"Sam","Wicks",2019,"CD_I1006232","MIDFIELDER"
"Ryley","Stoddart",2019,"CD_I1008080","MEDIUM_DEFENDER"
"Joel","Amartey",2019,"CD_I1008091","RUCK"
"Cody","Hirst",2019,"CD_I1008163","MIDFIELDER_FORWARD"
"Tom","McCartin",2019,"CD_I1008198","KEY_FORWARD"
"Zac","Foot",2019,"CD_I1011791","MIDFIELDER_FORWARD"
"Justin","McInerney",2019,"CD_I1011936","MIDFIELDER"
"Michael","Knoll",2019,"CD_I1012101","RUCK"
"Harry","Reynolds",2019,"CD_I1013624","MEDIUM_DEFENDER"
"Jarrad","McVeigh",2019,"CD_I230253","MEDIUM_DEFENDER"
"Heath","Grundy",2019,"CD_I240072","KEY_DEFENDER"
"Kieren","Jack",2019,"CD_I240226","MEDIUM_FORWARD"
"Lance","Franklin",2019,"CD_I240399","KEY_FORWARD"
"Nick","Smith",2019,"CD_I250338","MEDIUM_DEFENDER"
"Josh P.","Kennedy",2019,"CD_I260382","MIDFIELDER"
"Kurt","Tippett",2019,"CD_I270742","KEY_FORWARD"
"Sam","Reid",2019,"CD_I290188","KEY_FORWARD"
"Dane","Rampe",2019,"CD_I290307","KEY_DEFENDER"
"Luke","Parker",2019,"CD_I290778","MIDFIELDER"
"Daniel","Menzel",2019,"CD_I291307","MEDIUM_FORWARD"
"Robbie","Fox",2019,"CD_I291848","MEDIUM_DEFENDER"
"Harry","Cunningham",2019,"CD_I291978","MEDIUM_DEFENDER"
"George","Hewett",2019,"CD_I294036","MIDFIELDER"
"Aliir","Aliir",2019,"CD_I294469","KEY_DEFENDER"
"Jackson","Thurlow",2019,"CD_I294663","MEDIUM_DEFENDER"
"Callum","Sinclair",2019,"CD_I294737","RUCK"
"Jake","Lloyd",2019,"CD_I295342","MEDIUM_DEFENDER"
"James","Rose",2019,"CD_I297107","MEDIUM_FORWARD"
"Sam","Naismith",2019,"CD_I298144","RUCK"
"Isaac","Heeney",2019,"CD_I298539","MIDFIELDER_FORWARD"
"Darcy","Cameron",2019,"CD_I990291","RUCK"
"Zak","Jones",2019,"CD_I991988","MIDFIELDER"
"Jordan","Dawson",2019,"CD_I992242","MEDIUM_DEFENDER"
"Callum","Mills",2019,"CD_I993905","MEDIUM_DEFENDER"
"Ryan","Clarke",2019,"CD_I996442","MIDFIELDER"
"Lewis","Melican",2019,"CD_I996743","KEY_DEFENDER"
"Tom","Papley",2019,"CD_I996765","MEDIUM_FORWARD"
"Will","Hayward",2019,"CD_I997100","MEDIUM_FORWARD"
"Colin","O'Riordan",2019,"CD_I997842","MEDIUM_DEFENDER"
"Oliver","Florent",2019,"CD_I998103","MIDFIELDER"
"Jack","Maibaum",2019,"CD_I998662","KEY_DEFENDER"
"Lachie","Schultz",2019,"CD_I1000860","MEDIUM_FORWARD"
"Lloyd","Meek",2019,"CD_I1000980","RUCK"
"Andrew","Brayshaw",2019,"CD_I1002232","MIDFIELDER_FORWARD"
"Adam","Cerra",2019,"CD_I1002239","MEDIUM_DEFENDER"
"Mitch","Crowden",2019,"CD_I1002353","MEDIUM_FORWARD"
"Stefan","Giro",2019,"CD_I1002354","MIDFIELDER"
"Hugh","Dixon",2019,"CD_I1002372","KEY_FORWARD"
"Tom","North",2019,"CD_I1003132","MIDFIELDER"
"Tobe","Watson",2019,"CD_I1004437","KEY_DEFENDER"
"Luke","Valente",2019,"CD_I1004850","MIDFIELDER"
"Dillon","O'Reilly",2019,"CD_I1005831","KEY_DEFENDER"
"Jason","Carter",2019,"CD_I1006151","MEDIUM_DEFENDER"
"Sam","Sturt",2019,"CD_I1013611","MEDIUM_FORWARD"
"Aaron","Sandilands",2019,"CD_I220096","RUCK"
"David","Mundy",2019,"CD_I240052","MIDFIELDER"
"Hayden","Ballantyne",2019,"CD_I260069","MEDIUM_FORWARD"
"Stephen","Hill",2019,"CD_I280336","MEDIUM_FORWARD"
"Travis","Colyer",2019,"CD_I280988","MEDIUM_FORWARD"
"Michael","Walters",2019,"CD_I281007","MIDFIELDER_FORWARD"
"Brandon","Matera",2019,"CD_I290817","MEDIUM_FORWARD"
"Reece","Conca",2019,"CD_I290823","MIDFIELDER"
"Nat","Fyfe",2019,"CD_I291570","MIDFIELDER"
"Harley","Bennell",2019,"CD_I291594","MIDFIELDER"
"Shane","Kersten",2019,"CD_I291949","KEY_DEFENDER"
"Matt","Taberner",2019,"CD_I293854","KEY_FORWARD"
"Nathan","Wilson",2019,"CD_I294125","MEDIUM_DEFENDER"
"Joel","Hamling",2019,"CD_I295222","KEY_DEFENDER"
"Bradley","Hill",2019,"CD_I295584","MIDFIELDER"
"Scott","Jones",2019,"CD_I296317","RUCK"
"Jesse","Hogan",2019,"CD_I296324","KEY_FORWARD"
"Brett","Bewley",2019,"CD_I296371","MEDIUM_FORWARD"
"Ed","Langdon",2019,"CD_I298264","MIDFIELDER"
"Ryan","Nyhuis",2019,"CD_I298352","MEDIUM_DEFENDER"
"Alex","Pearce",2019,"CD_I298409","KEY_DEFENDER"
"Connor","Blakely",2019,"CD_I298450","MEDIUM_DEFENDER"
"Rory","Lobb",2019,"CD_I990740","RUCK"
"Sam","Switkowski",2019,"CD_I992059","MEDIUM_FORWARD"
"Darcy","Tucker",2019,"CD_I993816","MIDFIELDER_FORWARD"
"Cam","McCarthy",2019,"CD_I995192","KEY_FORWARD"
"Ethan","Hughes",2019,"CD_I996580","MEDIUM_DEFENDER"
"Brennan","Cox",2019,"CD_I997033","KEY_FORWARD"
"Griffin","Logue",2019,"CD_I997933","KEY_DEFENDER"
"Taylin","Duman",2019,"CD_I998115","MEDIUM_DEFENDER"
"Sean","Darcy",2019,"CD_I998145","RUCK"
"Bailey","Banfield",2019,"CD_I998180","MEDIUM_FORWARD"
"Luke","Ryan",2019,"CD_I998659","MEDIUM_DEFENDER"
"Isaac","Cumming",2019,"CD_I1001396","MEDIUM_DEFENDER"
"Brent","Daniels",2019,"CD_I1002251","MEDIUM_FORWARD"
"Nicholas","Shipley",2019,"CD_I1002296","MIDFIELDER"
"Zac","Langdon",2019,"CD_I1004286","MEDIUM_FORWARD"
"Aiden","Bonar",2019,"CD_I1004894","MIDFIELDER_FORWARD"
"Sam","Taylor",2019,"CD_I1005247","KEY_DEFENDER"
"Jye","Caldwell",2019,"CD_I1006103","MIDFIELDER"
"Xavier","O'Halloran",2019,"CD_I1006135","MIDFIELDER"
"Bobby","Hill",2019,"CD_I1006148","MEDIUM_FORWARD"
"Jake","Stein",2019,"CD_I1007238","KEY_DEFENDER"
"Connor","Idun",2019,"CD_I1008083","MEDIUM_DEFENDER"
"Kieren","Briggs",2019,"CD_I1008436","KEY_FORWARD"
"Jack","Buckley",2019,"CD_I1009708","MIDFIELDER"
"Callum","Brown",2019,"CD_I1014038","MEDIUM_DEFENDER"
"Brett","Deledio",2019,"CD_I240336","MEDIUM_FORWARD"
"Heath","Shaw",2019,"CD_I240700","MEDIUM_DEFENDER"
"Sam","Reid",2019,"CD_I261374","MEDIUM_DEFENDER"
"Dawson","Simpson",2019,"CD_I270340","RUCK"
"Matt","de Boer",2019,"CD_I271015","MIDFIELDER"
"Callan","Ward",2019,"CD_I280109","MIDFIELDER"
"Shane","Mumford",2019,"CD_I280762","RUCK"
"Phil","Davis",2019,"CD_I280804","KEY_DEFENDER"
"Lachlan","Keeffe",2019,"CD_I290314","KEY_DEFENDER"
"Daniel","Lloyd",2019,"CD_I290675","MEDIUM_FORWARD"
"Adam","Kennedy",2019,"CD_I291509","MEDIUM_DEFENDER"
"Dylan","Buckley",2019,"CD_I291777","MEDIUM_FORWARD"
"Tommy","Sheridan",2019,"CD_I291792","MIDFIELDER"
"Matthew","Buntine",2019,"CD_I291797","MEDIUM_DEFENDER"
"Adam","Tomlinson",2019,"CD_I291819","MIDFIELDER"
"Jonathon","Patton",2019,"CD_I291821","KEY_FORWARD"
"Stephen","Coniglio",2019,"CD_I291969","MIDFIELDER"
"Jeremy","Cameron",2019,"CD_I293845","KEY_FORWARD"
"Lachie","Whitfield",2019,"CD_I294305","MIDFIELDER_FORWARD"
"Aidan","Corr",2019,"CD_I294508","KEY_DEFENDER"
"Zac","Williams",2019,"CD_I294685","MEDIUM_DEFENDER"
"Nick","Haynes",2019,"CD_I295265","MEDIUM_DEFENDER"
"Toby","Greene",2019,"CD_I295344","MEDIUM_FORWARD"
"Josh","Kelly",2019,"CD_I296347","MIDFIELDER"
"Jeremy","Finlayson",2019,"CD_I298111","KEY_FORWARD"
"Harry","Himmelberg",2019,"CD_I993107","KEY_FORWARD"
"Matt","Flynn",2019,"CD_I993902","RUCK"
"Jacob","Hopper",2019,"CD_I993903","MIDFIELDER"
"Tim","Taranto",2019,"CD_I998172","MIDFIELDER"
"Harry","Perryman",2019,"CD_I998205","MIDFIELDER"
"Zachary","Sproule",2019,"CD_I998225","KEY_FORWARD"
"Jackson","Hately",2019,"CD_I999309","MIDFIELDER"
"Callum","Coleman-Jones",2019,"CD_I1000061","RUCK"
"Liam","Baker",2019,"CD_I1000223","MEDIUM_DEFENDER"
"Daniel","Rioli",2019,"CD_I1000981","MEDIUM_FORWARD"
"Jack","Higgins",2019,"CD_I1002227","MEDIUM_FORWARD"
"Patrick","Naish",2019,"CD_I1002231","MIDFIELDER"
"Noah","Balta",2019,"CD_I1002245","RUCK"
"Ben","Miller",2019,"CD_I1002403","KEY_DEFENDER"
"Sydney","Stack",2019,"CD_I1002583","MEDIUM_DEFENDER"
"Jack","Ross",2019,"CD_I1006133","MIDFIELDER"
"Fraser","Turner",2019,"CD_I1006208","MIDFIELDER"
"Derek","Eggmolesse-Smith",2019,"CD_I1006276","MEDIUM_DEFENDER"
"Luke","English",2019,"CD_I1006536","MIDFIELDER_FORWARD"
"Riley","Collier-Dawkins",2019,"CD_I1008297","MIDFIELDER"
"Shaun","Grigg",2019,"CD_I250298","MIDFIELDER"
"Bachar","Houli",2019,"CD_I250312","MEDIUM_DEFENDER"
"Jack","Riewoldt",2019,"CD_I250395","KEY_FORWARD"
"Shane","Edwards",2019,"CD_I260930","MEDIUM_DEFENDER"
"Alex","Rance",2019,"CD_I261362","KEY_DEFENDER"
"Trent","Cotchin",2019,"CD_I270896","MIDFIELDER"
"Dylan","Grimes",2019,"CD_I280819","KEY_DEFENDER"
"Maverick","Weller",2019,"CD_I281024","MEDIUM_FORWARD"
"Kane","Lambert",2019,"CD_I290032","MEDIUM_FORWARD"
"David","Astbury",2019,"CD_I290198","KEY_DEFENDER"
"Josh","Caddy",2019,"CD_I290623","MIDFIELDER_FORWARD"
"Dion","Prestia",2019,"CD_I290627","MIDFIELDER"
"Dustin","Martin",2019,"CD_I290847","MIDFIELDER_FORWARD"
"Jacob","Townsend",2019,"CD_I291891","MEDIUM_FORWARD"
"Brandon","Ellis",2019,"CD_I293713","MIDFIELDER"
"Tom","Lynch",2019,"CD_I293813","KEY_FORWARD"
"Kamdyn","McIntosh",2019,"CD_I294592","MIDFIELDER"
"Nick","Vlastuin",2019,"CD_I294674","MEDIUM_DEFENDER"
"Nathan","Broad",2019,"CD_I295203","MEDIUM_DEFENDER"
"Toby","Nankervis",2019,"CD_I298174","RUCK"
"Oleg","Markov",2019,"CD_I298358","MIDFIELDER"
"Jack","Graham",2019,"CD_I990827","MIDFIELDER"
"Jason","Castagna",2019,"CD_I991933","MEDIUM_FORWARD"
"Connor","Menadue",2019,"CD_I992015","MEDIUM_DEFENDER"
"Jayden","Short",2019,"CD_I992049","MEDIUM_DEFENDER"
"Dan","Butler",2019,"CD_I992374","MEDIUM_FORWARD"
"Jake","Aarts",2019,"CD_I992786","MEDIUM_FORWARD"
"Marlion","Pickett",2019,"CD_I993771","MIDFIELDER"
"Shai","Bolton",2019,"CD_I993993","MEDIUM_FORWARD"
"Mabior","Chol",2019,"CD_I994077","RUCK"
"Ryan","Garthwaite",2019,"CD_I998218","KEY_DEFENDER"
"Ivan","Soldo",2019,"CD_I998529","RUCK"
"Callum","Moore",2019,"CD_I998569","KEY_FORWARD"
"Bayley","Fritsch",2019,"CD_I1001438","MEDIUM_DEFENDER"
"Mitch","Hannan",2019,"CD_I1001449","MEDIUM_FORWARD"
"Charlie","Spargo",2019,"CD_I1002282","MEDIUM_FORWARD"
"Joel","Smith",2019,"CD_I1003546","MEDIUM_DEFENDER"
"Aaron","Nietschke",2019,"CD_I1004695","MIDFIELDER"
"Kade","Chandler",2019,"CD_I1005330","MEDIUM_FORWARD"
"Kyle","Dunkley",2019,"CD_I1006106","MIDFIELDER"
"Corey","Maynard",2019,"CD_I1007125","MIDFIELDER"
"Toby","Bedford",2019,"CD_I1008139","MEDIUM_FORWARD"
"Oskar","Baker",2019,"CD_I1008855","MIDFIELDER"
"Harrison","Petty",2019,"CD_I1008893","KEY_FORWARD"
"James","Jordon",2019,"CD_I1013409","MIDFIELDER"
"Austin","Bradtke",2019,"CD_I1014081","RUCK"
"Guy","Walker",2019,"CD_I1014082","MEDIUM_DEFENDER"
"Jordan","Lewis",2019,"CD_I250089","MIDFIELDER_FORWARD"
"Nathan","Jones",2019,"CD_I250222","MEDIUM_DEFENDER"
"Jeff","Garlett",2019,"CD_I270653","MEDIUM_FORWARD"
"Jake","Melksham",2019,"CD_I280824","MEDIUM_FORWARD"
"Steven","May",2019,"CD_I281085","KEY_DEFENDER"
"Neville","Jetta",2019,"CD_I281280","MEDIUM_DEFENDER"
"Michael","Hibberd",2019,"CD_I290160","MEDIUM_DEFENDER"
"Max","Gawn",2019,"CD_I290528","RUCK"
"Tom","McDonald",2019,"CD_I291533","KEY_FORWARD"
"Jack","Viney",2019,"CD_I291902","MIDFIELDER"
"Sam","Frost",2019,"CD_I293738","KEY_DEFENDER"
"Josh","Wagner",2019,"CD_I294675","MEDIUM_DEFENDER"
"Tim","Smith",2019,"CD_I294823","KEY_FORWARD"
"Kade","Kolodjashnij",2019,"CD_I296209","MIDFIELDER"
"Jay","Kennedy Harris",2019,"CD_I296343","MIDFIELDER"
"Christian","Salem",2019,"CD_I296359","MEDIUM_DEFENDER"
"Alex","Neal-Bullen",2019,"CD_I296420","MEDIUM_FORWARD"
"Billy","Stretch",2019,"CD_I297139","MIDFIELDER"
"James","Harmes",2019,"CD_I297899","MIDFIELDER"
"Aaron","vandenBerg",2019,"CD_I297990","MIDFIELDER_FORWARD"
"Christian","Petracca",2019,"CD_I298210","MEDIUM_FORWARD"
"Angus","Brayshaw",2019,"CD_I298279","MIDFIELDER"
"Jake","Lever",2019,"CD_I298281","KEY_DEFENDER"
"Jay","Lockhart",2019,"CD_I298390","MEDIUM_FORWARD"
"Declan","Keilty",2019,"CD_I992465","KEY_FORWARD"
"Oscar","McDonald",2019,"CD_I992472","KEY_DEFENDER"
"Braydon","Preuss",2019,"CD_I992644","RUCK"
"Sam","Weideman",2019,"CD_I993806","KEY_FORWARD"
"Corey","Wagner",2019,"CD_I993940","MIDFIELDER_FORWARD"
"Jayden","Hunt",2019,"CD_I994385","MEDIUM_FORWARD"
"Marty","Hore",2019,"CD_I996692","MEDIUM_DEFENDER"
"Clayton","Oliver",2019,"CD_I996701","MIDFIELDER"
"Tom","Sparrow",2019,"CD_I999391","MEDIUM_FORWARD"
"Jarrod","Brander",2019,"CD_I1002300","KEY_FORWARD"
"Brayden","Ainsworth",2019,"CD_I1004356","MIDFIELDER"
"Liam","Ryan",2019,"CD_I1004364","MEDIUM_FORWARD"
"Oscar","Allen",2019,"CD_I1004385","KEY_FORWARD"
"Luke","Foley",2019,"CD_I1005599","MEDIUM_DEFENDER"
"Jarrod","Cameron",2019,"CD_I1005793","MEDIUM_FORWARD"
"Bailey J.","Williams",2019,"CD_I1006114","RUCK"
"Jack","Petruccelle",2019,"CD_I1006550","MEDIUM_FORWARD"
"Xavier","O'Neill",2019,"CD_I1008282","MIDFIELDER"
"Harry","Edwards",2019,"CD_I1011437","KEY_DEFENDER"
"Patrick","Bines",2019,"CD_I1013948","KEY_FORWARD"
"Brodie","Riach",2019,"CD_I1013949","MEDIUM_DEFENDER"
"Shannon","Hurn",2019,"CD_I240283","MEDIUM_DEFENDER"
"Josh J.","Kennedy",2019,"CD_I240406","KEY_FORWARD"
"Will","Schofield",2019,"CD_I261214","KEY_DEFENDER"
"Chris","Masten",2019,"CD_I261290","MIDFIELDER"
"Nic","Naitanui",2019,"CD_I271045","RUCK"
"Luke","Shuey",2019,"CD_I280078","MIDFIELDER"
"Nathan","Vardy",2019,"CD_I280959","RUCK"
"Mark","Hutchings",2019,"CD_I281052","MIDFIELDER"
"Brad","Sheppard",2019,"CD_I281080","MEDIUM_DEFENDER"
"Lewis","Jetta",2019,"CD_I281281","MEDIUM_DEFENDER"
"Jack","Redden",2019,"CD_I281373","MIDFIELDER"
"Andrew","Gaff",2019,"CD_I290801","MIDFIELDER"
"Jamie","Cripps",2019,"CD_I290826","MEDIUM_FORWARD"
"Jack","Darling",2019,"CD_I290838","KEY_FORWARD"
"Keegan","Brooksby",2019,"CD_I290889","RUCK"
"Fraser","McInnes",2019,"CD_I291929","KEY_FORWARD"
"Brendon","Ah Chee",2019,"CD_I291947","MEDIUM_FORWARD"
"Elliot","Yeo",2019,"CD_I292128","MIDFIELDER"
"Tom","Hickey",2019,"CD_I294266","RUCK"
"Josh","Smith",2019,"CD_I294650","MIDFIELDER"
"Jeremy","McGovern",2019,"CD_I294859","KEY_DEFENDER"
"Willie","Rioli",2019,"CD_I296225","MEDIUM_FORWARD"
"Dom","Sheed",2019,"CD_I296296","MIDFIELDER"
"Liam","Duggan",2019,"CD_I298268","MEDIUM_DEFENDER"
"Jackson","Nelson",2019,"CD_I298298","MEDIUM_DEFENDER"
"Francis","Watson",2019,"CD_I298474","MEDIUM_DEFENDER"
"Tom","Barrass",2019,"CD_I990290","KEY_DEFENDER"
"Matthew","Allen",2019,"CD_I992111","MIDFIELDER"
"Tom","Cole",2019,"CD_I993820","MEDIUM_DEFENDER"
"Kurt","Mutimer",2019,"CD_I993827","MEDIUM_DEFENDER"
"Jake","Waterman",2019,"CD_I996554","KEY_FORWARD"
"Josh","Rotham",2019,"CD_I997823","MEDIUM_DEFENDER"
"Hamish","Brayshaw",2019,"CD_I998107","MIDFIELDER"
"Daniel","Venables",2019,"CD_I998414","MEDIUM_FORWARD"
"Myles","Poholke",2020,"CD_I1000908","MIDFIELDER_FORWARD"
"Tom","Doedee",2020,"CD_I1000932","KEY_DEFENDER"
"Lachlan","Murphy",2020,"CD_I1000998","MEDIUM_FORWARD"
"Jordon","Butts",2020,"CD_I1004995","KEY_DEFENDER"
"Elliott","Himmelberg",2020,"CD_I1005199","KEY_FORWARD"
"Lachlan","Sholl",2020,"CD_I1006136","MIDFIELDER"
"Chayce","Jones",2020,"CD_I1006203","MIDFIELDER"
"William","Hamill",2020,"CD_I1008159","MEDIUM_DEFENDER"
"Ned","McHenry",2020,"CD_I1008185","MEDIUM_FORWARD"
"Harry","Schoenberg",2020,"CD_I1008543","MIDFIELDER_FORWARD"
"Kieran","Strachan",2020,"CD_I1008752","RUCK"
"Fischer","McAsey",2020,"CD_I1009201","KEY_DEFENDER"
"Ronin","O'Connor",2020,"CD_I1011254","MIDFIELDER"
"Josh","Worrell",2020,"CD_I1011981","MEDIUM_DEFENDER"
"Ayce","Taylor",2020,"CD_I1016214","KEY_DEFENDER"
"Lachlan","Gollant",2020,"CD_I1018075","MEDIUM_DEFENDER"
"David","Mackay",2020,"CD_I250362","MEDIUM_DEFENDER"
"Bryce","Gibbs",2020,"CD_I250417","MEDIUM_DEFENDER"
"Tom","Lynch",2020,"CD_I270938","MEDIUM_FORWARD"
"Rory","Sloane",2020,"CD_I270963","MIDFIELDER"
"Taylor","Walker",2020,"CD_I280506","KEY_FORWARD"
"Daniel","Talia",2020,"CD_I280934","KEY_DEFENDER"
"Kyle","Hartigan",2020,"CD_I290228","KEY_DEFENDER"
"Brodie","Smith",2020,"CD_I291748","MEDIUM_DEFENDER"
"Luke","Brown",2020,"CD_I293193","MEDIUM_DEFENDER"
"Rory","Laird",2020,"CD_I293222","MIDFIELDER"
"Brad","Crouch",2020,"CD_I294307","MIDFIELDER"
"Rory","Atkins",2020,"CD_I294472","MIDFIELDER"
"Paul","Seedsman",2020,"CD_I294733","MIDFIELDER"
"Riley","Knight",2020,"CD_I295103","MEDIUM_FORWARD"
"Patrick","Wilson",2020,"CD_I295964","MIDFIELDER"
"Matt","Crouch",2020,"CD_I297401","MIDFIELDER"
"Jake","Kelly",2020,"CD_I297473","MEDIUM_DEFENDER"
"Reilly","O'Brien",2020,"CD_I297523","RUCK"
"Ben","Davis",2020,"CD_I298417","MEDIUM_FORWARD"
"Shane","McAdam",2020,"CD_I298470","MEDIUM_FORWARD"
"Wayne","Milera",2020,"CD_I990882","MEDIUM_DEFENDER"
"Billy","Frampton",2020,"CD_I991773","KEY_FORWARD"
"Ben","Crocker",2020,"CD_I993796","MEDIUM_FORWARD"
"Ben","Keays",2020,"CD_I993946","MIDFIELDER"
"Andrew","McPherson",2020,"CD_I997206","MEDIUM_DEFENDER"
"Tyson","Stengle",2020,"CD_I997230","MEDIUM_FORWARD"
"Jordan","Gallucci",2020,"CD_I998106","MEDIUM_FORWARD"
"Darcy","Fogarty",2020,"CD_I999331","KEY_FORWARD"
"Hugh","McCluggage",2020,"CD_I1000978","MIDFIELDER"
"Cam","Rayner",2020,"CD_I1002235","MEDIUM_FORWARD"
"Toby","Wooller",2020,"CD_I1002244","MIDFIELDER_FORWARD"
"Zac","Bailey",2020,"CD_I1002312","MIDFIELDER_FORWARD"
"Jack","Payne",2020,"CD_I1002347","KEY_DEFENDER"
"Connor","Ballenden",2020,"CD_I1002351","KEY_FORWARD"
"Brandon","Starcevich",2020,"CD_I1002401","MEDIUM_DEFENDER"
"Mitchell","Hinge",2020,"CD_I1004863","MIDFIELDER"
"Noah","Answerth",2020,"CD_I1005053","MEDIUM_DEFENDER"
"Oscar","McInerney",2020,"CD_I1005521","RUCK"
"Ely","Smith",2020,"CD_I1006033","MIDFIELDER_FORWARD"
"Keidean","Coleman",2020,"CD_I1006059","MEDIUM_FORWARD"
"Connor","McFadyen",2020,"CD_I1006085","MEDIUM_FORWARD"
"Thomas","Berry",2020,"CD_I1006100","MEDIUM_FORWARD"
"Tom","Joyce",2020,"CD_I1006150","MIDFIELDER"
"Brock","Smith",2020,"CD_I1009242","MEDIUM_DEFENDER"
"Deven","Robertson",2020,"CD_I1009385","MEDIUM_FORWARD"
"Jaxon","Prior",2020,"CD_I1009386","MEDIUM_DEFENDER"
"Tom","Fullarton",2020,"CD_I1013532","KEY_FORWARD"
"James","Madden",2020,"CD_I1013978","MEDIUM_DEFENDER"
"Grant","Birchall",2020,"CD_I240302","MEDIUM_DEFENDER"
"Dayne","Zorko",2020,"CD_I261224","MIDFIELDER"
"Daniel","Rich",2020,"CD_I271072","MEDIUM_DEFENDER"
"Stefan","Martin",2020,"CD_I280763","RUCK"
"Allen","Christensen",2020,"CD_I280918","MEDIUM_FORWARD"
"Mitch","Robinson",2020,"CD_I290311","MIDFIELDER"
"Matt","Eagles",2020,"CD_I290326","RUCK"
"Ryan","Lester",2020,"CD_I291548","MEDIUM_DEFENDER"
"Cameron","Ellis-Yolmen",2020,"CD_I293479","MIDFIELDER_FORWARD"
"Lachie","Neale",2020,"CD_I293535","MIDFIELDER"
"Lincoln","McCarthy",2020,"CD_I293581","MEDIUM_FORWARD"
"Jarryd","Lyons",2020,"CD_I293716","MIDFIELDER"
"Marcus","Adams",2020,"CD_I294168","KEY_DEFENDER"
"Darcy","Gardiner",2020,"CD_I296269","KEY_DEFENDER"
"Daniel","McStay",2020,"CD_I297504","KEY_FORWARD"
"Callum","Ah Chee",2020,"CD_I298437","MEDIUM_DEFENDER"
"Charlie","Cameron",2020,"CD_I990609","MEDIUM_FORWARD"
"Archie","Smith",2020,"CD_I992752","RUCK"
"Rhys","Mathieson",2020,"CD_I993828","MIDFIELDER_FORWARD"
"Sam","Skinner",2020,"CD_I993836","KEY_FORWARD"
"Eric","Hipwood",2020,"CD_I993953","KEY_FORWARD"
"Cedric","Cox",2020,"CD_I994047","MEDIUM_FORWARD"
"Harris","Andrews",2020,"CD_I996059","KEY_DEFENDER"
"Corey","Lyons",2020,"CD_I998105","MIDFIELDER"
"Alex","Witherden",2020,"CD_I998128","MEDIUM_DEFENDER"
"Jarrod","Berry",2020,"CD_I998133","MIDFIELDER"
"Jacob","Allison",2020,"CD_I998268","MIDFIELDER"
"John","Noble",2020,"CD_I1000072","MEDIUM_DEFENDER"
"Max","Lynch",2020,"CD_I1000960","KEY_FORWARD"
"Rupert","Wills",2020,"CD_I1001448","MIDFIELDER"
"Jaidyn","Stephenson",2020,"CD_I1002240","MEDIUM_FORWARD"
"Callum","Brown",2020,"CD_I1002770","MEDIUM_FORWARD"
"Brayden","Sier",2020,"CD_I1003029","MIDFIELDER"
"Flynn","Appleby",2020,"CD_I1005013","MEDIUM_FORWARD"
"Josh","Daicos",2020,"CD_I1005054","MIDFIELDER"
"Nathan","Murphy",2020,"CD_I1005107","MEDIUM_DEFENDER"
"Isaac","Quaynor",2020,"CD_I1008089","MEDIUM_DEFENDER"
"Tyler","Brown",2020,"CD_I1008171","MIDFIELDER"
"William","Kelly",2020,"CD_I1008285","KEY_FORWARD"
"Atu","Bosenavulagi",2020,"CD_I1008288","MEDIUM_FORWARD"
"Trent","Bianco",2020,"CD_I1009186","MEDIUM_DEFENDER"
"Trey","Ruscoe",2020,"CD_I1009383","MEDIUM_FORWARD"
"Jack","Madgen",2020,"CD_I1010841","KEY_DEFENDER"
"Mark","Keane",2020,"CD_I1013974","KEY_DEFENDER"
"Anton","Tohill",2020,"CD_I1013975","MEDIUM_FORWARD"
"Jay","Rantall",2020,"CD_I1015793","MIDFIELDER"
"Ben","Reid",2020,"CD_I240232","KEY_FORWARD"
"Travis","Varcoe",2020,"CD_I250290","MEDIUM_DEFENDER"
"Lynden","Dunn",2020,"CD_I250548","KEY_DEFENDER"
"Scott","Pendlebury",2020,"CD_I260257","MIDFIELDER"
"Levi","Greenwood",2020,"CD_I270861","MIDFIELDER"
"Dayne","Beams",2020,"CD_I271001","MIDFIELDER"
"Jordan","Roughead",2020,"CD_I280012","KEY_DEFENDER"
"Chris","Mayne",2020,"CD_I280416","MIDFIELDER"
"Steele","Sidebottom",2020,"CD_I280965","MIDFIELDER_FORWARD"
"Josh","Thomas",2020,"CD_I290289","MEDIUM_FORWARD"
"Jeremy","Howe",2020,"CD_I291313","MEDIUM_DEFENDER"
"Will","Hoskin-Elliott",2020,"CD_I291720","MEDIUM_FORWARD"
"Taylor","Adams",2020,"CD_I291776","MIDFIELDER"
"Adam","Treloar",2020,"CD_I291790","MIDFIELDER"
"Brody","Mihocek",2020,"CD_I291849","KEY_FORWARD"
"Tim","Broomhead",2020,"CD_I293035","MEDIUM_FORWARD"
"Jamie","Elliott",2020,"CD_I293801","MIDFIELDER_FORWARD"
"Jack","Crisp",2020,"CD_I293871","MEDIUM_DEFENDER"
"Brodie","Grundy",2020,"CD_I293957","RUCK"
"Matthew","Scharenberg",2020,"CD_I295012","MEDIUM_DEFENDER"
"Tom","Langdon",2020,"CD_I295444","MEDIUM_DEFENDER"
"Darcy","Moore",2020,"CD_I298288","KEY_DEFENDER"
"Darcy","Cameron",2020,"CD_I990291","KEY_FORWARD"
"Brayden","Maynard",2020,"CD_I992010","MEDIUM_DEFENDER"
"Tom","Wilson",2020,"CD_I993797","MEDIUM_FORWARD"
"Jordan","De Goey",2020,"CD_I994185","MEDIUM_FORWARD"
"Tom","Phillips",2020,"CD_I996487","MIDFIELDER_FORWARD"
"Mason","Cox",2020,"CD_I998647","KEY_FORWARD"
"Jez","McLennan",2020,"CD_I1000044","MEDIUM_DEFENDER"
"Chris","Burgess",2020,"CD_I1000068","KEY_DEFENDER"
"Izak","Rankine",2020,"CD_I1001195","MEDIUM_FORWARD"
"Jacob","Heron",2020,"CD_I1002328","MEDIUM_FORWARD"
"Jacob","Dawson",2020,"CD_I1002331","MEDIUM_DEFENDER"
"Jack","Lukosius",2020,"CD_I1004095","MEDIUM_DEFENDER"
"Josh","Corbett",2020,"CD_I1005547","KEY_FORWARD"
"Malcolm","Rosas",2020,"CD_I1005986","MEDIUM_FORWARD"
"Caleb","Graham",2020,"CD_I1006087","KEY_DEFENDER"
"Mitch","Riordan",2020,"CD_I1006108","MIDFIELDER"
"Sam","Fletcher",2020,"CD_I1006110","MIDFIELDER"
"Ben","King",2020,"CD_I1006144","KEY_FORWARD"
"Wil","Powell",2020,"CD_I1007881","MEDIUM_DEFENDER"
"Connor","Budarick",2020,"CD_I1008454","MEDIUM_DEFENDER"
"Charlie","Ballard",2020,"CD_I1008882","KEY_DEFENDER"
"Noah","Anderson",2020,"CD_I1009199","MIDFIELDER"
"Matt","Rowell",2020,"CD_I1009208","MIDFIELDER"
"Sam","Flanders",2020,"CD_I1009260","MEDIUM_FORWARD"
"Matt","Conroy",2020,"CD_I1009334","RUCK"
"Jeremy","Sharp",2020,"CD_I1009380","MIDFIELDER"
"Patrick","Murtagh",2020,"CD_I1016116","KEY_FORWARD"
"Luke","Towey",2020,"CD_I1019157","MEDIUM_DEFENDER"
"Jarrod","Harbrow",2020,"CD_I240254","MEDIUM_DEFENDER"
"Pearce","Hanley",2020,"CD_I270512","MEDIUM_DEFENDER"
"Zac","Smith",2020,"CD_I280722","RUCK"
"Rory","Thompson",2020,"CD_I281075","KEY_DEFENDER"
"Hugh","Greenwood",2020,"CD_I281091","MIDFIELDER"
"Anthony","Miles",2020,"CD_I290671","MIDFIELDER"
"David","Swallow",2020,"CD_I290832","MIDFIELDER"
"Sam","Day",2020,"CD_I291753","KEY_FORWARD"
"Jack","Hombsch",2020,"CD_I291964","KEY_DEFENDER"
"Jarrod","Witts",2020,"CD_I291975","RUCK"
"George","Horlin-Smith",2020,"CD_I293255","MEDIUM_DEFENDER"
"Brandon","Ellis",2020,"CD_I293713","MIDFIELDER"
"Sean","Lemmens",2020,"CD_I294013","MEDIUM_FORWARD"
"Alex","Sexton",2020,"CD_I294643","MEDIUM_FORWARD"
"Sam","Collins",2020,"CD_I295446","KEY_DEFENDER"
"Jordan","Murdoch",2020,"CD_I295942","MEDIUM_DEFENDER"
"Nick","Holman",2020,"CD_I297456","MEDIUM_FORWARD"
"Touk","Miller",2020,"CD_I298272","MIDFIELDER"
"Peter","Wright",2020,"CD_I298289","KEY_FORWARD"
"Lachie","Weller",2020,"CD_I298524","MIDFIELDER"
"Corey","Ellis",2020,"CD_I991953","MEDIUM_DEFENDER"
"Brayden","Fiorini",2020,"CD_I993799","MIDFIELDER"
"Jesse","Joyce",2020,"CD_I996064","MEDIUM_DEFENDER"
"Darcy","Macpherson",2020,"CD_I996464","MEDIUM_FORWARD"
"Will","Brodie",2020,"CD_I998129","MIDFIELDER_FORWARD"
"Ben","Ainsworth",2020,"CD_I998130","MEDIUM_FORWARD"
"Jack","Bowes",2020,"CD_I998260","MEDIUM_DEFENDER"
"Joshua","Schoenfeld",2020,"CD_I998511","MEDIUM_FORWARD"
"Jy","Farrar",2020,"CD_I999715","MEDIUM_FORWARD"
"Harry","McKay",2020,"CD_I1000953","KEY_FORWARD"
"Jack","Silvagni",2020,"CD_I1001028","MEDIUM_FORWARD"
"Matthew","Kennedy",2020,"CD_I1001398","MIDFIELDER_FORWARD"
"Paddy","Dow",2020,"CD_I1002256","MIDFIELDER_FORWARD"
"Lochie","O'Brien",2020,"CD_I1002259","MIDFIELDER"
"Josh","Honey",2020,"CD_I1002938","MEDIUM_FORWARD"
"Sam","Ramsay",2020,"CD_I1002942","MIDFIELDER"
"Tom","De Koning",2020,"CD_I1004912","RUCK"
"Sam","Walsh",2020,"CD_I1006094","MIDFIELDER"
"Matthew","Cottrell",2020,"CD_I1008154","MIDFIELDER"
"Liam","Stocker",2020,"CD_I1008312","MEDIUM_DEFENDER"
"Brodie","Kemp",2020,"CD_I1009241","MIDFIELDER"
"Fraser","Phillips",2020,"CD_I1011861","MEDIUM_FORWARD"
"Finn","O'Dwyer",2020,"CD_I1011924","KEY_FORWARD"
"Sam","Philp",2020,"CD_I1011929","MEDIUM_FORWARD"
"Ben","Silvagni",2020,"CD_I1011949","KEY_DEFENDER"
"Matthew","Owies",2020,"CD_I1013973","MEDIUM_FORWARD"
"Kade","Simpson",2020,"CD_I230202","MEDIUM_DEFENDER"
"Eddie","Betts",2020,"CD_I240060","MEDIUM_FORWARD"
"Marc","Murphy",2020,"CD_I250105","MIDFIELDER"
"Matthew","Kreuzer",2020,"CD_I261299","RUCK"
"Ed","Curnow",2020,"CD_I270146","MIDFIELDER"
"Liam","Jones",2020,"CD_I281078","KEY_DEFENDER"
"Levi","Casboult",2020,"CD_I281124","KEY_FORWARD"
"Jack","Newnes",2020,"CD_I291773","MIDFIELDER"
"Lachie","Plowman",2020,"CD_I294624","MEDIUM_DEFENDER"
"Sam","Docherty",2020,"CD_I295518","MEDIUM_DEFENDER"
"Jack","Martin",2020,"CD_I296190","MEDIUM_FORWARD"
"Michael","Gibbons",2020,"CD_I296200","MEDIUM_FORWARD"
"Darcy","Lang",2020,"CD_I296439","MEDIUM_FORWARD"
"Mitch","McGovern",2020,"CD_I297255","KEY_FORWARD"
"Nic","Newman",2020,"CD_I297907","MEDIUM_DEFENDER"
"Marc","Pittonet",2020,"CD_I298290","RUCK"
"Caleb","Marchbank",2020,"CD_I298302","MEDIUM_DEFENDER"
"Hugh","Goddard",2020,"CD_I298316","KEY_DEFENDER"
"Patrick","Cripps",2020,"CD_I990704","MIDFIELDER"
"David","Cuningham",2020,"CD_I993795","MEDIUM_FORWARD"
"Jacob","Weitering",2020,"CD_I993832","KEY_DEFENDER"
"Sam","Petrevski-Seton",2020,"CD_I994539","MEDIUM_DEFENDER"
"Charlie","Curnow",2020,"CD_I996731","KEY_FORWARD"
"Cam","Polson",2020,"CD_I998100","MEDIUM_DEFENDER"
"Thomas","Williamson",2020,"CD_I998167","MEDIUM_DEFENDER"
"Will","Setterfield",2020,"CD_I998215","MIDFIELDER"
"Harrison","Macreadie",2020,"CD_I998226","KEY_DEFENDER"
"Callum","Moore",2020,"CD_I998569","KEY_FORWARD"
"Zac","Fisher",2020,"CD_I999827","MEDIUM_FORWARD"
"Thomas","Murphy",2020,"CD_I1000905","MIDFIELDER"
"Nick","Larkey",2020,"CD_I1001017","KEY_FORWARD"
"Lachlan","Hosie",2020,"CD_I1001351","MEDIUM_FORWARD"
"Ben","McKay",2020,"CD_I1002143","KEY_DEFENDER"
"Luke","Davies-Uniacke",2020,"CD_I1002267","MIDFIELDER"
"Aiden","Bonar",2020,"CD_I1004894","MEDIUM_DEFENDER"
"Tristan","Xerri",2020,"CD_I1004965","KEY_FORWARD"
"William","Walker",2020,"CD_I1005084","MIDFIELDER"
"Tarryn","Thomas",2020,"CD_I1005729","MEDIUM_FORWARD"
"Bailey","Scott",2020,"CD_I1006058","MIDFIELDER_FORWARD"
"Curtis","Taylor",2020,"CD_I1006137","MEDIUM_FORWARD"
"Joel","Crocker",2020,"CD_I1006138","MEDIUM_DEFENDER"
"Matt","McGuinness",2020,"CD_I1006653","KEY_DEFENDER"
"Jack","Mahony",2020,"CD_I1009189","MEDIUM_FORWARD"
"Flynn","Perez",2020,"CD_I1011771","MEDIUM_DEFENDER"
"Charlie","Comben",2020,"CD_I1015781","KEY_FORWARD"
"Shaun","Higgins",2020,"CD_I260227","MIDFIELDER"
"Robbie","Tarrant",2020,"CD_I270325","KEY_DEFENDER"
"Todd","Goldstein",2020,"CD_I271129","RUCK"
"Ben","Cunnington",2020,"CD_I280921","MIDFIELDER"
"Jack","Ziebell",2020,"CD_I280944","MEDIUM_FORWARD"
"Jasper","Pittard",2020,"CD_I290156","MEDIUM_DEFENDER"
"Jamie","Macmillan",2020,"CD_I290194","MEDIUM_DEFENDER"
"Majak","Daw",2020,"CD_I290199","KEY_FORWARD"
"Tom","Campbell",2020,"CD_I290246","KEY_FORWARD"
"Jared","Polec",2020,"CD_I290738","MIDFIELDER"
"Shaun","Atley",2020,"CD_I290787","MEDIUM_DEFENDER"
"Ben","Jacobs",2020,"CD_I290802","MIDFIELDER"
"Josh","Walker",2020,"CD_I291550","KEY_DEFENDER"
"Dom","Tyson",2020,"CD_I291784","MIDFIELDER"
"Jed","Anderson",2020,"CD_I291861","MIDFIELDER"
"Ben","Brown",2020,"CD_I291867","KEY_FORWARD"
"Marley","Williams",2020,"CD_I295256","MEDIUM_DEFENDER"
"Mason","Wood",2020,"CD_I295340","MEDIUM_FORWARD"
"Trent","Dumont",2020,"CD_I296035","MIDFIELDER"
"Taylor","Garner",2020,"CD_I296078","MEDIUM_FORWARD"
"Luke","McDonald",2020,"CD_I296355","MEDIUM_DEFENDER"
"Aaron","Hall",2020,"CD_I296735","MEDIUM_FORWARD"
"Sam","Durdin",2020,"CD_I297767","KEY_DEFENDER"
"Paul","Ahern",2020,"CD_I298271","MIDFIELDER_FORWARD"
"Ed","Vickers-Willis",2020,"CD_I298287","MEDIUM_DEFENDER"
"Kayne","Turner",2020,"CD_I992499","MEDIUM_FORWARD"
"Jy","Simpkin",2020,"CD_I993998","MIDFIELDER"
"Kyron","Hayden",2020,"CD_I998327","MEDIUM_DEFENDER"
"Cameron","Zurhaar",2020,"CD_I998484","MEDIUM_FORWARD"
"Willem","Drew",2020,"CD_I1000972","MIDFIELDER"
"Connor","Rozee",2020,"CD_I1001299","MEDIUM_FORWARD"
"Sam","Hayes",2020,"CD_I1002248","RUCK"
"Kane","Farrell",2020,"CD_I1002253","MIDFIELDER_FORWARD"
"Tobin","Cox",2020,"CD_I1002355","MEDIUM_FORWARD"
"Jake","Patmore",2020,"CD_I1002392","MIDFIELDER_FORWARD"
"Riley","Grundy",2020,"CD_I1004829","KEY_DEFENDER"
"Todd","Marshall",2020,"CD_I1004998","KEY_FORWARD"
"Jackson","Mead",2020,"CD_I1005326","MIDFIELDER"
"Xavier","Duursma",2020,"CD_I1006096","MIDFIELDER"
"Zak","Butters",2020,"CD_I1006121","MEDIUM_FORWARD"
"Trent","Burgoyne",2020,"CD_I1008531","MIDFIELDER_FORWARD"
"Miles","Bergman",2020,"CD_I1009191","MEDIUM_FORWARD"
"Dylan","Williams",2020,"CD_I1009195","MIDFIELDER_FORWARD"
"Jake","Pasini",2020,"CD_I1009389","KEY_DEFENDER"
"Mitch","Georgiades",2020,"CD_I1010174","KEY_FORWARD"
"Travis","Boak",2020,"CD_I250365","MIDFIELDER"
"Justin","Westhoff",2020,"CD_I260750","KEY_FORWARD"
"Robbie","Gray",2020,"CD_I261396","MEDIUM_FORWARD"
"Hamish","Hartlett",2020,"CD_I261892","MEDIUM_DEFENDER"
"Brad","Ebert",2020,"CD_I261911","MEDIUM_FORWARD"
"Tom","Rockliff",2020,"CD_I270919","MIDFIELDER"
"Charlie","Dixon",2020,"CD_I280711","KEY_FORWARD"
"Jack","Watts",2020,"CD_I280972","KEY_DEFENDER"
"Steven","Motlop",2020,"CD_I280990","MEDIUM_FORWARD"
"Trent","McKenzie",2020,"CD_I290527","KEY_DEFENDER"
"Cam","Sutcliffe",2020,"CD_I290733","MEDIUM_FORWARD"
"Scott","Lycett",2020,"CD_I290746","RUCK"
"Tom","Jonas",2020,"CD_I292145","KEY_DEFENDER"
"Sam","Mayes",2020,"CD_I293603","MEDIUM_DEFENDER"
"Jarrod","Lienert",2020,"CD_I293987","MEDIUM_DEFENDER"
"Ollie","Wines",2020,"CD_I294318","MIDFIELDER"
"Tom","Clurey",2020,"CD_I294504","KEY_DEFENDER"
"Karl","Amon",2020,"CD_I297354","MIDFIELDER"
"Darcy","Byrne-Jones",2020,"CD_I991930","MEDIUM_DEFENDER"
"Ryan","Burton",2020,"CD_I992128","MEDIUM_DEFENDER"
"Sam","Powell-Pepper",2020,"CD_I993979","MIDFIELDER_FORWARD"
"Dan","Houston",2020,"CD_I994295","MEDIUM_DEFENDER"
"Riley","Bonner",2020,"CD_I994599","MEDIUM_DEFENDER"
"Peter","Ladhams",2020,"CD_I997142","RUCK"
"Wylie","Buzza",2020,"CD_I997770","KEY_FORWARD"
"Joe","Atley",2020,"CD_I998126","MIDFIELDER"
"Joel","Garner",2020,"CD_I998321","MEDIUM_DEFENDER"
"Martin","Frederick",2020,"CD_I999320","MEDIUM_DEFENDER"
"Boyd","Woodcock",2020,"CD_I999346","MEDIUM_FORWARD"
"Callum","Porter",2020,"CD_I1002383","MIDFIELDER_FORWARD"
"Aaron","Naughton",2020,"CD_I1002404","KEY_FORWARD"
"Patrick","Lipinski",2020,"CD_I1003130","MIDFIELDER"
"Tim","English",2020,"CD_I1004592","RUCK"
"Lachlan","Young",2020,"CD_I1004909","MIDFIELDER"
"Laitham","Vandermeer",2020,"CD_I1005000","MIDFIELDER_FORWARD"
"Rhylee","West",2020,"CD_I1006127","MEDIUM_FORWARD"
"Bailey","Smith",2020,"CD_I1006130","MIDFIELDER"
"Fergus","Greene",2020,"CD_I1006303","MEDIUM_FORWARD"
"Riley","Garcia",2020,"CD_I1006533","MIDFIELDER"
"Ed","Richards",2020,"CD_I1008280","MIDFIELDER_FORWARD"
"Cody","Weightman",2020,"CD_I1011803","MEDIUM_FORWARD"
"Louis","Butler",2020,"CD_I1011992","MEDIUM_DEFENDER"
"Matthew","Suckling",2020,"CD_I270732","MEDIUM_FORWARD"
"Jackson","Trengove",2020,"CD_I280013","KEY_DEFENDER"
"Easton","Wood",2020,"CD_I281139","MEDIUM_DEFENDER"
"Sam","Lloyd",2020,"CD_I290073","MEDIUM_FORWARD"
"Taylor","Duryea",2020,"CD_I290085","MEDIUM_DEFENDER"
"Alex","Keath",2020,"CD_I290797","KEY_DEFENDER"
"Tom","Liberatore",2020,"CD_I290799","MIDFIELDER"
"Josh","Bruce",2020,"CD_I291492","KEY_FORWARD"
"Mitch","Wallis",2020,"CD_I291545","MEDIUM_FORWARD"
"Hayden","Crozier",2020,"CD_I293651","MEDIUM_DEFENDER"
"Jason","Johannisen",2020,"CD_I294101","MEDIUM_DEFENDER"
"Lachie","Hunter",2020,"CD_I294557","MIDFIELDER"
"Caleb","Daniel",2020,"CD_I295136","MEDIUM_DEFENDER"
"Lin","Jong",2020,"CD_I295313","MIDFIELDER_FORWARD"
"Jack","Macrae",2020,"CD_I295467","MIDFIELDER"
"Tory","Dickson",2020,"CD_I295712","MEDIUM_FORWARD"
"Ben","Cavarra",2020,"CD_I296070","MEDIUM_FORWARD"
"Marcus","Bontempelli",2020,"CD_I297373","MIDFIELDER"
"Billy","Gowers",2020,"CD_I298277","MEDIUM_FORWARD"
"Zaine","Cordy",2020,"CD_I991939","KEY_DEFENDER"
"Will","Hayes",2020,"CD_I991976","MIDFIELDER"
"Roarke","Smith",2020,"CD_I992054","MIDFIELDER_FORWARD"
"Jordon","Sweet",2020,"CD_I992330","RUCK"
"Bailey","Williams",2020,"CD_I992351","MEDIUM_DEFENDER"
"Josh","Dunkley",2020,"CD_I993834","MIDFIELDER_FORWARD"
"Josh","Schache",2020,"CD_I993841","KEY_FORWARD"
"Brad","Lynch",2020,"CD_I994410","MEDIUM_DEFENDER"
"Toby","McLean",2020,"CD_I996483","MEDIUM_FORWARD"
"Bailey","Dale",2020,"CD_I996708","MEDIUM_FORWARD"
"Lewis","Young",2020,"CD_I997316","KEY_FORWARD"
"Ryan","Gardner",2020,"CD_I997501","KEY_DEFENDER"
"Buku","Khamis",2020,"CD_I998782","KEY_DEFENDER"
"Mitch","Lewis",2020,"CD_I1000887","KEY_FORWARD"
"James","Cousins",2020,"CD_I1000959","MIDFIELDER"
"Harry","Morrison",2020,"CD_I1000963","MIDFIELDER"
"Ned","Reeves",2020,"CD_I1001024","RUCK"
"Oliver","Hanrahan",2020,"CD_I1001043","MEDIUM_FORWARD"
"James","Worpel",2020,"CD_I1002222","MIDFIELDER"
"Mathew","Walker",2020,"CD_I1002590","MEDIUM_FORWARD"
"Conor","Glass",2020,"CD_I1003547","MIDFIELDER"
"Jackson","Ross",2020,"CD_I1004919","KEY_FORWARD"
"Harry","Jones",2020,"CD_I1004991","MIDFIELDER_FORWARD"
"Emerson","Jeka",2020,"CD_I1005150","KEY_FORWARD"
"Jacob","Koschitzke",2020,"CD_I1006030","KEY_DEFENDER"
"Will","Golds",2020,"CD_I1006128","MIDFIELDER"
"Damon","Greaves",2020,"CD_I1006159","MEDIUM_DEFENDER"
"Dylan","Moore",2020,"CD_I1006314","MEDIUM_FORWARD"
"Conor","Nash",2020,"CD_I1007124","KEY_FORWARD"
"Joshua","Morris",2020,"CD_I1008537","MEDIUM_FORWARD"
"Will","Day",2020,"CD_I1008550","MEDIUM_DEFENDER"
"Finn","Maginness",2020,"CD_I1009421","MIDFIELDER"
"Harry","Pepper",2020,"CD_I1011873","MEDIUM_DEFENDER"
"Shaun","Burgoyne",2020,"CD_I210012","MEDIUM_FORWARD"
"James","Frawley",2020,"CD_I260288","KEY_DEFENDER"
"Paul","Puopolo",2020,"CD_I260710","MEDIUM_FORWARD"
"Ben","McEvoy",2020,"CD_I261323","RUCK"
"Ben","Stratton",2020,"CD_I280471","MEDIUM_DEFENDER"
"Liam","Shiels",2020,"CD_I280737","MIDFIELDER"
"Luke","Breust",2020,"CD_I280744","MEDIUM_FORWARD"
"Tom","Scully",2020,"CD_I280969","MIDFIELDER_FORWARD"
"Keegan","Brooksby",2020,"CD_I290889","RUCK"
"Ricky","Henderson",2020,"CD_I291201","MIDFIELDER"
"Jonathon","Ceglar",2020,"CD_I291327","RUCK"
"Jack","Gunston",2020,"CD_I291351","KEY_FORWARD"
"Jonathon","Patton",2020,"CD_I291821","KEY_FORWARD"
"Tom","Mitchell",2020,"CD_I291856","MIDFIELDER"
"Chad","Wingard",2020,"CD_I291962","MEDIUM_FORWARD"
"Sam","Frost",2020,"CD_I293738","KEY_DEFENDER"
"Michael","Hartley",2020,"CD_I294077","KEY_DEFENDER"
"Jaeger","O'Meara",2020,"CD_I294613","MIDFIELDER"
"Isaac","Smith",2020,"CD_I294877","MIDFIELDER_FORWARD"
"Tim","O'Brien",2020,"CD_I296041","KEY_FORWARD"
"Jarman","Impey",2020,"CD_I296254","MEDIUM_FORWARD"
"Darren","Minchington",2020,"CD_I296452","MEDIUM_FORWARD"
"James","Sicily",2020,"CD_I297566","MEDIUM_DEFENDER"
"Daniel","Howe",2020,"CD_I992462","MIDFIELDER"
"Blake","Hardwick",2020,"CD_I993794","MEDIUM_DEFENDER"
"Jack","Scrimshaw",2020,"CD_I998114","MEDIUM_DEFENDER"
"Changkuoth","Jiath",2020,"CD_I998390","MEDIUM_DEFENDER"
"Jack","Henry",2020,"CD_I1000937","MEDIUM_DEFENDER"
"Esava","Ratugolea",2020,"CD_I1002220","KEY_FORWARD"
"Lachie","Fogarty",2020,"CD_I1002228","MEDIUM_FORWARD"
"Charlie","Constable",2020,"CD_I1002242","MIDFIELDER"
"Jacob","Kennerley",2020,"CD_I1004681","MIDFIELDER"
"Zach","Guthrie",2020,"CD_I1004870","MEDIUM_DEFENDER"
"Gryan","Miers",2020,"CD_I1004938","MEDIUM_FORWARD"
"Sam","Simpson",2020,"CD_I1004940","MEDIUM_FORWARD"
"Cooper","Stephens",2020,"CD_I1004948","MIDFIELDER"
"Oscar","Brownless",2020,"CD_I1006101","MEDIUM_DEFENDER"
"Jordan","Clark",2020,"CD_I1006152","MEDIUM_DEFENDER"
"Mark","O'Connor",2020,"CD_I1007102","MEDIUM_DEFENDER"
"Blake","Schlensog",2020,"CD_I1008202","KEY_FORWARD"
"Cameron","Taheny",2020,"CD_I1008603","MEDIUM_FORWARD"
"Ben","Jarvis",2020,"CD_I1008940","MEDIUM_FORWARD"
"Sam","De Koning",2020,"CD_I1009229","KEY_DEFENDER"
"Stefan","Okunbor",2020,"CD_I1013977","MEDIUM_DEFENDER"
"Francis","Evans",2020,"CD_I1017255","MEDIUM_FORWARD"
"Gary","Ablett",2020,"CD_I220001","MEDIUM_FORWARD"
"Joel","Selwood",2020,"CD_I250321","MIDFIELDER"
"Harry","Taylor",2020,"CD_I261497","KEY_DEFENDER"
"Tom","Hawkins",2020,"CD_I261510","KEY_FORWARD"
"Lachie","Henderson",2020,"CD_I270326","KEY_DEFENDER"
"Jack","Steven",2020,"CD_I270912","MIDFIELDER_FORWARD"
"Patrick","Dangerfield",2020,"CD_I270917","MIDFIELDER_FORWARD"
"Rhys","Stanley",2020,"CD_I280317","RUCK"
"Mitch","Duncan",2020,"CD_I281065","MIDFIELDER"
"Cameron","Guthrie",2020,"CD_I290550","MIDFIELDER"
"Gary","Rohan",2020,"CD_I291357","MEDIUM_FORWARD"
"Luke","Dahlhaus",2020,"CD_I291526","MEDIUM_FORWARD"
"Tom","Stewart",2020,"CD_I291800","MEDIUM_DEFENDER"
"Zach","Tuohy",2020,"CD_I292511","MIDFIELDER"
"Jed","Bews",2020,"CD_I293883","MEDIUM_DEFENDER"
"Sam","Menegola",2020,"CD_I294199","MIDFIELDER"
"Josh","Jenkins",2020,"CD_I294828","RUCK"
"Jake","Kolodjashnij",2020,"CD_I296291","MEDIUM_DEFENDER"
"Mark","Blicavs",2020,"CD_I296733","KEY_DEFENDER"
"Darcy","Fort",2020,"CD_I298211","RUCK"
"Nakia","Cockatoo",2020,"CD_I298336","MIDFIELDER_FORWARD"
"Brandan","Parfitt",2020,"CD_I298419","MIDFIELDER"
"James","Parsons",2020,"CD_I993798","MIDFIELDER"
"Tom","Atkins",2020,"CD_I994386","MEDIUM_FORWARD"
"Nathan","Kreuger",2020,"CD_I997254","KEY_FORWARD"
"Brad","Close",2020,"CD_I999326","MEDIUM_FORWARD"
"Jake","Tarca",2020,"CD_I999382","MEDIUM_FORWARD"
"Quinton","Narkle",2020,"CD_I999824","MIDFIELDER"
"Matthew","Parker",2020,"CD_I1000267","MEDIUM_FORWARD"
"Ed","Phillips",2020,"CD_I1002213","MIDFIELDER"
"Hunter","Clark",2020,"CD_I1002264","MEDIUM_DEFENDER"
"Oscar","Clavarino",2020,"CD_I1002266","KEY_DEFENDER"
"Jack","Bytel",2020,"CD_I1002922","MIDFIELDER"
"Darragh","Joyce",2020,"CD_I1003520","KEY_DEFENDER"
"Jack","Mayo",2020,"CD_I1004360","KEY_FORWARD"
"Ben","Paton",2020,"CD_I1004985","MEDIUM_DEFENDER"
"Doulton","Langlands",2020,"CD_I1004989","MIDFIELDER"
"Ryan","Abbott",2020,"CD_I1005530","RUCK"
"Nick","Coffield",2020,"CD_I1005717","MEDIUM_DEFENDER"
"Max","King",2020,"CD_I1006143","KEY_FORWARD"
"Jack","Bell",2020,"CD_I1009221","RUCK"
"Leo","Connolly",2020,"CD_I1009228","MEDIUM_DEFENDER"
"Ryan","Byrnes",2020,"CD_I1011994","MIDFIELDER"
"Sam","Alabakis",2020,"CD_I1013976","RUCK"
"Paddy","Ryder",2020,"CD_I250267","RUCK"
"Jarryn","Geary",2020,"CD_I260113","MEDIUM_DEFENDER"
"Nathan","Brown",2020,"CD_I260310","KEY_DEFENDER"
"Shane","Savage",2020,"CD_I280858","MEDIUM_DEFENDER"
"Dylan","Roberton",2020,"CD_I280933","MEDIUM_DEFENDER"
"Dan","Hannebery",2020,"CD_I290117","MIDFIELDER"
"Jake","Carlisle",2020,"CD_I290641","KEY_DEFENDER"
"Jimmy","Webster",2020,"CD_I290757","MEDIUM_DEFENDER"
"Sebastian","Ross",2020,"CD_I293846","MIDFIELDER"
"Luke","Dunstan",2020,"CD_I294429","MIDFIELDER"
"Dean","Kent",2020,"CD_I294570","MEDIUM_FORWARD"
"Tim","Membrey",2020,"CD_I294596","KEY_FORWARD"
"Bradley","Hill",2020,"CD_I295584","MIDFIELDER"
"Jack","Steele",2020,"CD_I296205","MIDFIELDER"
"Jack","Billings",2020,"CD_I296351","MIDFIELDER"
"Callum","Wilkie",2020,"CD_I296422","MEDIUM_DEFENDER"
"Nick","Hind",2020,"CD_I297452","MEDIUM_FORWARD"
"Logan","Austin",2020,"CD_I298091","KEY_DEFENDER"
"Daniel","McKenzie",2020,"CD_I298265","MEDIUM_DEFENDER"
"Jade","Gresham",2020,"CD_I298421","MIDFIELDER"
"Jono","Marsh",2020,"CD_I990548","KEY_FORWARD"
"Zak","Jones",2020,"CD_I991988","MIDFIELDER"
"Jack","Lonie",2020,"CD_I992000","MEDIUM_FORWARD"
"Dan","Butler",2020,"CD_I992374","MEDIUM_FORWARD"
"Rowan","Marshall",2020,"CD_I992468","RUCK"
"Dougal","Howard",2020,"CD_I993480","KEY_DEFENDER"
"Ben","Long",2020,"CD_I993917","MEDIUM_DEFENDER"
"Jack","Sinclair",2020,"CD_I994389","MIDFIELDER"
"Josh","Battle",2020,"CD_I998134","MIDFIELDER_FORWARD"
"Jordan","Ridley",2020,"CD_I1001026","MEDIUM_DEFENDER"
"Brandon","Zerk-Thatcher",2020,"CD_I1004034","KEY_DEFENDER"
"Sam","Draper",2020,"CD_I1005577","RUCK"
"Joshua","Begley",2020,"CD_I1005721","MEDIUM_FORWARD"
"Irving","Mosquito",2020,"CD_I1006097","MEDIUM_FORWARD"
"Lachlan","Johnson",2020,"CD_I1006506","MIDFIELDER_FORWARD"
"Brayden","Ham",2020,"CD_I1008190","MIDFIELDER"
"Ned","Cahill",2020,"CD_I1009223","MEDIUM_FORWARD"
"Harrison","Jones",2020,"CD_I1011755","KEY_FORWARD"
"Noah","Gown",2020,"CD_I1011864","KEY_FORWARD"
"Nick","Bryan",2020,"CD_I1011954","RUCK"
"Henry","Crauford",2020,"CD_I1016097","RUCK"
"Cian","McBride",2020,"CD_I1018969","KEY_FORWARD"
"Ross","McQuillan",2020,"CD_I1019156","MEDIUM_FORWARD"
"Tom","Hird",2020,"CD_I1020224","MIDFIELDER"
"Tom","Bellchambers",2020,"CD_I261320","RUCK"
"Cale","Hooker",2020,"CD_I270588","KEY_DEFENDER"
"Michael","Hurley",2020,"CD_I270935","KEY_DEFENDER"
"David","Zaharakis",2020,"CD_I270951","MEDIUM_FORWARD"
"Shaun","McKernan",2020,"CD_I280038","KEY_FORWARD"
"Dyson","Heppell",2020,"CD_I290629","MIDFIELDER"
"Devon","Smith",2020,"CD_I291771","MIDFIELDER_FORWARD"
"Dylan","Shiel",2020,"CD_I291783","MIDFIELDER"
"Jacob","Townsend",2020,"CD_I291891","MEDIUM_FORWARD"
"Jake","Stringer",2020,"CD_I293884","MEDIUM_FORWARD"
"Andrew","Phillips",2020,"CD_I294068","RUCK"
"Anthony","McDonald-Tipungwuti",2020,"CD_I294092","MEDIUM_FORWARD"
"Joe","Daniher",2020,"CD_I294518","KEY_FORWARD"
"James","Stewart",2020,"CD_I294654","KEY_FORWARD"
"Adam","Saad",2020,"CD_I295461","MEDIUM_DEFENDER"
"Patrick","Ambrose",2020,"CD_I295599","KEY_DEFENDER"
"Orazio","Fantasia",2020,"CD_I296334","MEDIUM_DEFENDER"
"Tom","Cutler",2020,"CD_I297406","MIDFIELDER"
"Martin","Gleeson",2020,"CD_I297438","MEDIUM_DEFENDER"
"Jayden","Laverde",2020,"CD_I298280","KEY_FORWARD"
"Mitchell","Hibberd",2020,"CD_I298407","MIDFIELDER"
"Kyle","Langford",2020,"CD_I298630","MIDFIELDER_FORWARD"
"Will","Snelling",2020,"CD_I990606","MEDIUM_FORWARD"
"Aaron","Francis",2020,"CD_I990816","KEY_DEFENDER"
"Zach","Merrett",2020,"CD_I992016","MIDFIELDER"
"Darcy","Parish",2020,"CD_I993817","MIDFIELDER"
"Matt","Guelfi",2020,"CD_I996232","MEDIUM_DEFENDER"
"Mason","Redman",2020,"CD_I997078","MEDIUM_DEFENDER"
"Conor","McKenna",2020,"CD_I997846","MEDIUM_DEFENDER"
"Andrew","McGrath",2020,"CD_I998102","MIDFIELDER"
"Dylan","Clarke",2020,"CD_I998109","MIDFIELDER_FORWARD"
"Kobe","Mutch",2020,"CD_I998212","MEDIUM_DEFENDER"
"James","Bell",2020,"CD_I1002291","MEDIUM_FORWARD"
"Hayden","McLean",2020,"CD_I1003203","KEY_FORWARD"
"Will","Gould",2020,"CD_I1004113","MEDIUM_DEFENDER"
"Dylan","Stephens",2020,"CD_I1004848","MIDFIELDER"
"Ben","Ronke",2020,"CD_I1004880","MEDIUM_FORWARD"
"Matthew","Ling",2020,"CD_I1004949","MEDIUM_DEFENDER"
"Elijah","Taylor",2020,"CD_I1005997","MEDIUM_FORWARD"
"Nick","Blakey",2020,"CD_I1006028","MIDFIELDER_FORWARD"
"James","Rowbottom",2020,"CD_I1006126","MIDFIELDER"
"Sam","Wicks",2020,"CD_I1006232","MEDIUM_FORWARD"
"Ryley","Stoddart",2020,"CD_I1008080","MEDIUM_DEFENDER"
"Joel","Amartey",2020,"CD_I1008091","RUCK"
"Tom","McCartin",2020,"CD_I1008198","KEY_FORWARD"
"Brady","Rowles",2020,"CD_I1011789","MIDFIELDER"
"Zac","Foot",2020,"CD_I1011791","MEDIUM_FORWARD"
"Justin","McInerney",2020,"CD_I1011936","MIDFIELDER"
"Chad","Warner",2020,"CD_I1012014","MEDIUM_FORWARD"
"Michael","Knoll",2020,"CD_I1012101","RUCK"
"Harry","Reynolds",2020,"CD_I1013624","MEDIUM_DEFENDER"
"Barry","O'Connor",2020,"CD_I1019158","MEDIUM_DEFENDER"
"Lance","Franklin",2020,"CD_I240399","KEY_FORWARD"
"Josh P.","Kennedy",2020,"CD_I260382","MIDFIELDER"
"Sam","Reid",2020,"CD_I290188","KEY_FORWARD"
"Dane","Rampe",2020,"CD_I290307","KEY_DEFENDER"
"Sam","Gray",2020,"CD_I290722","MEDIUM_FORWARD"
"Luke","Parker",2020,"CD_I290778","MIDFIELDER"
"Robbie","Fox",2020,"CD_I291848","KEY_DEFENDER"
"Harry","Cunningham",2020,"CD_I291978","MEDIUM_DEFENDER"
"George","Hewett",2020,"CD_I294036","MIDFIELDER"
"Aliir","Aliir",2020,"CD_I294469","KEY_DEFENDER"
"Jackson","Thurlow",2020,"CD_I294663","MEDIUM_DEFENDER"
"Callum","Sinclair",2020,"CD_I294737","RUCK"
"Kaiden","Brand",2020,"CD_I295156","KEY_DEFENDER"
"Jake","Lloyd",2020,"CD_I295342","MEDIUM_DEFENDER"
"Lewis","Taylor",2020,"CD_I296211","MEDIUM_FORWARD"
"Sam","Naismith",2020,"CD_I298144","RUCK"
"Isaac","Heeney",2020,"CD_I298539","MEDIUM_FORWARD"
"Jordan","Dawson",2020,"CD_I992242","MEDIUM_DEFENDER"
"Callum","Mills",2020,"CD_I993905","MEDIUM_DEFENDER"
"Ryan","Clarke",2020,"CD_I996442","MIDFIELDER"
"Lewis","Melican",2020,"CD_I996743","KEY_DEFENDER"
"Tom","Papley",2020,"CD_I996765","MEDIUM_FORWARD"
"Will","Hayward",2020,"CD_I997100","MEDIUM_FORWARD"
"Colin","O'Riordan",2020,"CD_I997842","MEDIUM_DEFENDER"
"Oliver","Florent",2020,"CD_I998103","MIDFIELDER"
"Jack","Maibaum",2020,"CD_I998662","KEY_DEFENDER"
"Lachie","Schultz",2020,"CD_I1000860","MEDIUM_FORWARD"
"Lloyd","Meek",2020,"CD_I1000980","RUCK"
"Andrew","Brayshaw",2020,"CD_I1002232","MIDFIELDER"
"Adam","Cerra",2020,"CD_I1002239","MIDFIELDER"
"Mitch","Crowden",2020,"CD_I1002353","MEDIUM_FORWARD"
"Stefan","Giro",2020,"CD_I1002354","MIDFIELDER"
"Hugh","Dixon",2020,"CD_I1002372","KEY_FORWARD"
"Tom","North",2020,"CD_I1003132","MIDFIELDER"
"Tobe","Watson",2020,"CD_I1004437","MEDIUM_DEFENDER"
"Luke","Valente",2020,"CD_I1004850","MIDFIELDER"
"Dillon","O'Reilly",2020,"CD_I1005831","KEY_DEFENDER"
"Liam","Henry",2020,"CD_I1005988","MEDIUM_FORWARD"
"Jason","Carter",2020,"CD_I1006151","MEDIUM_DEFENDER"
"Jarvis","Pina",2020,"CD_I1007854","MEDIUM_DEFENDER"
"Hayden","Young",2020,"CD_I1009256","MEDIUM_DEFENDER"
"Leno","Thomas",2020,"CD_I1009381","MEDIUM_DEFENDER"
"Caleb","Serong",2020,"CD_I1009420","MIDFIELDER"
"Sam","Sturt",2020,"CD_I1013611","MEDIUM_FORWARD"
"Isaiah","Butters",2020,"CD_I1017984","MEDIUM_FORWARD"
"David","Mundy",2020,"CD_I240052","MIDFIELDER"
"Stephen","Hill",2020,"CD_I280336","MEDIUM_DEFENDER"
"Travis","Colyer",2020,"CD_I280988","MEDIUM_FORWARD"
"Michael","Walters",2020,"CD_I281007","MIDFIELDER_FORWARD"
"Brandon","Matera",2020,"CD_I290817","MEDIUM_FORWARD"
"Reece","Conca",2020,"CD_I290823","MEDIUM_DEFENDER"
"Nat","Fyfe",2020,"CD_I291570","MIDFIELDER"
"Matt","Taberner",2020,"CD_I293854","KEY_FORWARD"
"Nathan","Wilson",2020,"CD_I294125","MEDIUM_DEFENDER"
"James","Aish",2020,"CD_I295067","MIDFIELDER"
"Joel","Hamling",2020,"CD_I295222","KEY_DEFENDER"
"Blake","Acres",2020,"CD_I296294","MIDFIELDER"
"Jesse","Hogan",2020,"CD_I296324","KEY_FORWARD"
"Brett","Bewley",2020,"CD_I296371","MIDFIELDER"
"Alex","Pearce",2020,"CD_I298409","KEY_DEFENDER"
"Connor","Blakely",2020,"CD_I298450","MIDFIELDER"
"Rory","Lobb",2020,"CD_I990740","RUCK"
"Sam","Switkowski",2020,"CD_I992059","MEDIUM_FORWARD"
"Darcy","Tucker",2020,"CD_I993816","MIDFIELDER"
"Cam","McCarthy",2020,"CD_I995192","MIDFIELDER"
"Ethan","Hughes",2020,"CD_I996580","MEDIUM_DEFENDER"
"Brennan","Cox",2020,"CD_I997033","KEY_DEFENDER"
"Griffin","Logue",2020,"CD_I997933","KEY_DEFENDER"
"Taylin","Duman",2020,"CD_I998115","MEDIUM_DEFENDER"
"Sean","Darcy",2020,"CD_I998145","RUCK"
"Bailey","Banfield",2020,"CD_I998180","MEDIUM_FORWARD"
"Luke","Ryan",2020,"CD_I998659","KEY_DEFENDER"
"Michael","Frederick",2020,"CD_I999321","MEDIUM_FORWARD"
"Isaac","Cumming",2020,"CD_I1001396","MEDIUM_DEFENDER"
"Brent","Daniels",2020,"CD_I1002251","MEDIUM_FORWARD"
"Nicholas","Shipley",2020,"CD_I1002296","MIDFIELDER"
"Zac","Langdon",2020,"CD_I1004286","MEDIUM_FORWARD"
"Sam","Taylor",2020,"CD_I1005247","KEY_DEFENDER"
"Jye","Caldwell",2020,"CD_I1006103","MIDFIELDER_FORWARD"
"Xavier","O'Halloran",2020,"CD_I1006135","MIDFIELDER"
"Bobby","Hill",2020,"CD_I1006148","MEDIUM_FORWARD"
"Jake","Stein",2020,"CD_I1007238","KEY_DEFENDER"
"Connor","Idun",2020,"CD_I1008083","KEY_DEFENDER"
"Jake","Riccardi",2020,"CD_I1008123","KEY_FORWARD"
"Kieren","Briggs",2020,"CD_I1008436","KEY_FORWARD"
"Lachie","Ash",2020,"CD_I1009253","MEDIUM_DEFENDER"
"Tom","Green",2020,"CD_I1009528","MIDFIELDER"
"Jack","Buckley",2020,"CD_I1009708","MIDFIELDER"
"Callum","Brown",2020,"CD_I1014038","MEDIUM_DEFENDER"
"Heath","Shaw",2020,"CD_I240700","MEDIUM_DEFENDER"
"Sam","Reid",2020,"CD_I261374","MEDIUM_DEFENDER"
"Sam","Jacobs",2020,"CD_I270811","RUCK"
"Matt","de Boer",2020,"CD_I271015","MIDFIELDER"
"Callan","Ward",2020,"CD_I280109","MIDFIELDER"
"Shane","Mumford",2020,"CD_I280762","RUCK"
"Phil","Davis",2020,"CD_I280804","KEY_DEFENDER"
"Lachlan","Keeffe",2020,"CD_I290314","KEY_DEFENDER"
"Daniel","Lloyd",2020,"CD_I290675","MEDIUM_FORWARD"
"Adam","Kennedy",2020,"CD_I291509","MIDFIELDER"
"Tommy","Sheridan",2020,"CD_I291792","MIDFIELDER"
"Matthew","Buntine",2020,"CD_I291797","MEDIUM_DEFENDER"
"Stephen","Coniglio",2020,"CD_I291969","MIDFIELDER"
"Jeremy","Cameron",2020,"CD_I293845","KEY_FORWARD"
"Lachie","Whitfield",2020,"CD_I294305","MEDIUM_DEFENDER"
"Aidan","Corr",2020,"CD_I294508","KEY_DEFENDER"
"Zac","Williams",2020,"CD_I294685","MEDIUM_DEFENDER"
"Nick","Haynes",2020,"CD_I295265","MEDIUM_DEFENDER"
"Toby","Greene",2020,"CD_I295344","MEDIUM_FORWARD"
"Josh","Kelly",2020,"CD_I296347","MIDFIELDER"
"Tom","Hutchesson",2020,"CD_I296984","MEDIUM_FORWARD"
"Jeremy","Finlayson",2020,"CD_I298111","KEY_FORWARD"
"Harry","Himmelberg",2020,"CD_I993107","KEY_FORWARD"
"Matt","Flynn",2020,"CD_I993902","RUCK"
"Jacob","Hopper",2020,"CD_I993903","MIDFIELDER"
"Tim","Taranto",2020,"CD_I998172","MIDFIELDER"
"Harry","Perryman",2020,"CD_I998205","MIDFIELDER"
"Zachary","Sproule",2020,"CD_I998225","KEY_FORWARD"
"Jackson","Hately",2020,"CD_I999309","MIDFIELDER"
"Callum","Coleman-Jones",2020,"CD_I1000061","RUCK"
"Liam","Baker",2020,"CD_I1000223","MEDIUM_DEFENDER"
"Daniel","Rioli",2020,"CD_I1000981","MEDIUM_FORWARD"
"Jack","Higgins",2020,"CD_I1002227","MEDIUM_FORWARD"
"Patrick","Naish",2020,"CD_I1002231","MIDFIELDER"
"Noah","Balta",2020,"CD_I1002245","KEY_DEFENDER"
"Ben","Miller",2020,"CD_I1002403","KEY_DEFENDER"
"Sydney","Stack",2020,"CD_I1002583","MIDFIELDER_FORWARD"
"Jack","Ross",2020,"CD_I1006133","MIDFIELDER"
"Bigoa","Nyuon",2020,"CD_I1006193","RUCK"
"Fraser","Turner",2020,"CD_I1006208","MIDFIELDER"
"Derek","Eggmolesse-Smith",2020,"CD_I1006276","MEDIUM_DEFENDER"
"Luke","English",2020,"CD_I1006536","MIDFIELDER_FORWARD"
"Riley","Collier-Dawkins",2020,"CD_I1008297","MIDFIELDER"
"Thomson","Dow",2020,"CD_I1009226","MIDFIELDER"
"Noah","Cumberland",2020,"CD_I1009308","MIDFIELDER_FORWARD"
"Will","Martyn",2020,"CD_I1009313","MIDFIELDER"
"Hugo","Ralphsmith",2020,"CD_I1011985","MIDFIELDER_FORWARD"
"Bachar","Houli",2020,"CD_I250312","MEDIUM_DEFENDER"
"Jack","Riewoldt",2020,"CD_I250395","KEY_FORWARD"
"Shane","Edwards",2020,"CD_I260930","MIDFIELDER"
"Alex","Rance",2020,"CD_I261362","KEY_DEFENDER"
"Trent","Cotchin",2020,"CD_I270896","MIDFIELDER"
"Dylan","Grimes",2020,"CD_I280819","KEY_DEFENDER"
"Kane","Lambert",2020,"CD_I290032","MIDFIELDER_FORWARD"
"David","Astbury",2020,"CD_I290198","KEY_DEFENDER"
"Josh","Caddy",2020,"CD_I290623","MIDFIELDER"
"Dion","Prestia",2020,"CD_I290627","MIDFIELDER"
"Dustin","Martin",2020,"CD_I290847","MIDFIELDER_FORWARD"
"Tom","Lynch",2020,"CD_I293813","KEY_FORWARD"
"Kamdyn","McIntosh",2020,"CD_I294592","MIDFIELDER"
"Nick","Vlastuin",2020,"CD_I294674","MEDIUM_DEFENDER"
"Nathan","Broad",2020,"CD_I295203","MEDIUM_DEFENDER"
"Toby","Nankervis",2020,"CD_I298174","RUCK"
"Oleg","Markov",2020,"CD_I298358","MEDIUM_DEFENDER"
"Jack","Graham",2020,"CD_I990827","MIDFIELDER"
"Jason","Castagna",2020,"CD_I991933","MEDIUM_FORWARD"
"Jayden","Short",2020,"CD_I992049","MEDIUM_DEFENDER"
"Jake","Aarts",2020,"CD_I992786","MEDIUM_FORWARD"
"Marlion","Pickett",2020,"CD_I993771","MIDFIELDER"
"Shai","Bolton",2020,"CD_I993993","MIDFIELDER"
"Mabior","Chol",2020,"CD_I994077","RUCK"
"Ryan","Garthwaite",2020,"CD_I998218","KEY_DEFENDER"
"Ivan","Soldo",2020,"CD_I998529","RUCK"
"Bayley","Fritsch",2020,"CD_I1001438","MEDIUM_FORWARD"
"Mitch","Hannan",2020,"CD_I1001449","MEDIUM_FORWARD"
"Charlie","Spargo",2020,"CD_I1002282","MEDIUM_FORWARD"
"Joel","Smith",2020,"CD_I1003546","KEY_DEFENDER"
"Aaron","Nietschke",2020,"CD_I1004695","MIDFIELDER"
"Kade","Chandler",2020,"CD_I1005330","MEDIUM_FORWARD"
"Kyle","Dunkley",2020,"CD_I1006106","MIDFIELDER"
"Toby","Bedford",2020,"CD_I1008139","MEDIUM_FORWARD"
"Kysaiah","Pickett",2020,"CD_I1008541","MEDIUM_FORWARD"
"Oskar","Baker",2020,"CD_I1008855","MIDFIELDER"
"Harrison","Petty",2020,"CD_I1008893","KEY_FORWARD"
"Trent","Rivers",2020,"CD_I1009378","MEDIUM_DEFENDER"
"Luke","Jackson",2020,"CD_I1009399","KEY_FORWARD"
"James","Jordon",2020,"CD_I1013409","MIDFIELDER"
"Austin","Bradtke",2020,"CD_I1014081","RUCK"
"Nathan","Jones",2020,"CD_I250222","MIDFIELDER_FORWARD"
"Jake","Melksham",2020,"CD_I280824","MEDIUM_FORWARD"
"Steven","May",2020,"CD_I281085","KEY_DEFENDER"
"Neville","Jetta",2020,"CD_I281280","MEDIUM_DEFENDER"
"Michael","Hibberd",2020,"CD_I290160","MEDIUM_DEFENDER"
"Max","Gawn",2020,"CD_I290528","RUCK"
"Mitch","Brown",2020,"CD_I290622","KEY_FORWARD"
"Tom","McDonald",2020,"CD_I291533","KEY_FORWARD"
"Harley","Bennell",2020,"CD_I291594","MEDIUM_FORWARD"
"Adam","Tomlinson",2020,"CD_I291819","KEY_DEFENDER"
"Jack","Viney",2020,"CD_I291902","MIDFIELDER"
"Josh","Wagner",2020,"CD_I294675","MEDIUM_DEFENDER"
"Kade","Kolodjashnij",2020,"CD_I296209","MIDFIELDER"
"Christian","Salem",2020,"CD_I296359","MEDIUM_DEFENDER"
"Alex","Neal-Bullen",2020,"CD_I296420","MEDIUM_FORWARD"
"James","Harmes",2020,"CD_I297899","MEDIUM_DEFENDER"
"Aaron","vandenBerg",2020,"CD_I297990","MIDFIELDER"
"Christian","Petracca",2020,"CD_I298210","MIDFIELDER"
"Ed","Langdon",2020,"CD_I298264","MIDFIELDER"
"Angus","Brayshaw",2020,"CD_I298279","MIDFIELDER"
"Jake","Lever",2020,"CD_I298281","KEY_DEFENDER"
"Jay","Lockhart",2020,"CD_I298390","MEDIUM_DEFENDER"
"Oscar","McDonald",2020,"CD_I992472","KEY_DEFENDER"
"Braydon","Preuss",2020,"CD_I992644","RUCK"
"Sam","Weideman",2020,"CD_I993806","KEY_FORWARD"
"Corey","Wagner",2020,"CD_I993940","MIDFIELDER_FORWARD"
"Jayden","Hunt",2020,"CD_I994385","MEDIUM_FORWARD"
"Marty","Hore",2020,"CD_I996692","MEDIUM_DEFENDER"
"Clayton","Oliver",2020,"CD_I996701","MIDFIELDER"
"Tom","Sparrow",2020,"CD_I999391","MIDFIELDER"
"Anthony","Treacy",2020,"CD_I1001412","MEDIUM_FORWARD"
"Jarrod","Brander",2020,"CD_I1002300","MIDFIELDER_FORWARD"
"Brayden","Ainsworth",2020,"CD_I1004356","MIDFIELDER_FORWARD"
"Liam","Ryan",2020,"CD_I1004364","MEDIUM_FORWARD"
"Oscar","Allen",2020,"CD_I1004385","KEY_FORWARD"
"Luke","Foley",2020,"CD_I1005599","MEDIUM_DEFENDER"
"Jarrod","Cameron",2020,"CD_I1005793","MEDIUM_FORWARD"
"Bailey J.","Williams",2020,"CD_I1006114","RUCK"
"Jack","Petruccelle",2020,"CD_I1006550","MEDIUM_FORWARD"
"Xavier","O'Neill",2020,"CD_I1008282","MIDFIELDER_FORWARD"
"Mitch","O'Neill",2020,"CD_I1009353","MIDFIELDER"
"Callum","Jamieson",2020,"CD_I1011243","RUCK"
"Harry","Edwards",2020,"CD_I1011437","KEY_DEFENDER"
"Ben","Johnson",2020,"CD_I1011464","MEDIUM_DEFENDER"
"Shannon","Hurn",2020,"CD_I240283","MEDIUM_DEFENDER"
"Josh J.","Kennedy",2020,"CD_I240406","KEY_FORWARD"
"Will","Schofield",2020,"CD_I261214","KEY_DEFENDER"
"Nic","Naitanui",2020,"CD_I271045","RUCK"
"Luke","Shuey",2020,"CD_I280078","MIDFIELDER"
"Nathan","Vardy",2020,"CD_I280959","RUCK"
"Mark","Hutchings",2020,"CD_I281052","MIDFIELDER_FORWARD"
"Brad","Sheppard",2020,"CD_I281080","MEDIUM_DEFENDER"
"Lewis","Jetta",2020,"CD_I281281","MEDIUM_DEFENDER"
"Jack","Redden",2020,"CD_I281373","MIDFIELDER"
"Andrew","Gaff",2020,"CD_I290801","MIDFIELDER"
"Jamie","Cripps",2020,"CD_I290826","MEDIUM_FORWARD"
"Jack","Darling",2020,"CD_I290838","KEY_FORWARD"
"Brendon","Ah Chee",2020,"CD_I291947","MEDIUM_FORWARD"
"Elliot","Yeo",2020,"CD_I292128","MIDFIELDER"
"Tom","Hickey",2020,"CD_I294266","RUCK"
"Jeremy","McGovern",2020,"CD_I294859","KEY_DEFENDER"
"Tim","Kelly",2020,"CD_I295898","MIDFIELDER"
"Willie","Rioli",2020,"CD_I296225","MEDIUM_FORWARD"
"Dom","Sheed",2020,"CD_I296296","MIDFIELDER"
"Nic","Reid",2020,"CD_I297668","MEDIUM_FORWARD"
"Liam","Duggan",2020,"CD_I298268","MEDIUM_DEFENDER"
"Jackson","Nelson",2020,"CD_I298298","MEDIUM_DEFENDER"
"Francis","Watson",2020,"CD_I298474","MEDIUM_DEFENDER"
"Tom","Barrass",2020,"CD_I990290","KEY_DEFENDER"
"Tom","Cole",2020,"CD_I993820","MEDIUM_DEFENDER"
"Jake","Waterman",2020,"CD_I996554","MEDIUM_FORWARD"
"Josh","Rotham",2020,"CD_I997823","KEY_DEFENDER"
"Hamish","Brayshaw",2020,"CD_I998107","MEDIUM_FORWARD"
"Daniel","Venables",2020,"CD_I998414","MEDIUM_FORWARD"
"Jamaine","Jones",2020,"CD_I998791","MEDIUM_FORWARD"
"Tom","Doedee",2021,"CD_I1000932","KEY_DEFENDER"
"Lachlan","Murphy",2021,"CD_I1000998","MEDIUM_FORWARD"
"Mitchell","Hinge",2021,"CD_I1004863","MEDIUM_DEFENDER"
"Jordon","Butts",2021,"CD_I1004995","KEY_DEFENDER"
"Elliott","Himmelberg",2021,"CD_I1005199","KEY_FORWARD"
"Lachlan","Sholl",2021,"CD_I1006136","MIDFIELDER"
"Chayce","Jones",2021,"CD_I1006203","MEDIUM_DEFENDER"
"William","Hamill",2021,"CD_I1008159","MEDIUM_DEFENDER"
"Ned","McHenry",2021,"CD_I1008185","MEDIUM_FORWARD"
"Nick","Murray",2021,"CD_I1008230","KEY_DEFENDER"
"Riley","Thilthorpe",2021,"CD_I1008384","KEY_FORWARD"
"Harry","Schoenberg",2021,"CD_I1008543","MIDFIELDER"
"Kieran","Strachan",2021,"CD_I1008752","RUCK"
"James","Borlase",2021,"CD_I1009029","KEY_DEFENDER"
"Fischer","McAsey",2021,"CD_I1009201","KEY_DEFENDER"
"Ronin","O'Connor",2021,"CD_I1011254","MIDFIELDER"
"Josh","Worrell",2021,"CD_I1011981","MEDIUM_DEFENDER"
"Luke","Pedlar",2021,"CD_I1012218","MEDIUM_FORWARD"
"Sam","Berry",2021,"CD_I1012807","MEDIUM_FORWARD"
"Patrick","Parnell",2021,"CD_I1013153","MEDIUM_DEFENDER"
"Tariek","Newchurch",2021,"CD_I1016082","MEDIUM_FORWARD"
"Lachlan","Gollant",2021,"CD_I1018075","MEDIUM_DEFENDER"
"Brayden","Cook",2021,"CD_I1018335","MIDFIELDER"
"David","Mackay",2021,"CD_I250362","MIDFIELDER"
"Bryce","Gibbs",2021,"CD_I250417","MEDIUM_DEFENDER"
"Tom","Lynch",2021,"CD_I270938","MEDIUM_FORWARD"
"Rory","Sloane",2021,"CD_I270963","MIDFIELDER"
"Taylor","Walker",2021,"CD_I280506","KEY_FORWARD"
"Daniel","Talia",2021,"CD_I280934","KEY_DEFENDER"
"Brodie","Smith",2021,"CD_I291748","MEDIUM_DEFENDER"
"Luke","Brown",2021,"CD_I293193","MEDIUM_DEFENDER"
"Rory","Laird",2021,"CD_I293222","MIDFIELDER"
"Paul","Seedsman",2021,"CD_I294733","MIDFIELDER"
"Matt","Crouch",2021,"CD_I297401","MIDFIELDER"
"Jake","Kelly",2021,"CD_I297473","MEDIUM_DEFENDER"
"Reilly","O'Brien",2021,"CD_I297523","RUCK"
"Ben","Davis",2021,"CD_I298417","MEDIUM_DEFENDER"
"Shane","McAdam",2021,"CD_I298470","MEDIUM_FORWARD"
"Wayne","Milera",2021,"CD_I990882","MEDIUM_DEFENDER"
"Billy","Frampton",2021,"CD_I991773","KEY_FORWARD"
"Ben","Keays",2021,"CD_I993946","MIDFIELDER"
"Andrew","McPherson",2021,"CD_I997206","MEDIUM_DEFENDER"
"Tyson","Stengle",2021,"CD_I997230","MEDIUM_FORWARD"
"Jackson","Hately",2021,"CD_I999309","MIDFIELDER"
"James","Rowe",2021,"CD_I999316","MEDIUM_FORWARD"
"Darcy","Fogarty",2021,"CD_I999331","KEY_FORWARD"
"Hugh","McCluggage",2021,"CD_I1000978","MIDFIELDER"
"Cam","Rayner",2021,"CD_I1002235","MEDIUM_FORWARD"
"Zac","Bailey",2021,"CD_I1002312","MIDFIELDER_FORWARD"
"Jack","Payne",2021,"CD_I1002347","KEY_DEFENDER"
"Connor","Ballenden",2021,"CD_I1002351","RUCK"
"Brandon","Starcevich",2021,"CD_I1002401","MEDIUM_DEFENDER"
"Noah","Answerth",2021,"CD_I1005053","MEDIUM_DEFENDER"
"Oscar","McInerney",2021,"CD_I1005521","RUCK"
"Ely","Smith",2021,"CD_I1006033","MIDFIELDER_FORWARD"
"Keidean","Coleman",2021,"CD_I1006059","MEDIUM_FORWARD"
"Connor","McFadyen",2021,"CD_I1006085","MEDIUM_FORWARD"
"Thomas","Berry",2021,"CD_I1006100","MEDIUM_FORWARD"
"Tom","Joyce",2021,"CD_I1006150","MIDFIELDER"
"Harry","Sharp",2021,"CD_I1007099","MIDFIELDER"
"Brock","Smith",2021,"CD_I1009242","MEDIUM_DEFENDER"
"Deven","Robertson",2021,"CD_I1009385","MIDFIELDER_FORWARD"
"Jaxon","Prior",2021,"CD_I1009386","MIDFIELDER"
"Blake","Coleman",2021,"CD_I1013256","MEDIUM_FORWARD"
"Carter","Michael",2021,"CD_I1013260","MIDFIELDER"
"Tom","Fullarton",2021,"CD_I1013532","RUCK"
"James","Madden",2021,"CD_I1013978","MEDIUM_DEFENDER"
"Henry","Smith",2021,"CD_I1016189","RUCK"
"Kalin","Lane",2021,"CD_I1018296","RUCK"
"Deividas","Uosis",2021,"CD_I1021659","MEDIUM_DEFENDER"
"Grant","Birchall",2021,"CD_I240302","MEDIUM_DEFENDER"
"Dayne","Zorko",2021,"CD_I261224","MIDFIELDER"
"Daniel","Rich",2021,"CD_I271072","MEDIUM_DEFENDER"
"Mitch","Robinson",2021,"CD_I290311","MIDFIELDER"
"Ryan","Lester",2021,"CD_I291548","MEDIUM_DEFENDER"
"Cameron","Ellis-Yolmen",2021,"CD_I293479","MIDFIELDER_FORWARD"
"Lachie","Neale",2021,"CD_I293535","MIDFIELDER"
"Lincoln","McCarthy",2021,"CD_I293581","MEDIUM_FORWARD"
"Jarryd","Lyons",2021,"CD_I293716","MIDFIELDER"
"Marcus","Adams",2021,"CD_I294168","KEY_DEFENDER"
"Joe","Daniher",2021,"CD_I294518","KEY_FORWARD"
"Darcy","Gardiner",2021,"CD_I296269","KEY_DEFENDER"
"Daniel","McStay",2021,"CD_I297504","KEY_FORWARD"
"Nakia","Cockatoo",2021,"CD_I298336","MEDIUM_FORWARD"
"Callum","Ah Chee",2021,"CD_I298437","MEDIUM_DEFENDER"
"Charlie","Cameron",2021,"CD_I990609","MEDIUM_FORWARD"
"Archie","Smith",2021,"CD_I992752","RUCK"
"Rhys","Mathieson",2021,"CD_I993828","MIDFIELDER"
"Eric","Hipwood",2021,"CD_I993953","KEY_FORWARD"
"Harris","Andrews",2021,"CD_I996059","KEY_DEFENDER"
"Jarrod","Berry",2021,"CD_I998133","MIDFIELDER"
"John","Noble",2021,"CD_I1000072","MEDIUM_DEFENDER"
"Max","Lynch",2021,"CD_I1000960","RUCK"
"Callum","Brown",2021,"CD_I1002770","MEDIUM_FORWARD"
"Brayden","Sier",2021,"CD_I1003029","MIDFIELDER"
"Beau","McCreery",2021,"CD_I1004757","MEDIUM_FORWARD"
"Josh","Daicos",2021,"CD_I1005054","MIDFIELDER"
"Nathan","Murphy",2021,"CD_I1005107","MIDFIELDER_FORWARD"
"Isaac","Quaynor",2021,"CD_I1008089","MEDIUM_DEFENDER"
"Tyler","Brown",2021,"CD_I1008171","MIDFIELDER"
"William","Kelly",2021,"CD_I1008285","KEY_FORWARD"
"Trent","Bianco",2021,"CD_I1009186","MEDIUM_FORWARD"
"Trey","Ruscoe",2021,"CD_I1009383","MEDIUM_DEFENDER"
"Jack","Madgen",2021,"CD_I1010841","MEDIUM_DEFENDER"
"Caleb","Poulter",2021,"CD_I1011589","MIDFIELDER"
"Finlay","Macrae",2021,"CD_I1012828","MIDFIELDER"
"Liam","McMahon",2021,"CD_I1012842","KEY_FORWARD"
"Jack","Ginnivan",2021,"CD_I1012857","MEDIUM_FORWARD"
"Oliver","Henry",2021,"CD_I1012860","MEDIUM_FORWARD"
"Reef","McInnes",2021,"CD_I1013278","MIDFIELDER"
"Mark","Keane",2021,"CD_I1013974","KEY_DEFENDER"
"Anton","Tohill",2021,"CD_I1013975","KEY_DEFENDER"
"Aiden","Begg",2021,"CD_I1015748","RUCK"
"Jay","Rantall",2021,"CD_I1015793","MEDIUM_FORWARD"
"Isaac","Chugg",2021,"CD_I1015901","MIDFIELDER"
"Scott","Pendlebury",2021,"CD_I260257","MIDFIELDER"
"Levi","Greenwood",2021,"CD_I270861","MIDFIELDER"
"Jordan","Roughead",2021,"CD_I280012","KEY_DEFENDER"
"Chris","Mayne",2021,"CD_I280416","MEDIUM_DEFENDER"
"Steele","Sidebottom",2021,"CD_I280965","MIDFIELDER_FORWARD"
"Josh","Thomas",2021,"CD_I290289","MEDIUM_FORWARD"
"Jeremy","Howe",2021,"CD_I291313","MEDIUM_DEFENDER"
"Will","Hoskin-Elliott",2021,"CD_I291720","MIDFIELDER"
"Taylor","Adams",2021,"CD_I291776","MIDFIELDER"
"Brody","Mihocek",2021,"CD_I291849","KEY_FORWARD"
"Jamie","Elliott",2021,"CD_I293801","MEDIUM_FORWARD"
"Jack","Crisp",2021,"CD_I293871","MEDIUM_DEFENDER"
"Brodie","Grundy",2021,"CD_I293957","RUCK"
"Darcy","Moore",2021,"CD_I298288","KEY_DEFENDER"
"Darcy","Cameron",2021,"CD_I990291","KEY_FORWARD"
"Brayden","Maynard",2021,"CD_I992010","MEDIUM_DEFENDER"
"Tom","Wilson",2021,"CD_I993797","MEDIUM_DEFENDER"
"Jordan","De Goey",2021,"CD_I994185","MIDFIELDER_FORWARD"
"Ash","Johnson",2021,"CD_I997974","KEY_FORWARD"
"Mason","Cox",2021,"CD_I998647","KEY_FORWARD"
"Jez","McLennan",2021,"CD_I1000044","MEDIUM_DEFENDER"
"Chris","Burgess",2021,"CD_I1000068","RUCK"
"Izak","Rankine",2021,"CD_I1001195","MEDIUM_FORWARD"
"Jack","Lukosius",2021,"CD_I1004095","MEDIUM_DEFENDER"
"Josh","Corbett",2021,"CD_I1005547","KEY_FORWARD"
"Malcolm","Rosas",2021,"CD_I1005986","MEDIUM_FORWARD"
"Joel","Jeffrey",2021,"CD_I1005992","KEY_FORWARD"
"Caleb","Graham",2021,"CD_I1006087","RUCK"
"Ben","King",2021,"CD_I1006144","KEY_FORWARD"
"Wil","Powell",2021,"CD_I1007881","MEDIUM_DEFENDER"
"Connor","Budarick",2021,"CD_I1008454","MEDIUM_DEFENDER"
"Charlie","Ballard",2021,"CD_I1008882","KEY_DEFENDER"
"Noah","Anderson",2021,"CD_I1009199","MIDFIELDER"
"Matt","Rowell",2021,"CD_I1009208","MIDFIELDER"
"Sam","Flanders",2021,"CD_I1009260","MEDIUM_FORWARD"
"Hewago","Oea",2021,"CD_I1009320","MIDFIELDER"
"Matt","Conroy",2021,"CD_I1009334","RUCK"
"Jeremy","Sharp",2021,"CD_I1009380","MIDFIELDER"
"Elijah","Hollands",2021,"CD_I1012862","MIDFIELDER_FORWARD"
"Rhys","Nicholls",2021,"CD_I1013247","MEDIUM_DEFENDER"
"Aiden","Fyfe",2021,"CD_I1013263","MEDIUM_DEFENDER"
"Alex","Davies",2021,"CD_I1013268","MIDFIELDER"
"Patrick","Murtagh",2021,"CD_I1016116","KEY_FORWARD"
"Luke","Towey",2021,"CD_I1019157","MEDIUM_DEFENDER"
"Ned","Moyle",2021,"CD_I1021013","RUCK"
"Jarrod","Harbrow",2021,"CD_I240254","MEDIUM_DEFENDER"
"Zac","Smith",2021,"CD_I280722","RUCK"
"Rory","Thompson",2021,"CD_I281075","KEY_DEFENDER"
"Hugh","Greenwood",2021,"CD_I281091","MIDFIELDER"
"David","Swallow",2021,"CD_I290832","MIDFIELDER"
"Sam","Day",2021,"CD_I291753","KEY_FORWARD"
"Jacob","Townsend",2021,"CD_I291891","MEDIUM_FORWARD"
"Jack","Hombsch",2021,"CD_I291964","KEY_DEFENDER"
"Jarrod","Witts",2021,"CD_I291975","RUCK"
"Brandon","Ellis",2021,"CD_I293713","MIDFIELDER"
"Sean","Lemmens",2021,"CD_I294013","MEDIUM_DEFENDER"
"Rory","Atkins",2021,"CD_I294472","MIDFIELDER"
"Alex","Sexton",2021,"CD_I294643","MEDIUM_FORWARD"
"Sam","Collins",2021,"CD_I295446","KEY_DEFENDER"
"Jordan","Murdoch",2021,"CD_I295942","MEDIUM_DEFENDER"
"Nick","Holman",2021,"CD_I297456","MEDIUM_FORWARD"
"Touk","Miller",2021,"CD_I298272","MIDFIELDER"
"Oleg","Markov",2021,"CD_I298358","MEDIUM_DEFENDER"
"Lachie","Weller",2021,"CD_I298524","MIDFIELDER_FORWARD"
"Brayden","Fiorini",2021,"CD_I993799","MIDFIELDER"
"Darcy","Macpherson",2021,"CD_I996464","MEDIUM_FORWARD"
"Will","Brodie",2021,"CD_I998129","MIDFIELDER_FORWARD"
"Ben","Ainsworth",2021,"CD_I998130","MEDIUM_FORWARD"
"Jack","Bowes",2021,"CD_I998260","MEDIUM_DEFENDER"
"Jy","Farrar",2021,"CD_I999715","KEY_DEFENDER"
"Harry","McKay",2021,"CD_I1000953","KEY_FORWARD"
"Jack","Silvagni",2021,"CD_I1001028","MEDIUM_FORWARD"
"Matthew","Kennedy",2021,"CD_I1001398","MIDFIELDER"
"Lachie","Fogarty",2021,"CD_I1002228","MEDIUM_FORWARD"
"Paddy","Dow",2021,"CD_I1002256","MIDFIELDER"
"Lochie","O'Brien",2021,"CD_I1002259","MIDFIELDER"
"Jordan","Boyd",2021,"CD_I1002795","MEDIUM_DEFENDER"
"Josh","Honey",2021,"CD_I1002938","MEDIUM_FORWARD"
"Sam","Ramsay",2021,"CD_I1002942","MIDFIELDER"
"Tom","De Koning",2021,"CD_I1004912","RUCK"
"Sam","Walsh",2021,"CD_I1006094","MIDFIELDER"
"Matthew","Cottrell",2021,"CD_I1008154","MIDFIELDER"
"Liam","Stocker",2021,"CD_I1008312","MEDIUM_DEFENDER"
"Corey","Durdin",2021,"CD_I1008510","MEDIUM_FORWARD"
"Brodie","Kemp",2021,"CD_I1009241","MEDIUM_DEFENDER"
"Sam","Philp",2021,"CD_I1011929","MEDIUM_FORWARD"
"Luke","Parks",2021,"CD_I1012409","MEDIUM_DEFENDER"
"Jack","Carroll",2021,"CD_I1013233","MIDFIELDER"
"Matthew","Owies",2021,"CD_I1013973","MEDIUM_FORWARD"
"Alex","Mirkov",2021,"CD_I1023446","RUCK"
"Eddie","Betts",2021,"CD_I240060","MEDIUM_FORWARD"
"Marc","Murphy",2021,"CD_I250105","MEDIUM_FORWARD"
"Ed","Curnow",2021,"CD_I270146","MIDFIELDER"
"Liam","Jones",2021,"CD_I281078","KEY_DEFENDER"
"Levi","Casboult",2021,"CD_I281124","KEY_FORWARD"
"Jack","Newnes",2021,"CD_I291773","MIDFIELDER"
"Lachie","Plowman",2021,"CD_I294624","MEDIUM_DEFENDER"
"Zac","Williams",2021,"CD_I294685","MEDIUM_DEFENDER"
"Adam","Saad",2021,"CD_I295461","MEDIUM_DEFENDER"
"Sam","Docherty",2021,"CD_I295518","MEDIUM_DEFENDER"
"Jack","Martin",2021,"CD_I296190","MEDIUM_FORWARD"
"Michael","Gibbons",2021,"CD_I296200","MEDIUM_FORWARD"
"Mitch","McGovern",2021,"CD_I297255","KEY_FORWARD"
"Nic","Newman",2021,"CD_I297907","MEDIUM_DEFENDER"
"Marc","Pittonet",2021,"CD_I298290","RUCK"
"Caleb","Marchbank",2021,"CD_I298302","MEDIUM_DEFENDER"
"Patrick","Cripps",2021,"CD_I990704","MIDFIELDER"
"Oscar","McDonald",2021,"CD_I992472","KEY_FORWARD"
"David","Cuningham",2021,"CD_I993795","MIDFIELDER_FORWARD"
"Jacob","Weitering",2021,"CD_I993832","KEY_DEFENDER"
"Sam","Petrevski-Seton",2021,"CD_I994539","MEDIUM_DEFENDER"
"Charlie","Curnow",2021,"CD_I996731","KEY_FORWARD"
"Thomas","Williamson",2021,"CD_I998167","MEDIUM_DEFENDER"
"Will","Setterfield",2021,"CD_I998215","MIDFIELDER"
"Zac","Fisher",2021,"CD_I999827","MEDIUM_FORWARD"
"Nick","Larkey",2021,"CD_I1001017","KEY_FORWARD"
"Ben","McKay",2021,"CD_I1002143","KEY_DEFENDER"
"Jaidyn","Stephenson",2021,"CD_I1002240","MEDIUM_FORWARD"
"Luke","Davies-Uniacke",2021,"CD_I1002267","MIDFIELDER"
"Aiden","Bonar",2021,"CD_I1004894","MEDIUM_DEFENDER"
"Lachlan","Young",2021,"CD_I1004909","MIDFIELDER"
"Tristan","Xerri",2021,"CD_I1004965","KEY_FORWARD"
"William","Walker",2021,"CD_I1005084","MIDFIELDER_FORWARD"
"Tarryn","Thomas",2021,"CD_I1005729","MIDFIELDER_FORWARD"
"Bailey","Scott",2021,"CD_I1006058","MEDIUM_FORWARD"
"Curtis","Taylor",2021,"CD_I1006137","MIDFIELDER_FORWARD"
"Matt","McGuinness",2021,"CD_I1006653","KEY_DEFENDER"
"Atu","Bosenavulagi",2021,"CD_I1008288","MEDIUM_DEFENDER"
"Jack","Mahony",2021,"CD_I1009189","MEDIUM_FORWARD"
"Phoenix","Spicer",2021,"CD_I1011647","MIDFIELDER_FORWARD"
"Tom","Powell",2021,"CD_I1011659","MIDFIELDER_FORWARD"
"Flynn","Perez",2021,"CD_I1011771","MEDIUM_DEFENDER"
"Will","Phillips",2021,"CD_I1012829","MIDFIELDER_FORWARD"
"Eddie","Ford",2021,"CD_I1012833","MEDIUM_FORWARD"
"Charlie","Lazzaro",2021,"CD_I1012852","MIDFIELDER_FORWARD"
"Patrick","Walker",2021,"CD_I1013191","MEDIUM_DEFENDER"
"Charlie","Ham",2021,"CD_I1015760","MEDIUM_DEFENDER"
"Charlie","Comben",2021,"CD_I1015781","KEY_FORWARD"
"Jacob","Edwards",2021,"CD_I1015895","RUCK"
"Robbie","Tarrant",2021,"CD_I270325","KEY_DEFENDER"
"Todd","Goldstein",2021,"CD_I271129","RUCK"
"Ben","Cunnington",2021,"CD_I280921","MIDFIELDER"
"Jack","Ziebell",2021,"CD_I280944","MEDIUM_DEFENDER"
"Tom","Campbell",2021,"CD_I290246","RUCK"
"Jared","Polec",2021,"CD_I290738","MIDFIELDER"
"Shaun","Atley",2021,"CD_I290787","MEDIUM_DEFENDER"
"Josh","Walker",2021,"CD_I291550","KEY_DEFENDER"
"Dom","Tyson",2021,"CD_I291784","MIDFIELDER"
"Jed","Anderson",2021,"CD_I291861","MIDFIELDER"
"Aidan","Corr",2021,"CD_I294508","KEY_DEFENDER"
"Trent","Dumont",2021,"CD_I296035","MIDFIELDER"
"Taylor","Garner",2021,"CD_I296078","MEDIUM_FORWARD"
"Luke","McDonald",2021,"CD_I296355","MIDFIELDER"
"Aaron","Hall",2021,"CD_I296735","MEDIUM_DEFENDER"
"Connor","Menadue",2021,"CD_I992015","MEDIUM_DEFENDER"
"Kayne","Turner",2021,"CD_I992499","MEDIUM_DEFENDER"
"Jy","Simpkin",2021,"CD_I993998","MIDFIELDER"
"Kyron","Hayden",2021,"CD_I998327","MEDIUM_DEFENDER"
"Cameron","Zurhaar",2021,"CD_I998484","MEDIUM_FORWARD"
"Willem","Drew",2021,"CD_I1000972","MIDFIELDER"
"Connor","Rozee",2021,"CD_I1001299","MEDIUM_FORWARD"
"Sam","Hayes",2021,"CD_I1002248","RUCK"
"Kane","Farrell",2021,"CD_I1002253","MIDFIELDER_FORWARD"
"Jed","McEntee",2021,"CD_I1004819","MEDIUM_FORWARD"
"Todd","Marshall",2021,"CD_I1004998","KEY_FORWARD"
"Jackson","Mead",2021,"CD_I1005326","MIDFIELDER"
"Xavier","Duursma",2021,"CD_I1006096","MIDFIELDER"
"Zak","Butters",2021,"CD_I1006121","MIDFIELDER_FORWARD"
"Trent","Burgoyne",2021,"CD_I1008531","MIDFIELDER_FORWARD"
"Miles","Bergman",2021,"CD_I1009191","MIDFIELDER"
"Dylan","Williams",2021,"CD_I1009195","MEDIUM_FORWARD"
"Jake","Pasini",2021,"CD_I1009389","KEY_DEFENDER"
"Mitch","Georgiades",2021,"CD_I1010174","KEY_FORWARD"
"Lachie","Jones",2021,"CD_I1011583","MEDIUM_DEFENDER"
"Taj","Schofield",2021,"CD_I1012310","MIDFIELDER"
"Ollie","Lord",2021,"CD_I1012881","KEY_FORWARD"
"Travis","Boak",2021,"CD_I250365","MIDFIELDER"
"Tyson","Goldsack",2021,"CD_I260246","KEY_DEFENDER"
"Robbie","Gray",2021,"CD_I261396","MEDIUM_FORWARD"
"Hamish","Hartlett",2021,"CD_I261892","MEDIUM_DEFENDER"
"Tom","Rockliff",2021,"CD_I270919","MIDFIELDER"
"Charlie","Dixon",2021,"CD_I280711","KEY_FORWARD"
"Steven","Motlop",2021,"CD_I280990","MEDIUM_FORWARD"
"Trent","McKenzie",2021,"CD_I290527","KEY_DEFENDER"
"Scott","Lycett",2021,"CD_I290746","RUCK"
"Tom","Jonas",2021,"CD_I292145","KEY_DEFENDER"
"Sam","Mayes",2021,"CD_I293603","MEDIUM_FORWARD"
"Jarrod","Lienert",2021,"CD_I293987","MEDIUM_DEFENDER"
"Ollie","Wines",2021,"CD_I294318","MIDFIELDER"
"Aliir","Aliir",2021,"CD_I294469","KEY_DEFENDER"
"Tom","Clurey",2021,"CD_I294504","KEY_DEFENDER"
"Orazio","Fantasia",2021,"CD_I296334","MEDIUM_FORWARD"
"Karl","Amon",2021,"CD_I297354","MIDFIELDER"
"Darcy","Byrne-Jones",2021,"CD_I991930","MEDIUM_DEFENDER"
"Ryan","Burton",2021,"CD_I992128","MEDIUM_DEFENDER"
"Sam","Powell-Pepper",2021,"CD_I993979","MIDFIELDER_FORWARD"
"Dan","Houston",2021,"CD_I994295","MEDIUM_DEFENDER"
"Riley","Bonner",2021,"CD_I994599","MEDIUM_DEFENDER"
"Peter","Ladhams",2021,"CD_I997142","RUCK"
"Joel","Garner",2021,"CD_I998321","MEDIUM_DEFENDER"
"Martin","Frederick",2021,"CD_I999320","MEDIUM_DEFENDER"
"Boyd","Woodcock",2021,"CD_I999346","MEDIUM_FORWARD"
"Mitch","Hannan",2021,"CD_I1001449","MEDIUM_FORWARD"
"Aaron","Naughton",2021,"CD_I1002404","KEY_FORWARD"
"Patrick","Lipinski",2021,"CD_I1003130","MIDFIELDER"
"Tim","English",2021,"CD_I1004592","RUCK"
"Laitham","Vandermeer",2021,"CD_I1005000","MEDIUM_FORWARD"
"Rhylee","West",2021,"CD_I1006127","MEDIUM_FORWARD"
"Bailey","Smith",2021,"CD_I1006130","MIDFIELDER"
"Riley","Garcia",2021,"CD_I1006533","MEDIUM_FORWARD"
"Ed","Richards",2021,"CD_I1008280","MEDIUM_DEFENDER"
"Lachlan","McNeil",2021,"CD_I1009015","MEDIUM_FORWARD"
"Jamarra","Ugle-Hagan",2021,"CD_I1009301","KEY_FORWARD"
"Cody","Weightman",2021,"CD_I1011803","MEDIUM_FORWARD"
"Louis","Butler",2021,"CD_I1011992","MIDFIELDER"
"Dominic","Bedendo",2021,"CD_I1015822","MEDIUM_FORWARD"
"Stefan","Martin",2021,"CD_I280763","RUCK"
"Easton","Wood",2021,"CD_I281139","MEDIUM_DEFENDER"
"Sam","Lloyd",2021,"CD_I290073","MEDIUM_FORWARD"
"Taylor","Duryea",2021,"CD_I290085","MEDIUM_DEFENDER"
"Alex","Keath",2021,"CD_I290797","KEY_DEFENDER"
"Tom","Liberatore",2021,"CD_I290799","MIDFIELDER"
"Josh","Bruce",2021,"CD_I291492","KEY_FORWARD"
"Mitch","Wallis",2021,"CD_I291545","MEDIUM_FORWARD"
"Adam","Treloar",2021,"CD_I291790","MIDFIELDER_FORWARD"
"Hayden","Crozier",2021,"CD_I293651","MEDIUM_DEFENDER"
"Jason","Johannisen",2021,"CD_I294101","MEDIUM_FORWARD"
"Lachie","Hunter",2021,"CD_I294557","MIDFIELDER"
"Caleb","Daniel",2021,"CD_I295136","MEDIUM_DEFENDER"
"Lin","Jong",2021,"CD_I295313","MIDFIELDER"
"Jack","Macrae",2021,"CD_I295467","MIDFIELDER"
"Ben","Cavarra",2021,"CD_I296070","MEDIUM_FORWARD"
"Marcus","Bontempelli",2021,"CD_I297373","MIDFIELDER"
"Zaine","Cordy",2021,"CD_I991939","KEY_DEFENDER"
"Will","Hayes",2021,"CD_I991976","MIDFIELDER"
"Anthony","Scott",2021,"CD_I992048","MEDIUM_FORWARD"
"Roarke","Smith",2021,"CD_I992054","MIDFIELDER"
"Jordon","Sweet",2021,"CD_I992330","RUCK"
"Bailey","Williams",2021,"CD_I992351","MEDIUM_DEFENDER"
"Josh","Dunkley",2021,"CD_I993834","MIDFIELDER_FORWARD"
"Josh","Schache",2021,"CD_I993841","KEY_DEFENDER"
"Toby","McLean",2021,"CD_I996483","MEDIUM_FORWARD"
"Bailey","Dale",2021,"CD_I996708","MEDIUM_DEFENDER"
"Lewis","Young",2021,"CD_I997316","KEY_DEFENDER"
"Ryan","Gardner",2021,"CD_I997501","KEY_DEFENDER"
"Buku","Khamis",2021,"CD_I998782","KEY_DEFENDER"
"Lachlan","Bramble",2021,"CD_I1000864","MEDIUM_DEFENDER"
"Mitch","Lewis",2021,"CD_I1000887","KEY_FORWARD"
"James","Cousins",2021,"CD_I1000959","MIDFIELDER_FORWARD"
"Harry","Morrison",2021,"CD_I1000963","MIDFIELDER"
"Ned","Reeves",2021,"CD_I1001024","RUCK"
"Oliver","Hanrahan",2021,"CD_I1001043","MEDIUM_FORWARD"
"James","Worpel",2021,"CD_I1002222","MIDFIELDER"
"Emerson","Jeka",2021,"CD_I1005150","KEY_FORWARD"
"Jacob","Koschitzke",2021,"CD_I1006030","KEY_FORWARD"
"Damon","Greaves",2021,"CD_I1006159","MEDIUM_DEFENDER"
"Dylan","Moore",2021,"CD_I1006314","MEDIUM_FORWARD"
"Conor","Nash",2021,"CD_I1007124","MIDFIELDER_FORWARD"
"Joshua","Morris",2021,"CD_I1008537","MEDIUM_FORWARD"
"Will","Day",2021,"CD_I1008550","MEDIUM_DEFENDER"
"Jack","Saunders",2021,"CD_I1008600","MIDFIELDER"
"Finn","Maginness",2021,"CD_I1009421","MIDFIELDER_FORWARD"
"Harry","Pepper",2021,"CD_I1011873","MEDIUM_DEFENDER"
"Connor","Downie",2021,"CD_I1012830","MIDFIELDER"
"Denver","Grainger-Barras",2021,"CD_I1013093","KEY_DEFENDER"
"Jackson","Callow",2021,"CD_I1013208","KEY_FORWARD"
"Tyler","Brockman",2021,"CD_I1013511","MEDIUM_FORWARD"
"Seamus","Mitchell",2021,"CD_I1018016","MEDIUM_FORWARD"
"Jai","Newcombe",2021,"CD_I1020895","MIDFIELDER"
"Shaun","Burgoyne",2021,"CD_I210012","MEDIUM_DEFENDER"
"Ben","McEvoy",2021,"CD_I261323","RUCK"
"Liam","Shiels",2021,"CD_I280737","MIDFIELDER"
"Luke","Breust",2021,"CD_I280744","MEDIUM_FORWARD"
"Kyle","Hartigan",2021,"CD_I290228","KEY_DEFENDER"
"Keegan","Brooksby",2021,"CD_I290889","RUCK"
"Jonathon","Ceglar",2021,"CD_I291327","RUCK"
"Jack","Gunston",2021,"CD_I291351","KEY_FORWARD"
"Tom","Mitchell",2021,"CD_I291856","MIDFIELDER"
"Chad","Wingard",2021,"CD_I291962","MIDFIELDER_FORWARD"
"Sam","Frost",2021,"CD_I293738","KEY_DEFENDER"
"Michael","Hartley",2021,"CD_I294077","KEY_DEFENDER"
"Jaeger","O'Meara",2021,"CD_I294613","MIDFIELDER"
"Tim","O'Brien",2021,"CD_I296041","KEY_FORWARD"
"Jarman","Impey",2021,"CD_I296254","MEDIUM_DEFENDER"
"James","Sicily",2021,"CD_I297566","MEDIUM_DEFENDER"
"Daniel","Howe",2021,"CD_I992462","MIDFIELDER"
"Blake","Hardwick",2021,"CD_I993794","MEDIUM_DEFENDER"
"Tom","Phillips",2021,"CD_I996487","MIDFIELDER"
"Jack","Scrimshaw",2021,"CD_I998114","MEDIUM_DEFENDER"
"Changkuoth","Jiath",2021,"CD_I998390","MEDIUM_DEFENDER"
"Jack","Henry",2021,"CD_I1000937","KEY_DEFENDER"
"Esava","Ratugolea",2021,"CD_I1002220","RUCK"
"Charlie","Constable",2021,"CD_I1002242","MIDFIELDER"
"Zach","Guthrie",2021,"CD_I1004870","MEDIUM_DEFENDER"
"Gryan","Miers",2021,"CD_I1004938","MEDIUM_FORWARD"
"Sam","Simpson",2021,"CD_I1004940","MEDIUM_FORWARD"
"Cooper","Stephens",2021,"CD_I1004948","MIDFIELDER"
"Oscar","Brownless",2021,"CD_I1006101","MIDFIELDER"
"Jordan","Clark",2021,"CD_I1006152","MIDFIELDER"
"Paul","Tsapatolis",2021,"CD_I1007049","RUCK"
"Nick","Stevens",2021,"CD_I1007101","MEDIUM_DEFENDER"
"Mark","O'Connor",2021,"CD_I1007102","MIDFIELDER"
"Cameron","Taheny",2021,"CD_I1008603","MEDIUM_FORWARD"
"Ben","Jarvis",2021,"CD_I1008940","MEDIUM_FORWARD"
"Sam","De Koning",2021,"CD_I1009229","KEY_FORWARD"
"Stefan","Okunbor",2021,"CD_I1013977","MEDIUM_DEFENDER"
"Max","Holmes",2021,"CD_I1015889","MIDFIELDER_FORWARD"
"Shannon","Neale",2021,"CD_I1016433","RUCK"
"Francis","Evans",2021,"CD_I1017255","MEDIUM_FORWARD"
"Joel","Selwood",2021,"CD_I250321","MIDFIELDER"
"Shaun","Higgins",2021,"CD_I260227","MEDIUM_FORWARD"
"Tom","Hawkins",2021,"CD_I261510","KEY_FORWARD"
"Lachie","Henderson",2021,"CD_I270326","KEY_DEFENDER"
"Patrick","Dangerfield",2021,"CD_I270917","MIDFIELDER"
"Rhys","Stanley",2021,"CD_I280317","RUCK"
"Mitch","Duncan",2021,"CD_I281065","MIDFIELDER_FORWARD"
"Cameron","Guthrie",2021,"CD_I290550","MIDFIELDER"
"Gary","Rohan",2021,"CD_I291357","MEDIUM_FORWARD"
"Luke","Dahlhaus",2021,"CD_I291526","MEDIUM_FORWARD"
"Tom","Stewart",2021,"CD_I291800","MEDIUM_DEFENDER"
"Zach","Tuohy",2021,"CD_I292511","MEDIUM_DEFENDER"
"Jeremy","Cameron",2021,"CD_I293845","KEY_FORWARD"
"Jed","Bews",2021,"CD_I293883","MEDIUM_DEFENDER"
"Sam","Menegola",2021,"CD_I294199","MIDFIELDER"
"Josh","Jenkins",2021,"CD_I294828","KEY_FORWARD"
"Isaac","Smith",2021,"CD_I294877","MIDFIELDER"
"Jake","Kolodjashnij",2021,"CD_I296291","KEY_DEFENDER"
"Mark","Blicavs",2021,"CD_I296733","KEY_DEFENDER"
"Darcy","Fort",2021,"CD_I298211","RUCK"
"Brandan","Parfitt",2021,"CD_I298419","MIDFIELDER"
"Tom","Atkins",2021,"CD_I994386","MEDIUM_DEFENDER"
"Nathan","Kreuger",2021,"CD_I997254","KEY_DEFENDER"
"Brad","Close",2021,"CD_I999326","MEDIUM_FORWARD"
"Quinton","Narkle",2021,"CD_I999824","MIDFIELDER"
"Jack","Higgins",2021,"CD_I1002227","MEDIUM_FORWARD"
"Hunter","Clark",2021,"CD_I1002264","MEDIUM_DEFENDER"
"Oscar","Clavarino",2021,"CD_I1002266","KEY_DEFENDER"
"Jack","Bytel",2021,"CD_I1002922","MIDFIELDER"
"Darragh","Joyce",2021,"CD_I1003520","KEY_DEFENDER"
"Ben","Paton",2021,"CD_I1004985","MEDIUM_DEFENDER"
"Nick","Coffield",2021,"CD_I1005717","MEDIUM_DEFENDER"
"Max","King",2021,"CD_I1006143","KEY_FORWARD"
"Leo","Connolly",2021,"CD_I1009228","MEDIUM_DEFENDER"
"Ryan","Byrnes",2021,"CD_I1011994","MIDFIELDER_FORWARD"
"Sam","Alabakis",2021,"CD_I1013976","RUCK"
"Matthew","Allison",2021,"CD_I1015714","KEY_DEFENDER"
"Max","Heath",2021,"CD_I1015886","RUCK"
"Cooper","Sharman",2021,"CD_I1018018","KEY_FORWARD"
"Paddy","Ryder",2021,"CD_I250267","RUCK"
"Jarryn","Geary",2021,"CD_I260113","MIDFIELDER"
"James","Frawley",2021,"CD_I260288","KEY_DEFENDER"
"Shaun","McKernan",2021,"CD_I280038","RUCK"
"Dylan","Roberton",2021,"CD_I280933","MEDIUM_DEFENDER"
"Dan","Hannebery",2021,"CD_I290117","MIDFIELDER"
"Jake","Carlisle",2021,"CD_I290641","RUCK"
"Jimmy","Webster",2021,"CD_I290757","MEDIUM_DEFENDER"
"Sebastian","Ross",2021,"CD_I293846","MIDFIELDER"
"Brad","Crouch",2021,"CD_I294307","MIDFIELDER"
"Luke","Dunstan",2021,"CD_I294429","MIDFIELDER"
"Dean","Kent",2021,"CD_I294570","MEDIUM_FORWARD"
"Tim","Membrey",2021,"CD_I294596","KEY_FORWARD"
"Mason","Wood",2021,"CD_I295340","MEDIUM_FORWARD"
"Bradley","Hill",2021,"CD_I295584","MEDIUM_DEFENDER"
"Jack","Steele",2021,"CD_I296205","MIDFIELDER"
"Jack","Billings",2021,"CD_I296351","MIDFIELDER"
"Callum","Wilkie",2021,"CD_I296422","KEY_DEFENDER"
"Daniel","McKenzie",2021,"CD_I298265","MIDFIELDER"
"Jade","Gresham",2021,"CD_I298421","MIDFIELDER_FORWARD"
"Zak","Jones",2021,"CD_I991988","MIDFIELDER"
"Jack","Lonie",2021,"CD_I992000","MEDIUM_FORWARD"
"Dan","Butler",2021,"CD_I992374","MEDIUM_FORWARD"
"Rowan","Marshall",2021,"CD_I992468","RUCK"
"Paul","Hunter",2021,"CD_I992597","RUCK"
"Dougal","Howard",2021,"CD_I993480","KEY_DEFENDER"
"Ben","Long",2021,"CD_I993917","MEDIUM_DEFENDER"
"Jack","Sinclair",2021,"CD_I994389","MEDIUM_DEFENDER"
"Josh","Battle",2021,"CD_I998134","MIDFIELDER_FORWARD"
"Tom","Highmore",2021,"CD_I998195","KEY_DEFENDER"
"Jordan","Ridley",2021,"CD_I1001026","MEDIUM_DEFENDER"
"Brandon","Zerk-Thatcher",2021,"CD_I1004034","KEY_DEFENDER"
"Sam","Draper",2021,"CD_I1005577","RUCK"
"Irving","Mosquito",2021,"CD_I1006097","MEDIUM_FORWARD"
"Jye","Caldwell",2021,"CD_I1006103","MIDFIELDER"
"Lachlan","Johnson",2021,"CD_I1006506","MIDFIELDER_FORWARD"
"Brayden","Ham",2021,"CD_I1008190","MIDFIELDER_FORWARD"
"Kaine","Baldwin",2021,"CD_I1008975","KEY_FORWARD"
"Ned","Cahill",2021,"CD_I1009223","MEDIUM_DEFENDER"
"Harrison","Jones",2021,"CD_I1011755","KEY_FORWARD"
"Nick","Bryan",2021,"CD_I1011954","RUCK"
"Zach","Reid",2021,"CD_I1012817","KEY_DEFENDER"
"Cody","Brand",2021,"CD_I1012837","KEY_DEFENDER"
"Josh","Eyre",2021,"CD_I1015712","KEY_DEFENDER"
"Sam","Durham",2021,"CD_I1015810","MIDFIELDER"
"Nik","Cox",2021,"CD_I1015827","MIDFIELDER"
"Archie","Perkins",2021,"CD_I1015873","MEDIUM_FORWARD"
"Cian","McBride",2021,"CD_I1018969","KEY_FORWARD"
"Ross","McQuillan",2021,"CD_I1019156","MEDIUM_FORWARD"
"Tom","Hird",2021,"CD_I1020224","MIDFIELDER"
"Cale","Hooker",2021,"CD_I270588","KEY_FORWARD"
"Michael","Hurley",2021,"CD_I270935","KEY_DEFENDER"
"David","Zaharakis",2021,"CD_I270951","MIDFIELDER_FORWARD"
"Dyson","Heppell",2021,"CD_I290629","MEDIUM_DEFENDER"
"Devon","Smith",2021,"CD_I291771","MEDIUM_FORWARD"
"Dylan","Shiel",2021,"CD_I291783","MIDFIELDER"
"Jake","Stringer",2021,"CD_I293884","MIDFIELDER_FORWARD"
"Andrew","Phillips",2021,"CD_I294068","RUCK"
"Anthony","McDonald-Tipungwuti",2021,"CD_I294092","MEDIUM_FORWARD"
"James","Stewart",2021,"CD_I294654","KEY_DEFENDER"
"Patrick","Ambrose",2021,"CD_I295599","KEY_FORWARD"
"Tom","Cutler",2021,"CD_I297406","MEDIUM_DEFENDER"
"Martin","Gleeson",2021,"CD_I297438","MEDIUM_DEFENDER"
"Nick","Hind",2021,"CD_I297452","MEDIUM_DEFENDER"
"Jayden","Laverde",2021,"CD_I298280","KEY_DEFENDER"
"Peter","Wright",2021,"CD_I298289","RUCK"
"Alec","Waterman",2021,"CD_I298445","MEDIUM_FORWARD"
"Kyle","Langford",2021,"CD_I298630","MIDFIELDER"
"Will","Snelling",2021,"CD_I990606","MEDIUM_FORWARD"
"Aaron","Francis",2021,"CD_I990816","KEY_DEFENDER"
"Zach","Merrett",2021,"CD_I992016","MIDFIELDER"
"Darcy","Parish",2021,"CD_I993817","MIDFIELDER"
"Matt","Guelfi",2021,"CD_I996232","MIDFIELDER"
"Mason","Redman",2021,"CD_I997078","MEDIUM_DEFENDER"
"Andrew","McGrath",2021,"CD_I998102","MIDFIELDER"
"Dylan","Clarke",2021,"CD_I998109","MIDFIELDER_FORWARD"
"James","Bell",2021,"CD_I1002291","MEDIUM_FORWARD"
"Hayden","McLean",2021,"CD_I1003203","KEY_FORWARD"
"Will","Gould",2021,"CD_I1004113","MEDIUM_DEFENDER"
"Dylan","Stephens",2021,"CD_I1004848","MIDFIELDER"
"Ben","Ronke",2021,"CD_I1004880","MEDIUM_FORWARD"
"Matthew","Ling",2021,"CD_I1004949","MEDIUM_DEFENDER"
"Nick","Blakey",2021,"CD_I1006028","MEDIUM_DEFENDER"
"James","Rowbottom",2021,"CD_I1006126","MIDFIELDER"
"Sam","Wicks",2021,"CD_I1006232","MEDIUM_FORWARD"
"Joel","Amartey",2021,"CD_I1008091","KEY_FORWARD"
"Tom","McCartin",2021,"CD_I1008198","KEY_DEFENDER"
"Malachy","Carruthers",2021,"CD_I1011650","MEDIUM_DEFENDER"
"Justin","McInerney",2021,"CD_I1011936","MIDFIELDER"
"Chad","Warner",2021,"CD_I1012014","MIDFIELDER"
"Errol","Gulden",2021,"CD_I1013128","MEDIUM_FORWARD"
"Braeden","Campbell",2021,"CD_I1013133","MEDIUM_DEFENDER"
"Marc","Sheather",2021,"CD_I1013138","MEDIUM_FORWARD"
"Logan","McDonald",2021,"CD_I1013230","KEY_FORWARD"
"Barry","O'Connor",2021,"CD_I1019158","MEDIUM_DEFENDER"
"Lachlan","McAndrew",2021,"CD_I1021200","RUCK"
"Lance","Franklin",2021,"CD_I240399","KEY_FORWARD"
"Josh P.","Kennedy",2021,"CD_I260382","MIDFIELDER"
"Sam","Reid",2021,"CD_I290188","KEY_FORWARD"
"Dane","Rampe",2021,"CD_I290307","KEY_DEFENDER"
"Sam","Gray",2021,"CD_I290722","MEDIUM_FORWARD"
"Luke","Parker",2021,"CD_I290778","MIDFIELDER"
"Robbie","Fox",2021,"CD_I291848","KEY_DEFENDER"
"Harry","Cunningham",2021,"CD_I291978","MEDIUM_DEFENDER"
"George","Hewett",2021,"CD_I294036","MEDIUM_DEFENDER"
"Tom","Hickey",2021,"CD_I294266","RUCK"
"Callum","Sinclair",2021,"CD_I294737","RUCK"
"Kaiden","Brand",2021,"CD_I295156","KEY_DEFENDER"
"Jake","Lloyd",2021,"CD_I295342","MEDIUM_DEFENDER"
"Lewis","Taylor",2021,"CD_I296211","MIDFIELDER_FORWARD"
"Sam","Naismith",2021,"CD_I298144","RUCK"
"Isaac","Heeney",2021,"CD_I298539","MEDIUM_FORWARD"
"Jordan","Dawson",2021,"CD_I992242","MEDIUM_DEFENDER"
"Callum","Mills",2021,"CD_I993905","MIDFIELDER"
"Ryan","Clarke",2021,"CD_I996442","MEDIUM_DEFENDER"
"Lewis","Melican",2021,"CD_I996743","KEY_DEFENDER"
"Tom","Papley",2021,"CD_I996765","MEDIUM_FORWARD"
"Will","Hayward",2021,"CD_I997100","MEDIUM_FORWARD"
"Colin","O'Riordan",2021,"CD_I997842","MEDIUM_DEFENDER"
"Oliver","Florent",2021,"CD_I998103","MIDFIELDER"
"Lachie","Schultz",2021,"CD_I1000860","MEDIUM_FORWARD"
"Lloyd","Meek",2021,"CD_I1000980","RUCK"
"Andrew","Brayshaw",2021,"CD_I1002232","MIDFIELDER"
"Adam","Cerra",2021,"CD_I1002239","MIDFIELDER"
"Mitch","Crowden",2021,"CD_I1002353","MEDIUM_FORWARD"
"Stefan","Giro",2021,"CD_I1002354","MIDFIELDER"
"Tobe","Watson",2021,"CD_I1004437","MEDIUM_DEFENDER"
"Luke","Valente",2021,"CD_I1004850","MIDFIELDER"
"Liam","Henry",2021,"CD_I1005988","MEDIUM_FORWARD"
"Hayden","Young",2021,"CD_I1009256","MEDIUM_DEFENDER"
"Leno","Thomas",2021,"CD_I1009381","MEDIUM_DEFENDER"
"Joel","Western",2021,"CD_I1009401","MEDIUM_FORWARD"
"Brandon","Walker",2021,"CD_I1009410","MEDIUM_DEFENDER"
"Caleb","Serong",2021,"CD_I1009420","MIDFIELDER"
"Josh","Treacy",2021,"CD_I1012819","KEY_FORWARD"
"Nathan","O'Driscoll",2021,"CD_I1013220","MIDFIELDER"
"Heath","Chapman",2021,"CD_I1013224","MEDIUM_DEFENDER"
"Sam","Sturt",2021,"CD_I1013611","MEDIUM_FORWARD"
"David","Mundy",2021,"CD_I240052","MIDFIELDER"
"Stephen","Hill",2021,"CD_I280336","MEDIUM_DEFENDER"
"Travis","Colyer",2021,"CD_I280988","MEDIUM_FORWARD"
"Michael","Walters",2021,"CD_I281007","MEDIUM_FORWARD"
"Reece","Conca",2021,"CD_I290823","MEDIUM_DEFENDER"
"Nat","Fyfe",2021,"CD_I291570","MIDFIELDER"
"Matt","Taberner",2021,"CD_I293854","KEY_FORWARD"
"Nathan","Wilson",2021,"CD_I294125","MEDIUM_DEFENDER"
"James","Aish",2021,"CD_I295067","MEDIUM_DEFENDER"
"Joel","Hamling",2021,"CD_I295222","KEY_DEFENDER"
"Blake","Acres",2021,"CD_I296294","MIDFIELDER"
"Brett","Bewley",2021,"CD_I296371","MIDFIELDER"
"Alex","Pearce",2021,"CD_I298409","KEY_DEFENDER"
"Connor","Blakely",2021,"CD_I298450","MIDFIELDER"
"Rory","Lobb",2021,"CD_I990740","KEY_FORWARD"
"Sam","Switkowski",2021,"CD_I992059","MEDIUM_FORWARD"
"Darcy","Tucker",2021,"CD_I993816","MEDIUM_DEFENDER"
"Ethan","Hughes",2021,"CD_I996580","MEDIUM_DEFENDER"
"Brennan","Cox",2021,"CD_I997033","KEY_DEFENDER"
"Griffin","Logue",2021,"CD_I997933","KEY_DEFENDER"
"Taylin","Duman",2021,"CD_I998115","MEDIUM_DEFENDER"
"Sean","Darcy",2021,"CD_I998145","RUCK"
"Bailey","Banfield",2021,"CD_I998180","MEDIUM_FORWARD"
"Luke","Ryan",2021,"CD_I998659","KEY_DEFENDER"
"Michael","Frederick",2021,"CD_I999321","MEDIUM_FORWARD"
"Isaac","Cumming",2021,"CD_I1001396","MEDIUM_DEFENDER"
"Brent","Daniels",2021,"CD_I1002251","MEDIUM_FORWARD"
"Nicholas","Shipley",2021,"CD_I1002296","MIDFIELDER"
"Jacob","Wehr",2021,"CD_I1004530","MEDIUM_DEFENDER"
"Sam","Taylor",2021,"CD_I1005247","KEY_DEFENDER"
"James","Peatling",2021,"CD_I1006013","MEDIUM_DEFENDER"
"Xavier","O'Halloran",2021,"CD_I1006135","MIDFIELDER"
"Bobby","Hill",2021,"CD_I1006148","MEDIUM_FORWARD"
"Jake","Stein",2021,"CD_I1007238","KEY_DEFENDER"
"Connor","Idun",2021,"CD_I1008083","MEDIUM_DEFENDER"
"Jake","Riccardi",2021,"CD_I1008123","MIDFIELDER_FORWARD"
"Kieren","Briggs",2021,"CD_I1008436","RUCK"
"Lachie","Ash",2021,"CD_I1009253","MEDIUM_DEFENDER"
"Tom","Green",2021,"CD_I1009528","MIDFIELDER"
"Jack","Buckley",2021,"CD_I1009708","KEY_DEFENDER"
"Tanner","Bruhn",2021,"CD_I1012805","MEDIUM_FORWARD"
"Cameron","Fleeton",2021,"CD_I1012863","MEDIUM_DEFENDER"
"Callum","Brown",2021,"CD_I1014038","MEDIUM_FORWARD"
"Will","Shaw",2021,"CD_I1015688","MEDIUM_DEFENDER"
"Ryan","Angwin",2021,"CD_I1015777","MIDFIELDER"
"Conor","Stone",2021,"CD_I1015862","MIDFIELDER_FORWARD"
"Sam","Reid",2021,"CD_I261374","MEDIUM_DEFENDER"
"Matt","de Boer",2021,"CD_I271015","MIDFIELDER_FORWARD"
"Callan","Ward",2021,"CD_I280109","MIDFIELDER"
"Shane","Mumford",2021,"CD_I280762","RUCK"
"Phil","Davis",2021,"CD_I280804","KEY_DEFENDER"
"Lachlan","Keeffe",2021,"CD_I290314","KEY_DEFENDER"
"Daniel","Lloyd",2021,"CD_I290675","MEDIUM_FORWARD"
"Adam","Kennedy",2021,"CD_I291509","MIDFIELDER"
"Matthew","Buntine",2021,"CD_I291797","MEDIUM_DEFENDER"
"Stephen","Coniglio",2021,"CD_I291969","MIDFIELDER_FORWARD"
"Lachie","Whitfield",2021,"CD_I294305","MEDIUM_DEFENDER"
"Nick","Haynes",2021,"CD_I295265","MEDIUM_DEFENDER"
"Toby","Greene",2021,"CD_I295344","MEDIUM_FORWARD"
"Jesse","Hogan",2021,"CD_I296324","KEY_FORWARD"
"Josh","Kelly",2021,"CD_I296347","MIDFIELDER"
"Tom","Hutchesson",2021,"CD_I296984","MEDIUM_FORWARD"
"Jeremy","Finlayson",2021,"CD_I298111","KEY_FORWARD"
"Braydon","Preuss",2021,"CD_I992644","RUCK"
"Harry","Himmelberg",2021,"CD_I993107","KEY_FORWARD"
"Matt","Flynn",2021,"CD_I993902","RUCK"
"Jacob","Hopper",2021,"CD_I993903","MIDFIELDER"
"Tim","Taranto",2021,"CD_I998172","MIDFIELDER_FORWARD"
"Harry","Perryman",2021,"CD_I998205","MEDIUM_DEFENDER"
"Zachary","Sproule",2021,"CD_I998225","KEY_FORWARD"
"Callum","Coleman-Jones",2021,"CD_I1000061","KEY_FORWARD"
"Liam","Baker",2021,"CD_I1000223","MEDIUM_DEFENDER"
"Matthew","Parker",2021,"CD_I1000267","MEDIUM_FORWARD"
"Daniel","Rioli",2021,"CD_I1000981","MEDIUM_FORWARD"
"Patrick","Naish",2021,"CD_I1002231","MIDFIELDER_FORWARD"
"Noah","Balta",2021,"CD_I1002245","KEY_DEFENDER"
"Ben","Miller",2021,"CD_I1002403","KEY_DEFENDER"
"Sydney","Stack",2021,"CD_I1002583","MEDIUM_DEFENDER"
"Jack","Ross",2021,"CD_I1006133","MIDFIELDER"
"Bigoa","Nyuon",2021,"CD_I1006193","RUCK"
"Derek","Eggmolesse-Smith",2021,"CD_I1006276","MEDIUM_DEFENDER"
"Riley","Collier-Dawkins",2021,"CD_I1008297","MIDFIELDER"
"Rhyan","Mansell",2021,"CD_I1008478","MEDIUM_DEFENDER"
"Thomson","Dow",2021,"CD_I1009226","MIDFIELDER_FORWARD"
"Noah","Cumberland",2021,"CD_I1009308","MIDFIELDER_FORWARD"
"Will","Martyn",2021,"CD_I1009313","MIDFIELDER_FORWARD"
"Maurice","Rioli",2021,"CD_I1009551","MEDIUM_FORWARD"
"Hugo","Ralphsmith",2021,"CD_I1011985","MIDFIELDER_FORWARD"
"Samson","Ryan",2021,"CD_I1012386","KEY_FORWARD"
"Mate","Colina",2021,"CD_I1021660","RUCK"
"Bachar","Houli",2021,"CD_I250312","MEDIUM_DEFENDER"
"Jack","Riewoldt",2021,"CD_I250395","KEY_FORWARD"
"Shane","Edwards",2021,"CD_I260930","MIDFIELDER"
"Trent","Cotchin",2021,"CD_I270896","MIDFIELDER"
"Dylan","Grimes",2021,"CD_I280819","KEY_DEFENDER"
"Kane","Lambert",2021,"CD_I290032","MEDIUM_FORWARD"
"David","Astbury",2021,"CD_I290198","KEY_DEFENDER"
"Josh","Caddy",2021,"CD_I290623","MIDFIELDER"
"Dion","Prestia",2021,"CD_I290627","MIDFIELDER"
"Dustin","Martin",2021,"CD_I290847","MIDFIELDER_FORWARD"
"Tom","Lynch",2021,"CD_I293813","KEY_FORWARD"
"Kamdyn","McIntosh",2021,"CD_I294592","MIDFIELDER"
"Nick","Vlastuin",2021,"CD_I294674","MEDIUM_DEFENDER"
"Nathan","Broad",2021,"CD_I295203","MEDIUM_DEFENDER"
"Toby","Nankervis",2021,"CD_I298174","RUCK"
"Jack","Graham",2021,"CD_I990827","MIDFIELDER_FORWARD"
"Jason","Castagna",2021,"CD_I991933","MEDIUM_FORWARD"
"Jayden","Short",2021,"CD_I992049","MEDIUM_DEFENDER"
"Jake","Aarts",2021,"CD_I992786","MEDIUM_FORWARD"
"Marlion","Pickett",2021,"CD_I993771","MIDFIELDER"
"Shai","Bolton",2021,"CD_I993993","MIDFIELDER"
"Mabior","Chol",2021,"CD_I994077","RUCK"
"Ryan","Garthwaite",2021,"CD_I998218","KEY_DEFENDER"
"Ivan","Soldo",2021,"CD_I998529","RUCK"
"Bayley","Fritsch",2021,"CD_I1001438","MEDIUM_FORWARD"
"Charlie","Spargo",2021,"CD_I1002282","MEDIUM_FORWARD"
"Joel","Smith",2021,"CD_I1003546","KEY_DEFENDER"
"Aaron","Nietschke",2021,"CD_I1004695","MIDFIELDER"
"Kade","Chandler",2021,"CD_I1005330","MEDIUM_FORWARD"
"Toby","Bedford",2021,"CD_I1008139","MEDIUM_FORWARD"
"Kysaiah","Pickett",2021,"CD_I1008541","MEDIUM_FORWARD"
"Oskar","Baker",2021,"CD_I1008855","MIDFIELDER"
"Harrison","Petty",2021,"CD_I1008893","KEY_DEFENDER"
"Deakyn","Smith",2021,"CD_I1009288","MEDIUM_DEFENDER"
"Trent","Rivers",2021,"CD_I1009378","MEDIUM_DEFENDER"
"Luke","Jackson",2021,"CD_I1009399","RUCK"
"Jake","Bowey",2021,"CD_I1012825","MEDIUM_DEFENDER"
"Bailey","Laurie",2021,"CD_I1012826","MIDFIELDER_FORWARD"
"Fraser","Rosman",2021,"CD_I1013086","MIDFIELDER_FORWARD"
"James","Jordon",2021,"CD_I1013409","MIDFIELDER"
"Austin","Bradtke",2021,"CD_I1014081","RUCK"
"Daniel","Turner",2021,"CD_I1020959","KEY_DEFENDER"
"Nathan","Jones",2021,"CD_I250222","MIDFIELDER_FORWARD"
"Jake","Melksham",2021,"CD_I280824","MEDIUM_FORWARD"
"Steven","May",2021,"CD_I281085","KEY_DEFENDER"
"Neville","Jetta",2021,"CD_I281280","MEDIUM_DEFENDER"
"Michael","Hibberd",2021,"CD_I290160","MEDIUM_DEFENDER"
"Majak","Daw",2021,"CD_I290199","KEY_FORWARD"
"Max","Gawn",2021,"CD_I290528","RUCK"
"Mitch","Brown",2021,"CD_I290622","KEY_FORWARD"
"Tom","McDonald",2021,"CD_I291533","KEY_FORWARD"
"Adam","Tomlinson",2021,"CD_I291819","KEY_DEFENDER"
"Ben","Brown",2021,"CD_I291867","KEY_FORWARD"
"Jack","Viney",2021,"CD_I291902","MIDFIELDER"
"Christian","Salem",2021,"CD_I296359","MEDIUM_DEFENDER"
"Alex","Neal-Bullen",2021,"CD_I296420","MEDIUM_FORWARD"
"James","Harmes",2021,"CD_I297899","MIDFIELDER"
"Aaron","vandenBerg",2021,"CD_I297990","MIDFIELDER"
"Christian","Petracca",2021,"CD_I298210","MIDFIELDER"
"Ed","Langdon",2021,"CD_I298264","MIDFIELDER"
"Angus","Brayshaw",2021,"CD_I298279","MIDFIELDER"
"Jake","Lever",2021,"CD_I298281","KEY_DEFENDER"
"Jay","Lockhart",2021,"CD_I298390","MEDIUM_DEFENDER"
"Sam","Weideman",2021,"CD_I993806","KEY_FORWARD"
"Jayden","Hunt",2021,"CD_I994385","MEDIUM_DEFENDER"
"Marty","Hore",2021,"CD_I996692","MEDIUM_DEFENDER"
"Clayton","Oliver",2021,"CD_I996701","MIDFIELDER"
"Kye","Declase",2021,"CD_I997916","MIDFIELDER"
"Tom","Sparrow",2021,"CD_I999391","MIDFIELDER_FORWARD"
"Jarrod","Brander",2021,"CD_I1002300","MIDFIELDER"
"Connor","West",2021,"CD_I1003192","MEDIUM_FORWARD"
"Zac","Langdon",2021,"CD_I1004286","MEDIUM_FORWARD"
"Brayden","Ainsworth",2021,"CD_I1004356","MEDIUM_FORWARD"
"Liam","Ryan",2021,"CD_I1004364","MEDIUM_FORWARD"
"Oscar","Allen",2021,"CD_I1004385","KEY_FORWARD"
"Luke","Foley",2021,"CD_I1005599","MEDIUM_DEFENDER"
"Jarrod","Cameron",2021,"CD_I1005793","MEDIUM_FORWARD"
"Bailey J.","Williams",2021,"CD_I1006114","RUCK"
"Jack","Petruccelle",2021,"CD_I1006550","MEDIUM_FORWARD"
"Luke","Edwards",2021,"CD_I1006576","MIDFIELDER"
"Xavier","O'Neill",2021,"CD_I1008282","MIDFIELDER_FORWARD"
"Isiah","Winder",2021,"CD_I1009291","MEDIUM_FORWARD"
"Callum","Jamieson",2021,"CD_I1011243","RUCK"
"William","Collins",2021,"CD_I1011436","MEDIUM_DEFENDER"
"Harry","Edwards",2021,"CD_I1011437","KEY_DEFENDER"
"Zane","Trew",2021,"CD_I1011449","MIDFIELDER"
"Ben","Johnson",2021,"CD_I1011464","MEDIUM_DEFENDER"
"Shannon","Hurn",2021,"CD_I240283","MEDIUM_DEFENDER"
"Josh J.","Kennedy",2021,"CD_I240406","KEY_FORWARD"
"Nic","Naitanui",2021,"CD_I271045","RUCK"
"Luke","Shuey",2021,"CD_I280078","MIDFIELDER"
"Nathan","Vardy",2021,"CD_I280959","RUCK"
"Mark","Hutchings",2021,"CD_I281052","MIDFIELDER_FORWARD"
"Brad","Sheppard",2021,"CD_I281080","MEDIUM_DEFENDER"
"Jack","Redden",2021,"CD_I281373","MIDFIELDER"
"Andrew","Gaff",2021,"CD_I290801","MIDFIELDER"
"Jamie","Cripps",2021,"CD_I290826","MEDIUM_FORWARD"
"Jack","Darling",2021,"CD_I290838","KEY_FORWARD"
"Brendon","Ah Chee",2021,"CD_I291947","MIDFIELDER_FORWARD"
"Elliot","Yeo",2021,"CD_I292128","MIDFIELDER"
"Jeremy","McGovern",2021,"CD_I294859","KEY_DEFENDER"
"Tim","Kelly",2021,"CD_I295898","MIDFIELDER"
"Willie","Rioli",2021,"CD_I296225","MEDIUM_FORWARD"
"Dom","Sheed",2021,"CD_I296296","MIDFIELDER"
"Liam","Duggan",2021,"CD_I298268","MEDIUM_DEFENDER"
"Jackson","Nelson",2021,"CD_I298298","MEDIUM_DEFENDER"
"Tom","Barrass",2021,"CD_I990290","KEY_DEFENDER"
"Tom","Cole",2021,"CD_I993820","MEDIUM_DEFENDER"
"Jake","Waterman",2021,"CD_I996554","MEDIUM_FORWARD"
"Josh","Rotham",2021,"CD_I997823","KEY_DEFENDER"
"Alex","Witherden",2021,"CD_I998128","MEDIUM_DEFENDER"
"Daniel","Venables",2021,"CD_I998414","MEDIUM_FORWARD"
"Jamaine","Jones",2021,"CD_I998791","MEDIUM_FORWARD"
"Tom","Doedee",2022,"CD_I1000932","KEY_DEFENDER"
"Lachlan","Murphy",2022,"CD_I1000998","MEDIUM_FORWARD"
"Mitchell","Hinge",2022,"CD_I1004863","MEDIUM_DEFENDER"
"Jordon","Butts",2022,"CD_I1004995","KEY_DEFENDER"
"Elliott","Himmelberg",2022,"CD_I1005199","KEY_FORWARD"
"Lachlan","Sholl",2022,"CD_I1006136","MIDFIELDER"
"Chayce","Jones",2022,"CD_I1006203","MEDIUM_DEFENDER"
"William","Hamill",2022,"CD_I1008159","MEDIUM_DEFENDER"
"Ned","McHenry",2022,"CD_I1008185","MEDIUM_FORWARD"
"Nick","Murray",2022,"CD_I1008230","KEY_DEFENDER"
"Riley","Thilthorpe",2022,"CD_I1008384","KEY_FORWARD"
"Harry","Schoenberg",2022,"CD_I1008543","MIDFIELDER"
"Kieran","Strachan",2022,"CD_I1008752","RUCK"
"James","Borlase",2022,"CD_I1009029","KEY_DEFENDER"
"Fischer","McAsey",2022,"CD_I1009201","KEY_DEFENDER"
"Josh","Worrell",2022,"CD_I1011981","KEY_DEFENDER"
"Luke","Pedlar",2022,"CD_I1012218","MEDIUM_FORWARD"
"Sam","Berry",2022,"CD_I1012807","MIDFIELDER"
"Patrick","Parnell",2022,"CD_I1013153","MEDIUM_DEFENDER"
"Tariek","Newchurch",2022,"CD_I1016082","MEDIUM_FORWARD"
"Josh","Rachele",2022,"CD_I1017051","MEDIUM_FORWARD"
"Zac","Taylor",2022,"CD_I1017065","MIDFIELDER"
"Jake","Soligo",2022,"CD_I1017109","MIDFIELDER"
"Lachlan","Gollant",2022,"CD_I1018075","KEY_FORWARD"
"Brayden","Cook",2022,"CD_I1018335","MIDFIELDER"
"Luke","Nankervis",2022,"CD_I1021031","MIDFIELDER_FORWARD"
"Rory","Sloane",2022,"CD_I270963","MIDFIELDER"
"Taylor","Walker",2022,"CD_I280506","KEY_FORWARD"
"Brodie","Smith",2022,"CD_I291748","MEDIUM_DEFENDER"
"Luke","Brown",2022,"CD_I293193","MEDIUM_DEFENDER"
"Rory","Laird",2022,"CD_I293222","MIDFIELDER"
"Paul","Seedsman",2022,"CD_I294733","MIDFIELDER"
"Matt","Crouch",2022,"CD_I297401","MIDFIELDER"
"Reilly","O'Brien",2022,"CD_I297523","RUCK"
"Ben","Davis",2022,"CD_I298417","MEDIUM_DEFENDER"
"Shane","McAdam",2022,"CD_I298470","MEDIUM_FORWARD"
"Brett","Turner",2022,"CD_I990377","MIDFIELDER"
"Wayne","Milera",2022,"CD_I990882","MEDIUM_FORWARD"
"Billy","Frampton",2022,"CD_I991773","KEY_DEFENDER"
"Jordan","Dawson",2022,"CD_I992242","MEDIUM_DEFENDER"
"Ben","Keays",2022,"CD_I993946","MIDFIELDER"
"Andrew","McPherson",2022,"CD_I997206","MEDIUM_DEFENDER"
"Jackson","Hately",2022,"CD_I999309","MIDFIELDER"
"James","Rowe",2022,"CD_I999316","MEDIUM_FORWARD"
"Darcy","Fogarty",2022,"CD_I999331","KEY_FORWARD"
"Hugh","McCluggage",2022,"CD_I1000978","MIDFIELDER"
"Cam","Rayner",2022,"CD_I1002235","MIDFIELDER_FORWARD"
"Zac","Bailey",2022,"CD_I1002312","MIDFIELDER_FORWARD"
"Jack","Payne",2022,"CD_I1002347","KEY_DEFENDER"
"Brandon","Starcevich",2022,"CD_I1002401","MEDIUM_DEFENDER"
"Noah","Answerth",2022,"CD_I1005053","MEDIUM_DEFENDER"
"Oscar","McInerney",2022,"CD_I1005521","RUCK"
"Ely","Smith",2022,"CD_I1006033","MIDFIELDER"
"Keidean","Coleman",2022,"CD_I1006059","MEDIUM_DEFENDER"
"Connor","McFadyen",2022,"CD_I1006085","KEY_DEFENDER"
"Thomas","Berry",2022,"CD_I1006100","MEDIUM_FORWARD"
"Harry","Sharp",2022,"CD_I1007099","MIDFIELDER"
"Deven","Robertson",2022,"CD_I1009385","MIDFIELDER_FORWARD"
"Jaxon","Prior",2022,"CD_I1009386","MIDFIELDER"
"Blake","Coleman",2022,"CD_I1013256","MEDIUM_FORWARD"
"Carter","Michael",2022,"CD_I1013260","MEDIUM_DEFENDER"
"Tom","Fullarton",2022,"CD_I1013532","KEY_FORWARD"
"James","Madden",2022,"CD_I1013978","MEDIUM_DEFENDER"
"Kai","Lohmann",2022,"CD_I1014026","MEDIUM_FORWARD"
"Henry","Smith",2022,"CD_I1016189","RUCK"
"Darcy","Wilmot",2022,"CD_I1017067","MEDIUM_DEFENDER"
"Kalin","Lane",2022,"CD_I1018296","RUCK"
"James","Tunstill",2022,"CD_I1021108","MIDFIELDER"
"Deividas","Uosis",2022,"CD_I1021659","MEDIUM_DEFENDER"
"Dayne","Zorko",2022,"CD_I261224","MIDFIELDER_FORWARD"
"Daniel","Rich",2022,"CD_I271072","MEDIUM_DEFENDER"
"Mitch","Robinson",2022,"CD_I290311","MIDFIELDER"
"Ryan","Lester",2022,"CD_I291548","MEDIUM_DEFENDER"
"Cameron","Ellis-Yolmen",2022,"CD_I293479","MEDIUM_FORWARD"
"Lachie","Neale",2022,"CD_I293535","MIDFIELDER"
"Lincoln","McCarthy",2022,"CD_I293581","MEDIUM_FORWARD"
"Jarryd","Lyons",2022,"CD_I293716","MIDFIELDER"
"Marcus","Adams",2022,"CD_I294168","KEY_DEFENDER"
"Joe","Daniher",2022,"CD_I294518","KEY_FORWARD"
"Darcy","Gardiner",2022,"CD_I296269","KEY_DEFENDER"
"Daniel","McStay",2022,"CD_I297504","KEY_FORWARD"
"Darcy","Fort",2022,"CD_I298211","RUCK"
"Nakia","Cockatoo",2022,"CD_I298336","MEDIUM_FORWARD"
"Callum","Ah Chee",2022,"CD_I298437","MIDFIELDER"
"Charlie","Cameron",2022,"CD_I990609","MEDIUM_FORWARD"
"Rhys","Mathieson",2022,"CD_I993828","MIDFIELDER_FORWARD"
"Eric","Hipwood",2022,"CD_I993953","KEY_FORWARD"
"Harris","Andrews",2022,"CD_I996059","KEY_DEFENDER"
"Mitch","Cox",2022,"CD_I996707","MIDFIELDER"
"Jarrod","Berry",2022,"CD_I998133","MIDFIELDER"
"John","Noble",2022,"CD_I1000072","MEDIUM_DEFENDER"
"Callum","Brown",2022,"CD_I1002770","MEDIUM_FORWARD"
"Patrick","Lipinski",2022,"CD_I1003130","MIDFIELDER_FORWARD"
"Beau","McCreery",2022,"CD_I1004757","MEDIUM_FORWARD"
"Josh","Daicos",2022,"CD_I1005054","MIDFIELDER"
"Nathan","Murphy",2022,"CD_I1005107","KEY_DEFENDER"
"Isaac","Quaynor",2022,"CD_I1008089","MEDIUM_DEFENDER"
"Tyler","Brown",2022,"CD_I1008171","MIDFIELDER_FORWARD"
"William","Kelly",2022,"CD_I1008285","KEY_DEFENDER"
"Trent","Bianco",2022,"CD_I1009186","MIDFIELDER_FORWARD"
"Charlie","Dean",2022,"CD_I1009197","KEY_DEFENDER"
"Trey","Ruscoe",2022,"CD_I1009383","MEDIUM_DEFENDER"
"Jack","Madgen",2022,"CD_I1010841","KEY_DEFENDER"
"Caleb","Poulter",2022,"CD_I1011589","MIDFIELDER"
"Arlo","Draper",2022,"CD_I1011637","MEDIUM_DEFENDER"
"Cooper","Murley",2022,"CD_I1011718","MIDFIELDER_FORWARD"
"Finlay","Macrae",2022,"CD_I1012828","MIDFIELDER_FORWARD"
"Liam","McMahon",2022,"CD_I1012842","KEY_DEFENDER"
"Jack","Ginnivan",2022,"CD_I1012857","MEDIUM_FORWARD"
"Oliver","Henry",2022,"CD_I1012860","KEY_FORWARD"
"Reef","McInnes",2022,"CD_I1013278","MEDIUM_FORWARD"
"Mark","Keane",2022,"CD_I1013974","KEY_DEFENDER"
"Harvey","Harrison",2022,"CD_I1015332","MIDFIELDER_FORWARD"
"Aiden","Begg",2022,"CD_I1015748","RUCK"
"Isaac","Chugg",2022,"CD_I1015901","MEDIUM_FORWARD"
"Nick","Daicos",2022,"CD_I1023261","MEDIUM_DEFENDER"
"Josh","Carmichael",2022,"CD_I1027021","MIDFIELDER_FORWARD"
"Scott","Pendlebury",2022,"CD_I260257","MIDFIELDER"
"Jordan","Roughead",2022,"CD_I280012","KEY_DEFENDER"
"Steele","Sidebottom",2022,"CD_I280965","MIDFIELDER"
"Jeremy","Howe",2022,"CD_I291313","KEY_DEFENDER"
"Will","Hoskin-Elliott",2022,"CD_I291720","MEDIUM_FORWARD"
"Taylor","Adams",2022,"CD_I291776","MIDFIELDER"
"Brody","Mihocek",2022,"CD_I291849","KEY_FORWARD"
"Jamie","Elliott",2022,"CD_I293801","MEDIUM_FORWARD"
"Jack","Crisp",2022,"CD_I293871","MIDFIELDER"
"Brodie","Grundy",2022,"CD_I293957","RUCK"
"Darcy","Moore",2022,"CD_I298288","KEY_DEFENDER"
"Darcy","Cameron",2022,"CD_I990291","RUCK"
"Brayden","Maynard",2022,"CD_I992010","MEDIUM_DEFENDER"
"Tom","Wilson",2022,"CD_I993797","MEDIUM_FORWARD"
"Jordan","De Goey",2022,"CD_I994185","MIDFIELDER"
"Nathan","Kreuger",2022,"CD_I997254","KEY_FORWARD"
"Ash","Johnson",2022,"CD_I997974","KEY_FORWARD"
"Mason","Cox",2022,"CD_I998647","RUCK"
"Jez","McLennan",2022,"CD_I1000044","MEDIUM_DEFENDER"
"Chris","Burgess",2022,"CD_I1000068","KEY_FORWARD"
"Izak","Rankine",2022,"CD_I1001195","MEDIUM_FORWARD"
"Charlie","Constable",2022,"CD_I1002242","MEDIUM_DEFENDER"
"Jack","Lukosius",2022,"CD_I1004095","KEY_FORWARD"
"Josh","Corbett",2022,"CD_I1005547","KEY_FORWARD"
"Malcolm","Rosas",2022,"CD_I1005986","MEDIUM_FORWARD"
"Joel","Jeffrey",2022,"CD_I1005992","KEY_FORWARD"
"Caleb","Graham",2022,"CD_I1006087","KEY_DEFENDER"
"Ben","King",2022,"CD_I1006144","KEY_FORWARD"
"Wil","Powell",2022,"CD_I1007881","MEDIUM_DEFENDER"
"Connor","Budarick",2022,"CD_I1008454","MEDIUM_DEFENDER"
"Charlie","Ballard",2022,"CD_I1008882","KEY_DEFENDER"
"Noah","Anderson",2022,"CD_I1009199","MIDFIELDER"
"Matt","Rowell",2022,"CD_I1009208","MIDFIELDER"
"Sam","Flanders",2022,"CD_I1009260","MIDFIELDER_FORWARD"
"Hewago","Oea",2022,"CD_I1009320","MEDIUM_FORWARD"
"Matt","Conroy",2022,"CD_I1009334","RUCK"
"Jeremy","Sharp",2022,"CD_I1009380","MIDFIELDER"
"Elijah","Hollands",2022,"CD_I1012862","MIDFIELDER"
"Rhys","Nicholls",2022,"CD_I1013247","MEDIUM_DEFENDER"
"Alex","Davies",2022,"CD_I1013268","MIDFIELDER_FORWARD"
"Sandy","Brock",2022,"CD_I1013315","KEY_DEFENDER"
"Patrick","Murtagh",2022,"CD_I1016116","KEY_DEFENDER"
"Oskar","Faulkhead",2022,"CD_I1017089","MIDFIELDER"
"Mac","Andrew",2022,"CD_I1017396","KEY_DEFENDER"
"Bodhi","Uwland",2022,"CD_I1017665","MEDIUM_DEFENDER"
"Ned","Moyle",2022,"CD_I1021013","RUCK"
"Rory","Thompson",2022,"CD_I281075","KEY_DEFENDER"
"Levi","Casboult",2022,"CD_I281124","KEY_FORWARD"
"David","Swallow",2022,"CD_I290832","MIDFIELDER"
"Sam","Day",2022,"CD_I291753","KEY_FORWARD"
"Jarrod","Witts",2022,"CD_I291975","RUCK"
"Brandon","Ellis",2022,"CD_I293713","MIDFIELDER"
"Sean","Lemmens",2022,"CD_I294013","MEDIUM_DEFENDER"
"Rory","Atkins",2022,"CD_I294472","MIDFIELDER"
"Alex","Sexton",2022,"CD_I294643","MEDIUM_FORWARD"
"Sam","Collins",2022,"CD_I295446","KEY_DEFENDER"
"James","Tsitas",2022,"CD_I296280","MEDIUM_FORWARD"
"Nick","Holman",2022,"CD_I297456","MEDIUM_FORWARD"
"Touk","Miller",2022,"CD_I298272","MIDFIELDER"
"Oleg","Markov",2022,"CD_I298358","MEDIUM_DEFENDER"
"Lachie","Weller",2022,"CD_I298524","MEDIUM_DEFENDER"
"Brayden","Fiorini",2022,"CD_I993799","MIDFIELDER"
"Mabior","Chol",2022,"CD_I994077","KEY_FORWARD"
"Darcy","Macpherson",2022,"CD_I996464","MEDIUM_FORWARD"
"Ben","Ainsworth",2022,"CD_I998130","MEDIUM_FORWARD"
"Jack","Bowes",2022,"CD_I998260","MEDIUM_DEFENDER"
"Jy","Farrar",2022,"CD_I999715","MEDIUM_DEFENDER"
"Harry","McKay",2022,"CD_I1000953","KEY_FORWARD"
"Jack","Silvagni",2022,"CD_I1001028","KEY_FORWARD"
"Matthew","Kennedy",2022,"CD_I1001398","MIDFIELDER"
"Lachie","Fogarty",2022,"CD_I1002228","MEDIUM_FORWARD"
"Adam","Cerra",2022,"CD_I1002239","MIDFIELDER"
"Paddy","Dow",2022,"CD_I1002256","MIDFIELDER"
"Lochie","O'Brien",2022,"CD_I1002259","MIDFIELDER"
"Jordan","Boyd",2022,"CD_I1002795","MEDIUM_DEFENDER"
"Josh","Honey",2022,"CD_I1002938","MEDIUM_FORWARD"
"Tom","De Koning",2022,"CD_I1004912","RUCK"
"Sam","Walsh",2022,"CD_I1006094","MIDFIELDER"
"Matthew","Cottrell",2022,"CD_I1008154","MIDFIELDER_FORWARD"
"Liam","Stocker",2022,"CD_I1008312","MEDIUM_DEFENDER"
"Corey","Durdin",2022,"CD_I1008510","MEDIUM_FORWARD"
"Brodie","Kemp",2022,"CD_I1009241","KEY_DEFENDER"
"Sam","Philp",2022,"CD_I1011929","MIDFIELDER_FORWARD"
"Luke","Parks",2022,"CD_I1012409","KEY_DEFENDER"
"Jack","Carroll",2022,"CD_I1013233","MEDIUM_FORWARD"
"Matthew","Owies",2022,"CD_I1013973","MEDIUM_FORWARD"
"Domanic","Akuei",2022,"CD_I1015830","KEY_DEFENDER"
"Jesse","Motlop",2022,"CD_I1017700","MEDIUM_FORWARD"
"Alex","Mirkov",2022,"CD_I1023446","RUCK"
"Ed","Curnow",2022,"CD_I270146","MIDFIELDER_FORWARD"
"Liam","Jones",2022,"CD_I281078","KEY_DEFENDER"
"Jack","Newnes",2022,"CD_I291773","MIDFIELDER"
"George","Hewett",2022,"CD_I294036","MIDFIELDER"
"Lachie","Plowman",2022,"CD_I294624","MEDIUM_DEFENDER"
"Zac","Williams",2022,"CD_I294685","MEDIUM_DEFENDER"
"Adam","Saad",2022,"CD_I295461","MEDIUM_DEFENDER"
"Sam","Docherty",2022,"CD_I295518","MEDIUM_DEFENDER"
"Jack","Martin",2022,"CD_I296190","MEDIUM_FORWARD"
"Mitch","McGovern",2022,"CD_I297255","KEY_DEFENDER"
"Sam","Durdin",2022,"CD_I297767","KEY_DEFENDER"
"Nic","Newman",2022,"CD_I297907","MEDIUM_DEFENDER"
"Marc","Pittonet",2022,"CD_I298290","RUCK"
"Caleb","Marchbank",2022,"CD_I298302","MEDIUM_DEFENDER"
"Patrick","Cripps",2022,"CD_I990704","MIDFIELDER"
"Will","Hayes",2022,"CD_I991976","MIDFIELDER"
"Oscar","McDonald",2022,"CD_I992472","KEY_DEFENDER"
"David","Cuningham",2022,"CD_I993795","MIDFIELDER"
"Jacob","Weitering",2022,"CD_I993832","KEY_DEFENDER"
"Charlie","Curnow",2022,"CD_I996731","KEY_FORWARD"
"Lewis","Young",2022,"CD_I997316","KEY_DEFENDER"
"Thomas","Williamson",2022,"CD_I998167","MEDIUM_DEFENDER"
"Will","Setterfield",2022,"CD_I998215","MIDFIELDER"
"Zac","Fisher",2022,"CD_I999827","MEDIUM_FORWARD"
"Callum","Coleman-Jones",2022,"CD_I1000061","RUCK"
"Nick","Larkey",2022,"CD_I1001017","KEY_FORWARD"
"Ben","McKay",2022,"CD_I1002143","KEY_DEFENDER"
"Jaidyn","Stephenson",2022,"CD_I1002240","MEDIUM_FORWARD"
"Luke","Davies-Uniacke",2022,"CD_I1002267","MIDFIELDER"
"Paul","Curtis",2022,"CD_I1002947","MEDIUM_FORWARD"
"Aiden","Bonar",2022,"CD_I1004894","KEY_DEFENDER"
"Lachlan","Young",2022,"CD_I1004909","MEDIUM_DEFENDER"
"Tristan","Xerri",2022,"CD_I1004965","RUCK"
"Tarryn","Thomas",2022,"CD_I1005729","MIDFIELDER_FORWARD"
"Bailey","Scott",2022,"CD_I1006058","MEDIUM_DEFENDER"
"Curtis","Taylor",2022,"CD_I1006137","MIDFIELDER"
"Matt","McGuinness",2022,"CD_I1006653","KEY_DEFENDER"
"Atu","Bosenavulagi",2022,"CD_I1008288","MEDIUM_DEFENDER"
"Jack","Mahony",2022,"CD_I1009189","MEDIUM_FORWARD"
"Jason","Horne-Francis",2022,"CD_I1011640","MIDFIELDER_FORWARD"
"Phoenix","Spicer",2022,"CD_I1011647","MEDIUM_FORWARD"
"Tom","Powell",2022,"CD_I1011659","MIDFIELDER_FORWARD"
"Flynn","Perez",2022,"CD_I1011771","MIDFIELDER"
"Kallan","Dawson",2022,"CD_I1012144","KEY_DEFENDER"
"Will","Phillips",2022,"CD_I1012829","MIDFIELDER"
"Eddie","Ford",2022,"CD_I1012833","MEDIUM_FORWARD"
"Charlie","Lazzaro",2022,"CD_I1012852","MEDIUM_FORWARD"
"Patrick","Walker",2022,"CD_I1013191","MEDIUM_DEFENDER"
"Charlie","Comben",2022,"CD_I1015781","KEY_FORWARD"
"Jacob","Edwards",2022,"CD_I1015895","RUCK"
"Miller","Bergman",2022,"CD_I1017095","MEDIUM_DEFENDER"
"Josh","Goater",2022,"CD_I1017118","MEDIUM_DEFENDER"
"Jackson","Archer",2022,"CD_I1020968","MEDIUM_DEFENDER"
"Tom","Lynch",2022,"CD_I270938","MIDFIELDER"
"Todd","Goldstein",2022,"CD_I271129","RUCK"
"Ben","Cunnington",2022,"CD_I280921","MIDFIELDER"
"Jack","Ziebell",2022,"CD_I280944","MEDIUM_FORWARD"
"Hugh","Greenwood",2022,"CD_I281091","MIDFIELDER"
"Jared","Polec",2022,"CD_I290738","MIDFIELDER"
"Josh","Walker",2022,"CD_I291550","KEY_DEFENDER"
"Jed","Anderson",2022,"CD_I291861","MIDFIELDER_FORWARD"
"Aidan","Corr",2022,"CD_I294508","KEY_DEFENDER"
"Luke","McDonald",2022,"CD_I296355","MEDIUM_DEFENDER"
"Aaron","Hall",2022,"CD_I296735","MEDIUM_DEFENDER"
"Kayne","Turner",2022,"CD_I992499","MEDIUM_DEFENDER"
"Jy","Simpkin",2022,"CD_I993998","MIDFIELDER"
"Kyron","Hayden",2022,"CD_I998327","MEDIUM_DEFENDER"
"Cameron","Zurhaar",2022,"CD_I998484","MEDIUM_FORWARD"
"Willem","Drew",2022,"CD_I1000972","MIDFIELDER"
"Connor","Rozee",2022,"CD_I1001299","MIDFIELDER_FORWARD"
"Sam","Hayes",2022,"CD_I1002248","RUCK"
"Kane","Farrell",2022,"CD_I1002253","MIDFIELDER_FORWARD"
"Jed","McEntee",2022,"CD_I1004819","MEDIUM_FORWARD"
"Todd","Marshall",2022,"CD_I1004998","KEY_FORWARD"
"Jackson","Mead",2022,"CD_I1005326","MIDFIELDER_FORWARD"
"Xavier","Duursma",2022,"CD_I1006096","MIDFIELDER"
"Zak","Butters",2022,"CD_I1006121","MIDFIELDER_FORWARD"
"Brynn","Teakle",2022,"CD_I1007591","RUCK"
"Miles","Bergman",2022,"CD_I1009191","MIDFIELDER"
"Dylan","Williams",2022,"CD_I1009195","MEDIUM_FORWARD"
"Jake","Pasini",2022,"CD_I1009389","KEY_DEFENDER"
"Mitch","Georgiades",2022,"CD_I1010174","KEY_FORWARD"
"Lachie","Jones",2022,"CD_I1011583","MEDIUM_DEFENDER"
"Taj","Schofield",2022,"CD_I1012310","MIDFIELDER"
"Ollie","Lord",2022,"CD_I1012881","KEY_FORWARD"
"Jase","Burgoyne",2022,"CD_I1013462","MEDIUM_DEFENDER"
"Hugh","Jackson",2022,"CD_I1015330","MIDFIELDER_FORWARD"
"Josh","Sinn",2022,"CD_I1017078","MIDFIELDER_FORWARD"
"Dante","Visentini",2022,"CD_I1017128","RUCK"
"Travis","Boak",2022,"CD_I250365","MIDFIELDER"
"Robbie","Gray",2022,"CD_I261396","MEDIUM_FORWARD"
"Charlie","Dixon",2022,"CD_I280711","KEY_FORWARD"
"Steven","Motlop",2022,"CD_I280990","MEDIUM_FORWARD"
"Trent","McKenzie",2022,"CD_I290527","KEY_DEFENDER"
"Scott","Lycett",2022,"CD_I290746","RUCK"
"Tom","Jonas",2022,"CD_I292145","KEY_DEFENDER"
"Sam","Mayes",2022,"CD_I293603","MEDIUM_FORWARD"
"Ollie","Wines",2022,"CD_I294318","MIDFIELDER"
"Aliir","Aliir",2022,"CD_I294469","KEY_DEFENDER"
"Tom","Clurey",2022,"CD_I294504","KEY_DEFENDER"
"Trent","Dumont",2022,"CD_I296035","MIDFIELDER"
"Orazio","Fantasia",2022,"CD_I296334","MEDIUM_FORWARD"
"Karl","Amon",2022,"CD_I297354","MIDFIELDER"
"Jeremy","Finlayson",2022,"CD_I298111","RUCK"
"Darcy","Byrne-Jones",2022,"CD_I991930","MEDIUM_DEFENDER"
"Ryan","Burton",2022,"CD_I992128","MEDIUM_DEFENDER"
"Sam","Skinner",2022,"CD_I993836","KEY_DEFENDER"
"Sam","Powell-Pepper",2022,"CD_I993979","MEDIUM_FORWARD"
"Dan","Houston",2022,"CD_I994295","MEDIUM_DEFENDER"
"Riley","Bonner",2022,"CD_I994599","MEDIUM_DEFENDER"
"Martin","Frederick",2022,"CD_I999320","MEDIUM_DEFENDER"
"Mitch","Hannan",2022,"CD_I1001449","MEDIUM_DEFENDER"
"Aaron","Naughton",2022,"CD_I1002404","KEY_FORWARD"
"Tim","English",2022,"CD_I1004592","RUCK"
"Laitham","Vandermeer",2022,"CD_I1005000","MEDIUM_FORWARD"
"Rhylee","West",2022,"CD_I1006127","MEDIUM_FORWARD"
"Bailey","Smith",2022,"CD_I1006130","MIDFIELDER_FORWARD"
"Riley","Garcia",2022,"CD_I1006533","MEDIUM_FORWARD"
"Ed","Richards",2022,"CD_I1008280","MEDIUM_DEFENDER"
"Lachlan","McNeil",2022,"CD_I1009015","MIDFIELDER_FORWARD"
"Jamarra","Ugle-Hagan",2022,"CD_I1009301","KEY_FORWARD"
"Cody","Weightman",2022,"CD_I1011803","MEDIUM_FORWARD"
"Louis","Butler",2022,"CD_I1011992","MIDFIELDER"
"Cody","Raak",2022,"CD_I1012879","KEY_DEFENDER"
"Dominic","Bedendo",2022,"CD_I1015822","MIDFIELDER"
"Luke","Cleary",2022,"CD_I1015929","MEDIUM_DEFENDER"
"Sam","Darcy",2022,"CD_I1017126","KEY_DEFENDER"
"Arthur","Jones",2022,"CD_I1020586","MEDIUM_FORWARD"
"Charlie","Parker",2022,"CD_I1023224","MIDFIELDER"
"Stefan","Martin",2022,"CD_I280763","RUCK"
"Taylor","Duryea",2022,"CD_I290085","MEDIUM_DEFENDER"
"Alex","Keath",2022,"CD_I290797","KEY_DEFENDER"
"Tom","Liberatore",2022,"CD_I290799","MIDFIELDER"
"Josh","Bruce",2022,"CD_I291492","KEY_FORWARD"
"Mitch","Wallis",2022,"CD_I291545","MEDIUM_FORWARD"
"Adam","Treloar",2022,"CD_I291790","MIDFIELDER"
"Hayden","Crozier",2022,"CD_I293651","MEDIUM_DEFENDER"
"Jason","Johannisen",2022,"CD_I294101","MEDIUM_FORWARD"
"Lachie","Hunter",2022,"CD_I294557","MIDFIELDER"
"Caleb","Daniel",2022,"CD_I295136","MEDIUM_DEFENDER"
"Jack","Macrae",2022,"CD_I295467","MIDFIELDER"
"Tim","O'Brien",2022,"CD_I296041","KEY_DEFENDER"
"Robbie","McComb",2022,"CD_I296588","MIDFIELDER_FORWARD"
"Marcus","Bontempelli",2022,"CD_I297373","MIDFIELDER"
"Zaine","Cordy",2022,"CD_I991939","KEY_DEFENDER"
"Anthony","Scott",2022,"CD_I992048","MIDFIELDER"
"Roarke","Smith",2022,"CD_I992054","MIDFIELDER"
"Jordon","Sweet",2022,"CD_I992330","RUCK"
"Bailey","Williams",2022,"CD_I992351","MIDFIELDER"
"Josh","Dunkley",2022,"CD_I993834","MIDFIELDER_FORWARD"
"Josh","Schache",2022,"CD_I993841","KEY_FORWARD"
"Toby","McLean",2022,"CD_I996483","MIDFIELDER"
"Bailey","Dale",2022,"CD_I996708","MEDIUM_DEFENDER"
"Ryan","Gardner",2022,"CD_I997501","KEY_DEFENDER"
"Buku","Khamis",2022,"CD_I998782","KEY_FORWARD"
"Lachlan","Bramble",2022,"CD_I1000864","MEDIUM_DEFENDER"
"Mitch","Lewis",2022,"CD_I1000887","KEY_FORWARD"
"Max","Lynch",2022,"CD_I1000960","RUCK"
"Harry","Morrison",2022,"CD_I1000963","MIDFIELDER"
"Ned","Reeves",2022,"CD_I1001024","RUCK"
"James","Worpel",2022,"CD_I1002222","MIDFIELDER"
"Emerson","Jeka",2022,"CD_I1005150","KEY_DEFENDER"
"Jacob","Koschitzke",2022,"CD_I1006030","KEY_FORWARD"
"Dylan","Moore",2022,"CD_I1006314","MEDIUM_FORWARD"
"Conor","Nash",2022,"CD_I1007124","MIDFIELDER"
"Joshua","Morris",2022,"CD_I1008537","MEDIUM_DEFENDER"
"Will","Day",2022,"CD_I1008550","MEDIUM_DEFENDER"
"Jack","Saunders",2022,"CD_I1008600","MEDIUM_FORWARD"
"Finn","Maginness",2022,"CD_I1009421","MIDFIELDER"
"Sam","Butler",2022,"CD_I1010708","MEDIUM_FORWARD"
"James","Blanck",2022,"CD_I1011839","KEY_DEFENDER"
"Connor","Downie",2022,"CD_I1012830","MEDIUM_DEFENDER"
"Denver","Grainger-Barras",2022,"CD_I1013093","KEY_DEFENDER"
"Jackson","Callow",2022,"CD_I1013208","KEY_FORWARD"
"Tyler","Brockman",2022,"CD_I1013511","MEDIUM_FORWARD"
"Jai","Serong",2022,"CD_I1017091","MEDIUM_FORWARD"
"Connor","Macdonald",2022,"CD_I1017094","MEDIUM_FORWARD"
"Josh","Ward",2022,"CD_I1017110","MIDFIELDER"
"Ned","Long",2022,"CD_I1017124","MIDFIELDER"
"Seamus","Mitchell",2022,"CD_I1018016","MEDIUM_FORWARD"
"Jai","Newcombe",2022,"CD_I1020895","MIDFIELDER"
"Fionn","O'Hara",2022,"CD_I1024939","MEDIUM_DEFENDER"
"Max","Ramsden",2022,"CD_I1027965","RUCK"
"Ben","McEvoy",2022,"CD_I261323","RUCK"
"Liam","Shiels",2022,"CD_I280737","MIDFIELDER_FORWARD"
"Luke","Breust",2022,"CD_I280744","MEDIUM_FORWARD"
"Kyle","Hartigan",2022,"CD_I290228","KEY_DEFENDER"
"Jack","Gunston",2022,"CD_I291351","KEY_FORWARD"
"Tom","Mitchell",2022,"CD_I291856","MIDFIELDER"
"Chad","Wingard",2022,"CD_I291962","MEDIUM_FORWARD"
"Sam","Frost",2022,"CD_I293738","KEY_DEFENDER"
"Jaeger","O'Meara",2022,"CD_I294613","MIDFIELDER"
"Jarman","Impey",2022,"CD_I296254","MEDIUM_DEFENDER"
"James","Sicily",2022,"CD_I297566","KEY_DEFENDER"
"Daniel","Howe",2022,"CD_I992462","MIDFIELDER"
"Blake","Hardwick",2022,"CD_I993794","MEDIUM_DEFENDER"
"Tom","Phillips",2022,"CD_I996487","MIDFIELDER"
"Jack","Scrimshaw",2022,"CD_I998114","MEDIUM_DEFENDER"
"Changkuoth","Jiath",2022,"CD_I998390","MEDIUM_DEFENDER"
"Jack","Henry",2022,"CD_I1000937","KEY_DEFENDER"
"Esava","Ratugolea",2022,"CD_I1002220","KEY_FORWARD"
"Zach","Guthrie",2022,"CD_I1004870","MEDIUM_DEFENDER"
"Gryan","Miers",2022,"CD_I1004938","MEDIUM_FORWARD"
"Sam","Simpson",2022,"CD_I1004940","MIDFIELDER"
"Cooper","Stephens",2022,"CD_I1004948","MIDFIELDER"
"Paul","Tsapatolis",2022,"CD_I1007049","RUCK"
"Nick","Stevens",2022,"CD_I1007101","MEDIUM_DEFENDER"
"Mark","O'Connor",2022,"CD_I1007102","MEDIUM_DEFENDER"
"Sam","De Koning",2022,"CD_I1009229","KEY_DEFENDER"
"James","Willis",2022,"CD_I1011633","MIDFIELDER_FORWARD"
"Zane","Williams",2022,"CD_I1013038","MEDIUM_FORWARD"
"Max","Holmes",2022,"CD_I1015889","MIDFIELDER"
"Shannon","Neale",2022,"CD_I1016433","KEY_FORWARD"
"Toby","Conway",2022,"CD_I1017063","RUCK"
"Francis","Evans",2022,"CD_I1017255","MEDIUM_FORWARD"
"Flynn","Kroeger",2022,"CD_I1018020","MIDFIELDER"
"Cooper","Whyte",2022,"CD_I1021090","MIDFIELDER"
"Mitch","Knevitt",2022,"CD_I1021103","MIDFIELDER"
"Oisin","Mullin",2022,"CD_I1024982","MEDIUM_DEFENDER"
"Oliver","Dempsey",2022,"CD_I1025034","MEDIUM_FORWARD"
"Joel","Selwood",2022,"CD_I250321","MIDFIELDER"
"Shaun","Higgins",2022,"CD_I260227","MEDIUM_FORWARD"
"Tom","Hawkins",2022,"CD_I261510","KEY_FORWARD"
"Patrick","Dangerfield",2022,"CD_I270917","MIDFIELDER"
"Rhys","Stanley",2022,"CD_I280317","RUCK"
"Mitch","Duncan",2022,"CD_I281065","MEDIUM_DEFENDER"
"Cameron","Guthrie",2022,"CD_I290550","MIDFIELDER"
"Jonathon","Ceglar",2022,"CD_I291327","RUCK"
"Gary","Rohan",2022,"CD_I291357","MEDIUM_FORWARD"
"Luke","Dahlhaus",2022,"CD_I291526","MEDIUM_FORWARD"
"Tom","Stewart",2022,"CD_I291800","MEDIUM_DEFENDER"
"Zach","Tuohy",2022,"CD_I292511","MEDIUM_DEFENDER"
"Jeremy","Cameron",2022,"CD_I293845","KEY_FORWARD"
"Jed","Bews",2022,"CD_I293883","MEDIUM_DEFENDER"
"Sam","Menegola",2022,"CD_I294199","MIDFIELDER"
"Isaac","Smith",2022,"CD_I294877","MIDFIELDER_FORWARD"
"Jake","Kolodjashnij",2022,"CD_I296291","KEY_DEFENDER"
"Mark","Blicavs",2022,"CD_I296733","RUCK"
"Brandan","Parfitt",2022,"CD_I298419","MIDFIELDER"
"Tom","Atkins",2022,"CD_I994386","MEDIUM_DEFENDER"
"Tyson","Stengle",2022,"CD_I997230","MEDIUM_FORWARD"
"Brad","Close",2022,"CD_I999326","MEDIUM_FORWARD"
"Quinton","Narkle",2022,"CD_I999824","MIDFIELDER"
"Jack","Higgins",2022,"CD_I1002227","MEDIUM_FORWARD"
"Hunter","Clark",2022,"CD_I1002264","MEDIUM_DEFENDER"
"Jack","Bytel",2022,"CD_I1002922","MIDFIELDER"
"Darragh","Joyce",2022,"CD_I1003520","KEY_DEFENDER"
"Ben","Paton",2022,"CD_I1004985","MEDIUM_DEFENDER"
"Nick","Coffield",2022,"CD_I1005717","MEDIUM_DEFENDER"
"Max","King",2022,"CD_I1006143","KEY_FORWARD"
"Leo","Connolly",2022,"CD_I1009228","MEDIUM_DEFENDER"
"Ryan","Byrnes",2022,"CD_I1011994","MIDFIELDER_FORWARD"
"Nasiah","Wanganeen-Milera",2022,"CD_I1015507","MIDFIELDER"
"Oscar","Adams",2022,"CD_I1015515","RUCK"
"Matthew","Allison",2022,"CD_I1015714","KEY_FORWARD"
"Max","Heath",2022,"CD_I1015886","RUCK"
"Josiah","Kyle",2022,"CD_I1017388","MEDIUM_FORWARD"
"Jack","Peris",2022,"CD_I1017932","MIDFIELDER"
"Cooper","Sharman",2022,"CD_I1018018","KEY_FORWARD"
"Marcus","Windhager",2022,"CD_I1023270","MIDFIELDER_FORWARD"
"Mitch","Owens",2022,"CD_I1023272","MIDFIELDER_FORWARD"
"Paddy","Ryder",2022,"CD_I250267","RUCK"
"Jarryn","Geary",2022,"CD_I260113","MEDIUM_DEFENDER"
"Dan","Hannebery",2022,"CD_I290117","MIDFIELDER"
"Tom","Campbell",2022,"CD_I290246","RUCK"
"Jimmy","Webster",2022,"CD_I290757","MEDIUM_DEFENDER"
"Sebastian","Ross",2022,"CD_I293846","MIDFIELDER"
"Jarrod","Lienert",2022,"CD_I293987","KEY_DEFENDER"
"Brad","Crouch",2022,"CD_I294307","MIDFIELDER"
"Dean","Kent",2022,"CD_I294570","MEDIUM_FORWARD"
"Tim","Membrey",2022,"CD_I294596","KEY_FORWARD"
"Mason","Wood",2022,"CD_I295340","MIDFIELDER"
"Bradley","Hill",2022,"CD_I295584","MEDIUM_DEFENDER"
"Jack","Steele",2022,"CD_I296205","MIDFIELDER"
"Jack","Billings",2022,"CD_I296351","MIDFIELDER"
"Callum","Wilkie",2022,"CD_I296422","MEDIUM_DEFENDER"
"Daniel","McKenzie",2022,"CD_I298265","MIDFIELDER"
"Jade","Gresham",2022,"CD_I298421","MIDFIELDER_FORWARD"
"Jack","Hayes",2022,"CD_I990840","KEY_FORWARD"
"Zak","Jones",2022,"CD_I991988","MIDFIELDER"
"Dan","Butler",2022,"CD_I992374","MEDIUM_FORWARD"
"Rowan","Marshall",2022,"CD_I992468","RUCK"
"Dougal","Howard",2022,"CD_I993480","KEY_DEFENDER"
"Ben","Long",2022,"CD_I993917","MEDIUM_FORWARD"
"Jack","Sinclair",2022,"CD_I994389","MEDIUM_DEFENDER"
"Josh","Battle",2022,"CD_I998134","KEY_DEFENDER"
"Tom","Highmore",2022,"CD_I998195","KEY_DEFENDER"
"Jordan","Ridley",2022,"CD_I1001026","KEY_DEFENDER"
"Brandon","Zerk-Thatcher",2022,"CD_I1004034","KEY_DEFENDER"
"Massimo","D'Ambrosio",2022,"CD_I1005144","MEDIUM_DEFENDER"
"Sam","Draper",2022,"CD_I1005577","RUCK"
"Jye","Caldwell",2022,"CD_I1006103","MIDFIELDER"
"Brayden","Ham",2022,"CD_I1008190","MIDFIELDER_FORWARD"
"Kaine","Baldwin",2022,"CD_I1008975","KEY_FORWARD"
"Harrison","Jones",2022,"CD_I1011755","KEY_FORWARD"
"Nick","Bryan",2022,"CD_I1011954","RUCK"
"Nic","Martin",2022,"CD_I1012013","MEDIUM_FORWARD"
"Tex","Wanganeen",2022,"CD_I1012521","MEDIUM_FORWARD"
"Zach","Reid",2022,"CD_I1012817","KEY_DEFENDER"
"Cody","Brand",2022,"CD_I1012837","KEY_DEFENDER"
"Jye","Menzie",2022,"CD_I1013201","MEDIUM_FORWARD"
"Alastair","Lord",2022,"CD_I1015369","MEDIUM_DEFENDER"
"Josh","Eyre",2022,"CD_I1015712","KEY_DEFENDER"
"Sam","Durham",2022,"CD_I1015810","MIDFIELDER"
"Nik","Cox",2022,"CD_I1015827","MIDFIELDER"
"Archie","Perkins",2022,"CD_I1015873","MIDFIELDER_FORWARD"
"Ben","Hobbs",2022,"CD_I1017088","MEDIUM_FORWARD"
"Patrick","Voss",2022,"CD_I1017754","KEY_FORWARD"
"Cian","McBride",2022,"CD_I1018969","RUCK"
"Tom","Hird",2022,"CD_I1020224","MIDFIELDER_FORWARD"
"Michael","Hurley",2022,"CD_I270935","KEY_FORWARD"
"Dyson","Heppell",2022,"CD_I290629","MEDIUM_DEFENDER"
"Devon","Smith",2022,"CD_I291771","MEDIUM_FORWARD"
"Dylan","Shiel",2022,"CD_I291783","MIDFIELDER"
"Jake","Stringer",2022,"CD_I293884","KEY_FORWARD"
"Andrew","Phillips",2022,"CD_I294068","RUCK"
"Anthony","McDonald-Tipungwuti",2022,"CD_I294092","MEDIUM_FORWARD"
"James","Stewart",2022,"CD_I294654","KEY_DEFENDER"
"Tom","Cutler",2022,"CD_I297406","MIDFIELDER"
"Nick","Hind",2022,"CD_I297452","MEDIUM_DEFENDER"
"Jake","Kelly",2022,"CD_I297473","MEDIUM_DEFENDER"
"Jayden","Laverde",2022,"CD_I298280","KEY_DEFENDER"
"Peter","Wright",2022,"CD_I298289","KEY_FORWARD"
"Alec","Waterman",2022,"CD_I298445","MEDIUM_FORWARD"
"Kyle","Langford",2022,"CD_I298630","MIDFIELDER_FORWARD"
"Will","Snelling",2022,"CD_I990606","MEDIUM_FORWARD"
"Aaron","Francis",2022,"CD_I990816","KEY_FORWARD"
"Garrett","McDonagh",2022,"CD_I992012","MEDIUM_DEFENDER"
"Zach","Merrett",2022,"CD_I992016","MIDFIELDER"
"Darcy","Parish",2022,"CD_I993817","MIDFIELDER"
"Matt","Guelfi",2022,"CD_I996232","MEDIUM_FORWARD"
"Mason","Redman",2022,"CD_I997078","MEDIUM_DEFENDER"
"Andrew","McGrath",2022,"CD_I998102","MIDFIELDER"
"James","Bell",2022,"CD_I1002291","MEDIUM_FORWARD"
"Hayden","McLean",2022,"CD_I1003203","KEY_FORWARD"
"Will","Gould",2022,"CD_I1004113","KEY_DEFENDER"
"Dylan","Stephens",2022,"CD_I1004848","MIDFIELDER"
"Ben","Ronke",2022,"CD_I1004880","MEDIUM_FORWARD"
"Nick","Blakey",2022,"CD_I1006028","MEDIUM_DEFENDER"
"James","Rowbottom",2022,"CD_I1006126","MIDFIELDER"
"Sam","Wicks",2022,"CD_I1006232","MEDIUM_FORWARD"
"Joel","Amartey",2022,"CD_I1008091","KEY_FORWARD"
"Tom","McCartin",2022,"CD_I1008198","KEY_DEFENDER"
"Justin","McInerney",2022,"CD_I1011936","MIDFIELDER"
"Chad","Warner",2022,"CD_I1012014","MIDFIELDER"
"Matt","Roberts",2022,"CD_I1012210","MIDFIELDER"
"Errol","Gulden",2022,"CD_I1013128","MIDFIELDER_FORWARD"
"Braeden","Campbell",2022,"CD_I1013133","MEDIUM_DEFENDER"
"Marc","Sheather",2022,"CD_I1013138","MEDIUM_FORWARD"
"Logan","McDonald",2022,"CD_I1013230","KEY_FORWARD"
"Lachlan","Rankin",2022,"CD_I1017115","MEDIUM_DEFENDER"
"Corey","Warner",2022,"CD_I1018424","MIDFIELDER"
"Barry","O'Connor",2022,"CD_I1019158","KEY_DEFENDER"
"Angus","Sheldrick",2022,"CD_I1020339","MEDIUM_FORWARD"
"Lachlan","McAndrew",2022,"CD_I1021200","RUCK"
"Hugo","Hall-Kahan",2022,"CD_I1023273","MEDIUM_FORWARD"
"Lance","Franklin",2022,"CD_I240399","KEY_FORWARD"
"Josh P.","Kennedy",2022,"CD_I260382","MIDFIELDER"
"Sam","Reid",2022,"CD_I290188","KEY_FORWARD"
"Dane","Rampe",2022,"CD_I290307","KEY_DEFENDER"
"Luke","Parker",2022,"CD_I290778","MIDFIELDER"
"Robbie","Fox",2022,"CD_I291848","MEDIUM_DEFENDER"
"Harry","Cunningham",2022,"CD_I291978","MEDIUM_DEFENDER"
"Tom","Hickey",2022,"CD_I294266","RUCK"
"Callum","Sinclair",2022,"CD_I294737","RUCK"
"Jake","Lloyd",2022,"CD_I295342","MEDIUM_DEFENDER"
"Lewis","Taylor",2022,"CD_I296211","MIDFIELDER"
"Sam","Naismith",2022,"CD_I298144","RUCK"
"Paddy","McCartin",2022,"CD_I298312","KEY_DEFENDER"
"Isaac","Heeney",2022,"CD_I298539","MEDIUM_FORWARD"
"Callum","Mills",2022,"CD_I993905","MIDFIELDER"
"Ryan","Clarke",2022,"CD_I996442","MEDIUM_FORWARD"
"Lewis","Melican",2022,"CD_I996743","KEY_DEFENDER"
"Tom","Papley",2022,"CD_I996765","MEDIUM_FORWARD"
"Will","Hayward",2022,"CD_I997100","MEDIUM_FORWARD"
"Peter","Ladhams",2022,"CD_I997142","RUCK"
"Colin","O'Riordan",2022,"CD_I997842","MEDIUM_DEFENDER"
"Oliver","Florent",2022,"CD_I998103","MEDIUM_DEFENDER"
"Lachie","Schultz",2022,"CD_I1000860","MEDIUM_FORWARD"
"Lloyd","Meek",2022,"CD_I1000980","RUCK"
"Andrew","Brayshaw",2022,"CD_I1002232","MIDFIELDER"
"Mitch","Crowden",2022,"CD_I1002353","MIDFIELDER"
"Luke","Valente",2022,"CD_I1004850","MIDFIELDER"
"Liam","Henry",2022,"CD_I1005988","MIDFIELDER_FORWARD"
"Jordan","Clark",2022,"CD_I1006152","MEDIUM_DEFENDER"
"Hayden","Young",2022,"CD_I1009256","MEDIUM_DEFENDER"
"Joel","Western",2022,"CD_I1009401","MEDIUM_FORWARD"
"Brandon","Walker",2022,"CD_I1009410","MEDIUM_DEFENDER"
"Caleb","Serong",2022,"CD_I1009420","MIDFIELDER"
"Sebit","Kuek",2022,"CD_I1012048","KEY_FORWARD"
"Josh","Treacy",2022,"CD_I1012819","KEY_FORWARD"
"Nathan","O'Driscoll",2022,"CD_I1013220","MIDFIELDER"
"Heath","Chapman",2022,"CD_I1013224","MEDIUM_DEFENDER"
"Sam","Sturt",2022,"CD_I1013611","MEDIUM_FORWARD"
"Matthew","Johnson",2022,"CD_I1016825","MIDFIELDER"
"Neil","Erasmus",2022,"CD_I1020250","MIDFIELDER"
"Jye","Amiss",2022,"CD_I1020594","KEY_FORWARD"
"Karl","Worner",2022,"CD_I1021015","MIDFIELDER"
"Eric","Benning",2022,"CD_I1022889","RUCK"
"David","Mundy",2022,"CD_I240052","MIDFIELDER"
"Travis","Colyer",2022,"CD_I280988","MEDIUM_FORWARD"
"Michael","Walters",2022,"CD_I281007","MEDIUM_FORWARD"
"Nat","Fyfe",2022,"CD_I291570","MIDFIELDER_FORWARD"
"Matt","Taberner",2022,"CD_I293854","KEY_FORWARD"
"Nathan","Wilson",2022,"CD_I294125","MEDIUM_DEFENDER"
"James","Aish",2022,"CD_I295067","MIDFIELDER"
"Joel","Hamling",2022,"CD_I295222","KEY_DEFENDER"
"Blake","Acres",2022,"CD_I296294","MIDFIELDER"
"Alex","Pearce",2022,"CD_I298409","KEY_DEFENDER"
"Connor","Blakely",2022,"CD_I298450","MIDFIELDER"
"Rory","Lobb",2022,"CD_I990740","KEY_FORWARD"
"Sam","Switkowski",2022,"CD_I992059","MEDIUM_FORWARD"
"Darcy","Tucker",2022,"CD_I993816","MIDFIELDER_FORWARD"
"Ethan","Hughes",2022,"CD_I996580","MIDFIELDER"
"Brennan","Cox",2022,"CD_I997033","KEY_DEFENDER"
"Griffin","Logue",2022,"CD_I997933","KEY_DEFENDER"
"Will","Brodie",2022,"CD_I998129","MIDFIELDER"
"Sean","Darcy",2022,"CD_I998145","RUCK"
"Bailey","Banfield",2022,"CD_I998180","MEDIUM_FORWARD"
"Luke","Ryan",2022,"CD_I998659","MEDIUM_DEFENDER"
"Michael","Frederick",2022,"CD_I999321","MEDIUM_FORWARD"
"Isaac","Cumming",2022,"CD_I1001396","MEDIUM_DEFENDER"
"Brent","Daniels",2022,"CD_I1002251","MEDIUM_FORWARD"
"Jarrod","Brander",2022,"CD_I1002300","MIDFIELDER_FORWARD"
"Jacob","Wehr",2022,"CD_I1004530","MIDFIELDER"
"Sam","Taylor",2022,"CD_I1005247","KEY_DEFENDER"
"James","Peatling",2022,"CD_I1006013","MEDIUM_FORWARD"
"Xavier","O'Halloran",2022,"CD_I1006135","MIDFIELDER"
"Bobby","Hill",2022,"CD_I1006148","MEDIUM_FORWARD"
"Jake","Stein",2022,"CD_I1007238","KEY_DEFENDER"
"Connor","Idun",2022,"CD_I1008083","MEDIUM_DEFENDER"
"Jake","Riccardi",2022,"CD_I1008123","KEY_FORWARD"
"Kieren","Briggs",2022,"CD_I1008436","RUCK"
"Leek","Aleer",2022,"CD_I1008691","KEY_DEFENDER"
"Lachie","Ash",2022,"CD_I1009253","MIDFIELDER"
"Tom","Green",2022,"CD_I1009528","MIDFIELDER"
"Jack","Buckley",2022,"CD_I1009708","KEY_DEFENDER"
"Tanner","Bruhn",2022,"CD_I1012805","MIDFIELDER_FORWARD"
"Cameron","Fleeton",2022,"CD_I1012863","KEY_DEFENDER"
"Callum","Brown",2022,"CD_I1014038","MEDIUM_DEFENDER"
"Will","Shaw",2022,"CD_I1015688","MEDIUM_FORWARD"
"Ryan","Angwin",2022,"CD_I1015777","MEDIUM_FORWARD"
"Conor","Stone",2022,"CD_I1015862","MEDIUM_FORWARD"
"Wade","Derksen",2022,"CD_I1016140","KEY_FORWARD"
"Cooper","Hamilton",2022,"CD_I1017093","MEDIUM_DEFENDER"
"Josh","Fahey",2022,"CD_I1017751","MEDIUM_DEFENDER"
"Finn","Callaghan",2022,"CD_I1023266","MIDFIELDER"
"Matt","de Boer",2022,"CD_I271015","MEDIUM_FORWARD"
"Callan","Ward",2022,"CD_I280109","MIDFIELDER"
"Phil","Davis",2022,"CD_I280804","KEY_DEFENDER"
"Lachlan","Keeffe",2022,"CD_I290314","KEY_DEFENDER"
"Daniel","Lloyd",2022,"CD_I290675","MEDIUM_FORWARD"
"Adam","Kennedy",2022,"CD_I291509","MEDIUM_DEFENDER"
"Stephen","Coniglio",2022,"CD_I291969","MIDFIELDER_FORWARD"
"Lachie","Whitfield",2022,"CD_I294305","MIDFIELDER"
"Nick","Haynes",2022,"CD_I295265","MEDIUM_DEFENDER"
"Toby","Greene",2022,"CD_I295344","MEDIUM_FORWARD"
"Jesse","Hogan",2022,"CD_I296324","KEY_FORWARD"
"Josh","Kelly",2022,"CD_I296347","MIDFIELDER"
"Braydon","Preuss",2022,"CD_I992644","RUCK"
"Harry","Himmelberg",2022,"CD_I993107","KEY_DEFENDER"
"Matt","Flynn",2022,"CD_I993902","RUCK"
"Jacob","Hopper",2022,"CD_I993903","MIDFIELDER"
"Tim","Taranto",2022,"CD_I998172","MIDFIELDER_FORWARD"
"Harry","Perryman",2022,"CD_I998205","MIDFIELDER"
"Zachary","Sproule",2022,"CD_I998225","KEY_FORWARD"
"Liam","Baker",2022,"CD_I1000223","MEDIUM_DEFENDER"
"Matthew","Parker",2022,"CD_I1000267","MEDIUM_FORWARD"
"Daniel","Rioli",2022,"CD_I1000981","MEDIUM_DEFENDER"
"Noah","Balta",2022,"CD_I1002245","KEY_DEFENDER"
"Ben","Miller",2022,"CD_I1002403","KEY_DEFENDER"
"Sydney","Stack",2022,"CD_I1002583","MEDIUM_FORWARD"
"Jack","Ross",2022,"CD_I1006133","MIDFIELDER"
"Bigoa","Nyuon",2022,"CD_I1006193","KEY_DEFENDER"
"Riley","Collier-Dawkins",2022,"CD_I1008297","MIDFIELDER"
"Rhyan","Mansell",2022,"CD_I1008478","MEDIUM_DEFENDER"
"Thomson","Dow",2022,"CD_I1009226","MIDFIELDER"
"Noah","Cumberland",2022,"CD_I1009308","MEDIUM_FORWARD"
"Will","Martyn",2022,"CD_I1009313","MEDIUM_DEFENDER"
"Maurice","Rioli",2022,"CD_I1009551","MEDIUM_FORWARD"
"Hugo","Ralphsmith",2022,"CD_I1011985","MEDIUM_DEFENDER"
"Samson","Ryan",2022,"CD_I1012386","RUCK"
"Sam","Banks",2022,"CD_I1013197","MEDIUM_DEFENDER"
"Judson","Clarke",2022,"CD_I1017043","MEDIUM_FORWARD"
"Josh","Gibcus",2022,"CD_I1017059","KEY_DEFENDER"
"Tom","Brown",2022,"CD_I1017086","MEDIUM_DEFENDER"
"Tyler","Sonsie",2022,"CD_I1017114","MIDFIELDER_FORWARD"
"Jacob","Bauer",2022,"CD_I1021152","KEY_FORWARD"
"Mate","Colina",2022,"CD_I1021660","RUCK"
"Jack","Riewoldt",2022,"CD_I250395","KEY_FORWARD"
"Shane","Edwards",2022,"CD_I260930","MIDFIELDER_FORWARD"
"Robbie","Tarrant",2022,"CD_I270325","KEY_DEFENDER"
"Trent","Cotchin",2022,"CD_I270896","MIDFIELDER"
"Dylan","Grimes",2022,"CD_I280819","KEY_DEFENDER"
"Kane","Lambert",2022,"CD_I290032","MEDIUM_FORWARD"
"Josh","Caddy",2022,"CD_I290623","MIDFIELDER"
"Dion","Prestia",2022,"CD_I290627","MIDFIELDER"
"Dustin","Martin",2022,"CD_I290847","MIDFIELDER_FORWARD"
"Tom","Lynch",2022,"CD_I293813","KEY_FORWARD"
"Kamdyn","McIntosh",2022,"CD_I294592","MIDFIELDER"
"Nick","Vlastuin",2022,"CD_I294674","MEDIUM_DEFENDER"
"Nathan","Broad",2022,"CD_I295203","MEDIUM_DEFENDER"
"Toby","Nankervis",2022,"CD_I298174","RUCK"
"Jack","Graham",2022,"CD_I990827","MIDFIELDER_FORWARD"
"Jason","Castagna",2022,"CD_I991933","MEDIUM_FORWARD"
"Jayden","Short",2022,"CD_I992049","MIDFIELDER"
"Jake","Aarts",2022,"CD_I992786","MEDIUM_FORWARD"
"Marlion","Pickett",2022,"CD_I993771","MIDFIELDER"
"Shai","Bolton",2022,"CD_I993993","MIDFIELDER_FORWARD"
"Ivan","Soldo",2022,"CD_I998529","RUCK"
"Bayley","Fritsch",2022,"CD_I1001438","MEDIUM_FORWARD"
"Charlie","Spargo",2022,"CD_I1002282","MEDIUM_FORWARD"
"Joel","Smith",2022,"CD_I1003546","MEDIUM_DEFENDER"
"Kade","Chandler",2022,"CD_I1005330","MEDIUM_FORWARD"
"Toby","Bedford",2022,"CD_I1008139","MEDIUM_FORWARD"
"Kysaiah","Pickett",2022,"CD_I1008541","MEDIUM_FORWARD"
"Oskar","Baker",2022,"CD_I1008855","MIDFIELDER"
"Harrison","Petty",2022,"CD_I1008893","KEY_DEFENDER"
"Deakyn","Smith",2022,"CD_I1009288","MEDIUM_DEFENDER"
"Trent","Rivers",2022,"CD_I1009378","MEDIUM_DEFENDER"
"Luke","Jackson",2022,"CD_I1009399","RUCK"
"Jake","Bowey",2022,"CD_I1012825","MEDIUM_DEFENDER"
"Bailey","Laurie",2022,"CD_I1012826","MIDFIELDER_FORWARD"
"Fraser","Rosman",2022,"CD_I1013086","KEY_DEFENDER"
"Andy","Moniz-Wakefield",2022,"CD_I1013165","MEDIUM_FORWARD"
"James","Jordon",2022,"CD_I1013409","MIDFIELDER"
"Blake","Howes",2022,"CD_I1017122","MIDFIELDER_FORWARD"
"Judd","McVee",2022,"CD_I1017703","MEDIUM_DEFENDER"
"Jacob","van Rooyen",2022,"CD_I1017720","KEY_FORWARD"
"Taj","Woewodin",2022,"CD_I1018425","MIDFIELDER"
"Daniel","Turner",2022,"CD_I1020959","KEY_DEFENDER"
"Jake","Melksham",2022,"CD_I280824","MEDIUM_FORWARD"
"Steven","May",2022,"CD_I281085","KEY_DEFENDER"
"Michael","Hibberd",2022,"CD_I290160","MEDIUM_DEFENDER"
"Majak","Daw",2022,"CD_I290199","RUCK"
"Max","Gawn",2022,"CD_I290528","RUCK"
"Mitch","Brown",2022,"CD_I290622","KEY_FORWARD"
"Tom","McDonald",2022,"CD_I291533","KEY_FORWARD"
"Adam","Tomlinson",2022,"CD_I291819","KEY_DEFENDER"
"Ben","Brown",2022,"CD_I291867","KEY_FORWARD"
"Jack","Viney",2022,"CD_I291902","MIDFIELDER"
"Luke","Dunstan",2022,"CD_I294429","MIDFIELDER"
"Christian","Salem",2022,"CD_I296359","MEDIUM_DEFENDER"
"Alex","Neal-Bullen",2022,"CD_I296420","MEDIUM_FORWARD"
"James","Harmes",2022,"CD_I297899","MIDFIELDER_FORWARD"
"Christian","Petracca",2022,"CD_I298210","MIDFIELDER"
"Ed","Langdon",2022,"CD_I298264","MIDFIELDER"
"Angus","Brayshaw",2022,"CD_I298279","MEDIUM_DEFENDER"
"Jake","Lever",2022,"CD_I298281","KEY_DEFENDER"
"Sam","Weideman",2022,"CD_I993806","KEY_FORWARD"
"Jayden","Hunt",2022,"CD_I994385","MEDIUM_DEFENDER"
"Clayton","Oliver",2022,"CD_I996701","MIDFIELDER"
"Tom","Sparrow",2022,"CD_I999391","MIDFIELDER_FORWARD"
"Patrick","Naish",2022,"CD_I1002231","MIDFIELDER"
"Stefan","Giro",2022,"CD_I1002354","MEDIUM_FORWARD"
"Hugh","Dixon",2022,"CD_I1002372","KEY_FORWARD"
"Connor","West",2022,"CD_I1003192","MIDFIELDER_FORWARD"
"Zac","Langdon",2022,"CD_I1004286","MEDIUM_FORWARD"
"Brayden","Ainsworth",2022,"CD_I1004356","MIDFIELDER_FORWARD"
"Liam","Ryan",2022,"CD_I1004364","MEDIUM_FORWARD"
"Oscar","Allen",2022,"CD_I1004385","KEY_FORWARD"
"Luke","Foley",2022,"CD_I1005599","MEDIUM_DEFENDER"
"Bailey J.","Williams",2022,"CD_I1006114","RUCK"
"Tom","Joyce",2022,"CD_I1006150","MIDFIELDER"
"Jack","Petruccelle",2022,"CD_I1006550","MEDIUM_FORWARD"
"Luke","Edwards",2022,"CD_I1006576","MIDFIELDER"
"Xavier","O'Neill",2022,"CD_I1008282","MIDFIELDER"
"Isiah","Winder",2022,"CD_I1009291","MEDIUM_FORWARD"
"Callum","Jamieson",2022,"CD_I1011243","RUCK"
"Harry","Edwards",2022,"CD_I1011437","KEY_DEFENDER"
"Zane","Trew",2022,"CD_I1011449","MIDFIELDER_FORWARD"
"Campbell","Chesser",2022,"CD_I1017057","MIDFIELDER"
"Rhett","Bazzo",2022,"CD_I1017718","KEY_DEFENDER"
"Jack","Williams",2022,"CD_I1020371","RUCK"
"Jai","Culley",2022,"CD_I1020802","MIDFIELDER"
"Brady","Hough",2022,"CD_I1023167","MIDFIELDER"
"Shannon","Hurn",2022,"CD_I240283","MEDIUM_DEFENDER"
"Josh J.","Kennedy",2022,"CD_I240406","KEY_FORWARD"
"Nic","Naitanui",2022,"CD_I271045","RUCK"
"Luke","Shuey",2022,"CD_I280078","MIDFIELDER"
"Brad","Sheppard",2022,"CD_I281080","MEDIUM_DEFENDER"
"Jack","Redden",2022,"CD_I281373","MIDFIELDER"
"Andrew","Gaff",2022,"CD_I290801","MIDFIELDER"
"Jamie","Cripps",2022,"CD_I290826","MEDIUM_FORWARD"
"Jack","Darling",2022,"CD_I290838","KEY_FORWARD"
"Aaron","Black",2022,"CD_I291589","MEDIUM_FORWARD"
"Elliot","Yeo",2022,"CD_I292128","MEDIUM_DEFENDER"
"Angus","Dewar",2022,"CD_I294178","MEDIUM_DEFENDER"
"Jeremy","McGovern",2022,"CD_I294859","KEY_DEFENDER"
"Tim","Kelly",2022,"CD_I295898","MIDFIELDER"
"Willie","Rioli",2022,"CD_I296225","MIDFIELDER_FORWARD"
"Dom","Sheed",2022,"CD_I296296","MIDFIELDER"
"Liam","Duggan",2022,"CD_I298268","MEDIUM_DEFENDER"
"Jackson","Nelson",2022,"CD_I298298","MIDFIELDER"
"Tom","Barrass",2022,"CD_I990290","KEY_DEFENDER"
"Greg","Clark",2022,"CD_I990978","MIDFIELDER"
"Tom","Cole",2022,"CD_I993820","MEDIUM_DEFENDER"
"Sam","Petrevski-Seton",2022,"CD_I994539","MEDIUM_FORWARD"
"Jake","Waterman",2022,"CD_I996554","KEY_FORWARD"
"Jake","Florenca",2022,"CD_I996603","MIDFIELDER"
"Josh","Rotham",2022,"CD_I997823","MEDIUM_DEFENDER"
"Alex","Witherden",2022,"CD_I998128","MEDIUM_DEFENDER"
"Luke","Strnadica",2022,"CD_I998192","RUCK"
"Jamaine","Jones",2022,"CD_I998791","MEDIUM_DEFENDER"
"Declan","Mountford",2022,"CD_I999724","MIDFIELDER"
"Tom","Doedee",2023,"CD_I1000932","MEDIUM_DEFENDER"
"Lachlan","Murphy",2023,"CD_I1000998","MEDIUM_FORWARD"
"Izak","Rankine",2023,"CD_I1001195","MEDIUM_FORWARD"
"Mitchell","Hinge",2023,"CD_I1004863","MEDIUM_DEFENDER"
"Jordon","Butts",2023,"CD_I1004995","KEY_DEFENDER"
"Elliott","Himmelberg",2023,"CD_I1005199","KEY_FORWARD"
"Lachlan","Sholl",2023,"CD_I1006136","MIDFIELDER"
"Chayce","Jones",2023,"CD_I1006203","MIDFIELDER"
"William","Hamill",2023,"CD_I1008159","MEDIUM_DEFENDER"
"Tyler","Brown",2023,"CD_I1008171","MIDFIELDER"
"Ned","McHenry",2023,"CD_I1008185","MEDIUM_FORWARD"
"Nick","Murray",2023,"CD_I1008230","KEY_DEFENDER"
"Riley","Thilthorpe",2023,"CD_I1008384","KEY_FORWARD"
"Harry","Schoenberg",2023,"CD_I1008543","MIDFIELDER"
"Kieran","Strachan",2023,"CD_I1008752","RUCK"
"James","Borlase",2023,"CD_I1009029","KEY_DEFENDER"
"Fischer","McAsey",2023,"CD_I1009201","KEY_FORWARD"
"Josh","Worrell",2023,"CD_I1011981","KEY_DEFENDER"
"Luke","Pedlar",2023,"CD_I1012218","MEDIUM_FORWARD"
"Sam","Berry",2023,"CD_I1012807","MIDFIELDER"
"Patrick","Parnell",2023,"CD_I1013153","MEDIUM_DEFENDER"
"Mark","Keane",2023,"CD_I1013974","KEY_DEFENDER"
"Billy","Dowling",2023,"CD_I1015329","MIDFIELDER"
"Max","Michalanney",2023,"CD_I1015370","MEDIUM_DEFENDER"
"Tariek","Newchurch",2023,"CD_I1016082","MEDIUM_FORWARD"
"Josh","Rachele",2023,"CD_I1017051","MEDIUM_FORWARD"
"Zac","Taylor",2023,"CD_I1017065","MIDFIELDER"
"Jake","Soligo",2023,"CD_I1017109","MIDFIELDER"
"Lachlan","Gollant",2023,"CD_I1018075","KEY_FORWARD"
"Brayden","Cook",2023,"CD_I1018335","MIDFIELDER"
"Luke","Nankervis",2023,"CD_I1021031","MEDIUM_DEFENDER"
"Hugh","Bond",2023,"CD_I1023534","MIDFIELDER"
"Rory","Sloane",2023,"CD_I270963","MIDFIELDER"
"Taylor","Walker",2023,"CD_I280506","KEY_FORWARD"
"Brodie","Smith",2023,"CD_I291748","MEDIUM_DEFENDER"
"Rory","Laird",2023,"CD_I293222","MIDFIELDER"
"Paul","Seedsman",2023,"CD_I294733","MIDFIELDER"
"Matt","Crouch",2023,"CD_I297401","MIDFIELDER"
"Reilly","O'Brien",2023,"CD_I297523","RUCK"
"Shane","McAdam",2023,"CD_I298470","MEDIUM_FORWARD"
"Wayne","Milera",2023,"CD_I990882","MEDIUM_DEFENDER"
"Jordan","Dawson",2023,"CD_I992242","MIDFIELDER"
"Ben","Keays",2023,"CD_I993946","MEDIUM_FORWARD"
"Andrew","McPherson",2023,"CD_I997206","MEDIUM_DEFENDER"
"Jackson","Hately",2023,"CD_I999309","MIDFIELDER"
"Darcy","Fogarty",2023,"CD_I999331","KEY_FORWARD"
"Hugh","McCluggage",2023,"CD_I1000978","MIDFIELDER"
"Cam","Rayner",2023,"CD_I1002235","MEDIUM_FORWARD"
"Zac","Bailey",2023,"CD_I1002312","MIDFIELDER_FORWARD"
"Jack","Payne",2023,"CD_I1002347","KEY_DEFENDER"
"Brandon","Starcevich",2023,"CD_I1002401","MEDIUM_DEFENDER"
"Darragh","Joyce",2023,"CD_I1003520","KEY_DEFENDER"
"Noah","Answerth",2023,"CD_I1005053","MEDIUM_FORWARD"
"Oscar","McInerney",2023,"CD_I1005521","RUCK"
"Keidean","Coleman",2023,"CD_I1006059","MEDIUM_DEFENDER"
"Harry","Sharp",2023,"CD_I1007099","MIDFIELDER"
"Deven","Robertson",2023,"CD_I1009385","MIDFIELDER_FORWARD"
"Jaxon","Prior",2023,"CD_I1009386","MEDIUM_DEFENDER"
"Blake","Coleman",2023,"CD_I1013256","MEDIUM_FORWARD"
"Carter","Michael",2023,"CD_I1013260","MEDIUM_DEFENDER"
"Tom","Fullarton",2023,"CD_I1013532","KEY_FORWARD"
"James","Madden",2023,"CD_I1013978","MEDIUM_DEFENDER"
"Kai","Lohmann",2023,"CD_I1014026","MEDIUM_FORWARD"
"Henry","Smith",2023,"CD_I1016189","KEY_FORWARD"
"Darcy","Wilmot",2023,"CD_I1017067","MEDIUM_DEFENDER"
"Kalin","Lane",2023,"CD_I1018296","RUCK"
"James","Tunstill",2023,"CD_I1021108","MEDIUM_FORWARD"
"Will","Ashcroft",2023,"CD_I1023517","MIDFIELDER"
"Jaspa","Fletcher",2023,"CD_I1023708","MIDFIELDER"
"Shadeau","Brain",2023,"CD_I1028105","MEDIUM_FORWARD"
"Darryl","McDowell-White",2023,"CD_I1029882","MEDIUM_FORWARD"
"Dayne","Zorko",2023,"CD_I261224","MIDFIELDER_FORWARD"
"Daniel","Rich",2023,"CD_I271072","MEDIUM_DEFENDER"
"Jack","Gunston",2023,"CD_I291351","KEY_FORWARD"
"Ryan","Lester",2023,"CD_I291548","KEY_DEFENDER"
"Lachie","Neale",2023,"CD_I293535","MIDFIELDER"
"Lincoln","McCarthy",2023,"CD_I293581","MEDIUM_FORWARD"
"Jarryd","Lyons",2023,"CD_I293716","MIDFIELDER"
"Marcus","Adams",2023,"CD_I294168","KEY_DEFENDER"
"Joe","Daniher",2023,"CD_I294518","KEY_FORWARD"
"Darcy","Gardiner",2023,"CD_I296269","KEY_DEFENDER"
"Darcy","Fort",2023,"CD_I298211","RUCK"
"Nakia","Cockatoo",2023,"CD_I298336","MEDIUM_FORWARD"
"Callum","Ah Chee",2023,"CD_I298437","MIDFIELDER_FORWARD"
"Charlie","Cameron",2023,"CD_I990609","MEDIUM_FORWARD"
"Rhys","Mathieson",2023,"CD_I993828","MIDFIELDER"
"Josh","Dunkley",2023,"CD_I993834","MIDFIELDER"
"Eric","Hipwood",2023,"CD_I993953","KEY_FORWARD"
"Harris","Andrews",2023,"CD_I996059","KEY_DEFENDER"
"Conor","McKenna",2023,"CD_I997846","MEDIUM_DEFENDER"
"Jarrod","Berry",2023,"CD_I998133","MIDFIELDER"
"John","Noble",2023,"CD_I1000072","MEDIUM_DEFENDER"
"Patrick","Lipinski",2023,"CD_I1003130","MEDIUM_FORWARD"
"Beau","McCreery",2023,"CD_I1004757","MEDIUM_FORWARD"
"Josh","Daicos",2023,"CD_I1005054","MIDFIELDER"
"Nathan","Murphy",2023,"CD_I1005107","KEY_DEFENDER"
"Bobby","Hill",2023,"CD_I1006148","MEDIUM_FORWARD"
"Isaac","Quaynor",2023,"CD_I1008089","MEDIUM_DEFENDER"
"Joe","Richards",2023,"CD_I1008239","MEDIUM_FORWARD"
"William","Kelly",2023,"CD_I1008285","MIDFIELDER"
"Trent","Bianco",2023,"CD_I1009186","MIDFIELDER"
"Charlie","Dean",2023,"CD_I1009197","KEY_DEFENDER"
"Trey","Ruscoe",2023,"CD_I1009383","MEDIUM_DEFENDER"
"Arlo","Draper",2023,"CD_I1011637","MIDFIELDER"
"Cooper","Murley",2023,"CD_I1011718","MEDIUM_FORWARD"
"Finlay","Macrae",2023,"CD_I1012828","MEDIUM_FORWARD"
"Jack","Ginnivan",2023,"CD_I1012857","MEDIUM_FORWARD"
"Reef","McInnes",2023,"CD_I1013278","KEY_FORWARD"
"Harvey","Harrison",2023,"CD_I1015332","MEDIUM_FORWARD"
"Aiden","Begg",2023,"CD_I1015748","RUCK"
"Jakob","Ryan",2023,"CD_I1020104","MEDIUM_DEFENDER"
"Oscar","Steene",2023,"CD_I1022844","RUCK"
"Edward","Allan",2023,"CD_I1022915","MIDFIELDER"
"Nick","Daicos",2023,"CD_I1023261","MIDFIELDER"
"Josh","Carmichael",2023,"CD_I1027021","MEDIUM_FORWARD"
"Scott","Pendlebury",2023,"CD_I260257","MIDFIELDER"
"Steele","Sidebottom",2023,"CD_I280965","MIDFIELDER"
"Jeremy","Howe",2023,"CD_I291313","KEY_DEFENDER"
"Will","Hoskin-Elliott",2023,"CD_I291720","MIDFIELDER_FORWARD"
"Taylor","Adams",2023,"CD_I291776","MIDFIELDER_FORWARD"
"Brody","Mihocek",2023,"CD_I291849","KEY_FORWARD"
"Tom","Mitchell",2023,"CD_I291856","MIDFIELDER"
"Jamie","Elliott",2023,"CD_I293801","MEDIUM_FORWARD"
"Jack","Crisp",2023,"CD_I293871","MIDFIELDER"
"Daniel","McStay",2023,"CD_I297504","KEY_FORWARD"
"Darcy","Moore",2023,"CD_I298288","KEY_DEFENDER"
"Oleg","Markov",2023,"CD_I298358","MEDIUM_DEFENDER"
"Darcy","Cameron",2023,"CD_I990291","RUCK"
"Billy","Frampton",2023,"CD_I991773","KEY_DEFENDER"
"Brayden","Maynard",2023,"CD_I992010","MEDIUM_DEFENDER"
"Tom","Wilson",2023,"CD_I993797","MIDFIELDER_FORWARD"
"Jordan","De Goey",2023,"CD_I994185","MIDFIELDER"
"Nathan","Kreuger",2023,"CD_I997254","RUCK"
"Ash","Johnson",2023,"CD_I997974","KEY_FORWARD"
"Mason","Cox",2023,"CD_I998647","RUCK"
"Chris","Burgess",2023,"CD_I1000068","KEY_FORWARD"
"Charlie","Constable",2023,"CD_I1002242","MEDIUM_DEFENDER"
"Jack","Lukosius",2023,"CD_I1004095","KEY_FORWARD"
"Malcolm","Rosas",2023,"CD_I1005986","MEDIUM_FORWARD"
"Joel","Jeffrey",2023,"CD_I1005992","MEDIUM_FORWARD"
"Caleb","Graham",2023,"CD_I1006087","KEY_DEFENDER"
"Thomas","Berry",2023,"CD_I1006100","MEDIUM_FORWARD"
"Ben","King",2023,"CD_I1006144","KEY_FORWARD"
"Jake","Stein",2023,"CD_I1007238","KEY_DEFENDER"
"Wil","Powell",2023,"CD_I1007881","MEDIUM_DEFENDER"
"Connor","Budarick",2023,"CD_I1008454","MEDIUM_DEFENDER"
"Charlie","Ballard",2023,"CD_I1008882","KEY_DEFENDER"
"Noah","Anderson",2023,"CD_I1009199","MIDFIELDER"
"Matt","Rowell",2023,"CD_I1009208","MIDFIELDER"
"Sam","Flanders",2023,"CD_I1009260","MIDFIELDER_FORWARD"
"Hewago","Oea",2023,"CD_I1009320","MIDFIELDER_FORWARD"
"Jeremy","Sharp",2023,"CD_I1009380","MIDFIELDER"
"Elijah","Hollands",2023,"CD_I1012862","MIDFIELDER"
"Alex","Davies",2023,"CD_I1013268","MIDFIELDER_FORWARD"
"Sandy","Brock",2023,"CD_I1013315","KEY_DEFENDER"
"Brodie","McLaughlin",2023,"CD_I1016270","KEY_FORWARD"
"Oskar","Faulkhead",2023,"CD_I1017089","MIDFIELDER_FORWARD"
"Mac","Andrew",2023,"CD_I1017396","KEY_DEFENDER"
"Bodhi","Uwland",2023,"CD_I1017665","MEDIUM_DEFENDER"
"Ned","Moyle",2023,"CD_I1021013","RUCK"
"Bailey","Humphrey",2023,"CD_I1023500","MEDIUM_FORWARD"
"Lloyd","Johnston",2023,"CD_I1024666","MEDIUM_DEFENDER"
"Levi","Casboult",2023,"CD_I281124","KEY_FORWARD"
"David","Swallow",2023,"CD_I290832","MIDFIELDER"
"Sam","Day",2023,"CD_I291753","KEY_FORWARD"
"Jed","Anderson",2023,"CD_I291861","MIDFIELDER"
"Jarrod","Witts",2023,"CD_I291975","RUCK"
"Brandon","Ellis",2023,"CD_I293713","MIDFIELDER"
"Sean","Lemmens",2023,"CD_I294013","MEDIUM_DEFENDER"
"Rory","Atkins",2023,"CD_I294472","MEDIUM_DEFENDER"
"Alex","Sexton",2023,"CD_I294643","MEDIUM_FORWARD"
"Sam","Collins",2023,"CD_I295446","KEY_DEFENDER"
"James","Tsitas",2023,"CD_I296280","MEDIUM_FORWARD"
"Nick","Holman",2023,"CD_I297456","MEDIUM_FORWARD"
"Touk","Miller",2023,"CD_I298272","MIDFIELDER"
"Connor","Blakely",2023,"CD_I298450","MIDFIELDER"
"Lachie","Weller",2023,"CD_I298524","MEDIUM_DEFENDER"
"Brayden","Fiorini",2023,"CD_I993799","MIDFIELDER"
"Ben","Long",2023,"CD_I993917","MEDIUM_DEFENDER"
"Mabior","Chol",2023,"CD_I994077","KEY_FORWARD"
"Darcy","Macpherson",2023,"CD_I996464","MEDIUM_DEFENDER"
"Ben","Ainsworth",2023,"CD_I998130","MEDIUM_FORWARD"
"Jy","Farrar",2023,"CD_I999715","MEDIUM_DEFENDER"
"Harry","McKay",2023,"CD_I1000953","KEY_FORWARD"
"Jack","Silvagni",2023,"CD_I1001028","KEY_FORWARD"
"Matthew","Kennedy",2023,"CD_I1001398","MIDFIELDER"
"Lachie","Fogarty",2023,"CD_I1002228","MEDIUM_FORWARD"
"Adam","Cerra",2023,"CD_I1002239","MIDFIELDER"
"Paddy","Dow",2023,"CD_I1002256","MIDFIELDER"
"Lochie","O'Brien",2023,"CD_I1002259","MIDFIELDER_FORWARD"
"Jordan","Boyd",2023,"CD_I1002795","MEDIUM_DEFENDER"
"Josh","Honey",2023,"CD_I1002938","MEDIUM_FORWARD"
"Tom","De Koning",2023,"CD_I1004912","RUCK"
"Sam","Walsh",2023,"CD_I1006094","MIDFIELDER"
"Matthew","Cottrell",2023,"CD_I1008154","MIDFIELDER_FORWARD"
"Corey","Durdin",2023,"CD_I1008510","MEDIUM_FORWARD"
"Brodie","Kemp",2023,"CD_I1009241","KEY_DEFENDER"
"Sam","Philp",2023,"CD_I1011929","MIDFIELDER_FORWARD"
"Jack","Carroll",2023,"CD_I1013233","MIDFIELDER"
"Matthew","Owies",2023,"CD_I1013973","MEDIUM_FORWARD"
"Domanic","Akuei",2023,"CD_I1015830","KEY_DEFENDER"
"Alex","Cincotta",2023,"CD_I1016268","MEDIUM_DEFENDER"
"Jesse","Motlop",2023,"CD_I1017700","MEDIUM_FORWARD"
"Harry","Lemmey",2023,"CD_I1020072","KEY_FORWARD"
"Lachlan","Cowan",2023,"CD_I1021353","MEDIUM_DEFENDER"
"Alex","Mirkov",2023,"CD_I1023446","RUCK"
"Hudson","O'Keeffe",2023,"CD_I1023489","RUCK"
"Oliver","Hollands",2023,"CD_I1023495","MIDFIELDER"
"Jaxon","Binns",2023,"CD_I1023533","MEDIUM_DEFENDER"
"Ed","Curnow",2023,"CD_I270146","MIDFIELDER_FORWARD"
"George","Hewett",2023,"CD_I294036","MIDFIELDER"
"Lachie","Plowman",2023,"CD_I294624","MEDIUM_DEFENDER"
"Zac","Williams",2023,"CD_I294685","MEDIUM_DEFENDER"
"Adam","Saad",2023,"CD_I295461","MEDIUM_DEFENDER"
"Sam","Docherty",2023,"CD_I295518","MIDFIELDER"
"Jack","Martin",2023,"CD_I296190","MEDIUM_FORWARD"
"Blake","Acres",2023,"CD_I296294","MIDFIELDER"
"Mitch","McGovern",2023,"CD_I297255","MEDIUM_DEFENDER"
"Sam","Durdin",2023,"CD_I297767","KEY_DEFENDER"
"Nic","Newman",2023,"CD_I297907","MEDIUM_DEFENDER"
"Marc","Pittonet",2023,"CD_I298290","RUCK"
"Caleb","Marchbank",2023,"CD_I298302","KEY_DEFENDER"
"Patrick","Cripps",2023,"CD_I990704","MIDFIELDER"
"David","Cuningham",2023,"CD_I993795","MEDIUM_FORWARD"
"Jacob","Weitering",2023,"CD_I993832","KEY_DEFENDER"
"Charlie","Curnow",2023,"CD_I996731","KEY_FORWARD"
"Lewis","Young",2023,"CD_I997316","KEY_DEFENDER"
"Zac","Fisher",2023,"CD_I999827","MEDIUM_FORWARD"
"Callum","Coleman-Jones",2023,"CD_I1000061","KEY_FORWARD"
"Nick","Larkey",2023,"CD_I1001017","KEY_FORWARD"
"Ben","McKay",2023,"CD_I1002143","KEY_DEFENDER"
"Jaidyn","Stephenson",2023,"CD_I1002240","MEDIUM_FORWARD"
"Luke","Davies-Uniacke",2023,"CD_I1002267","MIDFIELDER"
"Paul","Curtis",2023,"CD_I1002947","MEDIUM_FORWARD"
"Aiden","Bonar",2023,"CD_I1004894","KEY_DEFENDER"
"Lachlan","Young",2023,"CD_I1004909","MEDIUM_DEFENDER"
"Tristan","Xerri",2023,"CD_I1004965","RUCK"
"Tarryn","Thomas",2023,"CD_I1005729","MIDFIELDER"
"Bailey","Scott",2023,"CD_I1006058","MIDFIELDER"
"Curtis","Taylor",2023,"CD_I1006137","MIDFIELDER_FORWARD"
"Jack","Mahony",2023,"CD_I1009189","MIDFIELDER_FORWARD"
"Phoenix","Spicer",2023,"CD_I1011647","MEDIUM_FORWARD"
"Tom","Powell",2023,"CD_I1011659","MEDIUM_FORWARD"
"Flynn","Perez",2023,"CD_I1011771","MEDIUM_DEFENDER"
"Kallan","Dawson",2023,"CD_I1012144","KEY_DEFENDER"
"Will","Phillips",2023,"CD_I1012829","MIDFIELDER"
"Eddie","Ford",2023,"CD_I1012833","MEDIUM_FORWARD"
"Charlie","Lazzaro",2023,"CD_I1012852","MEDIUM_FORWARD"
"Charlie","Comben",2023,"CD_I1015781","KEY_FORWARD"
"Jacob","Edwards",2023,"CD_I1015895","KEY_FORWARD"
"Miller","Bergman",2023,"CD_I1017095","MEDIUM_DEFENDER"
"Josh","Goater",2023,"CD_I1017118","MEDIUM_DEFENDER"
"Hamish","Free",2023,"CD_I1020627","RUCK"
"Jackson","Archer",2023,"CD_I1020968","MEDIUM_DEFENDER"
"Cooper","Harvey",2023,"CD_I1020979","MEDIUM_FORWARD"
"Robert","Hansen Jr",2023,"CD_I1023144","MEDIUM_FORWARD"
"Blake","Drury",2023,"CD_I1023475","MEDIUM_FORWARD"
"George","Wardlaw",2023,"CD_I1023477","MIDFIELDER"
"Harry","Sheezel",2023,"CD_I1023518","MEDIUM_DEFENDER"
"Brayden","George",2023,"CD_I1023544","MEDIUM_FORWARD"
"Todd","Goldstein",2023,"CD_I271129","RUCK"
"Liam","Shiels",2023,"CD_I280737","MIDFIELDER"
"Ben","Cunnington",2023,"CD_I280921","MIDFIELDER"
"Jack","Ziebell",2023,"CD_I280944","MEDIUM_DEFENDER"
"Hugh","Greenwood",2023,"CD_I281091","MIDFIELDER"
"Aidan","Corr",2023,"CD_I294508","KEY_DEFENDER"
"Luke","McDonald",2023,"CD_I296355","MEDIUM_DEFENDER"
"Aaron","Hall",2023,"CD_I296735","MEDIUM_DEFENDER"
"Daniel","Howe",2023,"CD_I992462","MIDFIELDER"
"Kayne","Turner",2023,"CD_I992499","MEDIUM_FORWARD"
"Darcy","Tucker",2023,"CD_I993816","MIDFIELDER"
"Jy","Simpkin",2023,"CD_I993998","MIDFIELDER"
"Griffin","Logue",2023,"CD_I997933","KEY_DEFENDER"
"Cameron","Zurhaar",2023,"CD_I998484","MEDIUM_FORWARD"
"Willem","Drew",2023,"CD_I1000972","MIDFIELDER"
"Connor","Rozee",2023,"CD_I1001299","MIDFIELDER"
"Sam","Hayes",2023,"CD_I1002248","RUCK"
"Kane","Farrell",2023,"CD_I1002253","MEDIUM_DEFENDER"
"Jed","McEntee",2023,"CD_I1004819","MEDIUM_FORWARD"
"Todd","Marshall",2023,"CD_I1004998","KEY_FORWARD"
"Jackson","Mead",2023,"CD_I1005326","MIDFIELDER_FORWARD"
"Xavier","Duursma",2023,"CD_I1006096","MIDFIELDER"
"Zak","Butters",2023,"CD_I1006121","MIDFIELDER"
"Brynn","Teakle",2023,"CD_I1007591","RUCK"
"Miles","Bergman",2023,"CD_I1009191","MEDIUM_DEFENDER"
"Dylan","Williams",2023,"CD_I1009195","MEDIUM_DEFENDER"
"Jake","Pasini",2023,"CD_I1009389","KEY_DEFENDER"
"Mitch","Georgiades",2023,"CD_I1010174","KEY_FORWARD"
"Lachie","Jones",2023,"CD_I1011583","MEDIUM_DEFENDER"
"Jason","Horne-Francis",2023,"CD_I1011640","MIDFIELDER"
"Ollie","Lord",2023,"CD_I1012881","KEY_FORWARD"
"Jase","Burgoyne",2023,"CD_I1013462","MEDIUM_DEFENDER"
"Nathan","Barkla",2023,"CD_I1015294","MIDFIELDER"
"Hugh","Jackson",2023,"CD_I1015330","MIDFIELDER"
"Josh","Sinn",2023,"CD_I1017078","MIDFIELDER"
"Dante","Visentini",2023,"CD_I1017128","RUCK"
"Francis","Evans",2023,"CD_I1017255","MEDIUM_FORWARD"
"Tom","Scully",2023,"CD_I1020066","KEY_FORWARD"
"Kyle","Marshall",2023,"CD_I1021276","KEY_DEFENDER"
"Tom","McCallum",2023,"CD_I1021296","KEY_DEFENDER"
"Travis","Boak",2023,"CD_I250365","MIDFIELDER"
"Charlie","Dixon",2023,"CD_I280711","KEY_FORWARD"
"Trent","McKenzie",2023,"CD_I290527","KEY_DEFENDER"
"Scott","Lycett",2023,"CD_I290746","RUCK"
"Tom","Jonas",2023,"CD_I292145","KEY_DEFENDER"
"Ollie","Wines",2023,"CD_I294318","MIDFIELDER"
"Aliir","Aliir",2023,"CD_I294469","KEY_DEFENDER"
"Tom","Clurey",2023,"CD_I294504","KEY_DEFENDER"
"Trent","Dumont",2023,"CD_I296035","MIDFIELDER"
"Willie","Rioli",2023,"CD_I296225","MEDIUM_FORWARD"
"Orazio","Fantasia",2023,"CD_I296334","MEDIUM_FORWARD"
"Jeremy","Finlayson",2023,"CD_I298111","KEY_FORWARD"
"Darcy","Byrne-Jones",2023,"CD_I991930","MEDIUM_FORWARD"
"Ryan","Burton",2023,"CD_I992128","MEDIUM_DEFENDER"
"Sam","Powell-Pepper",2023,"CD_I993979","MEDIUM_FORWARD"
"Dan","Houston",2023,"CD_I994295","MEDIUM_DEFENDER"
"Riley","Bonner",2023,"CD_I994599","MIDFIELDER"
"Quinton","Narkle",2023,"CD_I999824","MEDIUM_FORWARD"
"Mitch","Hannan",2023,"CD_I1001449","MEDIUM_FORWARD"
"Aaron","Naughton",2023,"CD_I1002404","KEY_FORWARD"
"Tim","English",2023,"CD_I1004592","RUCK"
"Laitham","Vandermeer",2023,"CD_I1005000","MEDIUM_DEFENDER"
"Rhylee","West",2023,"CD_I1006127","MEDIUM_FORWARD"
"Bailey","Smith",2023,"CD_I1006130","MIDFIELDER_FORWARD"
"Riley","Garcia",2023,"CD_I1006533","MEDIUM_FORWARD"
"Ed","Richards",2023,"CD_I1008280","MEDIUM_DEFENDER"
"Oskar","Baker",2023,"CD_I1008855","MIDFIELDER"
"Lachlan","McNeil",2023,"CD_I1009015","MEDIUM_FORWARD"
"Jamarra","Ugle-Hagan",2023,"CD_I1009301","KEY_FORWARD"
"Caleb","Poulter",2023,"CD_I1011589","MIDFIELDER"
"Cody","Weightman",2023,"CD_I1011803","MEDIUM_FORWARD"
"Cody","Raak",2023,"CD_I1012879","KEY_DEFENDER"
"Dominic","Bedendo",2023,"CD_I1015822","MIDFIELDER"
"Luke","Cleary",2023,"CD_I1015929","MEDIUM_DEFENDER"
"Harvey","Gallagher",2023,"CD_I1017087","MEDIUM_DEFENDER"
"Sam","Darcy",2023,"CD_I1017126","KEY_FORWARD"
"Arthur","Jones",2023,"CD_I1020586","MEDIUM_FORWARD"
"Jedd","Busslinger",2023,"CD_I1023017","KEY_DEFENDER"
"Charlie","Clarke",2023,"CD_I1023787","MEDIUM_FORWARD"
"James","O'Donnell",2023,"CD_I1032966","KEY_DEFENDER"
"Liam","Jones",2023,"CD_I281078","KEY_DEFENDER"
"Taylor","Duryea",2023,"CD_I290085","MEDIUM_DEFENDER"
"Alex","Keath",2023,"CD_I290797","KEY_DEFENDER"
"Tom","Liberatore",2023,"CD_I290799","MIDFIELDER"
"Josh","Bruce",2023,"CD_I291492","KEY_DEFENDER"
"Adam","Treloar",2023,"CD_I291790","MIDFIELDER"
"Hayden","Crozier",2023,"CD_I293651","MEDIUM_DEFENDER"
"Jason","Johannisen",2023,"CD_I294101","MEDIUM_DEFENDER"
"Caleb","Daniel",2023,"CD_I295136","MIDFIELDER_FORWARD"
"Jack","Macrae",2023,"CD_I295467","MIDFIELDER_FORWARD"
"Tim","O'Brien",2023,"CD_I296041","KEY_DEFENDER"
"Robbie","McComb",2023,"CD_I296588","MEDIUM_FORWARD"
"Marcus","Bontempelli",2023,"CD_I297373","MIDFIELDER"
"Rory","Lobb",2023,"CD_I990740","KEY_FORWARD"
"Anthony","Scott",2023,"CD_I992048","MIDFIELDER_FORWARD"
"Roarke","Smith",2023,"CD_I992054","MIDFIELDER"
"Jordon","Sweet",2023,"CD_I992330","RUCK"
"Bailey","Williams",2023,"CD_I992351","MIDFIELDER"
"Toby","McLean",2023,"CD_I996483","MIDFIELDER_FORWARD"
"Bailey","Dale",2023,"CD_I996708","MEDIUM_DEFENDER"
"Ryan","Gardner",2023,"CD_I997501","KEY_DEFENDER"
"Buku","Khamis",2023,"CD_I998782","KEY_FORWARD"
"Lachlan","Bramble",2023,"CD_I1000864","MIDFIELDER"
"Mitch","Lewis",2023,"CD_I1000887","KEY_FORWARD"
"Max","Lynch",2023,"CD_I1000960","RUCK"
"Harry","Morrison",2023,"CD_I1000963","MIDFIELDER"
"Lloyd","Meek",2023,"CD_I1000980","RUCK"
"Ned","Reeves",2023,"CD_I1001024","RUCK"
"James","Worpel",2023,"CD_I1002222","MIDFIELDER"
"Cooper","Stephens",2023,"CD_I1004948","MIDFIELDER"
"Emerson","Jeka",2023,"CD_I1005150","KEY_FORWARD"
"Jacob","Koschitzke",2023,"CD_I1006030","KEY_FORWARD"
"Fergus","Greene",2023,"CD_I1006303","KEY_FORWARD"
"Dylan","Moore",2023,"CD_I1006314","MEDIUM_FORWARD"
"Conor","Nash",2023,"CD_I1007124","MIDFIELDER"
"Joshua","Morris",2023,"CD_I1008537","MEDIUM_DEFENDER"
"Will","Day",2023,"CD_I1008550","MIDFIELDER"
"Finn","Maginness",2023,"CD_I1009421","MIDFIELDER_FORWARD"
"Sam","Butler",2023,"CD_I1010708","MEDIUM_FORWARD"
"James","Blanck",2023,"CD_I1011839","KEY_DEFENDER"
"Brandon","Ryan",2023,"CD_I1012127","KEY_FORWARD"
"Denver","Grainger-Barras",2023,"CD_I1013093","KEY_FORWARD"
"Tyler","Brockman",2023,"CD_I1013511","MEDIUM_FORWARD"
"Jai","Serong",2023,"CD_I1017091","KEY_DEFENDER"
"Connor","Macdonald",2023,"CD_I1017094","MEDIUM_FORWARD"
"Josh","Ward",2023,"CD_I1017110","MIDFIELDER"
"Ned","Long",2023,"CD_I1017124","MIDFIELDER_FORWARD"
"Seamus","Mitchell",2023,"CD_I1018016","MEDIUM_DEFENDER"
"Josh","Bennetts",2023,"CD_I1018106","MEDIUM_FORWARD"
"Jai","Newcombe",2023,"CD_I1020895","MIDFIELDER"
"Cam","Mackenzie",2023,"CD_I1023482","MEDIUM_FORWARD"
"Jack","O'Sullivan",2023,"CD_I1023531","MEDIUM_FORWARD"
"Henry","Hustwaite",2023,"CD_I1023680","MIDFIELDER"
"Fionn","O'Hara",2023,"CD_I1024939","MIDFIELDER_FORWARD"
"Clay","Tucker",2023,"CD_I1027837","RUCK"
"Josh","Weddle",2023,"CD_I1027935","MEDIUM_DEFENDER"
"Max","Ramsden",2023,"CD_I1027965","KEY_FORWARD"
"Bailey","Macdonald",2023,"CD_I1029261","MEDIUM_DEFENDER"
"Luke","Breust",2023,"CD_I280744","MEDIUM_FORWARD"
"Chad","Wingard",2023,"CD_I291962","MEDIUM_FORWARD"
"Sam","Frost",2023,"CD_I293738","KEY_DEFENDER"
"Jarman","Impey",2023,"CD_I296254","MEDIUM_DEFENDER"
"Karl","Amon",2023,"CD_I297354","MIDFIELDER"
"James","Sicily",2023,"CD_I297566","KEY_DEFENDER"
"Blake","Hardwick",2023,"CD_I993794","MEDIUM_DEFENDER"
"Jack","Scrimshaw",2023,"CD_I998114","MEDIUM_DEFENDER"
"Changkuoth","Jiath",2023,"CD_I998390","MEDIUM_DEFENDER"
"Jack","Henry",2023,"CD_I1000937","KEY_DEFENDER"
"Esava","Ratugolea",2023,"CD_I1002220","KEY_DEFENDER"
"Zach","Guthrie",2023,"CD_I1004870","MEDIUM_DEFENDER"
"Gryan","Miers",2023,"CD_I1004938","MEDIUM_FORWARD"
"Sam","Simpson",2023,"CD_I1004940","MEDIUM_FORWARD"
"Mark","O'Connor",2023,"CD_I1007102","MEDIUM_DEFENDER"
"Mitchell","Hardie",2023,"CD_I1008825","MIDFIELDER"
"Sam","De Koning",2023,"CD_I1009229","KEY_DEFENDER"
"James","Willis",2023,"CD_I1011633","MIDFIELDER"
"Tanner","Bruhn",2023,"CD_I1012805","MIDFIELDER"
"Oliver","Henry",2023,"CD_I1012860","MEDIUM_FORWARD"
"Max","Holmes",2023,"CD_I1015889","MIDFIELDER"
"Shannon","Neale",2023,"CD_I1016433","RUCK"
"Toby","Conway",2023,"CD_I1017063","RUCK"
"Flynn","Kroeger",2023,"CD_I1018020","MIDFIELDER"
"Phoenix","Foster",2023,"CD_I1019945","KEY_FORWARD"
"Cooper","Whyte",2023,"CD_I1021090","MEDIUM_DEFENDER"
"Mitch","Knevitt",2023,"CD_I1021103","MIDFIELDER"
"Jhye","Clark",2023,"CD_I1023537","MIDFIELDER"
"Ted","Clohesy",2023,"CD_I1023542","MIDFIELDER_FORWARD"
"Oisin","Mullin",2023,"CD_I1024982","MEDIUM_DEFENDER"
"Oliver","Dempsey",2023,"CD_I1025034","MEDIUM_FORWARD"
"Oscar","Murdoch",2023,"CD_I1027852","MEDIUM_DEFENDER"
"Osca","Riccardi",2023,"CD_I1027862","MEDIUM_FORWARD"
"Tom","Hawkins",2023,"CD_I261510","KEY_FORWARD"
"Patrick","Dangerfield",2023,"CD_I270917","MIDFIELDER"
"Rhys","Stanley",2023,"CD_I280317","RUCK"
"Mitch","Duncan",2023,"CD_I281065","MEDIUM_DEFENDER"
"Cameron","Guthrie",2023,"CD_I290550","MIDFIELDER"
"Jonathon","Ceglar",2023,"CD_I291327","RUCK"
"Gary","Rohan",2023,"CD_I291357","MEDIUM_FORWARD"
"Tom","Stewart",2023,"CD_I291800","MEDIUM_DEFENDER"
"Zach","Tuohy",2023,"CD_I292511","MIDFIELDER"
"Jeremy","Cameron",2023,"CD_I293845","KEY_FORWARD"
"Jed","Bews",2023,"CD_I293883","MEDIUM_DEFENDER"
"Sam","Menegola",2023,"CD_I294199","MIDFIELDER"
"Isaac","Smith",2023,"CD_I294877","MIDFIELDER_FORWARD"
"Jake","Kolodjashnij",2023,"CD_I296291","KEY_DEFENDER"
"Mark","Blicavs",2023,"CD_I296733","RUCK"
"Brandan","Parfitt",2023,"CD_I298419","MIDFIELDER"
"Tom","Atkins",2023,"CD_I994386","MIDFIELDER"
"Tyson","Stengle",2023,"CD_I997230","MEDIUM_FORWARD"
"Jack","Bowes",2023,"CD_I998260","MEDIUM_DEFENDER"
"Brad","Close",2023,"CD_I999326","MEDIUM_FORWARD"
"Jack","Higgins",2023,"CD_I1002227","MEDIUM_FORWARD"
"Hunter","Clark",2023,"CD_I1002264","MIDFIELDER"
"Jack","Bytel",2023,"CD_I1002922","MIDFIELDER"
"Ben","Paton",2023,"CD_I1004985","MEDIUM_DEFENDER"
"Nick","Coffield",2023,"CD_I1005717","MEDIUM_DEFENDER"
"Max","King",2023,"CD_I1006143","KEY_FORWARD"
"Liam","Stocker",2023,"CD_I1008312","MEDIUM_DEFENDER"
"Leo","Connolly",2023,"CD_I1009228","MIDFIELDER"
"Ryan","Byrnes",2023,"CD_I1011994","MIDFIELDER"
"Isaac","Keeler",2023,"CD_I1015323","KEY_FORWARD"
"Nasiah","Wanganeen-Milera",2023,"CD_I1015507","MEDIUM_DEFENDER"
"Oscar","Adams",2023,"CD_I1015515","KEY_DEFENDER"
"Matthew","Allison",2023,"CD_I1015714","KEY_FORWARD"
"Max","Heath",2023,"CD_I1015886","RUCK"
"Angus","McLennan",2023,"CD_I1017077","MEDIUM_DEFENDER"
"Jack","Peris",2023,"CD_I1017932","MEDIUM_FORWARD"
"Cooper","Sharman",2023,"CD_I1018018","KEY_FORWARD"
"Mattaes","Phillipou",2023,"CD_I1020137","MEDIUM_FORWARD"
"Marcus","Windhager",2023,"CD_I1023270","MEDIUM_DEFENDER"
"Mitch","Owens",2023,"CD_I1023272","KEY_FORWARD"
"James","Van Es",2023,"CD_I1023547","KEY_DEFENDER"
"Anthony","Caminiti",2023,"CD_I1023784","KEY_FORWARD"
"Olli","Hotton",2023,"CD_I1027959","MIDFIELDER_FORWARD"
"Tom","Campbell",2023,"CD_I290246","RUCK"
"Jimmy","Webster",2023,"CD_I290757","MEDIUM_DEFENDER"
"Sebastian","Ross",2023,"CD_I293846","MIDFIELDER"
"Brad","Crouch",2023,"CD_I294307","MIDFIELDER"
"Tim","Membrey",2023,"CD_I294596","KEY_FORWARD"
"Mason","Wood",2023,"CD_I295340","MIDFIELDER"
"Bradley","Hill",2023,"CD_I295584","MIDFIELDER_FORWARD"
"Jack","Steele",2023,"CD_I296205","MIDFIELDER"
"Jack","Billings",2023,"CD_I296351","MEDIUM_FORWARD"
"Callum","Wilkie",2023,"CD_I296422","KEY_DEFENDER"
"Daniel","McKenzie",2023,"CD_I298265","MIDFIELDER"
"Jade","Gresham",2023,"CD_I298421","MEDIUM_FORWARD"
"Jack","Hayes",2023,"CD_I990840","KEY_FORWARD"
"Zaine","Cordy",2023,"CD_I991939","KEY_DEFENDER"
"Zak","Jones",2023,"CD_I991988","MIDFIELDER"
"Dan","Butler",2023,"CD_I992374","MEDIUM_FORWARD"
"Rowan","Marshall",2023,"CD_I992468","RUCK"
"Dougal","Howard",2023,"CD_I993480","KEY_DEFENDER"
"Jack","Sinclair",2023,"CD_I994389","MEDIUM_DEFENDER"
"Josh","Battle",2023,"CD_I998134","KEY_DEFENDER"
"Tom","Highmore",2023,"CD_I998195","KEY_DEFENDER"
"Jordan","Ridley",2023,"CD_I1001026","KEY_DEFENDER"
"Brandon","Zerk-Thatcher",2023,"CD_I1004034","KEY_DEFENDER"
"Rhett","Montgomerie",2023,"CD_I1004069","MEDIUM_DEFENDER"
"Massimo","D'Ambrosio",2023,"CD_I1005144","MEDIUM_DEFENDER"
"Sam","Draper",2023,"CD_I1005577","RUCK"
"Jye","Caldwell",2023,"CD_I1006103","MIDFIELDER_FORWARD"
"Kaine","Baldwin",2023,"CD_I1008975","KEY_DEFENDER"
"Harrison","Jones",2023,"CD_I1011755","KEY_FORWARD"
"Nick","Bryan",2023,"CD_I1011954","RUCK"
"Nic","Martin",2023,"CD_I1012013","MIDFIELDER"
"Tex","Wanganeen",2023,"CD_I1012521","MEDIUM_FORWARD"
"Zach","Reid",2023,"CD_I1012817","KEY_DEFENDER"
"Jye","Menzie",2023,"CD_I1013201","MEDIUM_FORWARD"
"Alastair","Lord",2023,"CD_I1015369","MEDIUM_DEFENDER"
"Sam","Durham",2023,"CD_I1015810","MIDFIELDER"
"Nik","Cox",2023,"CD_I1015827","MIDFIELDER"
"Archie","Perkins",2023,"CD_I1015873","MEDIUM_FORWARD"
"Ben","Hobbs",2023,"CD_I1017088","MIDFIELDER"
"Patrick","Voss",2023,"CD_I1017754","KEY_FORWARD"
"Alwyn","Davey",2023,"CD_I1017933","MEDIUM_FORWARD"
"Jayden","Davey",2023,"CD_I1017961","MEDIUM_FORWARD"
"Cian","McBride",2023,"CD_I1018969","KEY_DEFENDER"
"Jaiden","Hunter",2023,"CD_I1020424","KEY_FORWARD"
"Lewis","Hayes",2023,"CD_I1023487","KEY_DEFENDER"
"Elijah","Tsatas",2023,"CD_I1023785","MIDFIELDER_FORWARD"
"Anthony","Munkara",2023,"CD_I1024686","MEDIUM_FORWARD"
"Dyson","Heppell",2023,"CD_I290629","MEDIUM_DEFENDER"
"Dylan","Shiel",2023,"CD_I291783","MIDFIELDER"
"Jake","Stringer",2023,"CD_I293884","MEDIUM_FORWARD"
"Andrew","Phillips",2023,"CD_I294068","RUCK"
"Anthony","McDonald-Tipungwuti",2023,"CD_I294092","MEDIUM_FORWARD"
"James","Stewart",2023,"CD_I294654","KEY_DEFENDER"
"Nick","Hind",2023,"CD_I297452","MEDIUM_DEFENDER"
"Jake","Kelly",2023,"CD_I297473","MEDIUM_DEFENDER"
"Jayden","Laverde",2023,"CD_I298280","KEY_DEFENDER"
"Peter","Wright",2023,"CD_I298289","KEY_FORWARD"
"Kyle","Langford",2023,"CD_I298630","KEY_FORWARD"
"Will","Snelling",2023,"CD_I990606","MEDIUM_FORWARD"
"Zach","Merrett",2023,"CD_I992016","MIDFIELDER"
"Sam","Weideman",2023,"CD_I993806","KEY_FORWARD"
"Darcy","Parish",2023,"CD_I993817","MIDFIELDER"
"Matt","Guelfi",2023,"CD_I996232","MEDIUM_FORWARD"
"Mason","Redman",2023,"CD_I997078","MEDIUM_DEFENDER"
"Andrew","McGrath",2023,"CD_I998102","MEDIUM_DEFENDER"
"Will","Setterfield",2023,"CD_I998215","MIDFIELDER"
"Hayden","McLean",2023,"CD_I1003203","RUCK"
"Will","Gould",2023,"CD_I1004113","KEY_DEFENDER"
"Dylan","Stephens",2023,"CD_I1004848","MIDFIELDER"
"Nick","Blakey",2023,"CD_I1006028","MEDIUM_DEFENDER"
"James","Rowbottom",2023,"CD_I1006126","MIDFIELDER"
"Sam","Wicks",2023,"CD_I1006232","MEDIUM_FORWARD"
"Joel","Amartey",2023,"CD_I1008091","KEY_FORWARD"
"Tom","McCartin",2023,"CD_I1008198","KEY_DEFENDER"
"Harrison","Arnold",2023,"CD_I1008460","KEY_DEFENDER"
"Jack","Buller",2023,"CD_I1009392","KEY_FORWARD"
"Justin","McInerney",2023,"CD_I1011936","MIDFIELDER"
"Chad","Warner",2023,"CD_I1012014","MIDFIELDER"
"Matt","Roberts",2023,"CD_I1012210","MIDFIELDER"
"Errol","Gulden",2023,"CD_I1013128","MIDFIELDER"
"Braeden","Campbell",2023,"CD_I1013133","MIDFIELDER"
"Marc","Sheather",2023,"CD_I1013138","MEDIUM_FORWARD"
"Logan","McDonald",2023,"CD_I1013230","KEY_FORWARD"
"Jaiden","Magor",2023,"CD_I1015457","MEDIUM_FORWARD"
"Lachlan","Rankin",2023,"CD_I1017115","MEDIUM_DEFENDER"
"William","Edwards",2023,"CD_I1017757","KEY_DEFENDER"
"Corey","Warner",2023,"CD_I1018424","MEDIUM_FORWARD"
"Angus","Sheldrick",2023,"CD_I1020339","MIDFIELDER"
"Lachlan","McAndrew",2023,"CD_I1021200","RUCK"
"Cameron","Owen",2023,"CD_I1021306","KEY_FORWARD"
"Hugo","Hall-Kahan",2023,"CD_I1023273","MEDIUM_FORWARD"
"Cooper","Vickery",2023,"CD_I1023498","MEDIUM_DEFENDER"
"Jacob","Konstanty",2023,"CD_I1023530","MEDIUM_FORWARD"
"Caleb","Mitchell",2023,"CD_I1024096","MIDFIELDER"
"Lance","Franklin",2023,"CD_I240399","KEY_FORWARD"
"Sam","Reid",2023,"CD_I290188","KEY_FORWARD"
"Dane","Rampe",2023,"CD_I290307","KEY_DEFENDER"
"Luke","Parker",2023,"CD_I290778","MIDFIELDER"
"Robbie","Fox",2023,"CD_I291848","MEDIUM_DEFENDER"
"Harry","Cunningham",2023,"CD_I291978","MEDIUM_DEFENDER"
"Tom","Hickey",2023,"CD_I294266","RUCK"
"Jake","Lloyd",2023,"CD_I295342","MEDIUM_DEFENDER"
"Paddy","McCartin",2023,"CD_I298312","KEY_DEFENDER"
"Isaac","Heeney",2023,"CD_I298539","MEDIUM_FORWARD"
"Aaron","Francis",2023,"CD_I990816","KEY_DEFENDER"
"Callum","Mills",2023,"CD_I993905","MIDFIELDER"
"Ryan","Clarke",2023,"CD_I996442","MEDIUM_FORWARD"
"Lewis","Melican",2023,"CD_I996743","KEY_DEFENDER"
"Tom","Papley",2023,"CD_I996765","MEDIUM_FORWARD"
"Will","Hayward",2023,"CD_I997100","MEDIUM_FORWARD"
"Peter","Ladhams",2023,"CD_I997142","RUCK"
"Oliver","Florent",2023,"CD_I998103","MEDIUM_DEFENDER"
"Lachie","Schultz",2023,"CD_I1000860","MEDIUM_FORWARD"
"Andrew","Brayshaw",2023,"CD_I1002232","MIDFIELDER"
"Josh","Corbett",2023,"CD_I1005547","KEY_FORWARD"
"Liam","Henry",2023,"CD_I1005988","MIDFIELDER"
"Jordan","Clark",2023,"CD_I1006152","MEDIUM_DEFENDER"
"Hayden","Young",2023,"CD_I1009256","MEDIUM_DEFENDER"
"Luke","Jackson",2023,"CD_I1009399","RUCK"
"Brandon","Walker",2023,"CD_I1009410","MEDIUM_DEFENDER"
"Caleb","Serong",2023,"CD_I1009420","MIDFIELDER"
"Sebit","Kuek",2023,"CD_I1012048","KEY_FORWARD"
"Josh","Treacy",2023,"CD_I1012819","KEY_FORWARD"
"Nathan","O'Driscoll",2023,"CD_I1013220","MIDFIELDER"
"Heath","Chapman",2023,"CD_I1013224","MEDIUM_DEFENDER"
"Sam","Sturt",2023,"CD_I1013611","MEDIUM_FORWARD"
"Matthew","Johnson",2023,"CD_I1016825","MIDFIELDER"
"Conrad","Williams",2023,"CD_I1017970","MIDFIELDER"
"Neil","Erasmus",2023,"CD_I1020250","MIDFIELDER"
"Jye","Amiss",2023,"CD_I1020594","KEY_FORWARD"
"Joshua","Draper",2023,"CD_I1020668","KEY_DEFENDER"
"Tom","Emmett",2023,"CD_I1020695","MEDIUM_FORWARD"
"Karl","Worner",2023,"CD_I1021015","MEDIUM_DEFENDER"
"Eric","Benning",2023,"CD_I1022889","RUCK"
"Hugh","Davies",2023,"CD_I1022927","KEY_DEFENDER"
"Liam","Reidy",2023,"CD_I1023346","RUCK"
"Max","Knobel",2023,"CD_I1027701","RUCK"
"Ethan","Stanley",2023,"CD_I1031801","MIDFIELDER"
"Travis","Colyer",2023,"CD_I280988","MEDIUM_FORWARD"
"Michael","Walters",2023,"CD_I281007","MEDIUM_FORWARD"
"Nat","Fyfe",2023,"CD_I291570","MIDFIELDER_FORWARD"
"Matt","Taberner",2023,"CD_I293854","KEY_FORWARD"
"Nathan","Wilson",2023,"CD_I294125","MEDIUM_DEFENDER"
"Jaeger","O'Meara",2023,"CD_I294613","MIDFIELDER"
"James","Aish",2023,"CD_I295067","MIDFIELDER"
"Joel","Hamling",2023,"CD_I295222","KEY_DEFENDER"
"Alex","Pearce",2023,"CD_I298409","KEY_DEFENDER"
"Sam","Switkowski",2023,"CD_I992059","MEDIUM_FORWARD"
"Corey","Wagner",2023,"CD_I993940","MEDIUM_DEFENDER"
"Ethan","Hughes",2023,"CD_I996580","MEDIUM_DEFENDER"
"Brennan","Cox",2023,"CD_I997033","KEY_DEFENDER"
"Will","Brodie",2023,"CD_I998129","MIDFIELDER"
"Sean","Darcy",2023,"CD_I998145","RUCK"
"Bailey","Banfield",2023,"CD_I998180","MEDIUM_FORWARD"
"Luke","Ryan",2023,"CD_I998659","MEDIUM_DEFENDER"
"Michael","Frederick",2023,"CD_I999321","MEDIUM_FORWARD"
"Isaac","Cumming",2023,"CD_I1001396","MEDIUM_DEFENDER"
"Brent","Daniels",2023,"CD_I1002251","MEDIUM_FORWARD"
"Jacob","Wehr",2023,"CD_I1004530","MIDFIELDER"
"Sam","Taylor",2023,"CD_I1005247","KEY_DEFENDER"
"James","Peatling",2023,"CD_I1006013","MEDIUM_FORWARD"
"Xavier","O'Halloran",2023,"CD_I1006135","MEDIUM_FORWARD"
"Connor","Idun",2023,"CD_I1008083","MEDIUM_DEFENDER"
"Jake","Riccardi",2023,"CD_I1008123","KEY_FORWARD"
"Toby","Bedford",2023,"CD_I1008139","MEDIUM_FORWARD"
"Kieren","Briggs",2023,"CD_I1008436","RUCK"
"Leek","Aleer",2023,"CD_I1008691","KEY_DEFENDER"
"Lachie","Ash",2023,"CD_I1009253","MEDIUM_DEFENDER"
"Tom","Green",2023,"CD_I1009528","MIDFIELDER"
"Jack","Buckley",2023,"CD_I1009708","KEY_DEFENDER"
"Cameron","Fleeton",2023,"CD_I1012863","MEDIUM_DEFENDER"
"Callum","Brown",2023,"CD_I1014038","MEDIUM_FORWARD"
"Ryan","Angwin",2023,"CD_I1015777","MIDFIELDER"
"Conor","Stone",2023,"CD_I1015862","MEDIUM_FORWARD"
"Wade","Derksen",2023,"CD_I1016140","MIDFIELDER_FORWARD"
"Cooper","Hamilton",2023,"CD_I1017093","MIDFIELDER"
"Josh","Fahey",2023,"CD_I1017751","MIDFIELDER"
"Aaron","Cadman",2023,"CD_I1019038","KEY_FORWARD"
"Darcy","Jones",2023,"CD_I1020650","MIDFIELDER"
"Harry","Rowston",2023,"CD_I1021122","MIDFIELDER"
"Finn","Callaghan",2023,"CD_I1023266","MIDFIELDER"
"Jason","Gillbee",2023,"CD_I1023464","MIDFIELDER"
"Nicholas","Madden",2023,"CD_I1023743","RUCK"
"Max","Gruzewski",2023,"CD_I1027921","KEY_FORWARD"
"Toby","McMullin",2023,"CD_I1027971","MEDIUM_FORWARD"
"Callan","Ward",2023,"CD_I280109","MIDFIELDER"
"Phil","Davis",2023,"CD_I280804","KEY_DEFENDER"
"Lachlan","Keeffe",2023,"CD_I290314","KEY_FORWARD"
"Daniel","Lloyd",2023,"CD_I290675","MEDIUM_FORWARD"
"Adam","Kennedy",2023,"CD_I291509","MEDIUM_FORWARD"
"Stephen","Coniglio",2023,"CD_I291969","MIDFIELDER"
"Lachie","Whitfield",2023,"CD_I294305","MEDIUM_DEFENDER"
"Nick","Haynes",2023,"CD_I295265","MEDIUM_DEFENDER"
"Toby","Greene",2023,"CD_I295344","MEDIUM_FORWARD"
"Jesse","Hogan",2023,"CD_I296324","KEY_FORWARD"
"Josh","Kelly",2023,"CD_I296347","MIDFIELDER"
"Braydon","Preuss",2023,"CD_I992644","RUCK"
"Harry","Himmelberg",2023,"CD_I993107","KEY_DEFENDER"
"Matt","Flynn",2023,"CD_I993902","RUCK"
"Harry","Perryman",2023,"CD_I998205","MEDIUM_DEFENDER"
"Liam","Baker",2023,"CD_I1000223","MEDIUM_DEFENDER"
"Daniel","Rioli",2023,"CD_I1000981","MEDIUM_DEFENDER"
"Noah","Balta",2023,"CD_I1002245","KEY_DEFENDER"
"Ben","Miller",2023,"CD_I1002403","RUCK"
"Jack","Ross",2023,"CD_I1006133","MIDFIELDER"
"Bigoa","Nyuon",2023,"CD_I1006193","RUCK"
"Rhyan","Mansell",2023,"CD_I1008478","MEDIUM_FORWARD"
"Matthew","Coulthard",2023,"CD_I1008616","MEDIUM_FORWARD"
"Thomson","Dow",2023,"CD_I1009226","MIDFIELDER"
"Noah","Cumberland",2023,"CD_I1009308","MEDIUM_FORWARD"
"Maurice","Rioli",2023,"CD_I1009551","MEDIUM_FORWARD"
"Hugo","Ralphsmith",2023,"CD_I1011985","MEDIUM_DEFENDER"
"Samson","Ryan",2023,"CD_I1012386","RUCK"
"Sam","Banks",2023,"CD_I1013197","MEDIUM_DEFENDER"
"Judson","Clarke",2023,"CD_I1017043","MEDIUM_FORWARD"
"Josh","Gibcus",2023,"CD_I1017059","KEY_DEFENDER"
"Tom","Brown",2023,"CD_I1017086","MEDIUM_DEFENDER"
"Tyler","Sonsie",2023,"CD_I1017114","MEDIUM_FORWARD"
"Tylar","Young",2023,"CD_I1018433","KEY_DEFENDER"
"Jacob","Bauer",2023,"CD_I1021152","KEY_FORWARD"
"Mate","Colina",2023,"CD_I1021660","RUCK"
"Kaleb","Smith",2023,"CD_I1022999","MEDIUM_DEFENDER"
"Steely","Green",2023,"CD_I1023056","MIDFIELDER"
"Seth","Campbell",2023,"CD_I1023275","MIDFIELDER_FORWARD"
"Kaelan","Bradtke",2023,"CD_I1029288","KEY_FORWARD"
"James","Trezise",2023,"CD_I1031829","MEDIUM_DEFENDER"
"Jack","Riewoldt",2023,"CD_I250395","KEY_FORWARD"
"Robbie","Tarrant",2023,"CD_I270325","KEY_DEFENDER"
"Trent","Cotchin",2023,"CD_I270896","MIDFIELDER_FORWARD"
"Dylan","Grimes",2023,"CD_I280819","MEDIUM_DEFENDER"
"Dion","Prestia",2023,"CD_I290627","MIDFIELDER"
"Dustin","Martin",2023,"CD_I290847","MEDIUM_FORWARD"
"Tom","Lynch",2023,"CD_I293813","KEY_FORWARD"
"Kamdyn","McIntosh",2023,"CD_I294592","MIDFIELDER"
"Nick","Vlastuin",2023,"CD_I294674","MEDIUM_DEFENDER"
"Nathan","Broad",2023,"CD_I295203","MEDIUM_DEFENDER"
"Toby","Nankervis",2023,"CD_I298174","RUCK"
"Jack","Graham",2023,"CD_I990827","MEDIUM_FORWARD"
"Jason","Castagna",2023,"CD_I991933","MEDIUM_FORWARD"
"Jayden","Short",2023,"CD_I992049","MEDIUM_DEFENDER"
"Marlion","Pickett",2023,"CD_I993771","MIDFIELDER_FORWARD"
"Jacob","Hopper",2023,"CD_I993903","MIDFIELDER"
"Shai","Bolton",2023,"CD_I993993","MIDFIELDER_FORWARD"
"Tim","Taranto",2023,"CD_I998172","MIDFIELDER"
"Ivan","Soldo",2023,"CD_I998529","RUCK"
"Bayley","Fritsch",2023,"CD_I1001438","MEDIUM_FORWARD"
"Charlie","Spargo",2023,"CD_I1002282","MEDIUM_FORWARD"
"Joel","Smith",2023,"CD_I1003546","KEY_FORWARD"
"Kade","Chandler",2023,"CD_I1005330","MEDIUM_FORWARD"
"Kysaiah","Pickett",2023,"CD_I1008541","MEDIUM_FORWARD"
"Harrison","Petty",2023,"CD_I1008893","KEY_DEFENDER"
"Deakyn","Smith",2023,"CD_I1009288","MEDIUM_DEFENDER"
"Trent","Rivers",2023,"CD_I1009378","MEDIUM_DEFENDER"
"Jake","Bowey",2023,"CD_I1012825","MEDIUM_DEFENDER"
"Bailey","Laurie",2023,"CD_I1012826","MEDIUM_FORWARD"
"Andy","Moniz-Wakefield",2023,"CD_I1013165","MIDFIELDER"
"James","Jordon",2023,"CD_I1013409","MIDFIELDER_FORWARD"
"Will","Verrall",2023,"CD_I1015473","RUCK"
"Blake","Howes",2023,"CD_I1017122","MEDIUM_DEFENDER"
"Judd","McVee",2023,"CD_I1017703","MEDIUM_DEFENDER"
"Jacob","van Rooyen",2023,"CD_I1017720","KEY_FORWARD"
"Taj","Woewodin",2023,"CD_I1018425","MEDIUM_FORWARD"
"Daniel","Turner",2023,"CD_I1020959","KEY_DEFENDER"
"Jed","Adams",2023,"CD_I1023174","KEY_DEFENDER"
"Kye","Turner",2023,"CD_I1023274","KEY_DEFENDER"
"Matthew","Jefferson",2023,"CD_I1023486","KEY_FORWARD"
"Oliver","Sestan",2023,"CD_I1029973","MEDIUM_FORWARD"
"Kyah","Farris-White",2023,"CD_I1030866","RUCK"
"Jake","Melksham",2023,"CD_I280824","MEDIUM_FORWARD"
"Steven","May",2023,"CD_I281085","KEY_DEFENDER"
"Michael","Hibberd",2023,"CD_I290160","MEDIUM_DEFENDER"
"Max","Gawn",2023,"CD_I290528","RUCK"
"Tom","McDonald",2023,"CD_I291533","KEY_FORWARD"
"Adam","Tomlinson",2023,"CD_I291819","KEY_DEFENDER"
"Ben","Brown",2023,"CD_I291867","KEY_FORWARD"
"Jack","Viney",2023,"CD_I291902","MIDFIELDER"
"Brodie","Grundy",2023,"CD_I293957","RUCK"
"Luke","Dunstan",2023,"CD_I294429","MIDFIELDER"
"Lachie","Hunter",2023,"CD_I294557","MIDFIELDER"
"Christian","Salem",2023,"CD_I296359","MEDIUM_DEFENDER"
"Alex","Neal-Bullen",2023,"CD_I296420","MEDIUM_FORWARD"
"James","Harmes",2023,"CD_I297899","MIDFIELDER_FORWARD"
"Christian","Petracca",2023,"CD_I298210","MIDFIELDER"
"Ed","Langdon",2023,"CD_I298264","MIDFIELDER"
"Angus","Brayshaw",2023,"CD_I298279","MIDFIELDER"
"Jake","Lever",2023,"CD_I298281","KEY_DEFENDER"
"Josh","Schache",2023,"CD_I993841","KEY_FORWARD"
"Clayton","Oliver",2023,"CD_I996701","MIDFIELDER"
"Tom","Sparrow",2023,"CD_I999391","MIDFIELDER"
"Connor","West",2023,"CD_I1003192","MEDIUM_FORWARD"
"Liam","Ryan",2023,"CD_I1004364","MEDIUM_FORWARD"
"Oscar","Allen",2023,"CD_I1004385","KEY_FORWARD"
"Luke","Foley",2023,"CD_I1005599","MEDIUM_DEFENDER"
"Bailey J.","Williams",2023,"CD_I1006114","RUCK"
"Jack","Petruccelle",2023,"CD_I1006550","MEDIUM_FORWARD"
"Luke","Edwards",2023,"CD_I1006576","MIDFIELDER"
"Xavier","O'Neill",2023,"CD_I1008282","MIDFIELDER_FORWARD"
"Isiah","Winder",2023,"CD_I1009291","MIDFIELDER"
"Callum","Jamieson",2023,"CD_I1011243","KEY_FORWARD"
"Harry","Edwards",2023,"CD_I1011437","KEY_DEFENDER"
"Zane","Trew",2023,"CD_I1011449","MIDFIELDER"
"Campbell","Chesser",2023,"CD_I1017057","MIDFIELDER"
"Rhett","Bazzo",2023,"CD_I1017718","KEY_DEFENDER"
"Harry","Barnett",2023,"CD_I1020057","RUCK"
"Jack","Williams",2023,"CD_I1020371","KEY_FORWARD"
"Jordyn","Baker",2023,"CD_I1020595","MEDIUM_DEFENDER"
"Elijah","Hewett",2023,"CD_I1020670","MIDFIELDER_FORWARD"
"Jai","Culley",2023,"CD_I1020802","MIDFIELDER_FORWARD"
"Reuben","Ginbey",2023,"CD_I1023025","MIDFIELDER"
"Tyrell","Dewar",2023,"CD_I1023142","MEDIUM_FORWARD"
"Brady","Hough",2023,"CD_I1023167","MEDIUM_DEFENDER"
"Noah","Long",2023,"CD_I1023496","MEDIUM_FORWARD"
"Coby","Burgiel",2023,"CD_I1023502","MEDIUM_DEFENDER"
"Ryan","Maric",2023,"CD_I1029416","KEY_FORWARD"
"Shannon","Hurn",2023,"CD_I240283","MEDIUM_DEFENDER"
"Nic","Naitanui",2023,"CD_I271045","RUCK"
"Luke","Shuey",2023,"CD_I280078","MIDFIELDER"
"Andrew","Gaff",2023,"CD_I290801","MIDFIELDER"
"Jamie","Cripps",2023,"CD_I290826","MEDIUM_FORWARD"
"Jack","Darling",2023,"CD_I290838","KEY_FORWARD"
"Elliot","Yeo",2023,"CD_I292128","MEDIUM_DEFENDER"
"Jeremy","McGovern",2023,"CD_I294859","KEY_DEFENDER"
"Tim","Kelly",2023,"CD_I295898","MIDFIELDER"
"Dom","Sheed",2023,"CD_I296296","MIDFIELDER"
"Liam","Duggan",2023,"CD_I298268","MEDIUM_DEFENDER"
"Tom","Barrass",2023,"CD_I990290","KEY_DEFENDER"
"Greg","Clark",2023,"CD_I990978","MIDFIELDER"
"Tom","Cole",2023,"CD_I993820","MEDIUM_DEFENDER"
"Jayden","Hunt",2023,"CD_I994385","MEDIUM_DEFENDER"
"Sam","Petrevski-Seton",2023,"CD_I994539","MEDIUM_FORWARD"
"Jake","Waterman",2023,"CD_I996554","KEY_FORWARD"
"Josh","Rotham",2023,"CD_I997823","KEY_DEFENDER"
"Alex","Witherden",2023,"CD_I998128","MEDIUM_DEFENDER"
"Jamaine","Jones",2023,"CD_I998791","MEDIUM_DEFENDER"
"Chris","Burgess",2024,"CD_I1000068","KEY_FORWARD"
"Lachlan","Murphy",2024,"CD_I1000998","MEDIUM_FORWARD"
"Izak","Rankine",2024,"CD_I1001195","MEDIUM_FORWARD"
"Mitchell","Hinge",2024,"CD_I1004863","MEDIUM_DEFENDER"
"Jordon","Butts",2024,"CD_I1004995","KEY_DEFENDER"
"Elliott","Himmelberg",2024,"CD_I1005199","KEY_FORWARD"
"Lachlan","Sholl",2024,"CD_I1006136","MIDFIELDER"
"Chayce","Jones",2024,"CD_I1006203","MIDFIELDER"
"William","Hamill",2024,"CD_I1008159","MEDIUM_DEFENDER"
"Ned","McHenry",2024,"CD_I1008185","MEDIUM_FORWARD"
"Nick","Murray",2024,"CD_I1008230","KEY_DEFENDER"
"Riley","Thilthorpe",2024,"CD_I1008384","KEY_FORWARD"
"Harry","Schoenberg",2024,"CD_I1008543","MEDIUM_FORWARD"
"Kieran","Strachan",2024,"CD_I1008752","RUCK"
"James","Borlase",2024,"CD_I1009029","KEY_DEFENDER"
"Josh","Worrell",2024,"CD_I1011981","KEY_DEFENDER"
"Luke","Pedlar",2024,"CD_I1012218","MEDIUM_FORWARD"
"Sam","Berry",2024,"CD_I1012807","MIDFIELDER"
"Patrick","Parnell",2024,"CD_I1013153","MEDIUM_DEFENDER"
"Mark","Keane",2024,"CD_I1013974","KEY_DEFENDER"
"Billy","Dowling",2024,"CD_I1015329","MIDFIELDER"
"Max","Michalanney",2024,"CD_I1015370","MEDIUM_DEFENDER"
"Josh","Rachele",2024,"CD_I1017051","MEDIUM_FORWARD"
"Zac","Taylor",2024,"CD_I1017065","MIDFIELDER_FORWARD"
"Jake","Soligo",2024,"CD_I1017109","MIDFIELDER"
"Lachlan","Gollant",2024,"CD_I1018075","KEY_FORWARD"
"Brayden","Cook",2024,"CD_I1018335","MEDIUM_FORWARD"
"Toby","Murray",2024,"CD_I1020950","KEY_FORWARD"
"Luke","Nankervis",2024,"CD_I1021031","MEDIUM_DEFENDER"
"Hugh","Bond",2024,"CD_I1023534","MEDIUM_DEFENDER"
"Daniel","Curtin",2024,"CD_I1024023","MIDFIELDER"
"Oscar","Ryan",2024,"CD_I1027893","MEDIUM_DEFENDER"
"Charlie","Edwards",2024,"CD_I1028671","MIDFIELDER"
"Karl","Gallagher",2024,"CD_I1035372","MEDIUM_FORWARD"
"Rory","Sloane",2024,"CD_I270963","MIDFIELDER"
"Taylor","Walker",2024,"CD_I280506","KEY_FORWARD"
"Brodie","Smith",2024,"CD_I291748","MEDIUM_DEFENDER"
"Rory","Laird",2024,"CD_I293222","MIDFIELDER"
"Matt","Crouch",2024,"CD_I297401","MIDFIELDER"
"Reilly","O'Brien",2024,"CD_I297523","RUCK"
"Wayne","Milera",2024,"CD_I990882","MEDIUM_DEFENDER"
"Jordan","Dawson",2024,"CD_I992242","MIDFIELDER"
"Ben","Keays",2024,"CD_I993946","MEDIUM_FORWARD"
"Darcy","Fogarty",2024,"CD_I999331","KEY_FORWARD"
"Tom","Doedee",2024,"CD_I1000932","MEDIUM_DEFENDER"
"Hugh","McCluggage",2024,"CD_I1000978","MIDFIELDER"
"Cam","Rayner",2024,"CD_I1002235","MEDIUM_FORWARD"
"Zac","Bailey",2024,"CD_I1002312","MIDFIELDER_FORWARD"
"Jack","Payne",2024,"CD_I1002347","KEY_DEFENDER"
"Brandon","Starcevich",2024,"CD_I1002401","MEDIUM_DEFENDER"
"Darragh","Joyce",2024,"CD_I1003520","KEY_DEFENDER"
"Noah","Answerth",2024,"CD_I1005053","MEDIUM_DEFENDER"
"Oscar","McInerney",2024,"CD_I1005521","RUCK"
"Keidean","Coleman",2024,"CD_I1006059","MEDIUM_DEFENDER"
"Harry","Sharp",2024,"CD_I1007099","MIDFIELDER"
"Luke","Beecken",2024,"CD_I1008805","MEDIUM_DEFENDER"
"Bruce","Reville",2024,"CD_I1009317","MIDFIELDER"
"Deven","Robertson",2024,"CD_I1009385","MIDFIELDER_FORWARD"
"Jaxon","Prior",2024,"CD_I1009386","MEDIUM_DEFENDER"
"Brandon","Ryan",2024,"CD_I1012127","KEY_FORWARD"
"Carter","Michael",2024,"CD_I1013260","MEDIUM_DEFENDER"
"James","Madden",2024,"CD_I1013978","MEDIUM_DEFENDER"
"Kai","Lohmann",2024,"CD_I1014026","MEDIUM_FORWARD"
"Henry","Smith",2024,"CD_I1016189","KEY_FORWARD"
"Darcy","Wilmot",2024,"CD_I1017067","MEDIUM_DEFENDER"
"Kalin","Lane",2024,"CD_I1018296","RUCK"
"James","Tunstill",2024,"CD_I1021108","MIDFIELDER_FORWARD"
"Will","Ashcroft",2024,"CD_I1023517","MIDFIELDER"
"Jaspa","Fletcher",2024,"CD_I1023708","MIDFIELDER"
"Reece","Torrent",2024,"CD_I1024187","MIDFIELDER"
"Darcy","Craven",2024,"CD_I1024193","MEDIUM_FORWARD"
"Luke","Lloyd",2024,"CD_I1027985","KEY_FORWARD"
"Logan","Morris",2024,"CD_I1028019","KEY_FORWARD"
"Shadeau","Brain",2024,"CD_I1028105","MEDIUM_DEFENDER"
"Will","McLachlan",2024,"CD_I1029405","MEDIUM_FORWARD"
"Zane","Zakostelsky",2024,"CD_I1032650","KEY_DEFENDER"
"Dayne","Zorko",2024,"CD_I261224","MEDIUM_DEFENDER"
"Ryan","Lester",2024,"CD_I291548","MEDIUM_DEFENDER"
"Lachie","Neale",2024,"CD_I293535","MIDFIELDER"
"Lincoln","McCarthy",2024,"CD_I293581","MEDIUM_FORWARD"
"Jarryd","Lyons",2024,"CD_I293716","MIDFIELDER"
"Joe","Daniher",2024,"CD_I294518","KEY_FORWARD"
"Darcy","Gardiner",2024,"CD_I296269","KEY_FORWARD"
"Darcy","Fort",2024,"CD_I298211","RUCK"
"Callum","Ah Chee",2024,"CD_I298437","MEDIUM_FORWARD"
"Charlie","Cameron",2024,"CD_I990609","MEDIUM_FORWARD"
"Josh","Dunkley",2024,"CD_I993834","MIDFIELDER"
"Eric","Hipwood",2024,"CD_I993953","KEY_FORWARD"
"Harris","Andrews",2024,"CD_I996059","KEY_DEFENDER"
"Conor","McKenna",2024,"CD_I997846","MEDIUM_DEFENDER"
"Jarrod","Berry",2024,"CD_I998133","MIDFIELDER"
"John","Noble",2024,"CD_I1000072","MEDIUM_DEFENDER"
"Lachie","Schultz",2024,"CD_I1000860","MEDIUM_FORWARD"
"Jack","Bytel",2024,"CD_I1002922","MIDFIELDER"
"Patrick","Lipinski",2024,"CD_I1003130","MIDFIELDER_FORWARD"
"Beau","McCreery",2024,"CD_I1004757","MEDIUM_FORWARD"
"Josh","Daicos",2024,"CD_I1005054","MIDFIELDER"
"Nathan","Murphy",2024,"CD_I1005107","KEY_DEFENDER"
"Bobby","Hill",2024,"CD_I1006148","MEDIUM_FORWARD"
"Isaac","Quaynor",2024,"CD_I1008089","MEDIUM_DEFENDER"
"Joe","Richards",2024,"CD_I1008239","MEDIUM_FORWARD"
"Charlie","Dean",2024,"CD_I1009197","KEY_DEFENDER"
"Finlay","Macrae",2024,"CD_I1012828","MIDFIELDER_FORWARD"
"Wil","Parker",2024,"CD_I1012873","MEDIUM_DEFENDER"
"Reef","McInnes",2024,"CD_I1013278","KEY_FORWARD"
"Harvey","Harrison",2024,"CD_I1015332","MEDIUM_FORWARD"
"Josh","Eyre",2024,"CD_I1015712","KEY_FORWARD"
"Aiden","Begg",2024,"CD_I1015748","RUCK"
"Ned","Long",2024,"CD_I1017124","MIDFIELDER"
"Jakob","Ryan",2024,"CD_I1020104","MEDIUM_DEFENDER"
"Oscar","Steene",2024,"CD_I1022844","RUCK"
"Edward","Allan",2024,"CD_I1022915","MIDFIELDER"
"Nick","Daicos",2024,"CD_I1023261","MIDFIELDER"
"Josh","Carmichael",2024,"CD_I1027021","MEDIUM_FORWARD"
"Harry","DeMattia",2024,"CD_I1027673","MEDIUM_DEFENDER"
"Iliro","Smit",2024,"CD_I1027834","RUCK"
"Tew","Jiath",2024,"CD_I1032017","MEDIUM_DEFENDER"
"Scott","Pendlebury",2024,"CD_I260257","MIDFIELDER"
"Steele","Sidebottom",2024,"CD_I280965","MIDFIELDER"
"Jeremy","Howe",2024,"CD_I291313","KEY_DEFENDER"
"Will","Hoskin-Elliott",2024,"CD_I291720","MEDIUM_FORWARD"
"Brody","Mihocek",2024,"CD_I291849","KEY_FORWARD"
"Tom","Mitchell",2024,"CD_I291856","MIDFIELDER"
"Jamie","Elliott",2024,"CD_I293801","MEDIUM_FORWARD"
"Jack","Crisp",2024,"CD_I293871","MIDFIELDER"
"Daniel","McStay",2024,"CD_I297504","KEY_FORWARD"
"Darcy","Moore",2024,"CD_I298288","KEY_DEFENDER"
"Oleg","Markov",2024,"CD_I298358","MEDIUM_DEFENDER"
"Darcy","Cameron",2024,"CD_I990291","RUCK"
"Billy","Frampton",2024,"CD_I991773","KEY_DEFENDER"
"Brayden","Maynard",2024,"CD_I992010","MEDIUM_DEFENDER"
"Jordan","De Goey",2024,"CD_I994185","MIDFIELDER"
"Nathan","Kreuger",2024,"CD_I997254","KEY_FORWARD"
"Ash","Johnson",2024,"CD_I997974","KEY_FORWARD"
"Lachlan","Sullivan",2024,"CD_I998480","MIDFIELDER"
"Mason","Cox",2024,"CD_I998647","RUCK"
"Jack","Lukosius",2024,"CD_I1004095","MEDIUM_FORWARD"
"Malcolm","Rosas",2024,"CD_I1005986","MEDIUM_FORWARD"
"Joel","Jeffrey",2024,"CD_I1005992","MEDIUM_DEFENDER"
"Caleb","Graham",2024,"CD_I1006087","KEY_DEFENDER"
"Thomas","Berry",2024,"CD_I1006100","MEDIUM_FORWARD"
"Ben","King",2024,"CD_I1006144","KEY_FORWARD"
"Wil","Powell",2024,"CD_I1007881","MEDIUM_DEFENDER"
"Connor","Budarick",2024,"CD_I1008454","MEDIUM_DEFENDER"
"Charlie","Ballard",2024,"CD_I1008882","KEY_DEFENDER"
"Jack","Mahony",2024,"CD_I1009189","MIDFIELDER"
"Noah","Anderson",2024,"CD_I1009199","MIDFIELDER"
"Matt","Rowell",2024,"CD_I1009208","MIDFIELDER"
"Sam","Flanders",2024,"CD_I1009260","MEDIUM_DEFENDER"
"Hewago","Oea",2024,"CD_I1009320","MIDFIELDER"
"Sam","Clohesy",2024,"CD_I1013257","MIDFIELDER"
"Alex","Davies",2024,"CD_I1013268","MIDFIELDER"
"Sandy","Brock",2024,"CD_I1013315","KEY_DEFENDER"
"Oskar","Faulkhead",2024,"CD_I1017089","MIDFIELDER"
"Mac","Andrew",2024,"CD_I1017396","KEY_DEFENDER"
"Bodhi","Uwland",2024,"CD_I1017665","MEDIUM_DEFENDER"
"Jake","Rogers",2024,"CD_I1018123","MEDIUM_FORWARD"
"William","Rowlands",2024,"CD_I1019939","MEDIUM_FORWARD"
"Ned","Moyle",2024,"CD_I1021013","RUCK"
"Bailey","Humphrey",2024,"CD_I1023500","MEDIUM_FORWARD"
"Jed","Walter",2024,"CD_I1023736","KEY_FORWARD"
"Lloyd","Johnston",2024,"CD_I1024666","MEDIUM_FORWARD"
"Will","Graham",2024,"CD_I1026960","MIDFIELDER"
"Ethan","Read",2024,"CD_I1027033","KEY_FORWARD"
"Levi","Casboult",2024,"CD_I281124","KEY_FORWARD"
"David","Swallow",2024,"CD_I290832","MEDIUM_FORWARD"
"Sam","Day",2024,"CD_I291753","KEY_FORWARD"
"Jarrod","Witts",2024,"CD_I291975","RUCK"
"Brandon","Ellis",2024,"CD_I293713","MIDFIELDER"
"Sean","Lemmens",2024,"CD_I294013","MEDIUM_DEFENDER"
"Rory","Atkins",2024,"CD_I294472","MEDIUM_DEFENDER"
"Alex","Sexton",2024,"CD_I294643","MEDIUM_DEFENDER"
"Sam","Collins",2024,"CD_I295446","KEY_DEFENDER"
"James","Tsitas",2024,"CD_I296280","MIDFIELDER"
"Nick","Holman",2024,"CD_I297456","MEDIUM_FORWARD"
"Touk","Miller",2024,"CD_I298272","MIDFIELDER"
"Lachie","Weller",2024,"CD_I298524","MEDIUM_DEFENDER"
"Brayden","Fiorini",2024,"CD_I993799","MIDFIELDER"
"Ben","Long",2024,"CD_I993917","MEDIUM_FORWARD"
"Darcy","Macpherson",2024,"CD_I996464","MIDFIELDER"
"Ben","Ainsworth",2024,"CD_I998130","MEDIUM_FORWARD"
"Jy","Farrar",2024,"CD_I999715","KEY_FORWARD"
"Harry","McKay",2024,"CD_I1000953","KEY_FORWARD"
"Jack","Silvagni",2024,"CD_I1001028","KEY_FORWARD"
"Matthew","Kennedy",2024,"CD_I1001398","MIDFIELDER_FORWARD"
"Lachie","Fogarty",2024,"CD_I1002228","MEDIUM_FORWARD"
"Adam","Cerra",2024,"CD_I1002239","MIDFIELDER"
"Jordan","Boyd",2024,"CD_I1002795","MEDIUM_DEFENDER"
"Tom","De Koning",2024,"CD_I1004912","RUCK"
"Sam","Walsh",2024,"CD_I1006094","MIDFIELDER"
"Matthew","Cottrell",2024,"CD_I1008154","MIDFIELDER_FORWARD"
"Corey","Durdin",2024,"CD_I1008510","MEDIUM_FORWARD"
"Brodie","Kemp",2024,"CD_I1009241","KEY_DEFENDER"
"Elijah","Hollands",2024,"CD_I1012862","MEDIUM_FORWARD"
"Jack","Carroll",2024,"CD_I1013233","MIDFIELDER_FORWARD"
"Matthew","Owies",2024,"CD_I1013973","MEDIUM_FORWARD"
"Domanic","Akuei",2024,"CD_I1015830","KEY_DEFENDER"
"Alex","Cincotta",2024,"CD_I1016268","MEDIUM_DEFENDER"
"Jesse","Motlop",2024,"CD_I1017700","MEDIUM_FORWARD"
"Harry","Lemmey",2024,"CD_I1020072","KEY_FORWARD"
"Ashton","Moir",2024,"CD_I1020097","MEDIUM_FORWARD"
"Lachlan","Cowan",2024,"CD_I1021353","MEDIUM_DEFENDER"
"Alex","Mirkov",2024,"CD_I1023446","RUCK"
"Hudson","O'Keeffe",2024,"CD_I1023489","RUCK"
"Oliver","Hollands",2024,"CD_I1023495","MIDFIELDER"
"Jaxon","Binns",2024,"CD_I1023533","MIDFIELDER"
"Billy","Wilson",2024,"CD_I1027678","MEDIUM_DEFENDER"
"Matthew","Carroll",2024,"CD_I1027964","MEDIUM_DEFENDER"
"Cooper","Lord",2024,"CD_I1032108","MIDFIELDER"
"Rob","Monahan",2024,"CD_I1035129","MEDIUM_FORWARD"
"George","Hewett",2024,"CD_I294036","MIDFIELDER"
"Zac","Williams",2024,"CD_I294685","MEDIUM_DEFENDER"
"Adam","Saad",2024,"CD_I295461","MEDIUM_DEFENDER"
"Sam","Docherty",2024,"CD_I295518","MIDFIELDER"
"Jack","Martin",2024,"CD_I296190","MEDIUM_FORWARD"
"Blake","Acres",2024,"CD_I296294","MIDFIELDER"
"Orazio","Fantasia",2024,"CD_I296334","MEDIUM_FORWARD"
"Mitch","McGovern",2024,"CD_I297255","MEDIUM_DEFENDER"
"Sam","Durdin",2024,"CD_I297767","KEY_DEFENDER"
"Nic","Newman",2024,"CD_I297907","MEDIUM_DEFENDER"
"Marc","Pittonet",2024,"CD_I298290","RUCK"
"Caleb","Marchbank",2024,"CD_I298302","KEY_DEFENDER"
"Patrick","Cripps",2024,"CD_I990704","MIDFIELDER"
"David","Cuningham",2024,"CD_I993795","MEDIUM_FORWARD"
"Jacob","Weitering",2024,"CD_I993832","KEY_DEFENDER"
"Charlie","Curnow",2024,"CD_I996731","KEY_FORWARD"
"Lewis","Young",2024,"CD_I997316","KEY_DEFENDER"
"Callum","Coleman-Jones",2024,"CD_I1000061","KEY_FORWARD"
"Nick","Larkey",2024,"CD_I1001017","KEY_FORWARD"
"Toby","Pink",2024,"CD_I1002138","KEY_FORWARD"
"Jaidyn","Stephenson",2024,"CD_I1002240","MEDIUM_FORWARD"
"Luke","Davies-Uniacke",2024,"CD_I1002267","MIDFIELDER"
"Paul","Curtis",2024,"CD_I1002947","MEDIUM_FORWARD"
"Dylan","Stephens",2024,"CD_I1004848","MIDFIELDER"
"Tristan","Xerri",2024,"CD_I1004965","RUCK"
"Tarryn","Thomas",2024,"CD_I1005729","MIDFIELDER"
"Bailey","Scott",2024,"CD_I1006058","MIDFIELDER"
"Curtis","Taylor",2024,"CD_I1006137","MIDFIELDER_FORWARD"
"Bigoa","Nyuon",2024,"CD_I1006193","KEY_DEFENDER"
"Brynn","Teakle",2024,"CD_I1007591","KEY_FORWARD"
"Tom","Powell",2024,"CD_I1011659","MIDFIELDER"
"Kallan","Dawson",2024,"CD_I1012144","KEY_DEFENDER"
"Will","Phillips",2024,"CD_I1012829","MIDFIELDER"
"Eddie","Ford",2024,"CD_I1012833","MEDIUM_FORWARD"
"Charlie","Lazzaro",2024,"CD_I1012852","MIDFIELDER_FORWARD"
"Charlie","Comben",2024,"CD_I1015781","KEY_DEFENDER"
"Miller","Bergman",2024,"CD_I1017095","MEDIUM_DEFENDER"
"Josh","Goater",2024,"CD_I1017118","MEDIUM_DEFENDER"
"Hamish","Free",2024,"CD_I1020627","RUCK"
"Jackson","Archer",2024,"CD_I1020968","MEDIUM_DEFENDER"
"Cooper","Harvey",2024,"CD_I1020979","MEDIUM_FORWARD"
"Robert","Hansen Jr",2024,"CD_I1023144","MEDIUM_FORWARD"
"Blake","Drury",2024,"CD_I1023475","MEDIUM_FORWARD"
"George","Wardlaw",2024,"CD_I1023477","MIDFIELDER"
"Zane","Duursma",2024,"CD_I1023494","MEDIUM_FORWARD"
"Harry","Sheezel",2024,"CD_I1023518","MEDIUM_DEFENDER"
"Brayden","George",2024,"CD_I1023544","MEDIUM_DEFENDER"
"Riley","Hardeman",2024,"CD_I1023625","MEDIUM_DEFENDER"
"Colby","McKercher",2024,"CD_I1024272","MEDIUM_DEFENDER"
"Geordie","Payne",2024,"CD_I1027726","MIDFIELDER_FORWARD"
"Wil","Dawson",2024,"CD_I1028551","KEY_DEFENDER"
"Taylor","Goad",2024,"CD_I1031506","RUCK"
"Finnbar","Maley",2024,"CD_I1031792","KEY_FORWARD"
"Tyler","Sellers",2024,"CD_I1031819","KEY_FORWARD"
"Liam","Shiels",2024,"CD_I280737","MIDFIELDER"
"Hugh","Greenwood",2024,"CD_I281091","KEY_FORWARD"
"Aidan","Corr",2024,"CD_I294508","KEY_DEFENDER"
"Luke","McDonald",2024,"CD_I296355","MEDIUM_DEFENDER"
"Darcy","Tucker",2024,"CD_I993816","MEDIUM_DEFENDER"
"Jy","Simpkin",2024,"CD_I993998","MIDFIELDER_FORWARD"
"Griffin","Logue",2024,"CD_I997933","KEY_DEFENDER"
"Cameron","Zurhaar",2024,"CD_I998484","MEDIUM_FORWARD"
"Zac","Fisher",2024,"CD_I999827","MEDIUM_DEFENDER"
"Willem","Drew",2024,"CD_I1000972","MIDFIELDER"
"Connor","Rozee",2024,"CD_I1001299","MIDFIELDER"
"Esava","Ratugolea",2024,"CD_I1002220","KEY_DEFENDER"
"Kane","Farrell",2024,"CD_I1002253","MEDIUM_DEFENDER"
"Brandon","Zerk-Thatcher",2024,"CD_I1004034","KEY_DEFENDER"
"Jed","McEntee",2024,"CD_I1004819","MEDIUM_FORWARD"
"Todd","Marshall",2024,"CD_I1004998","KEY_FORWARD"
"Jackson","Mead",2024,"CD_I1005326","MIDFIELDER_FORWARD"
"Zak","Butters",2024,"CD_I1006121","MIDFIELDER"
"Miles","Bergman",2024,"CD_I1009191","MEDIUM_DEFENDER"
"Dylan","Williams",2024,"CD_I1009195","MEDIUM_DEFENDER"
"Mitch","Georgiades",2024,"CD_I1010174","KEY_FORWARD"
"Lachie","Jones",2024,"CD_I1011583","MEDIUM_DEFENDER"
"Jason","Horne-Francis",2024,"CD_I1011640","MIDFIELDER_FORWARD"
"Ollie","Lord",2024,"CD_I1012881","KEY_FORWARD"
"Jase","Burgoyne",2024,"CD_I1013462","MIDFIELDER"
"Lachlan","Charleson",2024,"CD_I1014013","MEDIUM_FORWARD"
"Hugh","Jackson",2024,"CD_I1015330","MIDFIELDER"
"Josh","Sinn",2024,"CD_I1017078","MEDIUM_DEFENDER"
"Dante","Visentini",2024,"CD_I1017128","RUCK"
"Francis","Evans",2024,"CD_I1017255","MEDIUM_FORWARD"
"Logan","Evans",2024,"CD_I1019938","MEDIUM_DEFENDER"
"Tom","Scully",2024,"CD_I1020066","KEY_FORWARD"
"Kyle","Marshall",2024,"CD_I1021276","KEY_DEFENDER"
"Tom","McCallum",2024,"CD_I1021296","KEY_DEFENDER"
"Tom","Anastasopoulos",2024,"CD_I1027870","MEDIUM_FORWARD"
"Xavier","Walsh",2024,"CD_I1029158","KEY_DEFENDER"
"Will","Lorenz",2024,"CD_I1029262","MIDFIELDER"
"Travis","Boak",2024,"CD_I250365","MIDFIELDER"
"Charlie","Dixon",2024,"CD_I280711","KEY_FORWARD"
"Trent","McKenzie",2024,"CD_I290527","KEY_DEFENDER"
"Ollie","Wines",2024,"CD_I294318","MIDFIELDER"
"Aliir","Aliir",2024,"CD_I294469","KEY_DEFENDER"
"Tom","Clurey",2024,"CD_I294504","KEY_DEFENDER"
"Willie","Rioli",2024,"CD_I296225","MEDIUM_FORWARD"
"Jeremy","Finlayson",2024,"CD_I298111","KEY_FORWARD"
"Darcy","Byrne-Jones",2024,"CD_I991930","MEDIUM_FORWARD"
"Ryan","Burton",2024,"CD_I992128","MEDIUM_DEFENDER"
"Jordon","Sweet",2024,"CD_I992330","RUCK"
"Sam","Powell-Pepper",2024,"CD_I993979","MEDIUM_FORWARD"
"Dan","Houston",2024,"CD_I994295","MEDIUM_DEFENDER"
"Ivan","Soldo",2024,"CD_I998529","RUCK"
"Quinton","Narkle",2024,"CD_I999824","MEDIUM_FORWARD"
"Lachlan","Bramble",2024,"CD_I1000864","MEDIUM_DEFENDER"
"Aaron","Naughton",2024,"CD_I1002404","KEY_FORWARD"
"Tim","English",2024,"CD_I1004592","RUCK"
"Laitham","Vandermeer",2024,"CD_I1005000","MEDIUM_FORWARD"
"Nick","Coffield",2024,"CD_I1005717","MEDIUM_DEFENDER"
"Rhylee","West",2024,"CD_I1006127","MEDIUM_FORWARD"
"Bailey","Smith",2024,"CD_I1006130","MIDFIELDER_FORWARD"
"Riley","Garcia",2024,"CD_I1006533","MEDIUM_FORWARD"
"Ed","Richards",2024,"CD_I1008280","MIDFIELDER"
"Oskar","Baker",2024,"CD_I1008855","MIDFIELDER"
"Lachlan","McNeil",2024,"CD_I1009015","MEDIUM_FORWARD"
"Jamarra","Ugle-Hagan",2024,"CD_I1009301","KEY_FORWARD"
"Caleb","Poulter",2024,"CD_I1011589","MIDFIELDER"
"Cody","Weightman",2024,"CD_I1011803","MEDIUM_FORWARD"
"Jordan","Croft",2024,"CD_I1013996","KEY_FORWARD"
"Dominic","Bedendo",2024,"CD_I1015822","MEDIUM_FORWARD"
"Luke","Cleary",2024,"CD_I1015929","MEDIUM_DEFENDER"
"Harvey","Gallagher",2024,"CD_I1017087","MIDFIELDER"
"Sam","Darcy",2024,"CD_I1017126","KEY_FORWARD"
"Ryley","Sanders",2024,"CD_I1017939","MIDFIELDER_FORWARD"
"Kelsey","Rypstra",2024,"CD_I1019922","MEDIUM_FORWARD"
"Arthur","Jones",2024,"CD_I1020586","MEDIUM_FORWARD"
"Jedd","Busslinger",2024,"CD_I1023017","KEY_DEFENDER"
"Charlie","Clarke",2024,"CD_I1023787","MEDIUM_FORWARD"
"Aiden","O'Driscoll",2024,"CD_I1024064","MEDIUM_FORWARD"
"Lachlan","Smith",2024,"CD_I1027702","RUCK"
"Joel","Freijah",2024,"CD_I1027704","MEDIUM_DEFENDER"
"James","O'Donnell",2024,"CD_I1032966","KEY_DEFENDER"
"Liam","Jones",2024,"CD_I281078","KEY_DEFENDER"
"Taylor","Duryea",2024,"CD_I290085","MEDIUM_DEFENDER"
"Alex","Keath",2024,"CD_I290797","KEY_DEFENDER"
"Tom","Liberatore",2024,"CD_I290799","MIDFIELDER"
"Adam","Treloar",2024,"CD_I291790","MIDFIELDER"
"Jason","Johannisen",2024,"CD_I294101","MEDIUM_DEFENDER"
"Caleb","Daniel",2024,"CD_I295136","MIDFIELDER_FORWARD"
"Jack","Macrae",2024,"CD_I295467","MEDIUM_FORWARD"
"Marcus","Bontempelli",2024,"CD_I297373","MIDFIELDER"
"James","Harmes",2024,"CD_I297899","MIDFIELDER_FORWARD"
"Rory","Lobb",2024,"CD_I990740","KEY_DEFENDER"
"Anthony","Scott",2024,"CD_I992048","MIDFIELDER_FORWARD"
"Bailey","Williams",2024,"CD_I992351","MIDFIELDER"
"Bailey","Dale",2024,"CD_I996708","MEDIUM_DEFENDER"
"Ryan","Gardner",2024,"CD_I997501","RUCK"
"Buku","Khamis",2024,"CD_I998782","KEY_DEFENDER"
"Mitch","Lewis",2024,"CD_I1000887","KEY_FORWARD"
"Harry","Morrison",2024,"CD_I1000963","MIDFIELDER"
"Lloyd","Meek",2024,"CD_I1000980","RUCK"
"Ned","Reeves",2024,"CD_I1001024","RUCK"
"James","Worpel",2024,"CD_I1002222","MIDFIELDER"
"Cooper","Stephens",2024,"CD_I1004948","MIDFIELDER"
"Ethan","Phillips",2024,"CD_I1005052","KEY_DEFENDER"
"Massimo","D'Ambrosio",2024,"CD_I1005144","MIDFIELDER"
"Dylan","Moore",2024,"CD_I1006314","MEDIUM_FORWARD"
"Conor","Nash",2024,"CD_I1007124","MIDFIELDER"
"Will","Day",2024,"CD_I1008550","MIDFIELDER"
"Finn","Maginness",2024,"CD_I1009421","MIDFIELDER_FORWARD"
"Sam","Butler",2024,"CD_I1010708","MEDIUM_FORWARD"
"James","Blanck",2024,"CD_I1011839","KEY_DEFENDER"
"Jack","Ginnivan",2024,"CD_I1012857","MEDIUM_FORWARD"
"Denver","Grainger-Barras",2024,"CD_I1013093","KEY_DEFENDER"
"Jai","Serong",2024,"CD_I1017091","KEY_DEFENDER"
"Connor","Macdonald",2024,"CD_I1017094","MEDIUM_FORWARD"
"Josh","Ward",2024,"CD_I1017110","MIDFIELDER"
"Seamus","Mitchell",2024,"CD_I1018016","MEDIUM_DEFENDER"
"Josh","Bennetts",2024,"CD_I1018106","MEDIUM_FORWARD"
"Jasper","Scaife",2024,"CD_I1018122","KEY_FORWARD"
"Jai","Newcombe",2024,"CD_I1020895","MIDFIELDER"
"William","McCabe",2024,"CD_I1022410","KEY_DEFENDER"
"Bodie","Ryan",2024,"CD_I1022473","MEDIUM_DEFENDER"
"Nick","Watson",2024,"CD_I1023473","MEDIUM_FORWARD"
"Cam","Mackenzie",2024,"CD_I1023482","MIDFIELDER"
"Jack","O'Sullivan",2024,"CD_I1023531","MEDIUM_FORWARD"
"Henry","Hustwaite",2024,"CD_I1023680","MIDFIELDER"
"Clay","Tucker",2024,"CD_I1027837","RUCK"
"Josh","Weddle",2024,"CD_I1027935","KEY_DEFENDER"
"Max","Ramsden",2024,"CD_I1027965","KEY_FORWARD"
"Bailey","Macdonald",2024,"CD_I1029261","MEDIUM_DEFENDER"
"Calsher","Dear",2024,"CD_I1032100","KEY_FORWARD"
"Luke","Breust",2024,"CD_I280744","MEDIUM_FORWARD"
"Jack","Gunston",2024,"CD_I291351","KEY_FORWARD"
"Chad","Wingard",2024,"CD_I291962","MEDIUM_FORWARD"
"Sam","Frost",2024,"CD_I293738","KEY_DEFENDER"
"Jarman","Impey",2024,"CD_I296254","MEDIUM_DEFENDER"
"Karl","Amon",2024,"CD_I297354","MEDIUM_DEFENDER"
"James","Sicily",2024,"CD_I297566","KEY_DEFENDER"
"Blake","Hardwick",2024,"CD_I993794","MEDIUM_DEFENDER"
"Mabior","Chol",2024,"CD_I994077","KEY_FORWARD"
"Jack","Scrimshaw",2024,"CD_I998114","KEY_DEFENDER"
"Changkuoth","Jiath",2024,"CD_I998390","MIDFIELDER"
"Jack","Henry",2024,"CD_I1000937","KEY_DEFENDER"
"Zach","Guthrie",2024,"CD_I1004870","MEDIUM_DEFENDER"
"Gryan","Miers",2024,"CD_I1004938","MEDIUM_FORWARD"
"Emerson","Jeka",2024,"CD_I1005150","KEY_DEFENDER"
"Mark","O'Connor",2024,"CD_I1007102","MEDIUM_DEFENDER"
"Mitchell","Hardie",2024,"CD_I1008825","MIDFIELDER"
"Sam","De Koning",2024,"CD_I1009229","KEY_DEFENDER"
"James","Willis",2024,"CD_I1011633","MEDIUM_FORWARD"
"Joe","Furphy",2024,"CD_I1011944","RUCK"
"Tanner","Bruhn",2024,"CD_I1012805","MIDFIELDER"
"Oliver","Henry",2024,"CD_I1012860","KEY_FORWARD"
"Lawson","Humphries",2024,"CD_I1013464","MEDIUM_DEFENDER"
"Max","Holmes",2024,"CD_I1015889","MEDIUM_DEFENDER"
"Shannon","Neale",2024,"CD_I1016433","KEY_FORWARD"
"Toby","Conway",2024,"CD_I1017063","RUCK"
"Phoenix","Foster",2024,"CD_I1019945","KEY_FORWARD"
"Oliver","Wiltshire",2024,"CD_I1020881","MEDIUM_FORWARD"
"Mitch","Knevitt",2024,"CD_I1021103","MIDFIELDER"
"Jhye","Clark",2024,"CD_I1023537","MIDFIELDER"
"Ted","Clohesy",2024,"CD_I1023542","MIDFIELDER_FORWARD"
"George","Stevens",2024,"CD_I1023681","MIDFIELDER"
"Mitchell","Edwards",2024,"CD_I1024304","RUCK"
"Oisin","Mullin",2024,"CD_I1024982","MEDIUM_DEFENDER"
"Oliver","Dempsey",2024,"CD_I1025034","MIDFIELDER"
"Oscar","Murdoch",2024,"CD_I1027852","MEDIUM_DEFENDER"
"Connor","O'Sullivan",2024,"CD_I1027877","KEY_DEFENDER"
"Tom","Hawkins",2024,"CD_I261510","KEY_FORWARD"
"Patrick","Dangerfield",2024,"CD_I270917","MIDFIELDER"
"Rhys","Stanley",2024,"CD_I280317","RUCK"
"Mitch","Duncan",2024,"CD_I281065","MEDIUM_DEFENDER"
"Cameron","Guthrie",2024,"CD_I290550","MIDFIELDER"
"Gary","Rohan",2024,"CD_I291357","KEY_FORWARD"
"Tom","Stewart",2024,"CD_I291800","MEDIUM_DEFENDER"
"Zach","Tuohy",2024,"CD_I292511","MIDFIELDER"
"Jeremy","Cameron",2024,"CD_I293845","KEY_FORWARD"
"Jed","Bews",2024,"CD_I293883","MEDIUM_DEFENDER"
"Jake","Kolodjashnij",2024,"CD_I296291","KEY_DEFENDER"
"Mark","Blicavs",2024,"CD_I296733","RUCK"
"Brandan","Parfitt",2024,"CD_I298419","MIDFIELDER"
"Shaun","Mannagh",2024,"CD_I993878","MEDIUM_FORWARD"
"Tom","Atkins",2024,"CD_I994386","MIDFIELDER"
"Tyson","Stengle",2024,"CD_I997230","MEDIUM_FORWARD"
"Jack","Bowes",2024,"CD_I998260","MIDFIELDER"
"Brad","Close",2024,"CD_I999326","MEDIUM_FORWARD"
"Jack","Higgins",2024,"CD_I1002227","MEDIUM_FORWARD"
"Paddy","Dow",2024,"CD_I1002256","MIDFIELDER"
"Hunter","Clark",2024,"CD_I1002264","MIDFIELDER"
"Ben","Paton",2024,"CD_I1004985","MEDIUM_DEFENDER"
"Liam","Henry",2024,"CD_I1005988","MEDIUM_FORWARD"
"Max","King",2024,"CD_I1006143","KEY_FORWARD"
"Liam","Stocker",2024,"CD_I1008312","MEDIUM_DEFENDER"
"Ryan","Byrnes",2024,"CD_I1011994","MIDFIELDER"
"Isaac","Keeler",2024,"CD_I1015323","KEY_DEFENDER"
"Nasiah","Wanganeen-Milera",2024,"CD_I1015507","MEDIUM_DEFENDER"
"Matthew","Allison",2024,"CD_I1015714","KEY_FORWARD"
"Max","Heath",2024,"CD_I1015886","RUCK"
"Angus","McLennan",2024,"CD_I1017077","MEDIUM_DEFENDER"
"Lance","Collard",2024,"CD_I1017959","MEDIUM_FORWARD"
"Cooper","Sharman",2024,"CD_I1018018","KEY_FORWARD"
"Mattaes","Phillipou",2024,"CD_I1020137","MIDFIELDER_FORWARD"
"Max","Hall",2024,"CD_I1020855","MIDFIELDER_FORWARD"
"Marcus","Windhager",2024,"CD_I1023270","MIDFIELDER"
"Mitch","Owens",2024,"CD_I1023272","MEDIUM_FORWARD"
"James","Van Es",2024,"CD_I1023547","KEY_DEFENDER"
"Anthony","Caminiti",2024,"CD_I1023784","KEY_FORWARD"
"Arie","Schoenmaker",2024,"CD_I1024279","MEDIUM_DEFENDER"
"Hugo","Garcia",2024,"CD_I1027790","MIDFIELDER_FORWARD"
"Angus","Hastie",2024,"CD_I1027872","MIDFIELDER"
"Darcy","Wilson",2024,"CD_I1027875","MIDFIELDER_FORWARD"
"Olli","Hotton",2024,"CD_I1027959","MIDFIELDER_FORWARD"
"Liam","O'Connell",2024,"CD_I1035198","MEDIUM_DEFENDER"
"Tom","Campbell",2024,"CD_I290246","RUCK"
"Jimmy","Webster",2024,"CD_I290757","MEDIUM_DEFENDER"
"Sebastian","Ross",2024,"CD_I293846","MIDFIELDER"
"Brad","Crouch",2024,"CD_I294307","MIDFIELDER"
"Tim","Membrey",2024,"CD_I294596","KEY_FORWARD"
"Mason","Wood",2024,"CD_I295340","MIDFIELDER_FORWARD"
"Bradley","Hill",2024,"CD_I295584","MIDFIELDER_FORWARD"
"Jack","Steele",2024,"CD_I296205","MIDFIELDER"
"Callum","Wilkie",2024,"CD_I296422","KEY_DEFENDER"
"Jack","Hayes",2024,"CD_I990840","RUCK"
"Zaine","Cordy",2024,"CD_I991939","KEY_DEFENDER"
"Zak","Jones",2024,"CD_I991988","MIDFIELDER"
"Dan","Butler",2024,"CD_I992374","MEDIUM_FORWARD"
"Rowan","Marshall",2024,"CD_I992468","RUCK"
"Dougal","Howard",2024,"CD_I993480","KEY_DEFENDER"
"Jack","Sinclair",2024,"CD_I994389","MEDIUM_DEFENDER"
"Riley","Bonner",2024,"CD_I994599","MEDIUM_DEFENDER"
"Josh","Battle",2024,"CD_I998134","KEY_DEFENDER"
"Jordan","Ridley",2024,"CD_I1001026","KEY_DEFENDER"
"Ben","McKay",2024,"CD_I1002143","KEY_DEFENDER"
"Sam","Draper",2024,"CD_I1005577","RUCK"
"Xavier","Duursma",2024,"CD_I1006096","MIDFIELDER"
"Jye","Caldwell",2024,"CD_I1006103","MIDFIELDER"
"Kaine","Baldwin",2024,"CD_I1008975","KEY_DEFENDER"
"Harrison","Jones",2024,"CD_I1011755","KEY_FORWARD"
"Nick","Bryan",2024,"CD_I1011954","RUCK"
"Nic","Martin",2024,"CD_I1012013","MEDIUM_DEFENDER"
"Tex","Wanganeen",2024,"CD_I1012521","MEDIUM_FORWARD"
"Zach","Reid",2024,"CD_I1012817","KEY_DEFENDER"
"Jye","Menzie",2024,"CD_I1013201","MEDIUM_FORWARD"
"Sam","Durham",2024,"CD_I1015810","MIDFIELDER"
"Nik","Cox",2024,"CD_I1015827","MIDFIELDER"
"Archie","Perkins",2024,"CD_I1015873","MIDFIELDER"
"Saad","El-Hawli",2024,"CD_I1015919","MIDFIELDER"
"Ben","Hobbs",2024,"CD_I1017088","MEDIUM_FORWARD"
"Alwyn","Davey",2024,"CD_I1017933","MEDIUM_FORWARD"
"Jayden","Davey",2024,"CD_I1017961","MEDIUM_FORWARD"
"Jaiden","Hunter",2024,"CD_I1020424","KEY_FORWARD"
"Lewis","Hayes",2024,"CD_I1023487","KEY_DEFENDER"
"Archie","Roberts",2024,"CD_I1023515","MIDFIELDER"
"Elijah","Tsatas",2024,"CD_I1023785","MIDFIELDER"
"Luamon","Lual",2024,"CD_I1027706","MEDIUM_DEFENDER"
"Nate","Caddy",2024,"CD_I1027899","KEY_FORWARD"
"Vigo","Visentini",2024,"CD_I1027966","KEY_FORWARD"
"Todd","Goldstein",2024,"CD_I271129","RUCK"
"Dyson","Heppell",2024,"CD_I290629","MEDIUM_DEFENDER"
"Dylan","Shiel",2024,"CD_I291783","MIDFIELDER"
"Jake","Stringer",2024,"CD_I293884","MEDIUM_FORWARD"
"Nick","Hind",2024,"CD_I297452","MEDIUM_FORWARD"
"Jake","Kelly",2024,"CD_I297473","MEDIUM_DEFENDER"
"Jayden","Laverde",2024,"CD_I298280","KEY_DEFENDER"
"Peter","Wright",2024,"CD_I298289","KEY_FORWARD"
"Jade","Gresham",2024,"CD_I298421","MEDIUM_FORWARD"
"Kyle","Langford",2024,"CD_I298630","KEY_FORWARD"
"Zach","Merrett",2024,"CD_I992016","MIDFIELDER"
"Sam","Weideman",2024,"CD_I993806","KEY_DEFENDER"
"Darcy","Parish",2024,"CD_I993817","MIDFIELDER"
"Matt","Guelfi",2024,"CD_I996232","MEDIUM_FORWARD"
"Mason","Redman",2024,"CD_I997078","MEDIUM_DEFENDER"
"Andrew","McGrath",2024,"CD_I998102","MEDIUM_DEFENDER"
"Will","Setterfield",2024,"CD_I998215","MIDFIELDER"
"Hayden","McLean",2024,"CD_I1003203","KEY_FORWARD"
"Nick","Blakey",2024,"CD_I1006028","MEDIUM_DEFENDER"
"James","Rowbottom",2024,"CD_I1006126","MIDFIELDER"
"Sam","Wicks",2024,"CD_I1006232","MEDIUM_FORWARD"
"Joel","Amartey",2024,"CD_I1008091","KEY_FORWARD"
"Tom","McCartin",2024,"CD_I1008198","KEY_DEFENDER"
"Harrison","Arnold",2024,"CD_I1008460","KEY_DEFENDER"
"Jack","Buller",2024,"CD_I1009392","KEY_FORWARD"
"Justin","McInerney",2024,"CD_I1011936","MIDFIELDER"
"Chad","Warner",2024,"CD_I1012014","MIDFIELDER"
"Matt","Roberts",2024,"CD_I1012210","MEDIUM_DEFENDER"
"Errol","Gulden",2024,"CD_I1013128","MIDFIELDER"
"Braeden","Campbell",2024,"CD_I1013133","MIDFIELDER"
"Logan","McDonald",2024,"CD_I1013230","KEY_FORWARD"
"James","Jordon",2024,"CD_I1013409","MIDFIELDER_FORWARD"
"Jaiden","Magor",2024,"CD_I1015457","MEDIUM_DEFENDER"
"William","Edwards",2024,"CD_I1017757","KEY_DEFENDER"
"Corey","Warner",2024,"CD_I1018424","MEDIUM_FORWARD"
"Angus","Sheldrick",2024,"CD_I1020339","MIDFIELDER"
"Lachlan","McAndrew",2024,"CD_I1021200","RUCK"
"Cooper","Vickery",2024,"CD_I1023498","MEDIUM_DEFENDER"
"Jacob","Konstanty",2024,"CD_I1023530","MEDIUM_FORWARD"
"Caiden","Cleary",2024,"CD_I1024057","MEDIUM_FORWARD"
"Caleb","Mitchell",2024,"CD_I1024096","MIDFIELDER"
"Patrick","Snell",2024,"CD_I1024685","KEY_DEFENDER"
"Indhi","Kirk",2024,"CD_I1027058","MIDFIELDER_FORWARD"
"Tom","Hanily",2024,"CD_I1027687","MIDFIELDER_FORWARD"
"William","Green",2024,"CD_I1027901","RUCK"
"Sam","Reid",2024,"CD_I290188","KEY_FORWARD"
"Dane","Rampe",2024,"CD_I290307","MEDIUM_DEFENDER"
"Luke","Parker",2024,"CD_I290778","MIDFIELDER_FORWARD"
"Taylor","Adams",2024,"CD_I291776","MIDFIELDER_FORWARD"
"Robbie","Fox",2024,"CD_I291848","MEDIUM_FORWARD"
"Harry","Cunningham",2024,"CD_I291978","MEDIUM_DEFENDER"
"Brodie","Grundy",2024,"CD_I293957","RUCK"
"Joel","Hamling",2024,"CD_I295222","KEY_FORWARD"
"Jake","Lloyd",2024,"CD_I295342","MIDFIELDER"
"Isaac","Heeney",2024,"CD_I298539","MIDFIELDER"
"Aaron","Francis",2024,"CD_I990816","KEY_DEFENDER"
"Callum","Mills",2024,"CD_I993905","MEDIUM_DEFENDER"
"Lewis","Melican",2024,"CD_I996743","KEY_DEFENDER"
"Tom","Papley",2024,"CD_I996765","MEDIUM_FORWARD"
"Will","Hayward",2024,"CD_I997100","MEDIUM_FORWARD"
"Peter","Ladhams",2024,"CD_I997142","RUCK"
"Oliver","Florent",2024,"CD_I998103","MEDIUM_DEFENDER"
"Andrew","Brayshaw",2024,"CD_I1002232","MIDFIELDER"
"Josh","Corbett",2024,"CD_I1005547","KEY_FORWARD"
"Jordan","Clark",2024,"CD_I1006152","MEDIUM_DEFENDER"
"Hayden","Young",2024,"CD_I1009256","MIDFIELDER"
"Jeremy","Sharp",2024,"CD_I1009380","MIDFIELDER"
"Luke","Jackson",2024,"CD_I1009399","RUCK"
"Brandon","Walker",2024,"CD_I1009410","MEDIUM_DEFENDER"
"Caleb","Serong",2024,"CD_I1009420","MIDFIELDER"
"Sebit","Kuek",2024,"CD_I1012048","KEY_FORWARD"
"Josh","Treacy",2024,"CD_I1012819","KEY_FORWARD"
"Nathan","O'Driscoll",2024,"CD_I1013220","MIDFIELDER"
"Heath","Chapman",2024,"CD_I1013224","MEDIUM_DEFENDER"
"Sam","Sturt",2024,"CD_I1013611","MEDIUM_FORWARD"
"Matthew","Johnson",2024,"CD_I1016825","MIDFIELDER"
"Patrick","Voss",2024,"CD_I1017754","KEY_FORWARD"
"Conrad","Williams",2024,"CD_I1017970","MEDIUM_FORWARD"
"Jack","Delean",2024,"CD_I1019975","MEDIUM_FORWARD"
"Neil","Erasmus",2024,"CD_I1020250","MIDFIELDER_FORWARD"
"Jye","Amiss",2024,"CD_I1020594","KEY_FORWARD"
"Joshua","Draper",2024,"CD_I1020668","KEY_DEFENDER"
"Tom","Emmett",2024,"CD_I1020695","MEDIUM_FORWARD"
"Karl","Worner",2024,"CD_I1021015","MEDIUM_DEFENDER"
"Hugh","Davies",2024,"CD_I1022927","KEY_DEFENDER"
"Liam","Reidy",2024,"CD_I1023346","RUCK"
"Cooper","Simpson",2024,"CD_I1027656","MEDIUM_FORWARD"
"Max","Knobel",2024,"CD_I1027701","RUCK"
"Ollie","Murphy",2024,"CD_I1027990","KEY_DEFENDER"
"Odin","Jones",2024,"CD_I1028371","KEY_FORWARD"
"Ethan","Stanley",2024,"CD_I1031801","MIDFIELDER"
"Michael","Walters",2024,"CD_I281007","MEDIUM_FORWARD"
"Nat","Fyfe",2024,"CD_I291570","MIDFIELDER"
"Matt","Taberner",2024,"CD_I293854","KEY_FORWARD"
"Jaeger","O'Meara",2024,"CD_I294613","MIDFIELDER"
"James","Aish",2024,"CD_I295067","MEDIUM_DEFENDER"
"Alex","Pearce",2024,"CD_I298409","KEY_DEFENDER"
"Sam","Switkowski",2024,"CD_I992059","MEDIUM_FORWARD"
"Oscar","McDonald",2024,"CD_I992472","KEY_DEFENDER"
"Corey","Wagner",2024,"CD_I993940","MEDIUM_DEFENDER"
"Ethan","Hughes",2024,"CD_I996580","MEDIUM_DEFENDER"
"Brennan","Cox",2024,"CD_I997033","KEY_DEFENDER"
"Will","Brodie",2024,"CD_I998129","MIDFIELDER"
"Sean","Darcy",2024,"CD_I998145","RUCK"
"Bailey","Banfield",2024,"CD_I998180","MEDIUM_FORWARD"
"Luke","Ryan",2024,"CD_I998659","MEDIUM_DEFENDER"
"Michael","Frederick",2024,"CD_I999321","MEDIUM_FORWARD"
"Isaac","Cumming",2024,"CD_I1001396","MIDFIELDER"
"Brent","Daniels",2024,"CD_I1002251","MEDIUM_FORWARD"
"Jacob","Wehr",2024,"CD_I1004530","MIDFIELDER"
"Sam","Taylor",2024,"CD_I1005247","KEY_DEFENDER"
"James","Peatling",2024,"CD_I1006013","MIDFIELDER"
"Xavier","O'Halloran",2024,"CD_I1006135","MIDFIELDER_FORWARD"
"Connor","Idun",2024,"CD_I1008083","MEDIUM_DEFENDER"
"Jake","Riccardi",2024,"CD_I1008123","KEY_FORWARD"
"Toby","Bedford",2024,"CD_I1008139","MIDFIELDER_FORWARD"
"Kieren","Briggs",2024,"CD_I1008436","RUCK"
"Leek","Aleer",2024,"CD_I1008691","KEY_DEFENDER"
"Lachie","Ash",2024,"CD_I1009253","MEDIUM_DEFENDER"
"Tom","Green",2024,"CD_I1009528","MIDFIELDER"
"Jack","Buckley",2024,"CD_I1009708","KEY_DEFENDER"
"Callum","Brown",2024,"CD_I1014038","MEDIUM_FORWARD"
"Ryan","Angwin",2024,"CD_I1015777","MIDFIELDER"
"Conor","Stone",2024,"CD_I1015862","MEDIUM_FORWARD"
"Wade","Derksen",2024,"CD_I1016140","KEY_DEFENDER"
"Cooper","Hamilton",2024,"CD_I1017093","MEDIUM_DEFENDER"
"Josh","Fahey",2024,"CD_I1017751","MEDIUM_DEFENDER"
"Aaron","Cadman",2024,"CD_I1019038","KEY_FORWARD"
"Darcy","Jones",2024,"CD_I1020650","MEDIUM_FORWARD"
"Harry","Rowston",2024,"CD_I1021122","MIDFIELDER"
"Finn","Callaghan",2024,"CD_I1023266","MIDFIELDER"
"Nicholas","Madden",2024,"CD_I1023743","RUCK"
"Max","Gruzewski",2024,"CD_I1027921","KEY_FORWARD"
"Harvey","Thomas",2024,"CD_I1027925","MEDIUM_FORWARD"
"Toby","McMullin",2024,"CD_I1027971","MEDIUM_FORWARD"
"Phoenix","Gothard",2024,"CD_I1032042","MEDIUM_FORWARD"
"James","Leake",2024,"CD_I1032119","MIDFIELDER"
"Joe","Fonti",2024,"CD_I1032629","MEDIUM_DEFENDER"
"Nathan","Wardius",2024,"CD_I1034066","MEDIUM_FORWARD"
"Callan","Ward",2024,"CD_I280109","MIDFIELDER"
"Lachlan","Keeffe",2024,"CD_I290314","RUCK"
"Adam","Kennedy",2024,"CD_I291509","MEDIUM_DEFENDER"
"Stephen","Coniglio",2024,"CD_I291969","MIDFIELDER"
"Lachie","Whitfield",2024,"CD_I294305","MEDIUM_DEFENDER"
"Nick","Haynes",2024,"CD_I295265","MEDIUM_DEFENDER"
"Toby","Greene",2024,"CD_I295344","MEDIUM_FORWARD"
"Jesse","Hogan",2024,"CD_I296324","KEY_FORWARD"
"Josh","Kelly",2024,"CD_I296347","MIDFIELDER"
"Braydon","Preuss",2024,"CD_I992644","RUCK"
"Harry","Himmelberg",2024,"CD_I993107","MEDIUM_DEFENDER"
"Harry","Perryman",2024,"CD_I998205","MEDIUM_DEFENDER"
"Liam","Baker",2024,"CD_I1000223","MIDFIELDER_FORWARD"
"Daniel","Rioli",2024,"CD_I1000981","MEDIUM_DEFENDER"
"Noah","Balta",2024,"CD_I1002245","KEY_DEFENDER"
"Ben","Miller",2024,"CD_I1002403","KEY_DEFENDER"
"Jacob","Koschitzke",2024,"CD_I1006030","KEY_FORWARD"
"Jack","Ross",2024,"CD_I1006133","MIDFIELDER"
"Rhyan","Mansell",2024,"CD_I1008478","MEDIUM_FORWARD"
"Matthew","Coulthard",2024,"CD_I1008616","MEDIUM_FORWARD"
"Mykelti","Lefau",2024,"CD_I1008747","KEY_FORWARD"
"Thomson","Dow",2024,"CD_I1009226","MIDFIELDER"
"Noah","Cumberland",2024,"CD_I1009308","MEDIUM_FORWARD"
"Maurice","Rioli",2024,"CD_I1009551","MEDIUM_FORWARD"
"Hugo","Ralphsmith",2024,"CD_I1011985","MIDFIELDER"
"Samson","Ryan",2024,"CD_I1012386","RUCK"
"Sam","Banks",2024,"CD_I1013197","MIDFIELDER"
"Jacob","Blight",2024,"CD_I1013229","KEY_DEFENDER"
"Judson","Clarke",2024,"CD_I1017043","MEDIUM_FORWARD"
"Josh","Gibcus",2024,"CD_I1017059","KEY_DEFENDER"
"Tom","Brown",2024,"CD_I1017086","MEDIUM_DEFENDER"
"Tyler","Sonsie",2024,"CD_I1017114","MEDIUM_FORWARD"
"Tylar","Young",2024,"CD_I1018433","KEY_DEFENDER"
"Kane","McAuliffe",2024,"CD_I1019916","MIDFIELDER"
"Jacob","Bauer",2024,"CD_I1021152","KEY_FORWARD"
"Mate","Colina",2024,"CD_I1021660","RUCK"
"Liam","Fawcett",2024,"CD_I1022383","KEY_FORWARD"
"Kaleb","Smith",2024,"CD_I1022999","MEDIUM_DEFENDER"
"Steely","Green",2024,"CD_I1023056","MEDIUM_FORWARD"
"Seth","Campbell",2024,"CD_I1023275","MEDIUM_FORWARD"
"James","Trezise",2024,"CD_I1031829","MEDIUM_DEFENDER"
"Oliver","Hayes-Brown",2024,"CD_I1035199","RUCK"
"Campbell","Gray",2024,"CD_I1036103","KEY_FORWARD"
"Dylan","Grimes",2024,"CD_I280819","KEY_DEFENDER"
"Dion","Prestia",2024,"CD_I290627","MIDFIELDER"
"Dustin","Martin",2024,"CD_I290847","MEDIUM_FORWARD"
"Tom","Lynch",2024,"CD_I293813","KEY_FORWARD"
"Kamdyn","McIntosh",2024,"CD_I294592","MIDFIELDER"
"Nick","Vlastuin",2024,"CD_I294674","MEDIUM_DEFENDER"
"Nathan","Broad",2024,"CD_I295203","MEDIUM_DEFENDER"
"Sam","Naismith",2024,"CD_I298144","RUCK"
"Toby","Nankervis",2024,"CD_I298174","RUCK"
"Jack","Graham",2024,"CD_I990827","MIDFIELDER_FORWARD"
"Jayden","Short",2024,"CD_I992049","MEDIUM_DEFENDER"
"Marlion","Pickett",2024,"CD_I993771","MIDFIELDER_FORWARD"
"Jacob","Hopper",2024,"CD_I993903","MIDFIELDER"
"Shai","Bolton",2024,"CD_I993993","MIDFIELDER_FORWARD"
"Tim","Taranto",2024,"CD_I998172","MIDFIELDER"
"Bayley","Fritsch",2024,"CD_I1001438","KEY_FORWARD"
"Charlie","Spargo",2024,"CD_I1002282","MEDIUM_FORWARD"
"Joel","Smith",2024,"CD_I1003546","KEY_FORWARD"
"Kade","Chandler",2024,"CD_I1005330","MEDIUM_FORWARD"
"Kysaiah","Pickett",2024,"CD_I1008541","MEDIUM_FORWARD"
"Harrison","Petty",2024,"CD_I1008893","KEY_FORWARD"
"Trent","Rivers",2024,"CD_I1009378","MEDIUM_DEFENDER"
"Jake","Bowey",2024,"CD_I1012825","MEDIUM_DEFENDER"
"Bailey","Laurie",2024,"CD_I1012826","MIDFIELDER_FORWARD"
"Andy","Moniz-Wakefield",2024,"CD_I1013165","MEDIUM_DEFENDER"
"Tom","Fullarton",2024,"CD_I1013532","RUCK"
"Will","Verrall",2024,"CD_I1015473","RUCK"
"Blake","Howes",2024,"CD_I1017122","MEDIUM_DEFENDER"
"Judd","McVee",2024,"CD_I1017703","MEDIUM_DEFENDER"
"Jacob","van Rooyen",2024,"CD_I1017720","KEY_FORWARD"
"Taj","Woewodin",2024,"CD_I1018425","MEDIUM_DEFENDER"
"Daniel","Turner",2024,"CD_I1020959","KEY_FORWARD"
"Jed","Adams",2024,"CD_I1023174","KEY_DEFENDER"
"Matthew","Jefferson",2024,"CD_I1023486","KEY_FORWARD"
"Koltyn","Tholstrup",2024,"CD_I1023640","MEDIUM_FORWARD"
"Luker","Kentfield",2024,"CD_I1024337","KEY_FORWARD"
"Caleb","Windsor",2024,"CD_I1027821","MIDFIELDER"
"Kynan","Brown",2024,"CD_I1027949","MIDFIELDER"
"Oliver","Sestan",2024,"CD_I1029973","MIDFIELDER_FORWARD"
"Kyah","Farris-White",2024,"CD_I1030866","RUCK"
"Jake","Melksham",2024,"CD_I280824","MEDIUM_FORWARD"
"Steven","May",2024,"CD_I281085","KEY_DEFENDER"
"Max","Gawn",2024,"CD_I290528","RUCK"
"Tom","McDonald",2024,"CD_I291533","KEY_DEFENDER"
"Adam","Tomlinson",2024,"CD_I291819","KEY_DEFENDER"
"Ben","Brown",2024,"CD_I291867","KEY_FORWARD"
"Jack","Viney",2024,"CD_I291902","MIDFIELDER"
"Lachie","Hunter",2024,"CD_I294557","MIDFIELDER"
"Jack","Billings",2024,"CD_I296351","MIDFIELDER_FORWARD"
"Christian","Salem",2024,"CD_I296359","MEDIUM_DEFENDER"
"Alex","Neal-Bullen",2024,"CD_I296420","MIDFIELDER_FORWARD"
"Christian","Petracca",2024,"CD_I298210","MIDFIELDER"
"Ed","Langdon",2024,"CD_I298264","MIDFIELDER"
"Angus","Brayshaw",2024,"CD_I298279","MIDFIELDER"
"Jake","Lever",2024,"CD_I298281","KEY_DEFENDER"
"Shane","McAdam",2024,"CD_I298470","MEDIUM_FORWARD"
"Josh","Schache",2024,"CD_I993841","KEY_FORWARD"
"Marty","Hore",2024,"CD_I996692","MEDIUM_DEFENDER"
"Clayton","Oliver",2024,"CD_I996701","MIDFIELDER"
"Tom","Sparrow",2024,"CD_I999391","MIDFIELDER"
"Liam","Ryan",2024,"CD_I1004364","MEDIUM_FORWARD"
"Oscar","Allen",2024,"CD_I1004385","KEY_FORWARD"
"Bailey J.","Williams",2024,"CD_I1006114","RUCK"
"Jack","Petruccelle",2024,"CD_I1006550","MEDIUM_FORWARD"
"Luke","Edwards",2024,"CD_I1006576","MIDFIELDER_FORWARD"
"Callum","Jamieson",2024,"CD_I1011243","KEY_DEFENDER"
"Harry","Edwards",2024,"CD_I1011437","KEY_DEFENDER"
"Zane","Trew",2024,"CD_I1011449","MIDFIELDER"
"Tyler","Brockman",2024,"CD_I1013511","MEDIUM_FORWARD"
"Campbell","Chesser",2024,"CD_I1017057","MIDFIELDER"
"Rhett","Bazzo",2024,"CD_I1017718","KEY_DEFENDER"
"Loch","Rawlinson",2024,"CD_I1020032","MEDIUM_FORWARD"
"Harry","Barnett",2024,"CD_I1020057","RUCK"
"Jack","Williams",2024,"CD_I1020371","KEY_FORWARD"
"Jordyn","Baker",2024,"CD_I1020595","MEDIUM_DEFENDER"
"Elijah","Hewett",2024,"CD_I1020670","MIDFIELDER_FORWARD"
"Jai","Culley",2024,"CD_I1020802","MIDFIELDER_FORWARD"
"Reuben","Ginbey",2024,"CD_I1023025","MIDFIELDER"
"Tyrell","Dewar",2024,"CD_I1023142","MEDIUM_FORWARD"
"Brady","Hough",2024,"CD_I1023167","MEDIUM_DEFENDER"
"Harley","Reid",2024,"CD_I1023492","MIDFIELDER"
"Noah","Long",2024,"CD_I1023496","MEDIUM_FORWARD"
"Coby","Burgiel",2024,"CD_I1023502","MEDIUM_DEFENDER"
"Clay","Hall",2024,"CD_I1024188","MIDFIELDER"
"Archer","Reid",2024,"CD_I1027693","KEY_FORWARD"
"Harvey","Johnston",2024,"CD_I1027969","MEDIUM_DEFENDER"
"Coen","Livingstone",2024,"CD_I1028291","RUCK"
"Ryan","Maric",2024,"CD_I1029416","MIDFIELDER_FORWARD"
"Jack","Hutchinson",2024,"CD_I1036098","KEY_FORWARD"
"Andrew","Gaff",2024,"CD_I290801","MIDFIELDER"
"Jamie","Cripps",2024,"CD_I290826","MEDIUM_FORWARD"
"Jack","Darling",2024,"CD_I290838","KEY_FORWARD"
"Elliot","Yeo",2024,"CD_I292128","MIDFIELDER"
"Jeremy","McGovern",2024,"CD_I294859","KEY_DEFENDER"
"Tim","Kelly",2024,"CD_I295898","MIDFIELDER"
"Dom","Sheed",2024,"CD_I296296","MIDFIELDER"
"Liam","Duggan",2024,"CD_I298268","MEDIUM_DEFENDER"
"Tom","Barrass",2024,"CD_I990290","KEY_DEFENDER"
"Tom","Cole",2024,"CD_I993820","MEDIUM_DEFENDER"
"Matt","Flynn",2024,"CD_I993902","RUCK"
"Jayden","Hunt",2024,"CD_I994385","MIDFIELDER"
"Jake","Waterman",2024,"CD_I996554","KEY_FORWARD"
"Josh","Rotham",2024,"CD_I997823","MEDIUM_DEFENDER"
"Alex","Witherden",2024,"CD_I998128","MEDIUM_DEFENDER"
"Jamaine","Jones",2024,"CD_I998791","MEDIUM_FORWARD"
"Chris","Burgess",2025,"CD_I1000068","KEY_FORWARD"
"Lachlan","Murphy",2025,"CD_I1000998","MEDIUM_FORWARD"
"Izak","Rankine",2025,"CD_I1001195","MIDFIELDER_FORWARD"
"Isaac","Cumming",2025,"CD_I1001396","MIDFIELDER"
"Mitchell","Hinge",2025,"CD_I1004863","MEDIUM_DEFENDER"
"Jordon","Butts",2025,"CD_I1004995","KEY_DEFENDER"
"James","Peatling",2025,"CD_I1006013","MIDFIELDER"
"Lachlan","Sholl",2025,"CD_I1006136","MIDFIELDER"
"Chayce","Jones",2025,"CD_I1006203","MIDFIELDER"
"Nick","Murray",2025,"CD_I1008230","KEY_DEFENDER"
"Riley","Thilthorpe",2025,"CD_I1008384","KEY_FORWARD"
"Harry","Schoenberg",2025,"CD_I1008543","MIDFIELDER"
"Kieran","Strachan",2025,"CD_I1008752","RUCK"
"James","Borlase",2025,"CD_I1009029","KEY_DEFENDER"
"Josh","Worrell",2025,"CD_I1011981","MEDIUM_DEFENDER"
"Luke","Pedlar",2025,"CD_I1012218","MEDIUM_FORWARD"
"Sam","Berry",2025,"CD_I1012807","MIDFIELDER"
"Mark","Keane",2025,"CD_I1013974","KEY_DEFENDER"
"Billy","Dowling",2025,"CD_I1015329","MIDFIELDER_FORWARD"
"Max","Michalanney",2025,"CD_I1015370","MEDIUM_DEFENDER"
"Josh","Rachele",2025,"CD_I1017051","MEDIUM_FORWARD"
"Zac","Taylor",2025,"CD_I1017065","MEDIUM_FORWARD"
"Jake","Soligo",2025,"CD_I1017109","MIDFIELDER"
"Brayden","Cook",2025,"CD_I1018335","MIDFIELDER_FORWARD"
"Toby","Murray",2025,"CD_I1020950","RUCK"
"Luke","Nankervis",2025,"CD_I1021031","MIDFIELDER"
"Lachlan","McAndrew",2025,"CD_I1021200","RUCK"
"Tyler","Welsh",2025,"CD_I1022447","KEY_FORWARD"
"Sid","Draper",2025,"CD_I1022607","MIDFIELDER_FORWARD"
"Hugh","Bond",2025,"CD_I1023534","MEDIUM_DEFENDER"
"Daniel","Curtin",2025,"CD_I1024023","MIDFIELDER"
"Oscar","Ryan",2025,"CD_I1027893","MEDIUM_DEFENDER"
"Charlie","Edwards",2025,"CD_I1028671","MEDIUM_DEFENDER"
"Karl","Gallagher",2025,"CD_I1035372","MEDIUM_FORWARD"
"Taylor","Walker",2025,"CD_I280506","KEY_FORWARD"
"Brodie","Smith",2025,"CD_I291748","MEDIUM_DEFENDER"
"Rory","Laird",2025,"CD_I293222","MEDIUM_DEFENDER"
"Alex","Neal-Bullen",2025,"CD_I296420","MEDIUM_FORWARD"
"Matt","Crouch",2025,"CD_I297401","MIDFIELDER"
"Reilly","O'Brien",2025,"CD_I297523","RUCK"
"Wayne","Milera",2025,"CD_I990882","MEDIUM_DEFENDER"
"Jordan","Dawson",2025,"CD_I992242","MIDFIELDER"
"Ben","Keays",2025,"CD_I993946","MEDIUM_FORWARD"
"Darcy","Fogarty",2025,"CD_I999331","KEY_FORWARD"
"Tom","Doedee",2025,"CD_I1000932","MEDIUM_DEFENDER"
"Hugh","McCluggage",2025,"CD_I1000978","MIDFIELDER"
"Cam","Rayner",2025,"CD_I1002235","MEDIUM_FORWARD"
"Zac","Bailey",2025,"CD_I1002312","MIDFIELDER_FORWARD"
"Jack","Payne",2025,"CD_I1002347","KEY_DEFENDER"
"Brandon","Starcevich",2025,"CD_I1002401","MEDIUM_DEFENDER"
"Darragh","Joyce",2025,"CD_I1003520","KEY_DEFENDER"
"Noah","Answerth",2025,"CD_I1005053","MEDIUM_DEFENDER"
"Oscar","McInerney",2025,"CD_I1005521","RUCK"
"Keidean","Coleman",2025,"CD_I1006059","MEDIUM_DEFENDER"
"Luke","Beecken",2025,"CD_I1008805","MIDFIELDER"
"Bruce","Reville",2025,"CD_I1009317","MIDFIELDER"
"Deven","Robertson",2025,"CD_I1009385","MEDIUM_FORWARD"
"Brandon","Ryan",2025,"CD_I1012127","KEY_FORWARD"
"Kai","Lohmann",2025,"CD_I1014026","MEDIUM_FORWARD"
"Henry","Smith",2025,"CD_I1016189","KEY_FORWARD"
"Darcy","Wilmot",2025,"CD_I1017067","MEDIUM_DEFENDER"
"James","Tunstill",2025,"CD_I1021108","MIDFIELDER"
"Will","Ashcroft",2025,"CD_I1023517","MIDFIELDER"
"Jaspa","Fletcher",2025,"CD_I1023708","MEDIUM_DEFENDER"
"Reece","Torrent",2025,"CD_I1024187","MIDFIELDER"
"Darcy","Craven",2025,"CD_I1024193","MEDIUM_FORWARD"
"Luke","Lloyd",2025,"CD_I1027985","KEY_DEFENDER"
"Logan","Morris",2025,"CD_I1028019","KEY_FORWARD"
"Shadeau","Brain",2025,"CD_I1028105","MEDIUM_DEFENDER"
"Sam","Marshall",2025,"CD_I1028520","MIDFIELDER"
"Levi","Ashcroft",2025,"CD_I1028560","MIDFIELDER"
"Will","McLachlan",2025,"CD_I1029405","MEDIUM_FORWARD"
"Zane","Zakostelsky",2025,"CD_I1032650","RUCK"
"Ty","Gallop",2025,"CD_I1034411","KEY_FORWARD"
"Dayne","Zorko",2025,"CD_I261224","MEDIUM_DEFENDER"
"Ryan","Lester",2025,"CD_I291548","MEDIUM_DEFENDER"
"Sam","Day",2025,"CD_I291753","KEY_FORWARD"
"Lachie","Neale",2025,"CD_I293535","MIDFIELDER"
"Lincoln","McCarthy",2025,"CD_I293581","MEDIUM_FORWARD"
"Darcy","Gardiner",2025,"CD_I296269","KEY_DEFENDER"
"Darcy","Fort",2025,"CD_I298211","RUCK"
"Callum","Ah Chee",2025,"CD_I298437","MEDIUM_FORWARD"
"Charlie","Cameron",2025,"CD_I990609","MEDIUM_FORWARD"
"Josh","Dunkley",2025,"CD_I993834","MIDFIELDER"
"Eric","Hipwood",2025,"CD_I993953","KEY_FORWARD"
"Harris","Andrews",2025,"CD_I996059","KEY_DEFENDER"
"Conor","McKenna",2025,"CD_I997846","MEDIUM_FORWARD"
"Jarrod","Berry",2025,"CD_I998133","MIDFIELDER"
"Lachie","Schultz",2025,"CD_I1000860","MEDIUM_FORWARD"
"Patrick","Lipinski",2025,"CD_I1003130","MIDFIELDER_FORWARD"
"Beau","McCreery",2025,"CD_I1004757","MEDIUM_FORWARD"
"Josh","Daicos",2025,"CD_I1005054","MEDIUM_DEFENDER"
"Bobby","Hill",2025,"CD_I1006148","MEDIUM_FORWARD"
"Isaac","Quaynor",2025,"CD_I1008089","MEDIUM_DEFENDER"
"Charlie","Dean",2025,"CD_I1009197","KEY_DEFENDER"
"Finlay","Macrae",2025,"CD_I1012828","MIDFIELDER"
"Wil","Parker",2025,"CD_I1012873","MEDIUM_DEFENDER"
"Reef","McInnes",2025,"CD_I1013278","KEY_DEFENDER"
"Harvey","Harrison",2025,"CD_I1015332","MEDIUM_FORWARD"
"Ned","Long",2025,"CD_I1017124","MIDFIELDER"
"Jakob","Ryan",2025,"CD_I1020104","MEDIUM_DEFENDER"
"Noah","Howes",2025,"CD_I1022614","KEY_FORWARD"
"Oscar","Steene",2025,"CD_I1022844","RUCK"
"Edward","Allan",2025,"CD_I1022915","MIDFIELDER"
"Nick","Daicos",2025,"CD_I1023261","MIDFIELDER"
"Charlie","West",2025,"CD_I1027382","KEY_FORWARD"
"Roan","Steele",2025,"CD_I1027501","MIDFIELDER"
"Harry","DeMattia",2025,"CD_I1027673","MIDFIELDER"
"Iliro","Smit",2025,"CD_I1027834","RUCK"
"Joel","Cochran",2025,"CD_I1029000","MEDIUM_DEFENDER"
"Tew","Jiath",2025,"CD_I1032017","MEDIUM_DEFENDER"
"William","Hayes",2025,"CD_I1032922","MEDIUM_FORWARD"
"Scott","Pendlebury",2025,"CD_I260257","MIDFIELDER"
"Steele","Sidebottom",2025,"CD_I280965","MIDFIELDER"
"Jeremy","Howe",2025,"CD_I291313","MEDIUM_DEFENDER"
"Will","Hoskin-Elliott",2025,"CD_I291720","MEDIUM_FORWARD"
"Brody","Mihocek",2025,"CD_I291849","KEY_FORWARD"
"Tom","Mitchell",2025,"CD_I291856","MIDFIELDER"
"Jamie","Elliott",2025,"CD_I293801","MEDIUM_FORWARD"
"Jack","Crisp",2025,"CD_I293871","MIDFIELDER"
"Tim","Membrey",2025,"CD_I294596","KEY_FORWARD"
"Daniel","McStay",2025,"CD_I297504","KEY_FORWARD"
"Darcy","Moore",2025,"CD_I298288","KEY_DEFENDER"
"Oleg","Markov",2025,"CD_I298358","MEDIUM_DEFENDER"
"Darcy","Cameron",2025,"CD_I990291","RUCK"
"Billy","Frampton",2025,"CD_I991773","KEY_DEFENDER"
"Brayden","Maynard",2025,"CD_I992010","MEDIUM_DEFENDER"
"Jordan","De Goey",2025,"CD_I994185","MIDFIELDER_FORWARD"
"Dan","Houston",2025,"CD_I994295","MEDIUM_DEFENDER"
"Ash","Johnson",2025,"CD_I997974","MEDIUM_FORWARD"
"Harry","Perryman",2025,"CD_I998205","MEDIUM_DEFENDER"
"Lachlan","Sullivan",2025,"CD_I998480","MEDIUM_FORWARD"
"Mason","Cox",2025,"CD_I998647","KEY_FORWARD"
"John","Noble",2025,"CD_I1000072","MEDIUM_DEFENDER"
"Daniel","Rioli",2025,"CD_I1000981","MEDIUM_DEFENDER"
"Elliott","Himmelberg",2025,"CD_I1005199","KEY_FORWARD"
"Malcolm","Rosas",2025,"CD_I1005986","MEDIUM_FORWARD"
"Joel","Jeffrey",2025,"CD_I1005992","MEDIUM_DEFENDER"
"Caleb","Graham",2025,"CD_I1006087","KEY_DEFENDER"
"Thomas","Berry",2025,"CD_I1006100","MIDFIELDER_FORWARD"
"Ben","King",2025,"CD_I1006144","KEY_FORWARD"
"Wil","Powell",2025,"CD_I1007881","MEDIUM_DEFENDER"
"Connor","Budarick",2025,"CD_I1008454","MEDIUM_FORWARD"
"Charlie","Ballard",2025,"CD_I1008882","KEY_DEFENDER"
"Noah","Anderson",2025,"CD_I1009199","MIDFIELDER"
"Matt","Rowell",2025,"CD_I1009208","MIDFIELDER"
"Sam","Flanders",2025,"CD_I1009260","MEDIUM_FORWARD"
"Ben","Jepson",2025,"CD_I1011950","MIDFIELDER"
"Sam","Clohesy",2025,"CD_I1013257","MIDFIELDER"
"Alex","Davies",2025,"CD_I1013268","MIDFIELDER"
"Oscar","Adams",2025,"CD_I1015515","KEY_DEFENDER"
"Mac","Andrew",2025,"CD_I1017396","KEY_DEFENDER"
"Caleb","Lewis",2025,"CD_I1017493","KEY_FORWARD"
"Bodhi","Uwland",2025,"CD_I1017665","MEDIUM_DEFENDER"
"Jake","Rogers",2025,"CD_I1018123","MEDIUM_FORWARD"
"Ned","Moyle",2025,"CD_I1021013","RUCK"
"Bailey","Humphrey",2025,"CD_I1023500","MIDFIELDER_FORWARD"
"Jed","Walter",2025,"CD_I1023736","KEY_FORWARD"
"Lloyd","Johnston",2025,"CD_I1024666","MEDIUM_DEFENDER"
"Will","Graham",2025,"CD_I1026960","MEDIUM_FORWARD"
"Ethan","Read",2025,"CD_I1027033","KEY_FORWARD"
"Max","Knobel",2025,"CD_I1027701","RUCK"
"Asher","Eastham",2025,"CD_I1028541","MEDIUM_DEFENDER"
"Cooper","Bell",2025,"CD_I1029065","KEY_DEFENDER"
"Leonardo","Lombard",2025,"CD_I1029301","MEDIUM_FORWARD"
"Lachlan","Gulbin",2025,"CD_I1029304","MEDIUM_FORWARD"
"Zak","Evans",2025,"CD_I1038801","MEDIUM_DEFENDER"
"David","Swallow",2025,"CD_I290832","MEDIUM_FORWARD"
"Jarrod","Witts",2025,"CD_I291975","RUCK"
"Sean","Lemmens",2025,"CD_I294013","MEDIUM_DEFENDER"
"Alex","Sexton",2025,"CD_I294643","MEDIUM_FORWARD"
"Sam","Collins",2025,"CD_I295446","KEY_DEFENDER"
"Nick","Holman",2025,"CD_I297456","MIDFIELDER_FORWARD"
"Touk","Miller",2025,"CD_I298272","MIDFIELDER"
"Lachie","Weller",2025,"CD_I298524","MIDFIELDER"
"Brayden","Fiorini",2025,"CD_I993799","MIDFIELDER"
"Ben","Long",2025,"CD_I993917","MEDIUM_FORWARD"
"Ben","Ainsworth",2025,"CD_I998130","MEDIUM_FORWARD"
"Jy","Farrar",2025,"CD_I999715","MEDIUM_FORWARD"
"Harry","McKay",2025,"CD_I1000953","KEY_FORWARD"
"Jack","Silvagni",2025,"CD_I1001028","KEY_DEFENDER"
"Lachie","Fogarty",2025,"CD_I1002228","MEDIUM_FORWARD"
"Adam","Cerra",2025,"CD_I1002239","MIDFIELDER"
"Jordan","Boyd",2025,"CD_I1002795","MEDIUM_DEFENDER"
"Tom","De Koning",2025,"CD_I1004912","RUCK"
"Sam","Walsh",2025,"CD_I1006094","MIDFIELDER"
"Matthew","Cottrell",2025,"CD_I1008154","MIDFIELDER_FORWARD"
"Corey","Durdin",2025,"CD_I1008510","MEDIUM_FORWARD"
"Brodie","Kemp",2025,"CD_I1009241","KEY_FORWARD"
"Elijah","Hollands",2025,"CD_I1012862","MEDIUM_FORWARD"
"Alex","Cincotta",2025,"CD_I1016268","MEDIUM_FORWARD"
"Francis","Evans",2025,"CD_I1017255","MEDIUM_FORWARD"
"Jesse","Motlop",2025,"CD_I1017700","MEDIUM_FORWARD"
"Harry","Lemmey",2025,"CD_I1020072","KEY_FORWARD"
"Ashton","Moir",2025,"CD_I1020097","MEDIUM_FORWARD"
"Flynn","Young",2025,"CD_I1020877","MEDIUM_FORWARD"
"Lachlan","Cowan",2025,"CD_I1021353","MEDIUM_DEFENDER"
"Lucas","Camporeale",2025,"CD_I1022452","MIDFIELDER"
"Hudson","O'Keeffe",2025,"CD_I1023489","KEY_FORWARD"
"Oliver","Hollands",2025,"CD_I1023495","MEDIUM_DEFENDER"
"Jaxon","Binns",2025,"CD_I1023533","MIDFIELDER"
"Ben","Camporeale",2025,"CD_I1027282","MIDFIELDER"
"Billy","Wilson",2025,"CD_I1027678","MEDIUM_DEFENDER"
"Will","White",2025,"CD_I1027713","MEDIUM_FORWARD"
"Matthew","Carroll",2025,"CD_I1027964","MEDIUM_DEFENDER"
"Harry","Charleson",2025,"CD_I1028496","MEDIUM_DEFENDER"
"Jagga","Smith",2025,"CD_I1028515","MIDFIELDER"
"Harry","O'Farrell",2025,"CD_I1028526","KEY_DEFENDER"
"Cooper","Lord",2025,"CD_I1032108","MIDFIELDER"
"Rob","Monahan",2025,"CD_I1035129","MEDIUM_DEFENDER"
"Matt","Duffy",2025,"CD_I1039720","KEY_DEFENDER"
"George","Hewett",2025,"CD_I294036","MIDFIELDER"
"Zac","Williams",2025,"CD_I294685","MEDIUM_FORWARD"
"Nick","Haynes",2025,"CD_I295265","MEDIUM_DEFENDER"
"Adam","Saad",2025,"CD_I295461","MEDIUM_DEFENDER"
"Sam","Docherty",2025,"CD_I295518","MIDFIELDER"
"Blake","Acres",2025,"CD_I296294","MIDFIELDER"
"Orazio","Fantasia",2025,"CD_I296334","MEDIUM_FORWARD"
"Mitch","McGovern",2025,"CD_I297255","MEDIUM_DEFENDER"
"Nic","Newman",2025,"CD_I297907","MEDIUM_DEFENDER"
"Marc","Pittonet",2025,"CD_I298290","RUCK"
"Patrick","Cripps",2025,"CD_I990704","MIDFIELDER"
"Jacob","Weitering",2025,"CD_I993832","KEY_DEFENDER"
"Charlie","Curnow",2025,"CD_I996731","KEY_FORWARD"
"Lewis","Young",2025,"CD_I997316","KEY_DEFENDER"
"Callum","Coleman-Jones",2025,"CD_I1000061","RUCK"
"Nick","Larkey",2025,"CD_I1001017","KEY_FORWARD"
"Toby","Pink",2025,"CD_I1002138","KEY_DEFENDER"
"Luke","Davies-Uniacke",2025,"CD_I1002267","MIDFIELDER"
"Paul","Curtis",2025,"CD_I1002947","MEDIUM_FORWARD"
"Dylan","Stephens",2025,"CD_I1004848","MIDFIELDER"
"Tristan","Xerri",2025,"CD_I1004965","RUCK"
"Bailey","Scott",2025,"CD_I1006058","MIDFIELDER"
"Brynn","Teakle",2025,"CD_I1007591","RUCK"
"Tom","Powell",2025,"CD_I1011659","MIDFIELDER"
"Kallan","Dawson",2025,"CD_I1012144","KEY_DEFENDER"
"Will","Phillips",2025,"CD_I1012829","MIDFIELDER"
"Eddie","Ford",2025,"CD_I1012833","MEDIUM_DEFENDER"
"Charlie","Comben",2025,"CD_I1015781","KEY_DEFENDER"
"Miller","Bergman",2025,"CD_I1017095","MEDIUM_DEFENDER"
"Josh","Goater",2025,"CD_I1017118","MEDIUM_DEFENDER"
"Zac","Banch",2025,"CD_I1020930","MEDIUM_FORWARD"
"Jackson","Archer",2025,"CD_I1020968","MEDIUM_DEFENDER"
"Cooper","Harvey",2025,"CD_I1020979","MEDIUM_FORWARD"
"Robert","Hansen Jr",2025,"CD_I1023144","MIDFIELDER_FORWARD"
"George","Wardlaw",2025,"CD_I1023477","MIDFIELDER"
"Zane","Duursma",2025,"CD_I1023494","MEDIUM_FORWARD"
"Harry","Sheezel",2025,"CD_I1023518","MIDFIELDER_FORWARD"
"Jacob","Konstanty",2025,"CD_I1023530","MEDIUM_FORWARD"
"Brayden","George",2025,"CD_I1023544","MEDIUM_FORWARD"
"Riley","Hardeman",2025,"CD_I1023625","MEDIUM_DEFENDER"
"Colby","McKercher",2025,"CD_I1024272","MEDIUM_DEFENDER"
"Geordie","Payne",2025,"CD_I1027726","MEDIUM_FORWARD"
"Finn","O'Sullivan",2025,"CD_I1028495","MEDIUM_DEFENDER"
"Matt","Whitlock",2025,"CD_I1028547","KEY_DEFENDER"
"Wil","Dawson",2025,"CD_I1028551","KEY_DEFENDER"
"Luke","Urquhart",2025,"CD_I1029281","MIDFIELDER"
"Taylor","Goad",2025,"CD_I1031506","RUCK"
"Finnbar","Maley",2025,"CD_I1031792","KEY_FORWARD"
"Cooper","Trembath",2025,"CD_I1031988","KEY_FORWARD"
"River","Stevens",2025,"CD_I1031989","MEDIUM_FORWARD"
"Luke","Parker",2025,"CD_I290778","MIDFIELDER"
"Jack","Darling",2025,"CD_I290838","KEY_FORWARD"
"Aidan","Corr",2025,"CD_I294508","KEY_DEFENDER"
"Caleb","Daniel",2025,"CD_I295136","MEDIUM_DEFENDER"
"Luke","McDonald",2025,"CD_I296355","MEDIUM_DEFENDER"
"Darcy","Tucker",2025,"CD_I993816","MEDIUM_DEFENDER"
"Jy","Simpkin",2025,"CD_I993998","MIDFIELDER_FORWARD"
"Griffin","Logue",2025,"CD_I997933","KEY_DEFENDER"
"Cameron","Zurhaar",2025,"CD_I998484","MEDIUM_FORWARD"
"Zac","Fisher",2025,"CD_I999827","MEDIUM_FORWARD"
"Willem","Drew",2025,"CD_I1000972","MIDFIELDER"
"Connor","Rozee",2025,"CD_I1001299","MEDIUM_DEFENDER"
"Esava","Ratugolea",2025,"CD_I1002220","KEY_DEFENDER"
"Kane","Farrell",2025,"CD_I1002253","MEDIUM_DEFENDER"
"Brandon","Zerk-Thatcher",2025,"CD_I1004034","KEY_DEFENDER"
"Jack","Lukosius",2025,"CD_I1004095","KEY_FORWARD"
"Jed","McEntee",2025,"CD_I1004819","MEDIUM_FORWARD"
"Todd","Marshall",2025,"CD_I1004998","KEY_FORWARD"
"Jackson","Mead",2025,"CD_I1005326","MIDFIELDER"
"Zak","Butters",2025,"CD_I1006121","MIDFIELDER"
"Joe","Richards",2025,"CD_I1008239","MEDIUM_FORWARD"
"Mani","Liddy",2025,"CD_I1008649","MIDFIELDER"
"Miles","Bergman",2025,"CD_I1009191","MEDIUM_DEFENDER"
"Dylan","Williams",2025,"CD_I1009195","MEDIUM_FORWARD"
"Mitch","Georgiades",2025,"CD_I1010174","KEY_FORWARD"
"Lachie","Jones",2025,"CD_I1011583","MEDIUM_DEFENDER"
"Jason","Horne-Francis",2025,"CD_I1011640","MIDFIELDER"
"Ollie","Lord",2025,"CD_I1012881","KEY_FORWARD"
"Jase","Burgoyne",2025,"CD_I1013462","MIDFIELDER"
"Lachlan","Charleson",2025,"CD_I1014013","MEDIUM_FORWARD"
"Hugh","Jackson",2025,"CD_I1015330","MIDFIELDER_FORWARD"
"Josh","Sinn",2025,"CD_I1017078","MEDIUM_DEFENDER"
"Dante","Visentini",2025,"CD_I1017128","RUCK"
"Logan","Evans",2025,"CD_I1019938","MEDIUM_DEFENDER"
"Tom","Cochrane",2025,"CD_I1022371","MEDIUM_FORWARD"
"Benny","Barrett",2025,"CD_I1022601","MIDFIELDER_FORWARD"
"Harrison","Ramm",2025,"CD_I1027311","KEY_DEFENDER"
"Tom","Anastasopoulos",2025,"CD_I1027870","MIDFIELDER"
"Ewan","Mackinlay",2025,"CD_I1027887","MIDFIELDER_FORWARD"
"Joe","Berry",2025,"CD_I1028529","MEDIUM_FORWARD"
"Christian","Moraes",2025,"CD_I1028563","MIDFIELDER"
"Xavier","Walsh",2025,"CD_I1029158","KEY_DEFENDER"
"Will","Lorenz",2025,"CD_I1029262","MIDFIELDER"
"Jack","Whitlock",2025,"CD_I1032053","KEY_FORWARD"
"Jacob","Moss",2025,"CD_I1038914","KEY_DEFENDER"
"Josh","Lai",2025,"CD_I1040300","MEDIUM_DEFENDER"
"Travis","Boak",2025,"CD_I250365","MIDFIELDER_FORWARD"
"Ollie","Wines",2025,"CD_I294318","MIDFIELDER"
"Aliir","Aliir",2025,"CD_I294469","KEY_DEFENDER"
"Rory","Atkins",2025,"CD_I294472","MEDIUM_DEFENDER"
"Willie","Rioli",2025,"CD_I296225","MEDIUM_FORWARD"
"Jeremy","Finlayson",2025,"CD_I298111","KEY_FORWARD"
"Darcy","Byrne-Jones",2025,"CD_I991930","MEDIUM_FORWARD"
"Ryan","Burton",2025,"CD_I992128","MEDIUM_DEFENDER"
"Jordon","Sweet",2025,"CD_I992330","RUCK"
"Sam","Powell-Pepper",2025,"CD_I993979","MEDIUM_FORWARD"
"Ivan","Soldo",2025,"CD_I998529","RUCK"
"Lachlan","Bramble",2025,"CD_I1000864","MEDIUM_DEFENDER"
"Matthew","Kennedy",2025,"CD_I1001398","MIDFIELDER"
"Aaron","Naughton",2025,"CD_I1002404","KEY_FORWARD"
"Tim","English",2025,"CD_I1004592","RUCK"
"Laitham","Vandermeer",2025,"CD_I1005000","MEDIUM_FORWARD"
"Nick","Coffield",2025,"CD_I1005717","MEDIUM_DEFENDER"
"Rhylee","West",2025,"CD_I1006127","MEDIUM_FORWARD"
"Riley","Garcia",2025,"CD_I1006533","MIDFIELDER_FORWARD"
"Ed","Richards",2025,"CD_I1008280","MIDFIELDER"
"Oskar","Baker",2025,"CD_I1008855","MIDFIELDER"
"Lachlan","McNeil",2025,"CD_I1009015","MEDIUM_FORWARD"
"Jamarra","Ugle-Hagan",2025,"CD_I1009301","KEY_FORWARD"
"Caleb","Poulter",2025,"CD_I1011589","MEDIUM_FORWARD"
"Cody","Weightman",2025,"CD_I1011803","MEDIUM_FORWARD"
"Jordan","Croft",2025,"CD_I1013996","KEY_FORWARD"
"Luke","Cleary",2025,"CD_I1015929","MEDIUM_DEFENDER"
"Harvey","Gallagher",2025,"CD_I1017087","MEDIUM_DEFENDER"
"Sam","Darcy",2025,"CD_I1017126","KEY_FORWARD"
"Ryley","Sanders",2025,"CD_I1017939","MIDFIELDER_FORWARD"
"Arthur","Jones",2025,"CD_I1020586","MIDFIELDER_FORWARD"
"Michael","Sellwood",2025,"CD_I1020621","MEDIUM_DEFENDER"
"Jedd","Busslinger",2025,"CD_I1023017","KEY_DEFENDER"
"Lachlan","Smith",2025,"CD_I1027702","RUCK"
"Joel","Freijah",2025,"CD_I1027704","MIDFIELDER_FORWARD"
"Lachie","Jaques",2025,"CD_I1028493","MEDIUM_DEFENDER"
"Cooper","Hynes",2025,"CD_I1029456","MEDIUM_FORWARD"
"Luke","Kennedy",2025,"CD_I1032112","MIDFIELDER"
"James","O'Donnell",2025,"CD_I1032966","KEY_DEFENDER"
"Josh","Dolan",2025,"CD_I1034235","MEDIUM_FORWARD"
"Sam","Davidson",2025,"CD_I1036123","MIDFIELDER"
"Zac","Walker",2025,"CD_I1041619","KEY_DEFENDER"
"Liam","Jones",2025,"CD_I281078","KEY_DEFENDER"
"Taylor","Duryea",2025,"CD_I290085","MEDIUM_DEFENDER"
"Tom","Liberatore",2025,"CD_I290799","MIDFIELDER"
"Adam","Treloar",2025,"CD_I291790","MIDFIELDER_FORWARD"
"Jason","Johannisen",2025,"CD_I294101","MEDIUM_DEFENDER"
"Marcus","Bontempelli",2025,"CD_I297373","MIDFIELDER"
"James","Harmes",2025,"CD_I297899","MIDFIELDER"
"Rory","Lobb",2025,"CD_I990740","KEY_DEFENDER"
"Anthony","Scott",2025,"CD_I992048","MIDFIELDER"
"Bailey","Williams",2025,"CD_I992351","MIDFIELDER"
"Bailey","Dale",2025,"CD_I996708","MEDIUM_DEFENDER"
"Ryan","Gardner",2025,"CD_I997501","KEY_DEFENDER"
"Buku","Khamis",2025,"CD_I998782","KEY_FORWARD"
"Mitch","Lewis",2025,"CD_I1000887","KEY_FORWARD"
"Harry","Morrison",2025,"CD_I1000963","MIDFIELDER"
"Lloyd","Meek",2025,"CD_I1000980","RUCK"
"Ned","Reeves",2025,"CD_I1001024","RUCK"
"James","Worpel",2025,"CD_I1002222","MIDFIELDER"
"Massimo","D'Ambrosio",2025,"CD_I1005144","MIDFIELDER"
"Dylan","Moore",2025,"CD_I1006314","MEDIUM_FORWARD"
"Conor","Nash",2025,"CD_I1007124","MIDFIELDER"
"Will","Day",2025,"CD_I1008550","MIDFIELDER"
"Finn","Maginness",2025,"CD_I1009421","MEDIUM_FORWARD"
"Sam","Butler",2025,"CD_I1010708","MIDFIELDER_FORWARD"
"James","Blanck",2025,"CD_I1011839","KEY_DEFENDER"
"Jack","Ginnivan",2025,"CD_I1012857","MEDIUM_FORWARD"
"Jai","Serong",2025,"CD_I1017091","KEY_DEFENDER"
"Connor","Macdonald",2025,"CD_I1017094","MEDIUM_FORWARD"
"Josh","Ward",2025,"CD_I1017110","MIDFIELDER"
"Seamus","Mitchell",2025,"CD_I1018016","MEDIUM_DEFENDER"
"Jasper","Scaife",2025,"CD_I1018122","KEY_FORWARD"
"Jai","Newcombe",2025,"CD_I1020895","MIDFIELDER"
"William","McCabe",2025,"CD_I1022410","KEY_FORWARD"
"Bodie","Ryan",2025,"CD_I1022473","MEDIUM_DEFENDER"
"Nick","Watson",2025,"CD_I1023473","MEDIUM_FORWARD"
"Cam","Mackenzie",2025,"CD_I1023482","MIDFIELDER"
"Henry","Hustwaite",2025,"CD_I1023680","MIDFIELDER"
"Josh","Weddle",2025,"CD_I1027935","MEDIUM_DEFENDER"
"Max","Ramsden",2025,"CD_I1027965","KEY_FORWARD"
"Cody","Anderson",2025,"CD_I1028566","MIDFIELDER"
"Noah","Mraz",2025,"CD_I1028643","KEY_DEFENDER"
"Bailey","Macdonald",2025,"CD_I1029261","MEDIUM_DEFENDER"
"Calsher","Dear",2025,"CD_I1032100","KEY_FORWARD"
"Jaime","Uhr-Henry",2025,"CD_I1039499","RUCK"
"Matt","Hill",2025,"CD_I1039500","MEDIUM_FORWARD"
"Luke","Breust",2025,"CD_I280744","MEDIUM_FORWARD"
"Jack","Gunston",2025,"CD_I291351","KEY_FORWARD"
"Sam","Frost",2025,"CD_I293738","KEY_DEFENDER"
"Jarman","Impey",2025,"CD_I296254","MEDIUM_DEFENDER"
"Karl","Amon",2025,"CD_I297354","MEDIUM_DEFENDER"
"James","Sicily",2025,"CD_I297566","MEDIUM_DEFENDER"
"Tom","Barrass",2025,"CD_I990290","KEY_DEFENDER"
"Blake","Hardwick",2025,"CD_I993794","MEDIUM_DEFENDER"
"Mabior","Chol",2025,"CD_I994077","KEY_FORWARD"
"Jack","Scrimshaw",2025,"CD_I998114","MEDIUM_DEFENDER"
"Josh","Battle",2025,"CD_I998134","KEY_DEFENDER"
"Changkuoth","Jiath",2025,"CD_I998390","MEDIUM_DEFENDER"
"Jack","Henry",2025,"CD_I1000937","KEY_DEFENDER"
"Zach","Guthrie",2025,"CD_I1004870","MEDIUM_DEFENDER"
"Gryan","Miers",2025,"CD_I1004938","MEDIUM_FORWARD"
"Bailey","Smith",2025,"CD_I1006130","MIDFIELDER"
"Mark","O'Connor",2025,"CD_I1007102","MEDIUM_DEFENDER"
"Sam","De Koning",2025,"CD_I1009229","KEY_DEFENDER"
"Tanner","Bruhn",2025,"CD_I1012805","MIDFIELDER"
"Oliver","Henry",2025,"CD_I1012860","KEY_FORWARD"
"Lawson","Humphries",2025,"CD_I1013464","MEDIUM_DEFENDER"
"Max","Holmes",2025,"CD_I1015889","MIDFIELDER"
"Shannon","Neale",2025,"CD_I1016433","KEY_FORWARD"
"Toby","Conway",2025,"CD_I1017063","RUCK"
"Oliver","Wiltshire",2025,"CD_I1020881","MEDIUM_FORWARD"
"Mitch","Knevitt",2025,"CD_I1021103","MIDFIELDER"
"Jhye","Clark",2025,"CD_I1023537","MIDFIELDER"
"Ted","Clohesy",2025,"CD_I1023542","MIDFIELDER_FORWARD"
"George","Stevens",2025,"CD_I1023681","MIDFIELDER"
"Mitchell","Edwards",2025,"CD_I1024304","RUCK"
"Oisin","Mullin",2025,"CD_I1024982","MEDIUM_DEFENDER"
"Oliver","Dempsey",2025,"CD_I1025034","MIDFIELDER"
"Jacob","Molier",2025,"CD_I1027006","KEY_FORWARD"
"Jay","Polkinghorne",2025,"CD_I1027428","KEY_FORWARD"
"Joe","Pike",2025,"CD_I1027854","RUCK"
"Connor","O'Sullivan",2025,"CD_I1027877","KEY_DEFENDER"
"Xavier","Ivisic",2025,"CD_I1028489","MIDFIELDER_FORWARD"
"Patrick","Retschko",2025,"CD_I1032081","MIDFIELDER"
"Lennox","Hofmann",2025,"CD_I1032114","MEDIUM_DEFENDER"
"Keighton","Matofai-Forbes",2025,"CD_I1032141","MEDIUM_DEFENDER"
"Cillian","Burke",2025,"CD_I1039509","MEDIUM_FORWARD"
"Patrick","Dangerfield",2025,"CD_I270917","MEDIUM_FORWARD"
"Rhys","Stanley",2025,"CD_I280317","RUCK"
"Mitch","Duncan",2025,"CD_I281065","MEDIUM_DEFENDER"
"Cameron","Guthrie",2025,"CD_I290550","MIDFIELDER"
"Tom","Stewart",2025,"CD_I291800","MEDIUM_DEFENDER"
"Jeremy","Cameron",2025,"CD_I293845","KEY_FORWARD"
"Jed","Bews",2025,"CD_I293883","MEDIUM_DEFENDER"
"Jack","Martin",2025,"CD_I296190","MEDIUM_FORWARD"
"Jake","Kolodjashnij",2025,"CD_I296291","KEY_DEFENDER"
"Mark","Blicavs",2025,"CD_I296733","RUCK"
"Shaun","Mannagh",2025,"CD_I993878","MEDIUM_FORWARD"
"Tom","Atkins",2025,"CD_I994386","MIDFIELDER"
"Tyson","Stengle",2025,"CD_I997230","MEDIUM_FORWARD"
"Jack","Bowes",2025,"CD_I998260","MIDFIELDER"
"Brad","Close",2025,"CD_I999326","MEDIUM_FORWARD"
"Harry","Boyd",2025,"CD_I1000958","RUCK"
"Jack","Higgins",2025,"CD_I1002227","MEDIUM_FORWARD"
"Paddy","Dow",2025,"CD_I1002256","MIDFIELDER"
"Hunter","Clark",2025,"CD_I1002264","MIDFIELDER"
"Liam","Henry",2025,"CD_I1005988","MEDIUM_FORWARD"
"Max","King",2025,"CD_I1006143","KEY_FORWARD"
"Liam","Stocker",2025,"CD_I1008312","MEDIUM_DEFENDER"
"Ryan","Byrnes",2025,"CD_I1011994","MEDIUM_DEFENDER"
"Jack","Carroll",2025,"CD_I1013233","MIDFIELDER"
"Isaac","Keeler",2025,"CD_I1015323","KEY_FORWARD"
"Nasiah","Wanganeen-Milera",2025,"CD_I1015507","MEDIUM_DEFENDER"
"Max","Heath",2025,"CD_I1015886","KEY_FORWARD"
"Angus","McLennan",2025,"CD_I1017077","MEDIUM_DEFENDER"
"Lance","Collard",2025,"CD_I1017959","MEDIUM_FORWARD"
"Cooper","Sharman",2025,"CD_I1018018","KEY_FORWARD"
"Mattaes","Phillipou",2025,"CD_I1020137","MEDIUM_FORWARD"
"Max","Hall",2025,"CD_I1020855","MEDIUM_FORWARD"
"Marcus","Windhager",2025,"CD_I1023270","MIDFIELDER"
"Mitch","Owens",2025,"CD_I1023272","KEY_FORWARD"
"Anthony","Caminiti",2025,"CD_I1023784","KEY_DEFENDER"
"Arie","Schoenmaker",2025,"CD_I1024279","MEDIUM_DEFENDER"
"Alex","Dodson",2025,"CD_I1027011","KEY_FORWARD"
"Hugo","Garcia",2025,"CD_I1027790","MIDFIELDER"
"Angus","Hastie",2025,"CD_I1027872","MEDIUM_DEFENDER"
"Darcy","Wilson",2025,"CD_I1027875","MIDFIELDER_FORWARD"
"Patrick","Said",2025,"CD_I1028514","MEDIUM_FORWARD"
"Tobie","Travaglia",2025,"CD_I1028538","MEDIUM_DEFENDER"
"James","Barrat",2025,"CD_I1028545","KEY_DEFENDER"
"Hugh","Boxshall",2025,"CD_I1029148","MIDFIELDER"
"Alix","Tauru",2025,"CD_I1030433","KEY_DEFENDER"
"Liam","O'Connell",2025,"CD_I1035198","MEDIUM_DEFENDER"
"Eamonn","Armstrong",2025,"CD_I1039730","MEDIUM_DEFENDER"
"Jimmy","Webster",2025,"CD_I290757","MEDIUM_DEFENDER"
"Mason","Wood",2025,"CD_I295340","MIDFIELDER_FORWARD"
"Jack","Macrae",2025,"CD_I295467","MIDFIELDER"
"Bradley","Hill",2025,"CD_I295584","MIDFIELDER_FORWARD"
"Jack","Steele",2025,"CD_I296205","MIDFIELDER"
"Callum","Wilkie",2025,"CD_I296422","KEY_DEFENDER"
"Zaine","Cordy",2025,"CD_I991939","KEY_DEFENDER"
"Zak","Jones",2025,"CD_I991988","MIDFIELDER"
"Dan","Butler",2025,"CD_I992374","MEDIUM_FORWARD"
"Rowan","Marshall",2025,"CD_I992468","RUCK"
"Dougal","Howard",2025,"CD_I993480","KEY_DEFENDER"
"Jack","Sinclair",2025,"CD_I994389","MEDIUM_DEFENDER"
"Jordan","Ridley",2025,"CD_I1001026","MEDIUM_DEFENDER"
"Ben","McKay",2025,"CD_I1002143","KEY_DEFENDER"
"Sam","Draper",2025,"CD_I1005577","RUCK"
"Xavier","Duursma",2025,"CD_I1006096","MIDFIELDER"
"Jye","Caldwell",2025,"CD_I1006103","MIDFIELDER"
"Jaxon","Prior",2025,"CD_I1009386","MEDIUM_DEFENDER"
"Harrison","Jones",2025,"CD_I1011755","MIDFIELDER_FORWARD"
"Nick","Bryan",2025,"CD_I1011954","RUCK"
"Nic","Martin",2025,"CD_I1012013","MIDFIELDER_FORWARD"
"Zach","Reid",2025,"CD_I1012817","KEY_DEFENDER"
"Liam","McMahon",2025,"CD_I1012842","KEY_FORWARD"
"Jye","Menzie",2025,"CD_I1013201","MEDIUM_FORWARD"
"Sam","Durham",2025,"CD_I1015810","MIDFIELDER"
"Nik","Cox",2025,"CD_I1015827","MIDFIELDER"
"Archie","Perkins",2025,"CD_I1015873","MEDIUM_FORWARD"
"Saad","El-Hawli",2025,"CD_I1015919","MIDFIELDER"
"Ben","Hobbs",2025,"CD_I1017088","MEDIUM_FORWARD"
"Alwyn","Davey",2025,"CD_I1017933","MEDIUM_FORWARD"
"Thomas","Edwards",2025,"CD_I1018323","KEY_FORWARD"
"Jayden","Nguyen",2025,"CD_I1018987","MEDIUM_DEFENDER"
"Lewis","Hayes",2025,"CD_I1023487","MEDIUM_DEFENDER"
"Archie","Roberts",2025,"CD_I1023515","MEDIUM_DEFENDER"
"Elijah","Tsatas",2025,"CD_I1023785","MIDFIELDER"
"Angus","Clarke",2025,"CD_I1027284","MEDIUM_DEFENDER"
"Oskar","Smartt",2025,"CD_I1027644","MEDIUM_FORWARD"
"Luamon","Lual",2025,"CD_I1027706","MIDFIELDER"
"Nate","Caddy",2025,"CD_I1027899","KEY_FORWARD"
"Vigo","Visentini",2025,"CD_I1027966","RUCK"
"Lachlan","Blakiston",2025,"CD_I1028196","KEY_DEFENDER"
"Zak","Johnson",2025,"CD_I1028519","MEDIUM_DEFENDER"
"Isaac","Kako",2025,"CD_I1028554","MEDIUM_FORWARD"
"Archer","May",2025,"CD_I1029084","KEY_FORWARD"
"Kayle","Gerreyn",2025,"CD_I1029159","KEY_FORWARD"
"Archer","Day-Wicks",2025,"CD_I1029265","MEDIUM_FORWARD"
"Rhys","Unwin",2025,"CD_I1032023","MEDIUM_FORWARD"
"Todd","Goldstein",2025,"CD_I271129","RUCK"
"Dylan","Shiel",2025,"CD_I291783","MIDFIELDER"
"Jayden","Laverde",2025,"CD_I298280","KEY_DEFENDER"
"Peter","Wright",2025,"CD_I298289","KEY_FORWARD"
"Jade","Gresham",2025,"CD_I298421","MEDIUM_FORWARD"
"Kyle","Langford",2025,"CD_I298630","KEY_FORWARD"
"Zach","Merrett",2025,"CD_I992016","MIDFIELDER"
"Darcy","Parish",2025,"CD_I993817","MIDFIELDER"
"Matt","Guelfi",2025,"CD_I996232","MEDIUM_FORWARD"
"Mason","Redman",2025,"CD_I997078","MEDIUM_DEFENDER"
"Andrew","McGrath",2025,"CD_I998102","MEDIUM_DEFENDER"
"Will","Setterfield",2025,"CD_I998215","MIDFIELDER"
"Hayden","McLean",2025,"CD_I1003203","KEY_FORWARD"
"Ben","Paton",2025,"CD_I1004985","MEDIUM_DEFENDER"
"Nick","Blakey",2025,"CD_I1006028","MEDIUM_DEFENDER"
"James","Rowbottom",2025,"CD_I1006126","MIDFIELDER"
"Sam","Wicks",2025,"CD_I1006232","MEDIUM_DEFENDER"
"Joel","Amartey",2025,"CD_I1008091","KEY_FORWARD"
"Tom","McCartin",2025,"CD_I1008198","KEY_DEFENDER"
"Riley","Bice",2025,"CD_I1008224","MEDIUM_DEFENDER"
"Jack","Buller",2025,"CD_I1009392","KEY_FORWARD"
"Justin","McInerney",2025,"CD_I1011936","MIDFIELDER_FORWARD"
"Chad","Warner",2025,"CD_I1012014","MIDFIELDER"
"Matt","Roberts",2025,"CD_I1012210","MEDIUM_DEFENDER"
"Errol","Gulden",2025,"CD_I1013128","MIDFIELDER"
"Braeden","Campbell",2025,"CD_I1013133","MEDIUM_FORWARD"
"Logan","McDonald",2025,"CD_I1013230","KEY_FORWARD"
"James","Jordon",2025,"CD_I1013409","MIDFIELDER"
"William","Edwards",2025,"CD_I1017757","KEY_DEFENDER"
"Corey","Warner",2025,"CD_I1018424","MIDFIELDER_FORWARD"
"Angus","Sheldrick",2025,"CD_I1020339","MIDFIELDER"
"Caiden","Cleary",2025,"CD_I1024057","MEDIUM_FORWARD"
"Caleb","Mitchell",2025,"CD_I1024096","MEDIUM_DEFENDER"
"Patrick","Snell",2025,"CD_I1024685","KEY_DEFENDER"
"Indhi","Kirk",2025,"CD_I1027058","MIDFIELDER"
"Ned","Bowman",2025,"CD_I1027406","MEDIUM_FORWARD"
"Riak","Andrew",2025,"CD_I1027659","KEY_DEFENDER"
"Tom","Hanily",2025,"CD_I1027687","MEDIUM_FORWARD"
"William","Green",2025,"CD_I1027901","RUCK"
"Blake","Leidler",2025,"CD_I1028564","MEDIUM_DEFENDER"
"Jesse","Dattoli",2025,"CD_I1029589","MEDIUM_FORWARD"
"Dane","Rampe",2025,"CD_I290307","MEDIUM_DEFENDER"
"Taylor","Adams",2025,"CD_I291776","MEDIUM_FORWARD"
"Robbie","Fox",2025,"CD_I291848","MEDIUM_DEFENDER"
"Harry","Cunningham",2025,"CD_I291978","MEDIUM_DEFENDER"
"Brodie","Grundy",2025,"CD_I293957","RUCK"
"Joel","Hamling",2025,"CD_I295222","KEY_DEFENDER"
"Jake","Lloyd",2025,"CD_I295342","MIDFIELDER"
"Isaac","Heeney",2025,"CD_I298539","MIDFIELDER"
"Aaron","Francis",2025,"CD_I990816","KEY_FORWARD"
"Callum","Mills",2025,"CD_I993905","MEDIUM_DEFENDER"
"Lewis","Melican",2025,"CD_I996743","KEY_DEFENDER"
"Tom","Papley",2025,"CD_I996765","MEDIUM_FORWARD"
"Will","Hayward",2025,"CD_I997100","MEDIUM_FORWARD"
"Peter","Ladhams",2025,"CD_I997142","RUCK"
"Oliver","Florent",2025,"CD_I998103","MIDFIELDER"
"Andrew","Brayshaw",2025,"CD_I1002232","MIDFIELDER"
"Jordan","Clark",2025,"CD_I1006152","MEDIUM_DEFENDER"
"Hayden","Young",2025,"CD_I1009256","MIDFIELDER"
"Jeremy","Sharp",2025,"CD_I1009380","MIDFIELDER"
"Luke","Jackson",2025,"CD_I1009399","RUCK"
"Brandon","Walker",2025,"CD_I1009410","MEDIUM_DEFENDER"
"Caleb","Serong",2025,"CD_I1009420","MIDFIELDER"
"Isaiah","Dudley",2025,"CD_I1011558","MEDIUM_FORWARD"
"Josh","Treacy",2025,"CD_I1012819","KEY_FORWARD"
"Nathan","O'Driscoll",2025,"CD_I1013220","MIDFIELDER"
"Heath","Chapman",2025,"CD_I1013224","MEDIUM_DEFENDER"
"Sam","Sturt",2025,"CD_I1013611","MEDIUM_FORWARD"
"Matthew","Johnson",2025,"CD_I1016825","MIDFIELDER"
"Patrick","Voss",2025,"CD_I1017754","KEY_FORWARD"
"Jack","Delean",2025,"CD_I1019975","MEDIUM_FORWARD"
"Neil","Erasmus",2025,"CD_I1020250","MIDFIELDER"
"Jye","Amiss",2025,"CD_I1020594","KEY_FORWARD"
"Joshua","Draper",2025,"CD_I1020668","KEY_DEFENDER"
"Karl","Worner",2025,"CD_I1021015","MEDIUM_DEFENDER"
"Hugh","Davies",2025,"CD_I1022927","KEY_DEFENDER"
"Jaren","Carr",2025,"CD_I1023047","MEDIUM_DEFENDER"
"Liam","Reidy",2025,"CD_I1023346","RUCK"
"Charlie","Nicholls",2025,"CD_I1027155","KEY_FORWARD"
"Cooper","Simpson",2025,"CD_I1027656","MEDIUM_DEFENDER"
"Ollie","Murphy",2025,"CD_I1027990","KEY_DEFENDER"
"Aiden","Riddle",2025,"CD_I1028228","KEY_FORWARD"
"Odin","Jones",2025,"CD_I1028371","KEY_FORWARD"
"Murphy","Reid",2025,"CD_I1028513","MEDIUM_FORWARD"
"Michael","Walters",2025,"CD_I281007","MEDIUM_FORWARD"
"Nat","Fyfe",2025,"CD_I291570","MIDFIELDER"
"Jaeger","O'Meara",2025,"CD_I294613","MIDFIELDER"
"James","Aish",2025,"CD_I295067","MEDIUM_DEFENDER"
"Alex","Pearce",2025,"CD_I298409","KEY_DEFENDER"
"Sam","Switkowski",2025,"CD_I992059","MEDIUM_FORWARD"
"Oscar","McDonald",2025,"CD_I992472","KEY_DEFENDER"
"Corey","Wagner",2025,"CD_I993940","MIDFIELDER"
"Shai","Bolton",2025,"CD_I993993","MIDFIELDER_FORWARD"
"Brennan","Cox",2025,"CD_I997033","KEY_DEFENDER"
"Will","Brodie",2025,"CD_I998129","MIDFIELDER"
"Sean","Darcy",2025,"CD_I998145","RUCK"
"Bailey","Banfield",2025,"CD_I998180","MEDIUM_DEFENDER"
"Luke","Ryan",2025,"CD_I998659","MEDIUM_DEFENDER"
"Michael","Frederick",2025,"CD_I999321","MEDIUM_FORWARD"
"Quinton","Narkle",2025,"CD_I999824","MEDIUM_FORWARD"
"Brent","Daniels",2025,"CD_I1002251","MEDIUM_FORWARD"
"Jacob","Wehr",2025,"CD_I1004530","MIDFIELDER"
"Sam","Taylor",2025,"CD_I1005247","KEY_DEFENDER"
"Xavier","O'Halloran",2025,"CD_I1006135","MIDFIELDER"
"Connor","Idun",2025,"CD_I1008083","MEDIUM_DEFENDER"
"Jake","Riccardi",2025,"CD_I1008123","KEY_FORWARD"
"Toby","Bedford",2025,"CD_I1008139","MIDFIELDER_FORWARD"
"Kieren","Briggs",2025,"CD_I1008436","RUCK"
"Leek","Aleer",2025,"CD_I1008691","KEY_DEFENDER"
"Lachie","Ash",2025,"CD_I1009253","MEDIUM_DEFENDER"
"Tom","Green",2025,"CD_I1009528","MIDFIELDER"
"Jack","Buckley",2025,"CD_I1009708","KEY_DEFENDER"
"Callum","Brown",2025,"CD_I1014038","MEDIUM_FORWARD"
"Ryan","Angwin",2025,"CD_I1015777","MIDFIELDER"
"Conor","Stone",2025,"CD_I1015862","MEDIUM_DEFENDER"
"Wade","Derksen",2025,"CD_I1016140","KEY_DEFENDER"
"Josh","Fahey",2025,"CD_I1017751","MEDIUM_DEFENDER"
"Aaron","Cadman",2025,"CD_I1019038","KEY_FORWARD"
"Darcy","Jones",2025,"CD_I1020650","MEDIUM_FORWARD"
"Harry","Rowston",2025,"CD_I1021122","MIDFIELDER"
"Finn","Callaghan",2025,"CD_I1023266","MIDFIELDER"
"Nicholas","Madden",2025,"CD_I1023743","RUCK"
"Max","Gruzewski",2025,"CD_I1027921","KEY_FORWARD"
"Harvey","Thomas",2025,"CD_I1027925","MEDIUM_FORWARD"
"Toby","McMullin",2025,"CD_I1027971","MIDFIELDER"
"Oliver","Hannaford",2025,"CD_I1028485","MEDIUM_FORWARD"
"Jack","Ough",2025,"CD_I1028539","MIDFIELDER"
"Harrison","Oliver",2025,"CD_I1028562","MEDIUM_DEFENDER"
"Josaia","Delana",2025,"CD_I1029030","MEDIUM_FORWARD"
"Phoenix","Gothard",2025,"CD_I1032042","MEDIUM_FORWARD"
"James","Leake",2025,"CD_I1032119","MEDIUM_DEFENDER"
"Logan","Smith",2025,"CD_I1032161","RUCK"
"Cody","Angove",2025,"CD_I1032619","MEDIUM_FORWARD"
"Joe","Fonti",2025,"CD_I1032629","MEDIUM_DEFENDER"
"Nathan","Wardius",2025,"CD_I1034066","MEDIUM_FORWARD"
"Callan","Ward",2025,"CD_I280109","MIDFIELDER"
"Lachlan","Keeffe",2025,"CD_I290314","RUCK"
"Stephen","Coniglio",2025,"CD_I291969","MIDFIELDER"
"Jake","Stringer",2025,"CD_I293884","MEDIUM_FORWARD"
"Lachie","Whitfield",2025,"CD_I294305","MEDIUM_DEFENDER"
"Toby","Greene",2025,"CD_I295344","MEDIUM_FORWARD"
"Jesse","Hogan",2025,"CD_I296324","KEY_FORWARD"
"Josh","Kelly",2025,"CD_I296347","MIDFIELDER"
"Harry","Himmelberg",2025,"CD_I993107","MEDIUM_DEFENDER"
"Noah","Balta",2025,"CD_I1002245","KEY_DEFENDER"
"Ben","Miller",2025,"CD_I1002403","KEY_DEFENDER"
"Jacob","Koschitzke",2025,"CD_I1006030","KEY_FORWARD"
"Jack","Ross",2025,"CD_I1006133","MIDFIELDER_FORWARD"
"Rhyan","Mansell",2025,"CD_I1008478","MEDIUM_FORWARD"
"Mykelti","Lefau",2025,"CD_I1008747","KEY_FORWARD"
"Thomson","Dow",2025,"CD_I1009226","MIDFIELDER"
"Maurice","Rioli",2025,"CD_I1009551","MEDIUM_FORWARD"
"Hugo","Ralphsmith",2025,"CD_I1011985","MIDFIELDER"
"Samson","Ryan",2025,"CD_I1012386","RUCK"
"Sam","Banks",2025,"CD_I1013197","MEDIUM_DEFENDER"
"Jacob","Blight",2025,"CD_I1013229","KEY_DEFENDER"
"Judson","Clarke",2025,"CD_I1017043","MEDIUM_DEFENDER"
"Josh","Gibcus",2025,"CD_I1017059","KEY_DEFENDER"
"Tom","Brown",2025,"CD_I1017086","MEDIUM_DEFENDER"
"Tyler","Sonsie",2025,"CD_I1017114","MIDFIELDER_FORWARD"
"Tylar","Young",2025,"CD_I1018433","KEY_DEFENDER"
"Tom","Sims",2025,"CD_I1018996","KEY_FORWARD"
"Kane","McAuliffe",2025,"CD_I1019916","MIDFIELDER"
"Jacob","Bauer",2025,"CD_I1021152","KEY_FORWARD"
"Mate","Colina",2025,"CD_I1021660","RUCK"
"Liam","Fawcett",2025,"CD_I1022383","KEY_FORWARD"
"Kaleb","Smith",2025,"CD_I1022999","MEDIUM_DEFENDER"
"Steely","Green",2025,"CD_I1023056","MEDIUM_FORWARD"
"Seth","Campbell",2025,"CD_I1023275","MEDIUM_FORWARD"
"Sam","Lalor",2025,"CD_I1028491","MEDIUM_FORWARD"
"Jonty","Faull",2025,"CD_I1028498","KEY_FORWARD"
"Luke","Trainor",2025,"CD_I1028521","MEDIUM_DEFENDER"
"Harry","Armstrong",2025,"CD_I1028525","KEY_FORWARD"
"Jasper","Alger",2025,"CD_I1028537","MEDIUM_FORWARD"
"Josh","Smillie",2025,"CD_I1028572","MIDFIELDER"
"James","Trezise",2025,"CD_I1031829","MIDFIELDER"
"Taj","Hotton",2025,"CD_I1032106","MEDIUM_FORWARD"
"Oliver","Hayes-Brown",2025,"CD_I1035199","RUCK"
"Campbell","Gray",2025,"CD_I1036103","KEY_DEFENDER"
"Dion","Prestia",2025,"CD_I290627","MIDFIELDER"
"Tom","Lynch",2025,"CD_I293813","KEY_FORWARD"
"Kamdyn","McIntosh",2025,"CD_I294592","MIDFIELDER"
"Nick","Vlastuin",2025,"CD_I294674","MEDIUM_DEFENDER"
"Nathan","Broad",2025,"CD_I295203","MEDIUM_DEFENDER"
"Toby","Nankervis",2025,"CD_I298174","RUCK"
"Jayden","Short",2025,"CD_I992049","MEDIUM_DEFENDER"
"Jacob","Hopper",2025,"CD_I993903","MIDFIELDER"
"Tim","Taranto",2025,"CD_I998172","MIDFIELDER"
"Bayley","Fritsch",2025,"CD_I1001438","MEDIUM_FORWARD"
"Charlie","Spargo",2025,"CD_I1002282","MEDIUM_FORWARD"
"Kade","Chandler",2025,"CD_I1005330","MEDIUM_FORWARD"
"Harry","Sharp",2025,"CD_I1007099","MEDIUM_FORWARD"
"Jack","Henderson",2025,"CD_I1008183","MEDIUM_FORWARD"
"Kysaiah","Pickett",2025,"CD_I1008541","MIDFIELDER_FORWARD"
"Harrison","Petty",2025,"CD_I1008893","KEY_FORWARD"
"Trent","Rivers",2025,"CD_I1009378","MEDIUM_DEFENDER"
"Jake","Bowey",2025,"CD_I1012825","MEDIUM_DEFENDER"
"Bailey","Laurie",2025,"CD_I1012826","MEDIUM_FORWARD"
"Andy","Moniz-Wakefield",2025,"CD_I1013165","MEDIUM_DEFENDER"
"Tom","Fullarton",2025,"CD_I1013532","KEY_FORWARD"
"Will","Verrall",2025,"CD_I1015473","RUCK"
"Blake","Howes",2025,"CD_I1017122","MEDIUM_DEFENDER"
"Judd","McVee",2025,"CD_I1017703","MEDIUM_DEFENDER"
"Jacob","van Rooyen",2025,"CD_I1017720","KEY_FORWARD"
"Taj","Woewodin",2025,"CD_I1018425","MIDFIELDER"
"Jai","Culley",2025,"CD_I1020802","MIDFIELDER"
"Daniel","Turner",2025,"CD_I1020959","KEY_DEFENDER"
"Jed","Adams",2025,"CD_I1023174","KEY_DEFENDER"
"Matthew","Jefferson",2025,"CD_I1023486","KEY_FORWARD"
"Koltyn","Tholstrup",2025,"CD_I1023640","MEDIUM_FORWARD"
"Aidan","Johnson",2025,"CD_I1024173","KEY_FORWARD"
"Luker","Kentfield",2025,"CD_I1024337","KEY_DEFENDER"
"Caleb","Windsor",2025,"CD_I1027821","MEDIUM_DEFENDER"
"Kynan","Brown",2025,"CD_I1027949","MIDFIELDER"
"Xavier","Lindsay",2025,"CD_I1028531","MIDFIELDER"
"Harvey","Langford",2025,"CD_I1028546","MIDFIELDER"
"Ricky","Mentha",2025,"CD_I1029211","MEDIUM_FORWARD"
"Oliver","Sestan",2025,"CD_I1029973","MEDIUM_DEFENDER"
"Jake","Melksham",2025,"CD_I280824","KEY_FORWARD"
"Steven","May",2025,"CD_I281085","KEY_DEFENDER"
"Tom","Campbell",2025,"CD_I290246","RUCK"
"Max","Gawn",2025,"CD_I290528","RUCK"
"Tom","McDonald",2025,"CD_I291533","KEY_DEFENDER"
"Jack","Viney",2025,"CD_I291902","MIDFIELDER"
"Jack","Billings",2025,"CD_I296351","MIDFIELDER"
"Christian","Salem",2025,"CD_I296359","MEDIUM_DEFENDER"
"Christian","Petracca",2025,"CD_I298210","MIDFIELDER_FORWARD"
"Ed","Langdon",2025,"CD_I298264","MIDFIELDER_FORWARD"
"Jake","Lever",2025,"CD_I298281","MEDIUM_DEFENDER"
"Shane","McAdam",2025,"CD_I298470","MEDIUM_FORWARD"
"Marty","Hore",2025,"CD_I996692","KEY_DEFENDER"
"Clayton","Oliver",2025,"CD_I996701","MIDFIELDER"
"Tom","Sparrow",2025,"CD_I999391","MEDIUM_FORWARD"
"Liam","Baker",2025,"CD_I1000223","MEDIUM_DEFENDER"
"Liam","Ryan",2025,"CD_I1004364","MEDIUM_FORWARD"
"Oscar","Allen",2025,"CD_I1004385","KEY_FORWARD"
"Bailey J.","Williams",2025,"CD_I1006114","RUCK"
"Jack","Petruccelle",2025,"CD_I1006550","MEDIUM_FORWARD"
"Callum","Jamieson",2025,"CD_I1011243","KEY_DEFENDER"
"Harry","Edwards",2025,"CD_I1011437","KEY_DEFENDER"
"Sandy","Brock",2025,"CD_I1013315","KEY_DEFENDER"
"Tyler","Brockman",2025,"CD_I1013511","MEDIUM_FORWARD"
"Matthew","Owies",2025,"CD_I1013973","MEDIUM_FORWARD"
"Campbell","Chesser",2025,"CD_I1017057","MIDFIELDER"
"Rhett","Bazzo",2025,"CD_I1017718","KEY_DEFENDER"
"Lucca","Grego",2025,"CD_I1018992","MIDFIELDER"
"Loch","Rawlinson",2025,"CD_I1020032","MEDIUM_FORWARD"
"Harry","Barnett",2025,"CD_I1020057","RUCK"
"Jack","Williams",2025,"CD_I1020371","KEY_FORWARD"
"Elijah","Hewett",2025,"CD_I1020670","MIDFIELDER"
"Jacob","Newton",2025,"CD_I1022486","KEY_FORWARD"
"Reuben","Ginbey",2025,"CD_I1023025","MEDIUM_DEFENDER"
"Tyrell","Dewar",2025,"CD_I1023142","MIDFIELDER"
"Brady","Hough",2025,"CD_I1023167","MIDFIELDER"
"Harley","Reid",2025,"CD_I1023492","MIDFIELDER"
"Noah","Long",2025,"CD_I1023496","MEDIUM_FORWARD"
"Clay","Hall",2025,"CD_I1024188","MIDFIELDER"
"Archer","Reid",2025,"CD_I1027693","KEY_FORWARD"
"Harvey","Johnston",2025,"CD_I1027969","MEDIUM_DEFENDER"
"Coen","Livingstone",2025,"CD_I1028291","RUCK"
"Bo","Allan",2025,"CD_I1028449","MEDIUM_DEFENDER"
"Tom","Gross",2025,"CD_I1028561","MIDFIELDER_FORWARD"
"Malakai","Champion",2025,"CD_I1029136","MEDIUM_FORWARD"
"Ryan","Maric",2025,"CD_I1029416","MEDIUM_DEFENDER"
"Jobe","Shanahan",2025,"CD_I1031913","KEY_FORWARD"
"Hamish","Davis",2025,"CD_I1032624","MIDFIELDER_FORWARD"
"Jack","Hutchinson",2025,"CD_I1036098","MIDFIELDER"
"Tom","McCarthy",2025,"CD_I1036124","MEDIUM_DEFENDER"
"Jamie","Cripps",2025,"CD_I290826","MEDIUM_FORWARD"
"Elliot","Yeo",2025,"CD_I292128","MIDFIELDER"
"Jeremy","McGovern",2025,"CD_I294859","KEY_DEFENDER"
"Tim","Kelly",2025,"CD_I295898","MIDFIELDER_FORWARD"
"Dom","Sheed",2025,"CD_I296296","MIDFIELDER"
"Liam","Duggan",2025,"CD_I298268","MEDIUM_DEFENDER"
"Jack","Graham",2025,"CD_I990827","MIDFIELDER_FORWARD"
"Tom","Cole",2025,"CD_I993820","MEDIUM_DEFENDER"
"Matt","Flynn",2025,"CD_I993902","RUCK"
"Jayden","Hunt",2025,"CD_I994385","MIDFIELDER"
"Jake","Waterman",2025,"CD_I996554","KEY_FORWARD"
"Izak","Rankine",2026,"CD_I1001195","MIDFIELDER_FORWARD"
"Isaac","Cumming",2026,"CD_I1001396","MIDFIELDER"
"Mitchell","Hinge",2026,"CD_I1004863","MEDIUM_DEFENDER"
"Jordon","Butts",2026,"CD_I1004995","KEY_DEFENDER"
"James","Peatling",2026,"CD_I1006013","MIDFIELDER"
"Lachlan","Sholl",2026,"CD_I1006136","MIDFIELDER"
"Chayce","Jones",2026,"CD_I1006203","MEDIUM_DEFENDER"
"Nick","Murray",2026,"CD_I1008230","KEY_DEFENDER"
"Riley","Thilthorpe",2026,"CD_I1008384","KEY_FORWARD"
"James","Borlase",2026,"CD_I1009029","KEY_DEFENDER"
"Josh","Worrell",2026,"CD_I1011981","MEDIUM_DEFENDER"
"Luke","Pedlar",2026,"CD_I1012218","MEDIUM_FORWARD"
"Sam","Berry",2026,"CD_I1012807","MIDFIELDER"
"Mark","Keane",2026,"CD_I1013974","KEY_DEFENDER"
"Billy","Dowling",2026,"CD_I1015329","MIDFIELDER"
"Max","Michalanney",2026,"CD_I1015370","MEDIUM_DEFENDER"
"Josh","Rachele",2026,"CD_I1017051","MIDFIELDER_FORWARD"
"Zac","Taylor",2026,"CD_I1017065","MEDIUM_FORWARD"
"Jake","Soligo",2026,"CD_I1017109","MIDFIELDER_FORWARD"
"Brayden","Cook",2026,"CD_I1018335","MIDFIELDER"
"Toby","Murray",2026,"CD_I1020950","KEY_FORWARD"
"Luke","Nankervis",2026,"CD_I1021031","MEDIUM_DEFENDER"
"Lachlan","McAndrew",2026,"CD_I1021200","RUCK"
"Tyler","Welsh",2026,"CD_I1022447","KEY_FORWARD"
"Sid","Draper",2026,"CD_I1022607","MIDFIELDER"
"Hugo","Hall-Kahan",2026,"CD_I1023273","MEDIUM_DEFENDER"
"Hugh","Bond",2026,"CD_I1023534","MEDIUM_DEFENDER"
"Daniel","Curtin",2026,"CD_I1024023","MIDFIELDER"
"Oscar","Ryan",2026,"CD_I1027893","MEDIUM_DEFENDER"
"Charlie","Edwards",2026,"CD_I1028671","MIDFIELDER"
"Mitchell","Marsh",2026,"CD_I1031747","MEDIUM_FORWARD"
"Finnbar","Maley",2026,"CD_I1031792","KEY_FORWARD"
"Archie","Ludowyke",2026,"CD_I1033053","KEY_FORWARD"
"Indy","Cotton",2026,"CD_I1044595","KEY_DEFENDER"
"Taylor","Walker",2026,"CD_I280506","KEY_FORWARD"
"Rory","Laird",2026,"CD_I293222","MEDIUM_DEFENDER"
"Alex","Neal-Bullen",2026,"CD_I296420","MEDIUM_FORWARD"
"Reilly","O'Brien",2026,"CD_I297523","RUCK"
"Callum","Ah Chee",2026,"CD_I298437","MEDIUM_FORWARD"
"Wayne","Milera",2026,"CD_I990882","MEDIUM_DEFENDER"
"Jordan","Dawson",2026,"CD_I992242","MIDFIELDER"
"Ben","Keays",2026,"CD_I993946","MEDIUM_FORWARD"
"Darcy","Fogarty",2026,"CD_I999331","KEY_FORWARD"
"Tom","Doedee",2026,"CD_I1000932","MEDIUM_DEFENDER"
"Hugh","McCluggage",2026,"CD_I1000978","MIDFIELDER"
"Cam","Rayner",2026,"CD_I1002235","MEDIUM_FORWARD"
"Zac","Bailey",2026,"CD_I1002312","MIDFIELDER_FORWARD"
"Jack","Payne",2026,"CD_I1002347","KEY_DEFENDER"
"Darragh","Joyce",2026,"CD_I1003520","KEY_DEFENDER"
"Oscar","Allen",2026,"CD_I1004385","KEY_FORWARD"
"Noah","Answerth",2026,"CD_I1005053","MEDIUM_DEFENDER"
"Sam","Draper",2026,"CD_I1005577","RUCK"
"Keidean","Coleman",2026,"CD_I1006059","MEDIUM_DEFENDER"
"Luke","Beecken",2026,"CD_I1008805","MEDIUM_DEFENDER"
"Bruce","Reville",2026,"CD_I1009317","MIDFIELDER"
"Kai","Lohmann",2026,"CD_I1014026","MEDIUM_FORWARD"
"Henry","Smith",2026,"CD_I1016189","KEY_FORWARD"
"Darcy","Wilmot",2026,"CD_I1017067","MEDIUM_DEFENDER"
"James","Tunstill",2026,"CD_I1021108","MIDFIELDER"
"Will","Ashcroft",2026,"CD_I1023517","MIDFIELDER"
"Jaspa","Fletcher",2026,"CD_I1023708","MEDIUM_DEFENDER"
"Reece","Torrent",2026,"CD_I1024187","MIDFIELDER"
"Luke","Lloyd",2026,"CD_I1027985","KEY_DEFENDER"
"Logan","Morris",2026,"CD_I1028019","KEY_FORWARD"
"Shadeau","Brain",2026,"CD_I1028105","MEDIUM_DEFENDER"
"Sam","Marshall",2026,"CD_I1028520","MIDFIELDER"
"Levi","Ashcroft",2026,"CD_I1028560","MIDFIELDER"
"Daniel","Annable",2026,"CD_I1029326","MIDFIELDER"
"Will","McLachlan",2026,"CD_I1029405","MEDIUM_FORWARD"
"Zane","Zakostelsky",2026,"CD_I1032650","KEY_DEFENDER"
"Ty","Gallop",2026,"CD_I1034411","KEY_DEFENDER"
"Cody","Curtin",2026,"CD_I1036780","KEY_FORWARD"
"Koby","Evans",2026,"CD_I1037376","MEDIUM_FORWARD"
"Tai","Hayes",2026,"CD_I1040584","MIDFIELDER"
"Ben","Murphy",2026,"CD_I1044596","MEDIUM_DEFENDER"
"Dayne","Zorko",2026,"CD_I261224","MEDIUM_DEFENDER"
"Ryan","Lester",2026,"CD_I291548","KEY_DEFENDER"
"Lachie","Neale",2026,"CD_I293535","MIDFIELDER"
"Lincoln","McCarthy",2026,"CD_I293581","MEDIUM_FORWARD"
"Darcy","Gardiner",2026,"CD_I296269","KEY_DEFENDER"
"Darcy","Fort",2026,"CD_I298211","RUCK"
"Charlie","Cameron",2026,"CD_I990609","MEDIUM_FORWARD"
"Josh","Dunkley",2026,"CD_I993834","MIDFIELDER"
"Eric","Hipwood",2026,"CD_I993953","KEY_FORWARD"
"Harris","Andrews",2026,"CD_I996059","KEY_DEFENDER"
"Conor","McKenna",2026,"CD_I997846","MEDIUM_FORWARD"
"Jarrod","Berry",2026,"CD_I998133","MIDFIELDER"
"Lachie","Schultz",2026,"CD_I1000860","MEDIUM_FORWARD"
"Patrick","Lipinski",2026,"CD_I1003130","MIDFIELDER_FORWARD"
"Beau","McCreery",2026,"CD_I1004757","MEDIUM_FORWARD"
"Mitch","Podhajski",2026,"CD_I1004882","KEY_FORWARD"
"Josh","Daicos",2026,"CD_I1005054","MEDIUM_DEFENDER"
"Bobby","Hill",2026,"CD_I1006148","MEDIUM_FORWARD"
"Isaac","Quaynor",2026,"CD_I1008089","MEDIUM_DEFENDER"
"Jack","Buller",2026,"CD_I1009392","KEY_FORWARD"
"Wil","Parker",2026,"CD_I1012873","MEDIUM_DEFENDER"
"Reef","McInnes",2026,"CD_I1013278","KEY_DEFENDER"
"Harvey","Harrison",2026,"CD_I1015332","MEDIUM_FORWARD"
"Ned","Long",2026,"CD_I1017124","MIDFIELDER_FORWARD"
"Liam","Puncher",2026,"CD_I1017745","KEY_DEFENDER"
"Jakob","Ryan",2026,"CD_I1020104","MEDIUM_DEFENDER"
"Noah","Howes",2026,"CD_I1022614","KEY_DEFENDER"
"Oscar","Steene",2026,"CD_I1022844","RUCK"
"Edward","Allan",2026,"CD_I1022915","MIDFIELDER"
"Nick","Daicos",2026,"CD_I1023261","MIDFIELDER"
"Angus","Anderson",2026,"CD_I1023744","MIDFIELDER_FORWARD"
"Charlie","West",2026,"CD_I1027382","KEY_FORWARD"
"Roan","Steele",2026,"CD_I1027501","MIDFIELDER"
"Harry","DeMattia",2026,"CD_I1027673","MIDFIELDER"
"Iliro","Smit",2026,"CD_I1027834","RUCK"
"Joel","Cochran",2026,"CD_I1029000","KEY_DEFENDER"
"Zac","McCarthy",2026,"CD_I1030442","KEY_FORWARD"
"Tew","Jiath",2026,"CD_I1032017","MEDIUM_DEFENDER"
"William","Hayes",2026,"CD_I1032922","MEDIUM_FORWARD"
"Jai","Saxena",2026,"CD_I1033835","MEDIUM_FORWARD"
"Harrison","Coe",2026,"CD_I1036106","RUCK"
"Sam","Swadling",2026,"CD_I1037021","MIDFIELDER"
"Tyan","Prindable",2026,"CD_I1042013","MIDFIELDER"
"Scott","Pendlebury",2026,"CD_I260257","MIDFIELDER"
"Steele","Sidebottom",2026,"CD_I280965","MIDFIELDER"
"Jeremy","Howe",2026,"CD_I291313","KEY_DEFENDER"
"Jamie","Elliott",2026,"CD_I293801","MEDIUM_FORWARD"
"Jack","Crisp",2026,"CD_I293871","MIDFIELDER"
"Tim","Membrey",2026,"CD_I294596","KEY_FORWARD"
"Daniel","McStay",2026,"CD_I297504","KEY_FORWARD"
"Darcy","Moore",2026,"CD_I298288","KEY_DEFENDER"
"Darcy","Cameron",2026,"CD_I990291","RUCK"
"Billy","Frampton",2026,"CD_I991773","KEY_DEFENDER"
"Brayden","Maynard",2026,"CD_I992010","KEY_DEFENDER"
"Jordan","De Goey",2026,"CD_I994185","MIDFIELDER_FORWARD"
"Dan","Houston",2026,"CD_I994295","MEDIUM_DEFENDER"
"Harry","Perryman",2026,"CD_I998205","MEDIUM_DEFENDER"
"Lachlan","Sullivan",2026,"CD_I998480","MEDIUM_FORWARD"
"John","Noble",2026,"CD_I1000072","MEDIUM_DEFENDER"
"Daniel","Rioli",2026,"CD_I1000981","MEDIUM_DEFENDER"
"Elliott","Himmelberg",2026,"CD_I1005199","KEY_FORWARD"
"Joel","Jeffrey",2026,"CD_I1005992","MEDIUM_DEFENDER"
"Caleb","Graham",2026,"CD_I1006087","KEY_DEFENDER"
"Ben","King",2026,"CD_I1006144","KEY_FORWARD"
"Wil","Powell",2026,"CD_I1007881","MEDIUM_DEFENDER"
"Charlie","Ballard",2026,"CD_I1008882","KEY_DEFENDER"
"Noah","Anderson",2026,"CD_I1009199","MIDFIELDER"
"Matt","Rowell",2026,"CD_I1009208","MIDFIELDER"
"Jamarra","Ugle-Hagan",2026,"CD_I1009301","KEY_FORWARD"
"Ben","Jepson",2026,"CD_I1011950","MIDFIELDER"
"Sam","Clohesy",2026,"CD_I1013257","MIDFIELDER"
"Alex","Davies",2026,"CD_I1013268","MIDFIELDER"
"Oscar","Adams",2026,"CD_I1015515","KEY_DEFENDER"
"Mac","Andrew",2026,"CD_I1017396","KEY_DEFENDER"
"Caleb","Lewis",2026,"CD_I1017493","KEY_DEFENDER"
"Bodhi","Uwland",2026,"CD_I1017665","MEDIUM_DEFENDER"
"Jake","Rogers",2026,"CD_I1018123","MEDIUM_FORWARD"
"Ned","Moyle",2026,"CD_I1021013","RUCK"
"Bailey","Humphrey",2026,"CD_I1023500","MEDIUM_FORWARD"
"Jed","Walter",2026,"CD_I1023736","KEY_FORWARD"
"Will","Graham",2026,"CD_I1026960","MIDFIELDER_FORWARD"
"Ethan","Read",2026,"CD_I1027033","KEY_FORWARD"
"Max","Knobel",2026,"CD_I1027701","RUCK"
"Asher","Eastham",2026,"CD_I1028541","MEDIUM_FORWARD"
"Cooper","Bell",2026,"CD_I1029065","KEY_FORWARD"
"Zeke","Uwland",2026,"CD_I1029297","MIDFIELDER"
"Leonardo","Lombard",2026,"CD_I1029301","MEDIUM_FORWARD"
"Lachlan","Gulbin",2026,"CD_I1029304","MEDIUM_FORWARD"
"Jai","Murray",2026,"CD_I1029307","MIDFIELDER"
"Avery","Thomas",2026,"CD_I1030438","MEDIUM_DEFENDER"
"Beau","Addinsall",2026,"CD_I1032398","MIDFIELDER_FORWARD"
"Koby","Coulson",2026,"CD_I1033555","MIDFIELDER"
"Dylan","Patterson",2026,"CD_I1033568","MEDIUM_DEFENDER"
"Zak","Evans",2026,"CD_I1038801","MIDFIELDER_FORWARD"
"Jarrod","Witts",2026,"CD_I291975","RUCK"
"Sam","Collins",2026,"CD_I295446","KEY_DEFENDER"
"Nick","Holman",2026,"CD_I297456","MIDFIELDER_FORWARD"
"Christian","Petracca",2026,"CD_I298210","MIDFIELDER"
"Touk","Miller",2026,"CD_I298272","MIDFIELDER_FORWARD"
"Lachie","Weller",2026,"CD_I298524","MIDFIELDER"
"Ben","Long",2026,"CD_I993917","MEDIUM_FORWARD"
"Jy","Farrar",2026,"CD_I999715","MEDIUM_FORWARD"
"Harry","McKay",2026,"CD_I1000953","KEY_FORWARD"
"Lachie","Fogarty",2026,"CD_I1002228","MEDIUM_FORWARD"
"Adam","Cerra",2026,"CD_I1002239","MIDFIELDER"
"Jordan","Boyd",2026,"CD_I1002795","MEDIUM_DEFENDER"
"Sam","Walsh",2026,"CD_I1006094","MIDFIELDER"
"Matthew","Cottrell",2026,"CD_I1008154","MIDFIELDER_FORWARD"
"Brodie","Kemp",2026,"CD_I1009241","KEY_FORWARD"
"Elijah","Hollands",2026,"CD_I1012862","MIDFIELDER_FORWARD"
"Wade","Derksen",2026,"CD_I1016140","KEY_DEFENDER"
"Campbell","Chesser",2026,"CD_I1017057","MIDFIELDER"
"Francis","Evans",2026,"CD_I1017255","MEDIUM_FORWARD"
"Jesse","Motlop",2026,"CD_I1017700","MEDIUM_FORWARD"
"Ashton","Moir",2026,"CD_I1020097","MEDIUM_FORWARD"
"Flynn","Young",2026,"CD_I1020877","MEDIUM_FORWARD"
"Lachlan","Cowan",2026,"CD_I1021353","MEDIUM_DEFENDER"
"Lucas","Camporeale",2026,"CD_I1022452","MIDFIELDER_FORWARD"
"Liam","Reidy",2026,"CD_I1023346","RUCK"
"Hudson","O'Keeffe",2026,"CD_I1023489","RUCK"
"Oliver","Hollands",2026,"CD_I1023495","MIDFIELDER"
"Ben","Camporeale",2026,"CD_I1027282","MIDFIELDER"
"Billy","Wilson",2026,"CD_I1027678","MEDIUM_DEFENDER"
"Flynn","Riley",2026,"CD_I1027903","RUCK"
"Matthew","Carroll",2026,"CD_I1027964","MIDFIELDER"
"Harry","Charleson",2026,"CD_I1028496","MEDIUM_DEFENDER"
"Jagga","Smith",2026,"CD_I1028515","MIDFIELDER"
"Harry","O'Farrell",2026,"CD_I1028526","KEY_DEFENDER"
"Cooper","Lord",2026,"CD_I1032108","MIDFIELDER"
"Jack","Ison",2026,"CD_I1033066","MEDIUM_FORWARD"
"Harry","Dean",2026,"CD_I1033084","KEY_DEFENDER"
"Rob","Monahan",2026,"CD_I1035129","MEDIUM_DEFENDER"
"Talor","Byrne",2026,"CD_I1036426","MEDIUM_FORWARD"
"Matt","Duffy",2026,"CD_I1039720","KEY_DEFENDER"
"George","Hewett",2026,"CD_I294036","MIDFIELDER"
"Zac","Williams",2026,"CD_I294685","MEDIUM_DEFENDER"
"Nick","Haynes",2026,"CD_I295265","MEDIUM_DEFENDER"
"Adam","Saad",2026,"CD_I295461","MEDIUM_DEFENDER"
"Blake","Acres",2026,"CD_I296294","MIDFIELDER"
"Mitch","McGovern",2026,"CD_I297255","KEY_FORWARD"
"Nic","Newman",2026,"CD_I297907","MEDIUM_DEFENDER"
"Marc","Pittonet",2026,"CD_I298290","RUCK"
"Patrick","Cripps",2026,"CD_I990704","MIDFIELDER"
"Jacob","Weitering",2026,"CD_I993832","KEY_DEFENDER"
"Will","Hayward",2026,"CD_I997100","MEDIUM_FORWARD"
"Lewis","Young",2026,"CD_I997316","KEY_DEFENDER"
"Oliver","Florent",2026,"CD_I998103","MEDIUM_DEFENDER"
"Ben","Ainsworth",2026,"CD_I998130","MEDIUM_FORWARD"
"Callum","Coleman-Jones",2026,"CD_I1000061","RUCK"
"Nick","Larkey",2026,"CD_I1001017","KEY_FORWARD"
"Toby","Pink",2026,"CD_I1002138","KEY_DEFENDER"
"Luke","Davies-Uniacke",2026,"CD_I1002267","MIDFIELDER"
"Charlie","Spargo",2026,"CD_I1002282","MEDIUM_FORWARD"
"Paul","Curtis",2026,"CD_I1002947","MEDIUM_FORWARD"
"Dylan","Stephens",2026,"CD_I1004848","MIDFIELDER"
"Tristan","Xerri",2026,"CD_I1004965","RUCK"
"Bailey","Scott",2026,"CD_I1006058","MIDFIELDER"
"Tom","Powell",2026,"CD_I1011659","MEDIUM_FORWARD"
"Charlie","Comben",2026,"CD_I1015781","KEY_DEFENDER"
"Tom","Blamires",2026,"CD_I1015883","MIDFIELDER"
"Josh","Goater",2026,"CD_I1017118","MEDIUM_DEFENDER"
"Zac","Banch",2026,"CD_I1020930","MEDIUM_FORWARD"
"Jackson","Archer",2026,"CD_I1020968","MEDIUM_DEFENDER"
"Cooper","Harvey",2026,"CD_I1020979","MEDIUM_DEFENDER"
"Robert","Hansen Jr",2026,"CD_I1023144","MEDIUM_DEFENDER"
"George","Wardlaw",2026,"CD_I1023477","MIDFIELDER"
"Zane","Duursma",2026,"CD_I1023494","MEDIUM_FORWARD"
"Harry","Sheezel",2026,"CD_I1023518","MIDFIELDER"
"Jacob","Konstanty",2026,"CD_I1023530","MEDIUM_FORWARD"
"Brayden","George",2026,"CD_I1023544","MEDIUM_FORWARD"
"Riley","Hardeman",2026,"CD_I1023625","MEDIUM_DEFENDER"
"Colby","McKercher",2026,"CD_I1024272","MEDIUM_FORWARD"
"Finn","O'Sullivan",2026,"CD_I1028495","MIDFIELDER"
"Matt","Whitlock",2026,"CD_I1028547","KEY_FORWARD"
"Wil","Dawson",2026,"CD_I1028551","RUCK"
"Luke","Urquhart",2026,"CD_I1029281","MIDFIELDER"
"Taylor","Goad",2026,"CD_I1031506","RUCK"
"Blake","Thredgold",2026,"CD_I1031718","KEY_DEFENDER"
"Cooper","Trembath",2026,"CD_I1031988","KEY_FORWARD"
"River","Stevens",2026,"CD_I1031989","MEDIUM_FORWARD"
"Lachy","Dovaston",2026,"CD_I1033060","MEDIUM_FORWARD"
"Hugo","Mikunda",2026,"CD_I1036403","MEDIUM_DEFENDER"
"Oliver","Griffin",2026,"CD_I1041713","KEY_FORWARD"
"Lachy","Brewer",2026,"CD_I1048139","KEY_DEFENDER"
"Luke","Parker",2026,"CD_I290778","MEDIUM_DEFENDER"
"Jack","Darling",2026,"CD_I290838","KEY_FORWARD"
"Aidan","Corr",2026,"CD_I294508","KEY_DEFENDER"
"Caleb","Daniel",2026,"CD_I295136","MEDIUM_DEFENDER"
"Luke","McDonald",2026,"CD_I296355","MEDIUM_DEFENDER"
"Jy","Simpkin",2026,"CD_I993998","MIDFIELDER"
"Griffin","Logue",2026,"CD_I997933","KEY_DEFENDER"
"Cameron","Zurhaar",2026,"CD_I998484","MEDIUM_DEFENDER"
"Zac","Fisher",2026,"CD_I999827","MEDIUM_DEFENDER"
"Willem","Drew",2026,"CD_I1000972","MIDFIELDER"
"Connor","Rozee",2026,"CD_I1001299","MIDFIELDER"
"Esava","Ratugolea",2026,"CD_I1002220","KEY_DEFENDER"
"Kane","Farrell",2026,"CD_I1002253","MEDIUM_DEFENDER"
"Brandon","Zerk-Thatcher",2026,"CD_I1004034","KEY_DEFENDER"
"Jack","Lukosius",2026,"CD_I1004095","MIDFIELDER_FORWARD"
"Jacob","Wehr",2026,"CD_I1004530","MIDFIELDER"
"Todd","Marshall",2026,"CD_I1004998","KEY_FORWARD"
"Jackson","Mead",2026,"CD_I1005326","MEDIUM_DEFENDER"
"Zak","Butters",2026,"CD_I1006121","MIDFIELDER"
"Joe","Richards",2026,"CD_I1008239","MEDIUM_FORWARD"
"Corey","Durdin",2026,"CD_I1008510","MEDIUM_FORWARD"
"Mani","Liddy",2026,"CD_I1008649","MIDFIELDER"
"Miles","Bergman",2026,"CD_I1009191","MEDIUM_DEFENDER"
"Mitch","Georgiades",2026,"CD_I1010174","KEY_FORWARD"
"Lachie","Jones",2026,"CD_I1011583","KEY_DEFENDER"
"Jason","Horne-Francis",2026,"CD_I1011640","MIDFIELDER"
"Jack","Watkins",2026,"CD_I1012002","MIDFIELDER_FORWARD"
"Ollie","Lord",2026,"CD_I1012881","KEY_FORWARD"
"Jase","Burgoyne",2026,"CD_I1013462","MIDFIELDER"
"Josh","Sinn",2026,"CD_I1017078","MEDIUM_DEFENDER"
"Dante","Visentini",2026,"CD_I1017128","RUCK"
"Logan","Evans",2026,"CD_I1019938","MEDIUM_DEFENDER"
"Alex","Van Wyk",2026,"CD_I1019944","RUCK"
"Tom","Cochrane",2026,"CD_I1022371","MEDIUM_FORWARD"
"Benny","Barrett",2026,"CD_I1022601","MEDIUM_FORWARD"
"Harrison","Ramm",2026,"CD_I1027311","KEY_DEFENDER"
"Tom","Anastasopoulos",2026,"CD_I1027870","MIDFIELDER_FORWARD"
"Ewan","Mackinlay",2026,"CD_I1027887","MIDFIELDER"
"Joe","Berry",2026,"CD_I1028529","MEDIUM_FORWARD"
"Christian","Moraes",2026,"CD_I1028563","MEDIUM_FORWARD"
"Xavier","Walsh",2026,"CD_I1029158","KEY_FORWARD"
"Will","Lorenz",2026,"CD_I1029262","MIDFIELDER"
"Mitch","Zadow",2026,"CD_I1029603","MEDIUM_FORWARD"
"Jack","Whitlock",2026,"CD_I1032053","KEY_FORWARD"
"Balyn","O'Brien",2026,"CD_I1032329","KEY_DEFENDER"
"Xavier","Bamert",2026,"CD_I1033049","MEDIUM_FORWARD"
"Jacob","Moss",2026,"CD_I1038914","KEY_FORWARD"
"Josh","Lai",2026,"CD_I1040300","MEDIUM_DEFENDER"
"Ollie","Wines",2026,"CD_I294318","MIDFIELDER"
"Aliir","Aliir",2026,"CD_I294469","KEY_DEFENDER"
"Darcy","Byrne-Jones",2026,"CD_I991930","MEDIUM_DEFENDER"
"Jordon","Sweet",2026,"CD_I992330","RUCK"
"Sam","Powell-Pepper",2026,"CD_I993979","MEDIUM_FORWARD"
"Will","Brodie",2026,"CD_I998129","MIDFIELDER"
"Ivan","Soldo",2026,"CD_I998529","RUCK"
"Lachlan","Bramble",2026,"CD_I1000864","MEDIUM_DEFENDER"
"Matthew","Kennedy",2026,"CD_I1001398","MIDFIELDER"
"Aaron","Naughton",2026,"CD_I1002404","KEY_FORWARD"
"Tim","English",2026,"CD_I1004592","RUCK"
"Laitham","Vandermeer",2026,"CD_I1005000","MEDIUM_FORWARD"
"Nick","Coffield",2026,"CD_I1005717","KEY_DEFENDER"
"Rhylee","West",2026,"CD_I1006127","MEDIUM_FORWARD"
"Riley","Garcia",2026,"CD_I1006533","MIDFIELDER_FORWARD"
"Ed","Richards",2026,"CD_I1008280","MIDFIELDER"
"Connor","Budarick",2026,"CD_I1008454","MEDIUM_DEFENDER"
"Oskar","Baker",2026,"CD_I1008855","MEDIUM_FORWARD"
"Lachlan","McNeil",2026,"CD_I1009015","MIDFIELDER_FORWARD"
"Cody","Weightman",2026,"CD_I1011803","MEDIUM_FORWARD"
"Jordan","Croft",2026,"CD_I1013996","KEY_FORWARD"
"Luke","Cleary",2026,"CD_I1015929","MEDIUM_DEFENDER"
"Harvey","Gallagher",2026,"CD_I1017087","MIDFIELDER"
"Sam","Darcy",2026,"CD_I1017126","KEY_FORWARD"
"Ryley","Sanders",2026,"CD_I1017939","MIDFIELDER_FORWARD"
"Arthur","Jones",2026,"CD_I1020586","MEDIUM_FORWARD"
"Michael","Sellwood",2026,"CD_I1020621","MEDIUM_DEFENDER"
"Jedd","Busslinger",2026,"CD_I1023017","KEY_DEFENDER"
"Caleb","May",2026,"CD_I1027063","RUCK"
"Lachlan","Smith",2026,"CD_I1027702","RUCK"
"Joel","Freijah",2026,"CD_I1027704","MIDFIELDER_FORWARD"
"Lachie","Jaques",2026,"CD_I1028493","MEDIUM_DEFENDER"
"Cooper","Hynes",2026,"CD_I1029456","MIDFIELDER_FORWARD"
"Luke","Kennedy",2026,"CD_I1032112","MEDIUM_FORWARD"
"James","O'Donnell",2026,"CD_I1032966","KEY_DEFENDER"
"Louis","Emmett",2026,"CD_I1033076","RUCK"
"Lachlan","Carmichael",2026,"CD_I1033626","MEDIUM_DEFENDER"
"Josh","Dolan",2026,"CD_I1034235","MEDIUM_FORWARD"
"Will","Lewis",2026,"CD_I1036104","KEY_FORWARD"
"Sam","Davidson",2026,"CD_I1036123","MIDFIELDER"
"Zac","Walker",2026,"CD_I1041619","MEDIUM_FORWARD"
"Will","Darcy",2026,"CD_I1042728","KEY_FORWARD"
"Tom","Liberatore",2026,"CD_I290799","MIDFIELDER"
"Adam","Treloar",2026,"CD_I291790","MEDIUM_FORWARD"
"Marcus","Bontempelli",2026,"CD_I297373","MIDFIELDER"
"James","Harmes",2026,"CD_I297899","MIDFIELDER"
"Rory","Lobb",2026,"CD_I990740","KEY_DEFENDER"
"Bailey","Williams",2026,"CD_I992351","MIDFIELDER"
"Bailey","Dale",2026,"CD_I996708","MEDIUM_DEFENDER"
"Ryan","Gardner",2026,"CD_I997501","KEY_DEFENDER"
"Buku","Khamis",2026,"CD_I998782","KEY_DEFENDER"
"Mitch","Lewis",2026,"CD_I1000887","KEY_FORWARD"
"Harry","Morrison",2026,"CD_I1000963","MIDFIELDER"
"Lloyd","Meek",2026,"CD_I1000980","RUCK"
"Ned","Reeves",2026,"CD_I1001024","RUCK"
"Massimo","D'Ambrosio",2026,"CD_I1005144","MIDFIELDER"
"Dylan","Moore",2026,"CD_I1006314","MEDIUM_FORWARD"
"Conor","Nash",2026,"CD_I1007124","MIDFIELDER"
"Will","Day",2026,"CD_I1008550","MIDFIELDER"
"Finn","Maginness",2026,"CD_I1009421","MIDFIELDER_FORWARD"
"Sam","Butler",2026,"CD_I1010708","MIDFIELDER_FORWARD"
"Flynn","Perez",2026,"CD_I1011771","MEDIUM_DEFENDER"
"James","Blanck",2026,"CD_I1011839","KEY_DEFENDER"
"Jack","Ginnivan",2026,"CD_I1012857","MEDIUM_FORWARD"
"Connor","Macdonald",2026,"CD_I1017094","MEDIUM_FORWARD"
"Josh","Ward",2026,"CD_I1017110","MIDFIELDER"
"Jai","Newcombe",2026,"CD_I1020895","MIDFIELDER"
"William","McCabe",2026,"CD_I1022410","KEY_FORWARD"
"Bodie","Ryan",2026,"CD_I1022473","MEDIUM_DEFENDER"
"Nick","Watson",2026,"CD_I1023473","MEDIUM_FORWARD"
"Cam","Mackenzie",2026,"CD_I1023482","MIDFIELDER"
"Henry","Hustwaite",2026,"CD_I1023680","MIDFIELDER"
"Matthew","LeRay",2026,"CD_I1027145","MIDFIELDER"
"Josh","Weddle",2026,"CD_I1027935","MEDIUM_DEFENDER"
"Max","Ramsden",2026,"CD_I1027965","KEY_FORWARD"
"Cody","Anderson",2026,"CD_I1028566","MEDIUM_FORWARD"
"Noah","Mraz",2026,"CD_I1028643","KEY_DEFENDER"
"Bailey","Macdonald",2026,"CD_I1029261","MEDIUM_DEFENDER"
"Max","Beattie",2026,"CD_I1029417","MIDFIELDER"
"Aidan","Schubert",2026,"CD_I1031492","KEY_FORWARD"
"Calsher","Dear",2026,"CD_I1032100","KEY_FORWARD"
"Cameron","Nairn",2026,"CD_I1032408","MIDFIELDER_FORWARD"
"Jack","Dalton",2026,"CD_I1033042","MEDIUM_FORWARD"
"Oliver","Greeves",2026,"CD_I1033071","MIDFIELDER"
"Jaime","Uhr-Henry",2026,"CD_I1039499","RUCK"
"Matt","Hill",2026,"CD_I1039500","MEDIUM_FORWARD"
"Jack","Gunston",2026,"CD_I291351","KEY_FORWARD"
"Jarman","Impey",2026,"CD_I296254","MEDIUM_DEFENDER"
"Karl","Amon",2026,"CD_I297354","MEDIUM_DEFENDER"
"James","Sicily",2026,"CD_I297566","KEY_DEFENDER"
"Tom","Barrass",2026,"CD_I990290","KEY_DEFENDER"
"Blake","Hardwick",2026,"CD_I993794","MEDIUM_DEFENDER"
"Mabior","Chol",2026,"CD_I994077","KEY_FORWARD"
"Jack","Scrimshaw",2026,"CD_I998114","KEY_DEFENDER"
"Josh","Battle",2026,"CD_I998134","KEY_DEFENDER"
"Jack","Henry",2026,"CD_I1000937","KEY_DEFENDER"
"James","Worpel",2026,"CD_I1002222","MIDFIELDER"
"Zach","Guthrie",2026,"CD_I1004870","MEDIUM_DEFENDER"
"Gryan","Miers",2026,"CD_I1004938","MEDIUM_FORWARD"
"Bailey","Smith",2026,"CD_I1006130","MIDFIELDER"
"Mark","O'Connor",2026,"CD_I1007102","MEDIUM_DEFENDER"
"Sam","De Koning",2026,"CD_I1009229","KEY_DEFENDER"
"Tanner","Bruhn",2026,"CD_I1012805","MEDIUM_DEFENDER"
"Oliver","Henry",2026,"CD_I1012860","KEY_FORWARD"
"Lawson","Humphries",2026,"CD_I1013464","MEDIUM_DEFENDER"
"Max","Holmes",2026,"CD_I1015889","MIDFIELDER"
"Shannon","Neale",2026,"CD_I1016433","KEY_FORWARD"
"Toby","Conway",2026,"CD_I1017063","RUCK"
"Oliver","Wiltshire",2026,"CD_I1020881","MEDIUM_FORWARD"
"Mitch","Knevitt",2026,"CD_I1021103","KEY_FORWARD"
"Jhye","Clark",2026,"CD_I1023537","MIDFIELDER_FORWARD"
"George","Stevens",2026,"CD_I1023681","MIDFIELDER"
"Mitchell","Edwards",2026,"CD_I1024304","RUCK"
"Oisin","Mullin",2026,"CD_I1024982","MIDFIELDER"
"Oliver","Dempsey",2026,"CD_I1025034","MIDFIELDER"
"Harley","Barker",2026,"CD_I1026983","MIDFIELDER"
"Jacob","Molier",2026,"CD_I1027006","KEY_FORWARD"
"Jay","Polkinghorne",2026,"CD_I1027428","KEY_FORWARD"
"Joe","Pike",2026,"CD_I1027854","RUCK"
"Connor","O'Sullivan",2026,"CD_I1027877","KEY_DEFENDER"
"Lennox","Hofmann",2026,"CD_I1032114","MEDIUM_DEFENDER"
"Keighton","Matofai-Forbes",2026,"CD_I1032141","MEDIUM_DEFENDER"
"Nicholas","Driscoll",2026,"CD_I1033039","MEDIUM_FORWARD"
"Jesse","Mellor",2026,"CD_I1033087","MEDIUM_FORWARD"
"Hunter","Holmes",2026,"CD_I1038922","MIDFIELDER_FORWARD"
"Cillian","Burke",2026,"CD_I1039509","MEDIUM_DEFENDER"
"Patrick","Dangerfield",2026,"CD_I270917","MEDIUM_FORWARD"
"Rhys","Stanley",2026,"CD_I280317","RUCK"
"Tom","Stewart",2026,"CD_I291800","MEDIUM_DEFENDER"
"Jeremy","Cameron",2026,"CD_I293845","KEY_FORWARD"
"Jed","Bews",2026,"CD_I293883","MEDIUM_DEFENDER"
"Jack","Martin",2026,"CD_I296190","MEDIUM_FORWARD"
"Jake","Kolodjashnij",2026,"CD_I296291","KEY_DEFENDER"
"Mark","Blicavs",2026,"CD_I296733","MIDFIELDER"
"Shaun","Mannagh",2026,"CD_I993878","MEDIUM_FORWARD"
"Tom","Atkins",2026,"CD_I994386","MIDFIELDER"
"Tyson","Stengle",2026,"CD_I997230","MEDIUM_FORWARD"
"Jack","Bowes",2026,"CD_I998260","MIDFIELDER"
"Brad","Close",2026,"CD_I999326","MEDIUM_FORWARD"
"Jack","Silvagni",2026,"CD_I1001028","KEY_DEFENDER"
"Jack","Higgins",2026,"CD_I1002227","MEDIUM_FORWARD"
"Paddy","Dow",2026,"CD_I1002256","MIDFIELDER"
"Hunter","Clark",2026,"CD_I1002264","MEDIUM_DEFENDER"
"Liam","Ryan",2026,"CD_I1004364","MEDIUM_FORWARD"
"Tom","De Koning",2026,"CD_I1004912","RUCK"
"Liam","Henry",2026,"CD_I1005988","MEDIUM_FORWARD"
"Max","King",2026,"CD_I1006143","KEY_FORWARD"
"Liam","Stocker",2026,"CD_I1008312","MEDIUM_DEFENDER"
"Sam","Flanders",2026,"CD_I1009260","MIDFIELDER"
"Ryan","Byrnes",2026,"CD_I1011994","MIDFIELDER"
"Jack","Carroll",2026,"CD_I1013233","MEDIUM_DEFENDER"
"Isaac","Keeler",2026,"CD_I1015323","KEY_FORWARD"
"Nasiah","Wanganeen-Milera",2026,"CD_I1015507","MIDFIELDER"
"Lance","Collard",2026,"CD_I1017959","MEDIUM_DEFENDER"
"Cooper","Sharman",2026,"CD_I1018018","KEY_FORWARD"
"Mattaes","Phillipou",2026,"CD_I1020137","MIDFIELDER_FORWARD"
"Max","Hall",2026,"CD_I1020855","MIDFIELDER_FORWARD"
"Marcus","Windhager",2026,"CD_I1023270","MIDFIELDER"
"Mitch","Owens",2026,"CD_I1023272","KEY_FORWARD"
"Anthony","Caminiti",2026,"CD_I1023784","KEY_DEFENDER"
"Campbell","Lake",2026,"CD_I1024047","MEDIUM_FORWARD"
"Alex","Dodson",2026,"CD_I1027011","RUCK"
"Hugo","Garcia",2026,"CD_I1027790","MIDFIELDER"
"Angus","Hastie",2026,"CD_I1027872","MEDIUM_DEFENDER"
"Darcy","Wilson",2026,"CD_I1027875","MIDFIELDER_FORWARD"
"Patrick","Said",2026,"CD_I1028514","MIDFIELDER_FORWARD"
"Tobie","Travaglia",2026,"CD_I1028538","MEDIUM_DEFENDER"
"James","Barrat",2026,"CD_I1028545","KEY_DEFENDER"
"Hugh","Boxshall",2026,"CD_I1029148","MIDFIELDER"
"Alix","Tauru",2026,"CD_I1030433","MEDIUM_DEFENDER"
"Kye","Fincher",2026,"CD_I1033048","MIDFIELDER"
"Liam","O'Connell",2026,"CD_I1035198","MIDFIELDER"
"Charlie","Banfield",2026,"CD_I1036769","MIDFIELDER"
"Eamonn","Armstrong",2026,"CD_I1039730","MEDIUM_DEFENDER"
"Kobe","McDonald",2026,"CD_I1044597","MEDIUM_DEFENDER"
"Mason","Wood",2026,"CD_I295340","MIDFIELDER"
"Jack","Macrae",2026,"CD_I295467","MIDFIELDER"
"Bradley","Hill",2026,"CD_I295584","MEDIUM_DEFENDER"
"Callum","Wilkie",2026,"CD_I296422","KEY_DEFENDER"
"Dan","Butler",2026,"CD_I992374","MEDIUM_FORWARD"
"Rowan","Marshall",2026,"CD_I992468","RUCK"
"Dougal","Howard",2026,"CD_I993480","KEY_DEFENDER"
"Jack","Sinclair",2026,"CD_I994389","MEDIUM_DEFENDER"
"Jordan","Ridley",2026,"CD_I1001026","MEDIUM_DEFENDER"
"Ben","McKay",2026,"CD_I1002143","KEY_DEFENDER"
"Xavier","Duursma",2026,"CD_I1006096","MIDFIELDER"
"Jye","Caldwell",2026,"CD_I1006103","MIDFIELDER"
"Jaxon","Prior",2026,"CD_I1009386","MEDIUM_DEFENDER"
"Harrison","Jones",2026,"CD_I1011755","KEY_FORWARD"
"Nick","Bryan",2026,"CD_I1011954","RUCK"
"Nic","Martin",2026,"CD_I1012013","MIDFIELDER_FORWARD"
"Zach","Reid",2026,"CD_I1012817","KEY_DEFENDER"
"Liam","McMahon",2026,"CD_I1012842","KEY_FORWARD"
"Sam","Durham",2026,"CD_I1015810","MIDFIELDER"
"Nik","Cox",2026,"CD_I1015827","MIDFIELDER"
"Archie","Perkins",2026,"CD_I1015873","MEDIUM_FORWARD"
"Saad","El-Hawli",2026,"CD_I1015919","MEDIUM_DEFENDER"
"Thomas","Edwards",2026,"CD_I1018323","MEDIUM_FORWARD"
"Jayden","Nguyen",2026,"CD_I1018987","MEDIUM_FORWARD"
"Lewis","Hayes",2026,"CD_I1023487","MEDIUM_DEFENDER"
"Archie","Roberts",2026,"CD_I1023515","MEDIUM_DEFENDER"
"Elijah","Tsatas",2026,"CD_I1023785","MIDFIELDER"
"Dyson","Sharp",2026,"CD_I1027168","MIDFIELDER_FORWARD"
"Angus","Clarke",2026,"CD_I1027284","MEDIUM_DEFENDER"
"Nate","Caddy",2026,"CD_I1027899","KEY_FORWARD"
"Vigo","Visentini",2026,"CD_I1027966","RUCK"
"Lachlan","Blakiston",2026,"CD_I1028196","KEY_DEFENDER"
"Zak","Johnson",2026,"CD_I1028519","MEDIUM_DEFENDER"
"Isaac","Kako",2026,"CD_I1028554","MEDIUM_FORWARD"
"Archer","May",2026,"CD_I1029084","KEY_FORWARD"
"Kayle","Gerreyn",2026,"CD_I1029159","KEY_DEFENDER"
"Archer","Day-Wicks",2026,"CD_I1029265","MIDFIELDER_FORWARD"
"Hussien","El Achkar",2026,"CD_I1030308","MEDIUM_FORWARD"
"Rhys","Unwin",2026,"CD_I1032023","MEDIUM_FORWARD"
"Jaxon","Artemis",2026,"CD_I1032777","MEDIUM_DEFENDER"
"Jacob","Farrow",2026,"CD_I1034305","MEDIUM_DEFENDER"
"Max","Kondogiannis",2026,"CD_I1036584","MEDIUM_DEFENDER"
"Sullivan","Robey",2026,"CD_I1043261","MIDFIELDER_FORWARD"
"Cillian","Bourke",2026,"CD_I1044339","MEDIUM_DEFENDER"
"Peter","Wright",2026,"CD_I298289","RUCK"
"Jade","Gresham",2026,"CD_I298421","MEDIUM_FORWARD"
"Kyle","Langford",2026,"CD_I298630","MEDIUM_FORWARD"
"Zach","Merrett",2026,"CD_I992016","MIDFIELDER"
"Brayden","Fiorini",2026,"CD_I993799","MIDFIELDER"
"Darcy","Parish",2026,"CD_I993817","MIDFIELDER"
"Matt","Guelfi",2026,"CD_I996232","MEDIUM_FORWARD"
"Mason","Redman",2026,"CD_I997078","MEDIUM_DEFENDER"
"Andrew","McGrath",2026,"CD_I998102","MEDIUM_DEFENDER"
"Will","Setterfield",2026,"CD_I998215","MIDFIELDER"
"Hayden","McLean",2026,"CD_I1003203","KEY_FORWARD"
"Malcolm","Rosas",2026,"CD_I1005986","MEDIUM_FORWARD"
"Nick","Blakey",2026,"CD_I1006028","MEDIUM_DEFENDER"
"James","Rowbottom",2026,"CD_I1006126","MIDFIELDER_FORWARD"
"Sam","Wicks",2026,"CD_I1006232","MEDIUM_DEFENDER"
"Billy","Cootee",2026,"CD_I1007053","MEDIUM_FORWARD"
"Joel","Amartey",2026,"CD_I1008091","KEY_FORWARD"
"Tom","McCartin",2026,"CD_I1008198","KEY_DEFENDER"
"Riley","Bice",2026,"CD_I1008224","MEDIUM_DEFENDER"
"Justin","McInerney",2026,"CD_I1011936","MIDFIELDER"
"Chad","Warner",2026,"CD_I1012014","MIDFIELDER_FORWARD"
"Matt","Roberts",2026,"CD_I1012210","MIDFIELDER"
"Errol","Gulden",2026,"CD_I1013128","MIDFIELDER_FORWARD"
"Braeden","Campbell",2026,"CD_I1013133","MEDIUM_FORWARD"
"Logan","McDonald",2026,"CD_I1013230","KEY_FORWARD"
"James","Jordon",2026,"CD_I1013409","MIDFIELDER"
"Jai","Serong",2026,"CD_I1017091","MIDFIELDER"
"William","Edwards",2026,"CD_I1017757","KEY_DEFENDER"
"Corey","Warner",2026,"CD_I1018424","MEDIUM_FORWARD"
"Angus","Sheldrick",2026,"CD_I1020339","MIDFIELDER"
"Caiden","Cleary",2026,"CD_I1024057","MEDIUM_FORWARD"
"Patrick","Snell",2026,"CD_I1024685","KEY_DEFENDER"
"Ned","Bowman",2026,"CD_I1027406","MEDIUM_FORWARD"
"Riak","Andrew",2026,"CD_I1027659","KEY_DEFENDER"
"Tom","Hanily",2026,"CD_I1027687","MEDIUM_FORWARD"
"William","Green",2026,"CD_I1027901","RUCK"
"Max","King",2026,"CD_I1029015","KEY_FORWARD"
"Jesse","Dattoli",2026,"CD_I1029589","MIDFIELDER_FORWARD"
"Jevan","Phillipou",2026,"CD_I1032354","MEDIUM_FORWARD"
"Noah","Chamberlain",2026,"CD_I1033013","MIDFIELDER"
"Liam","Hetherton",2026,"CD_I1033612","KEY_FORWARD"
"Harry","Kyle",2026,"CD_I1037405","MEDIUM_DEFENDER"
"Dane","Rampe",2026,"CD_I290307","KEY_DEFENDER"
"Taylor","Adams",2026,"CD_I291776","MIDFIELDER"
"Harry","Cunningham",2026,"CD_I291978","MEDIUM_DEFENDER"
"Brodie","Grundy",2026,"CD_I293957","RUCK"
"Joel","Hamling",2026,"CD_I295222","KEY_DEFENDER"
"Jake","Lloyd",2026,"CD_I295342","MIDFIELDER_FORWARD"
"Isaac","Heeney",2026,"CD_I298539","MIDFIELDER"
"Callum","Mills",2026,"CD_I993905","MEDIUM_DEFENDER"
"Charlie","Curnow",2026,"CD_I996731","KEY_FORWARD"
"Lewis","Melican",2026,"CD_I996743","KEY_DEFENDER"
"Tom","Papley",2026,"CD_I996765","MEDIUM_FORWARD"
"Peter","Ladhams",2026,"CD_I997142","RUCK"
"Andrew","Brayshaw",2026,"CD_I1002232","MIDFIELDER"
"Jordan","Clark",2026,"CD_I1006152","MEDIUM_DEFENDER"
"Hayden","Young",2026,"CD_I1009256","MIDFIELDER"
"Jeremy","Sharp",2026,"CD_I1009380","MIDFIELDER_FORWARD"
"Luke","Jackson",2026,"CD_I1009399","RUCK"
"Brandon","Walker",2026,"CD_I1009410","MEDIUM_DEFENDER"
"Caleb","Serong",2026,"CD_I1009420","MIDFIELDER"
"Isaiah","Dudley",2026,"CD_I1011558","MEDIUM_FORWARD"
"Josh","Treacy",2026,"CD_I1012819","KEY_FORWARD"
"Nathan","O'Driscoll",2026,"CD_I1013220","MIDFIELDER"
"Heath","Chapman",2026,"CD_I1013224","MEDIUM_DEFENDER"
"Sam","Sturt",2026,"CD_I1013611","MEDIUM_FORWARD"
"Matthew","Johnson",2026,"CD_I1016825","MIDFIELDER"
"Judd","McVee",2026,"CD_I1017703","MEDIUM_DEFENDER"
"Patrick","Voss",2026,"CD_I1017754","KEY_FORWARD"
"Neil","Erasmus",2026,"CD_I1020250","MIDFIELDER"
"Jye","Amiss",2026,"CD_I1020594","KEY_FORWARD"
"Joshua","Draper",2026,"CD_I1020668","KEY_DEFENDER"
"Karl","Worner",2026,"CD_I1021015","MEDIUM_DEFENDER"
"Hugh","Davies",2026,"CD_I1022927","KEY_DEFENDER"
"Jaren","Carr",2026,"CD_I1023047","MIDFIELDER"
"Charlie","Nicholls",2026,"CD_I1027155","KEY_FORWARD"
"Cooper","Simpson",2026,"CD_I1027656","MEDIUM_DEFENDER"
"Tobyn","Murray",2026,"CD_I1027844","MEDIUM_FORWARD"
"Ollie","Murphy",2026,"CD_I1027990","KEY_DEFENDER"
"Aiden","Riddle",2026,"CD_I1028228","RUCK"
"Murphy","Reid",2026,"CD_I1028513","MEDIUM_FORWARD"
"Adam","Sweid",2026,"CD_I1030311","MIDFIELDER_FORWARD"
"Leon","Kickett",2026,"CD_I1032862","MEDIUM_FORWARD"
"Toby","Whan",2026,"CD_I1033719","MIDFIELDER"
"Ryda","Luke",2026,"CD_I1037928","MEDIUM_FORWARD"
"Christopher","Scerri",2026,"CD_I1040573","MEDIUM_FORWARD"
"Jaeger","O'Meara",2026,"CD_I294613","MIDFIELDER"
"Alex","Pearce",2026,"CD_I298409","KEY_DEFENDER"
"Sam","Switkowski",2026,"CD_I992059","MEDIUM_FORWARD"
"Oscar","McDonald",2026,"CD_I992472","KEY_DEFENDER"
"Corey","Wagner",2026,"CD_I993940","MIDFIELDER"
"Shai","Bolton",2026,"CD_I993993","MIDFIELDER"
"Brennan","Cox",2026,"CD_I997033","KEY_DEFENDER"
"Sean","Darcy",2026,"CD_I998145","RUCK"
"Bailey","Banfield",2026,"CD_I998180","MEDIUM_DEFENDER"
"Mason","Cox",2026,"CD_I998647","RUCK"
"Luke","Ryan",2026,"CD_I998659","MEDIUM_DEFENDER"
"Michael","Frederick",2026,"CD_I999321","MIDFIELDER_FORWARD"
"Brent","Daniels",2026,"CD_I1002251","MIDFIELDER_FORWARD"
"Sam","Taylor",2026,"CD_I1005247","KEY_DEFENDER"
"Xavier","O'Halloran",2026,"CD_I1006135","MIDFIELDER_FORWARD"
"Connor","Idun",2026,"CD_I1008083","MEDIUM_DEFENDER"
"Jake","Riccardi",2026,"CD_I1008123","KEY_FORWARD"
"Toby","Bedford",2026,"CD_I1008139","MEDIUM_FORWARD"
"Kieren","Briggs",2026,"CD_I1008436","RUCK"
"Leek","Aleer",2026,"CD_I1008691","RUCK"
"Lachie","Ash",2026,"CD_I1009253","MEDIUM_DEFENDER"
"Tom","Green",2026,"CD_I1009528","MIDFIELDER"
"Jack","Buckley",2026,"CD_I1009708","KEY_DEFENDER"
"Callum","Brown",2026,"CD_I1014038","MEDIUM_FORWARD"
"Ryan","Angwin",2026,"CD_I1015777","MIDFIELDER"
"Conor","Stone",2026,"CD_I1015862","MIDFIELDER"
"Aaron","Cadman",2026,"CD_I1019038","KEY_FORWARD"
"Darcy","Jones",2026,"CD_I1020650","MEDIUM_FORWARD"
"Harry","Rowston",2026,"CD_I1021122","MIDFIELDER"
"Finn","Callaghan",2026,"CD_I1023266","MIDFIELDER"
"Nicholas","Madden",2026,"CD_I1023743","RUCK"
"Max","Gruzewski",2026,"CD_I1027921","KEY_FORWARD"
"Harvey","Thomas",2026,"CD_I1027925","MIDFIELDER"
"Toby","McMullin",2026,"CD_I1027971","MEDIUM_FORWARD"
"Oliver","Hannaford",2026,"CD_I1028485","MEDIUM_FORWARD"
"Jack","Ough",2026,"CD_I1028539","MIDFIELDER"
"Harrison","Oliver",2026,"CD_I1028562","MEDIUM_DEFENDER"
"Josaia","Delana",2026,"CD_I1029030","MEDIUM_FORWARD"
"Riley","Hamilton",2026,"CD_I1029046","MEDIUM_FORWARD"
"Phoenix","Gothard",2026,"CD_I1032042","MEDIUM_FORWARD"
"James","Leake",2026,"CD_I1032119","MEDIUM_DEFENDER"
"Logan","Smith",2026,"CD_I1032161","RUCK"
"Cody","Angove",2026,"CD_I1032619","MEDIUM_FORWARD"
"Joe","Fonti",2026,"CD_I1032629","MEDIUM_DEFENDER"
"Finnegan","Davis",2026,"CD_I1033070","MEDIUM_DEFENDER"
"Nathan","Wardius",2026,"CD_I1034066","MEDIUM_FORWARD"
"Oskar","Taylor",2026,"CD_I1036379","MEDIUM_DEFENDER"
"Stephen","Coniglio",2026,"CD_I291969","MIDFIELDER"
"Jake","Stringer",2026,"CD_I293884","KEY_FORWARD"
"Lachie","Whitfield",2026,"CD_I294305","MEDIUM_DEFENDER"
"Toby","Greene",2026,"CD_I295344","MIDFIELDER_FORWARD"
"Jesse","Hogan",2026,"CD_I296324","KEY_FORWARD"
"Josh","Kelly",2026,"CD_I296347","MIDFIELDER"
"Jayden","Laverde",2026,"CD_I298280","KEY_DEFENDER"
"Harry","Himmelberg",2026,"CD_I993107","MEDIUM_DEFENDER"
"Clayton","Oliver",2026,"CD_I996701","MIDFIELDER"
"Noah","Balta",2026,"CD_I1002245","KEY_DEFENDER"
"Ben","Miller",2026,"CD_I1002403","KEY_DEFENDER"
"Jack","Ross",2026,"CD_I1006133","MIDFIELDER"
"Rhyan","Mansell",2026,"CD_I1008478","MEDIUM_FORWARD"
"Mykelti","Lefau",2026,"CD_I1008747","KEY_FORWARD"
"Maurice","Rioli",2026,"CD_I1009551","MEDIUM_FORWARD"
"Hugo","Ralphsmith",2026,"CD_I1011985","MIDFIELDER"
"Samson","Ryan",2026,"CD_I1012386","RUCK"
"Sam","Banks",2026,"CD_I1013197","MEDIUM_DEFENDER"
"Judson","Clarke",2026,"CD_I1017043","MEDIUM_DEFENDER"
"Josh","Gibcus",2026,"CD_I1017059","KEY_DEFENDER"
"Tom","Brown",2026,"CD_I1017086","MEDIUM_DEFENDER"
"Tyler","Sonsie",2026,"CD_I1017114","MIDFIELDER_FORWARD"
"Tom","Sims",2026,"CD_I1018996","KEY_FORWARD"
"Kane","McAuliffe",2026,"CD_I1019916","MIDFIELDER"
"Liam","Fawcett",2026,"CD_I1022383","KEY_FORWARD"
"Kaleb","Smith",2026,"CD_I1022999","MEDIUM_DEFENDER"
"Steely","Green",2026,"CD_I1023056","MEDIUM_FORWARD"
"Seth","Campbell",2026,"CD_I1023275","MEDIUM_FORWARD"
"Noah","Roberts-Thomson",2026,"CD_I1026974","MEDIUM_FORWARD"
"Sam","Cumming",2026,"CD_I1027099","MIDFIELDER_FORWARD"
"Zane","Peucker",2026,"CD_I1027367","MEDIUM_FORWARD"
"Sam","Lalor",2026,"CD_I1028491","MIDFIELDER"
"Jonty","Faull",2026,"CD_I1028498","KEY_FORWARD"
"Luke","Trainor",2026,"CD_I1028521","MEDIUM_DEFENDER"
"Harry","Armstrong",2026,"CD_I1028525","KEY_FORWARD"
"Jasper","Alger",2026,"CD_I1028537","MEDIUM_FORWARD"
"Josh","Smillie",2026,"CD_I1028572","MIDFIELDER"
"James","Trezise",2026,"CD_I1031829","MEDIUM_DEFENDER"
"Patrick","Retschko",2026,"CD_I1032081","MIDFIELDER"
"Taj","Hotton",2026,"CD_I1032106","MEDIUM_FORWARD"
"Tom","Burton",2026,"CD_I1033059","MEDIUM_FORWARD"
"Kye","Annand",2026,"CD_I1033488","KEY_DEFENDER"
"Oliver","Hayes-Brown",2026,"CD_I1035199","RUCK"
"Campbell","Gray",2026,"CD_I1036103","KEY_DEFENDER"
"Sam","Grlj",2026,"CD_I1036579","MEDIUM_DEFENDER"
"Patrick","Carr",2026,"CD_I1048567","RUCK"
"Dion","Prestia",2026,"CD_I290627","MIDFIELDER"
"Tom","Lynch",2026,"CD_I293813","KEY_FORWARD"
"Nick","Vlastuin",2026,"CD_I294674","MEDIUM_DEFENDER"
"Nathan","Broad",2026,"CD_I295203","MEDIUM_DEFENDER"
"Toby","Nankervis",2026,"CD_I298174","RUCK"
"Jayden","Short",2026,"CD_I992049","MEDIUM_DEFENDER"
"Jacob","Hopper",2026,"CD_I993903","MIDFIELDER"
"Tim","Taranto",2026,"CD_I998172","MIDFIELDER"
"Bayley","Fritsch",2026,"CD_I1001438","MEDIUM_FORWARD"
"Oscar","Berry",2026,"CD_I1005152","KEY_DEFENDER"
"Kade","Chandler",2026,"CD_I1005330","MEDIUM_FORWARD"
"Harry","Sharp",2026,"CD_I1007099","MEDIUM_FORWARD"
"Jack","Henderson",2026,"CD_I1008183","MIDFIELDER"
"Kysaiah","Pickett",2026,"CD_I1008541","MIDFIELDER"
"Harrison","Petty",2026,"CD_I1008893","KEY_DEFENDER"
"Trent","Rivers",2026,"CD_I1009378","MEDIUM_DEFENDER"
"Jake","Bowey",2026,"CD_I1012825","MEDIUM_DEFENDER"
"Bailey","Laurie",2026,"CD_I1012826","MEDIUM_FORWARD"
"Andy","Moniz-Wakefield",2026,"CD_I1013165","MEDIUM_FORWARD"
"Lukas","Cooke",2026,"CD_I1015301","KEY_DEFENDER"
"Max","Heath",2026,"CD_I1015886","RUCK"
"Joel","Fitzgerald",2026,"CD_I1017073","MIDFIELDER"
"Blake","Howes",2026,"CD_I1017122","MEDIUM_DEFENDER"
"Jacob","van Rooyen",2026,"CD_I1017720","KEY_FORWARD"
"Jai","Culley",2026,"CD_I1020802","MIDFIELDER"
"Paddy","Cross",2026,"CD_I1020887","MIDFIELDER_FORWARD"
"Daniel","Turner",2026,"CD_I1020959","KEY_DEFENDER"
"Latrelle","Pickett",2026,"CD_I1022677","MEDIUM_FORWARD"
"Jed","Adams",2026,"CD_I1023174","KEY_DEFENDER"
"Matthew","Jefferson",2026,"CD_I1023486","KEY_FORWARD"
"Koltyn","Tholstrup",2026,"CD_I1023640","MEDIUM_DEFENDER"
"Aidan","Johnson",2026,"CD_I1024173","KEY_FORWARD"
"Luker","Kentfield",2026,"CD_I1024337","KEY_FORWARD"
"Caleb","Windsor",2026,"CD_I1027821","MIDFIELDER"
"Xavier","Lindsay",2026,"CD_I1028531","MEDIUM_DEFENDER"
"Harvey","Langford",2026,"CD_I1028546","MIDFIELDER"
"Max","Mapley",2026,"CD_I1029130","RUCK"
"Ricky","Mentha",2026,"CD_I1029211","MEDIUM_DEFENDER"
"Xavier","Taylor",2026,"CD_I1033072","MEDIUM_DEFENDER"
"Riley","Onley",2026,"CD_I1033093","KEY_DEFENDER"
"Kalani","White",2026,"CD_I1033572","RUCK"
"Thomas","Matthews",2026,"CD_I1034214","MEDIUM_FORWARD"
"Jake","Melksham",2026,"CD_I280824","MEDIUM_FORWARD"
"Steven","May",2026,"CD_I281085","KEY_DEFENDER"
"Tom","Campbell",2026,"CD_I290246","RUCK"
"Max","Gawn",2026,"CD_I290528","RUCK"
"Tom","McDonald",2026,"CD_I291533","KEY_DEFENDER"
"Brody","Mihocek",2026,"CD_I291849","KEY_FORWARD"
"Jack","Viney",2026,"CD_I291902","MIDFIELDER"
"Jack","Steele",2026,"CD_I296205","MIDFIELDER"
"Christian","Salem",2026,"CD_I296359","MEDIUM_DEFENDER"
"Ed","Langdon",2026,"CD_I298264","MEDIUM_DEFENDER"
"Jake","Lever",2026,"CD_I298281","KEY_DEFENDER"
"Shane","McAdam",2026,"CD_I298470","MEDIUM_FORWARD"
"Changkuoth","Jiath",2026,"CD_I998390","MEDIUM_DEFENDER"
"Tom","Sparrow",2026,"CD_I999391","MIDFIELDER"
"Liam","Baker",2026,"CD_I1000223","MEDIUM_DEFENDER"
"Brandon","Starcevich",2026,"CD_I1002401","MEDIUM_DEFENDER"
"Milan","Murdock",2026,"CD_I1005972","MEDIUM_FORWARD"
"Bailey J.","Williams",2026,"CD_I1006114","RUCK"
"Harry","Schoenberg",2026,"CD_I1008543","MEDIUM_FORWARD"
"Deven","Robertson",2026,"CD_I1009385","MIDFIELDER"
"Harry","Edwards",2026,"CD_I1011437","KEY_DEFENDER"
"Finlay","Macrae",2026,"CD_I1012828","MIDFIELDER"
"Sandy","Brock",2026,"CD_I1013315","KEY_DEFENDER"
"Tyler","Brockman",2026,"CD_I1013511","MEDIUM_FORWARD"
"Matthew","Owies",2026,"CD_I1013973","MEDIUM_FORWARD"
"Marcus","Herbert",2026,"CD_I1015798","MEDIUM_DEFENDER"
"Rhett","Bazzo",2026,"CD_I1017718","KEY_DEFENDER"
"Tylar","Young",2026,"CD_I1018433","KEY_DEFENDER"
"Lucca","Grego",2026,"CD_I1018992","MEDIUM_DEFENDER"
"Harry","Barnett",2026,"CD_I1020057","RUCK"
"Jack","Williams",2026,"CD_I1020371","KEY_FORWARD"
"Elijah","Hewett",2026,"CD_I1020670","MIDFIELDER_FORWARD"
"Jacob","Newton",2026,"CD_I1022486","MEDIUM_FORWARD"
"Reuben","Ginbey",2026,"CD_I1023025","KEY_DEFENDER"
"Tyrell","Dewar",2026,"CD_I1023142","MEDIUM_DEFENDER"
"Brady","Hough",2026,"CD_I1023167","MEDIUM_DEFENDER"
"Harley","Reid",2026,"CD_I1023492","MIDFIELDER"
"Noah","Long",2026,"CD_I1023496","MEDIUM_FORWARD"
"Clay","Hall",2026,"CD_I1024188","MIDFIELDER"
"Oliver","Francou",2026,"CD_I1027101","MIDFIELDER"
"Archer","Reid",2026,"CD_I1027693","KEY_FORWARD"
"Harvey","Johnston",2026,"CD_I1027969","MEDIUM_FORWARD"
"Bo","Allan",2026,"CD_I1028449","MIDFIELDER"
"Tom","Gross",2026,"CD_I1028561","MEDIUM_FORWARD"
"Cooper","Duff-Tytler",2026,"CD_I1028725","KEY_FORWARD"
"Malakai","Champion",2026,"CD_I1029136","MEDIUM_FORWARD"
"Ryan","Maric",2026,"CD_I1029416","MIDFIELDER"
"Jobe","Shanahan",2026,"CD_I1031913","KEY_FORWARD"
"Hamish","Davis",2026,"CD_I1032624","MIDFIELDER"
"Sam","Allen",2026,"CD_I1033063","MIDFIELDER_FORWARD"
"Josh","Lindsay",2026,"CD_I1033078","MEDIUM_DEFENDER"
"Willem","Duursma",2026,"CD_I1033115","MIDFIELDER"
"Fred","Rodriguez",2026,"CD_I1033704","MIDFIELDER"
"Jack","Hutchinson",2026,"CD_I1036098","MEDIUM_FORWARD"
"Tom","McCarthy",2026,"CD_I1036124","MEDIUM_DEFENDER"
"Tylah","Williams",2026,"CD_I1037004","MEDIUM_FORWARD"
"Jake","Miles-Wrency",2026,"CD_I1048100","KEY_DEFENDER"
"Jamie","Cripps",2026,"CD_I290826","MEDIUM_FORWARD"
"Elliot","Yeo",2026,"CD_I292128","MIDFIELDER"
"Tim","Kelly",2026,"CD_I295898","MIDFIELDER"
"Liam","Duggan",2026,"CD_I298268","MEDIUM_DEFENDER"
"Jack","Graham",2026,"CD_I990827","MIDFIELDER"
"Tom","Cole",2026,"CD_I993820","MEDIUM_FORWARD"
"Matt","Flynn",2026,"CD_I993902","RUCK"
"Jake","Waterman",2026,"CD_I996554","KEY_FORWARD"
