"ID","First.name","Surname","Playing.for","Jumper.No.","Round","Date","Kicks","Handballs","Disposals","Marks","Goals","Behinds","Hit.Outs","Tackles","Rebounds","Inside.50s","Clearances","Clangers","Frees.For","Frees.Against","Brownlow.Votes","Contested.Possessions","Uncontested.Possessions","Contested.Marks","Marks.Inside.50","One.Percenters","Bounces","Goal.Assists","Venue","Attendance","Home.team","Away.team","Home.score","Away.score"
12844,"Joel","Amartey","Sydney",36,"1","2026-03-05",6,1,7,4,3,1,2,1,0,2,0,2,2,0,0,3,4,0,3,3,0,0,"S.C.G.",40372,"Sydney","Carlton",132,69
13195,"Riley","Bice","Sydney",26,"1","2026-03-05",11,5,16,5,0,0,0,3,1,1,0,5,1,2,0,6,8,0,0,4,3,1,"S.C.G.",40372,"Sydney","Carlton",132,69
12699,"Nick","Blakey","Sydney",22,"1","2026-03-05",12,9,21,3,0,0,0,1,4,5,0,6,0,2,0,5,15,0,0,4,4,1,"S.C.G.",40372,"Sydney","Carlton",132,69
12421,"Charlie","Curnow","Sydney",35,"1","2026-03-05",10,0,10,3,3,2,0,2,0,1,0,2,2,1,0,4,6,1,2,2,0,0,"S.C.G.",40372,"Sydney","Carlton",132,69
12217,"Brodie","Grundy","Sydney",4,"1","2026-03-05",5,11,16,2,1,0,46,4,2,3,3,5,1,2,0,6,10,2,0,5,0,0,"S.C.G.",40372,"Sydney","Carlton",132,69
12862,"Errol","Gulden","Sydney",21,"1","2026-03-05",16,11,27,3,0,2,0,11,2,8,5,6,1,0,0,8,17,0,0,0,1,3,"S.C.G.",40372,"Sydney","Carlton",132,69
12326,"Isaac","Heeney","Sydney",5,"1","2026-03-05",10,10,20,3,2,0,0,8,0,5,6,6,1,2,0,10,8,0,1,1,0,0,"S.C.G.",40372,"Sydney","Carlton",132,69
12860,"James","Jordon","Sydney",17,"1","2026-03-05",7,9,16,4,0,0,0,2,3,1,1,3,0,1,0,5,10,0,0,0,1,0,"S.C.G.",40372,"Sydney","Carlton",132,69
12268,"Jake","Lloyd","Sydney",44,"1","2026-03-05",8,10,18,6,0,0,0,0,2,2,0,2,0,0,0,5,12,0,2,2,0,1,"S.C.G.",40372,"Sydney","Carlton",132,69
12627,"Tom","McCartin","Sydney",30,"1","2026-03-05",3,14,17,4,0,0,0,0,3,0,2,3,0,0,0,5,12,0,0,11,0,0,"S.C.G.",40372,"Sydney","Carlton",132,69
12861,"Logan","McDonald","Sydney",6,"1","2026-03-05",4,7,11,2,1,0,0,2,0,1,2,4,2,1,0,4,7,1,1,0,0,0,"S.C.G.",40372,"Sydney","Carlton",132,69
12711,"Justin","McInerney","Sydney",27,"1","2026-03-05",16,15,31,5,3,1,0,3,0,6,2,3,1,1,0,7,23,1,1,1,0,2,"S.C.G.",40372,"Sydney","Carlton",132,69
12526,"Lewis","Melican","Sydney",43,"1","2026-03-05",4,3,7,1,0,0,0,1,0,2,0,1,2,0,0,3,4,0,0,4,0,0,"S.C.G.",40372,"Sydney","Carlton",132,69
12413,"Callum","Mills","Sydney",14,"1","2026-03-05",10,15,25,3,0,1,0,0,4,2,0,4,0,1,0,5,17,0,0,3,1,1,"S.C.G.",40372,"Sydney","Carlton",132,69
12412,"Tom","Papley","Sydney",11,"1","2026-03-05",4,5,9,1,1,1,0,3,1,1,0,2,0,1,0,4,6,0,1,1,0,1,"S.C.G.",40372,"Sydney","Carlton",132,69
12140,"Dane","Rampe","Sydney",24,"1","2026-03-05",6,8,14,0,0,0,0,3,3,0,1,1,1,1,0,9,8,0,0,5,1,0,"S.C.G.",40372,"Sydney","Carlton",132,69
12994,"Matt","Roberts","Sydney",34,"1","2026-03-05",12,6,18,5,2,1,0,1,3,4,1,0,0,0,0,7,11,0,0,2,0,0,"S.C.G.",40372,"Sydney","Carlton",132,69
12903,"Malcolm","Rosas","Sydney",10,"1","2026-03-05",4,6,10,0,1,0,0,3,0,1,0,1,1,1,0,4,8,0,0,3,1,2,"S.C.G.",40372,"Sydney","Carlton",132,69
12714,"James","Rowbottom","Sydney",8,"1","2026-03-05",11,9,20,1,1,0,0,9,4,3,7,3,2,2,0,12,9,0,0,1,0,0,"S.C.G.",40372,"Sydney","Carlton",132,69
13022,"Jai","Serong","Sydney",13,"1","2026-03-05",10,9,19,2,0,0,0,5,2,3,2,4,1,1,0,5,13,0,0,4,0,1,"S.C.G.",40372,"Sydney","Carlton",132,69
12951,"Angus","Sheldrick","Sydney",12,"1","2026-03-05",13,10,23,1,1,0,0,1,2,6,3,5,1,1,0,6,15,0,0,1,0,0,"S.C.G.",40372,"Sydney","Carlton",132,69
12797,"Chad","Warner","Sydney",1,"1","2026-03-05",16,4,20,3,1,3,0,2,1,8,4,2,0,2,0,9,12,0,1,1,6,1,"S.C.G.",40372,"Sydney","Carlton",132,69
12818,"Sam","Wicks","Sydney",15,"1","2026-03-05",5,4,9,3,0,0,0,2,2,2,1,3,0,1,0,2,7,0,0,0,3,0,"S.C.G.",40372,"Sydney","Carlton",132,69
12498,"Ben","Ainsworth","Carlton",12,"1","2026-03-05",7,7,14,3,2,0,0,1,0,3,1,2,0,0,0,3,11,0,0,1,0,1,"S.C.G.",40372,"Sydney","Carlton",132,69
13039,"Campbell","Chesser","Carlton",31,"1","2026-03-05",8,9,17,5,0,0,0,2,2,0,0,3,1,2,0,5,12,0,0,0,0,0,"S.C.G.",40372,"Sydney","Carlton",132,69
12261,"Patrick","Cripps","Carlton",9,"1","2026-03-05",8,11,19,2,0,1,0,3,0,2,4,4,1,3,0,10,9,0,0,2,0,0,"S.C.G.",40372,"Sydney","Carlton",132,69
13273,"Harry","Dean","Carlton",35,"1","2026-03-05",7,7,14,1,0,0,0,2,4,1,0,2,2,0,0,7,8,0,0,7,0,0,"S.C.G.",40372,"Sydney","Carlton",132,69
12497,"Oliver","Florent","Carlton",14,"1","2026-03-05",16,6,22,7,0,0,0,1,5,2,2,1,0,0,0,9,11,1,0,0,0,0,"S.C.G.",40372,"Sydney","Carlton",132,69
12596,"Lachie","Fogarty","Carlton",8,"1","2026-03-05",5,9,14,1,0,0,0,0,1,0,0,1,0,0,0,7,8,0,0,3,0,0,"S.C.G.",40372,"Sydney","Carlton",132,69
12509,"Will","Hayward","Carlton",19,"1","2026-03-05",9,2,11,3,1,2,0,3,0,1,0,2,1,1,0,3,8,0,1,0,0,0,"S.C.G.",40372,"Sydney","Carlton",132,69
12411,"George","Hewett","Carlton",29,"1","2026-03-05",9,10,19,2,0,0,0,6,1,1,2,5,1,1,0,7,13,1,0,3,0,0,"S.C.G.",40372,"Sydney","Carlton",132,69
13016,"Elijah","Hollands","Carlton",20,"1","2026-03-05",12,7,19,1,1,0,0,1,2,3,0,6,3,1,0,8,11,0,0,2,0,1,"S.C.G.",40372,"Sydney","Carlton",132,69
13029,"Oliver","Hollands","Carlton",4,"1","2026-03-05",12,6,18,4,0,0,0,2,4,4,3,3,1,0,0,6,10,0,0,1,0,2,"S.C.G.",40372,"Sydney","Carlton",132,69
12937,"Brodie","Kemp","Carlton",17,"1","2026-03-05",8,7,15,3,1,1,0,1,0,2,0,5,1,1,0,6,10,2,1,1,0,0,"S.C.G.",40372,"Sydney","Carlton",132,69
13170,"Cooper","Lord","Carlton",36,"1","2026-03-05",11,15,26,3,0,1,0,0,3,7,1,2,3,0,0,7,20,0,0,2,0,1,"S.C.G.",40372,"Sydney","Carlton",132,69
12404,"Mitch","McGovern","Carlton",11,"1","2026-03-05",12,4,16,5,0,0,0,0,5,2,0,3,0,0,0,3,10,0,0,7,2,0,"S.C.G.",40372,"Sydney","Carlton",132,69
12566,"Harry","McKay","Carlton",10,"1","2026-03-05",10,3,13,5,1,0,0,0,0,3,0,5,1,3,0,7,6,2,0,3,0,0,"S.C.G.",40372,"Sydney","Carlton",132,69
13171,"Ashton","Moir","Carlton",43,"1","2026-03-05",7,3,10,3,1,0,0,4,0,0,2,0,1,0,0,3,5,0,1,0,0,0,"S.C.G.",40372,"Sydney","Carlton",132,69
12417,"Marc","Pittonet","Carlton",27,"1","2026-03-05",8,10,18,3,3,0,17,2,1,1,8,3,2,2,0,12,6,1,1,1,0,0,"S.C.G.",40372,"Sydney","Carlton",132,69
13172,"Liam","Reidy","Carlton",25,"1","2026-03-05",3,2,5,1,0,1,17,2,0,1,1,1,1,1,0,4,0,1,1,2,0,0,"S.C.G.",40372,"Sydney","Carlton",132,69
12330,"Adam","Saad","Carlton",42,"1","2026-03-05",5,6,11,1,0,0,0,0,5,0,0,0,0,0,0,5,3,0,0,5,10,0,"S.C.G.",40372,"Sydney","Carlton",132,69
13274,"Jagga","Smith","Carlton",7,"1","2026-03-05",11,16,27,3,0,0,0,2,1,4,3,4,0,0,0,5,21,0,0,1,3,0,"S.C.G.",40372,"Sydney","Carlton",132,69
12684,"Sam","Walsh","Carlton",18,"1","2026-03-05",16,16,32,3,0,0,0,2,0,9,6,4,2,0,0,13,20,0,0,3,1,0,"S.C.G.",40372,"Sydney","Carlton",132,69
12402,"Jacob","Weitering","Carlton",23,"1","2026-03-05",12,3,15,5,0,0,0,0,4,1,0,1,1,0,0,4,9,0,0,5,0,0,"S.C.G.",40372,"Sydney","Carlton",132,69
12175,"Zac","Williams","Carlton",6,"1","2026-03-05",10,6,16,1,0,1,0,3,4,3,6,3,1,3,0,12,7,0,0,3,1,0,"S.C.G.",40372,"Sydney","Carlton",132,69
12559,"Lewis","Young","Carlton",33,"1","2026-03-05",6,5,11,4,0,0,0,1,4,0,0,3,0,1,0,5,6,0,0,11,0,0,"S.C.G.",40372,"Sydney","Carlton",132,69
13251,"Oscar","Adams","Gold Coast",48,"1","2026-03-06",3,9,12,1,0,0,0,3,1,1,0,0,2,0,0,7,6,0,0,2,0,0,"Carrara",19859,"Gold Coast","Geelong",125,69
12767,"Noah","Anderson","Gold Coast",15,"1","2026-03-06",17,7,24,5,1,4,0,3,2,10,6,3,1,1,0,12,14,0,1,3,1,1,"Carrara",19859,"Gold Coast","Geelong",125,69
13019,"Mac","Andrew","Gold Coast",1,"1","2026-03-06",9,17,26,5,0,0,0,1,5,3,2,4,1,1,0,8,18,0,0,2,0,0,"Carrara",19859,"Gold Coast","Geelong",125,69
13119,"Sam","Clohesy","Gold Coast",33,"1","2026-03-06",10,9,19,5,0,0,0,1,1,4,0,2,0,1,0,5,14,0,0,1,0,0,"Carrara",19859,"Gold Coast","Geelong",125,69
12444,"Sam","Collins","Gold Coast",25,"1","2026-03-06",5,12,17,8,0,0,0,1,1,0,0,2,0,1,0,7,10,2,0,10,0,0,"Carrara",19859,"Gold Coast","Geelong",125,69
12942,"Alex","Davies","Gold Coast",5,"1","2026-03-06",5,12,17,0,0,0,0,8,2,3,4,6,1,4,0,14,6,0,0,1,0,0,"Carrara",19859,"Gold Coast","Geelong",125,69
12848,"Jy","Farrar","Gold Coast",50,"1","2026-03-06",1,4,5,0,0,0,0,4,0,0,0,1,1,0,0,3,2,0,0,2,0,1,"Carrara",19859,"Gold Coast","Geelong",125,69
13120,"Will","Graham","Gold Coast",26,"1","2026-03-06",5,3,8,4,0,1,0,4,0,2,2,4,1,3,0,4,4,0,4,0,1,2,"Carrara",19859,"Gold Coast","Geelong",125,69
13049,"Bailey","Humphrey","Gold Coast",19,"1","2026-03-06",11,4,15,4,4,2,0,3,1,2,1,5,1,2,0,6,9,0,3,1,0,1,"Carrara",19859,"Gold Coast","Geelong",125,69
12933,"Joel","Jeffrey","Gold Coast",16,"1","2026-03-06",16,6,22,5,0,0,0,2,6,4,0,2,0,1,0,4,15,0,0,2,0,1,"Carrara",19859,"Gold Coast","Geelong",125,69
12728,"Ben","King","Gold Coast",34,"1","2026-03-06",4,1,5,2,4,0,0,0,0,0,0,3,1,2,0,3,3,0,2,0,0,0,"Carrara",19859,"Gold Coast","Geelong",125,69
13232,"Leo","Lombard","Gold Coast",8,"1","2026-03-06",9,6,15,4,2,2,0,4,0,5,0,4,0,2,0,4,11,0,2,2,2,1,"Carrara",19859,"Gold Coast","Geelong",125,69
12521,"Ben","Long","Gold Coast",22,"1","2026-03-06",7,7,14,1,2,0,0,5,0,1,0,5,0,0,0,7,7,0,0,3,0,1,"Carrara",19859,"Gold Coast","Geelong",125,69
12331,"Touk","Miller","Gold Coast",11,"1","2026-03-06",10,20,30,3,1,0,0,6,2,3,4,2,0,0,0,11,18,0,0,0,0,0,"Carrara",19859,"Gold Coast","Geelong",125,69
12743,"John","Noble","Gold Coast",2,"1","2026-03-06",17,11,28,6,2,0,0,3,6,2,0,2,0,0,0,2,23,0,0,2,1,0,"Carrara",19859,"Gold Coast","Geelong",125,69
12430,"Christian","Petracca","Gold Coast",3,"1","2026-03-06",15,19,34,5,3,0,0,2,0,10,6,3,0,1,0,15,18,1,0,1,1,1,"Carrara",19859,"Gold Coast","Geelong",125,69
12652,"Wil","Powell","Gold Coast",27,"1","2026-03-06",10,9,19,2,0,0,0,5,1,3,2,3,1,2,0,5,14,0,0,1,1,1,"Carrara",19859,"Gold Coast","Geelong",125,69
13121,"Ethan","Read","Gold Coast",20,"1","2026-03-06",8,6,14,3,0,1,6,4,0,1,0,6,0,2,0,3,9,1,1,1,0,2,"Carrara",19859,"Gold Coast","Geelong",125,69
12403,"Daniel","Rioli","Gold Coast",17,"1","2026-03-06",15,9,24,4,0,1,0,3,3,5,3,3,2,0,0,6,18,0,0,5,5,1,"Carrara",19859,"Gold Coast","Geelong",125,69
13041,"Bodhi","Uwland","Gold Coast",6,"1","2026-03-06",10,9,19,3,0,0,0,2,6,1,1,5,1,3,0,3,12,0,0,5,0,1,"Carrara",19859,"Gold Coast","Geelong",125,69
13278,"Zeke","Uwland","Gold Coast",32,"1","2026-03-06",10,6,16,1,0,0,0,1,0,5,0,7,2,3,0,4,12,0,0,0,1,0,"Carrara",19859,"Gold Coast","Geelong",125,69
12385,"Lachie","Weller","Gold Coast",14,"1","2026-03-06",10,11,21,2,0,0,0,3,2,4,2,2,1,0,0,6,15,0,0,2,0,0,"Carrara",19859,"Gold Coast","Geelong",125,69
12177,"Jarrod","Witts","Gold Coast",28,"1","2026-03-06",3,5,8,1,0,0,52,1,1,2,1,1,1,0,0,6,2,1,0,4,0,0,"Carrara",19859,"Gold Coast","Geelong",125,69
12690,"Tom","Atkins","Geelong",30,"1","2026-03-06",13,13,26,3,0,0,0,6,5,3,6,2,4,0,0,16,10,0,0,3,0,0,"Carrara",19859,"Gold Coast","Geelong",125,69
12153,"Mark","Blicavs","Geelong",46,"1","2026-03-06",5,10,15,2,0,0,18,2,1,0,2,4,1,2,0,6,7,0,0,7,0,1,"Carrara",19859,"Gold Coast","Geelong",125,69
12871,"Tanner","Bruhn","Geelong",4,"1","2026-03-06",22,9,31,5,0,1,0,1,5,4,2,5,0,2,0,6,20,0,0,1,3,2,"Carrara",19859,"Gold Coast","Geelong",125,69
13062,"Jhye","Clark","Geelong",13,"1","2026-03-06",6,5,11,1,1,0,0,1,0,3,2,5,0,1,0,5,6,1,0,0,0,0,"Carrara",19859,"Gold Coast","Geelong",125,69
12806,"Brad","Close","Geelong",45,"1","2026-03-06",2,6,8,1,0,0,0,0,0,1,0,2,0,1,0,4,4,0,1,1,0,0,"Carrara",19859,"Gold Coast","Geelong",125,69
12891,"Sam","De Koning","Geelong",16,"1","2026-03-06",6,7,13,5,0,0,1,0,2,1,2,4,0,1,0,4,8,0,0,4,0,0,"Carrara",19859,"Gold Coast","Geelong",125,69
12974,"Oliver","Dempsey","Geelong",28,"1","2026-03-06",8,12,20,4,4,1,0,2,0,1,2,0,1,0,0,10,9,1,2,0,0,0,"Carrara",19859,"Gold Coast","Geelong",125,69
12551,"Zach","Guthrie","Geelong",39,"1","2026-03-06",9,9,18,5,0,0,0,3,4,0,0,1,3,0,0,5,13,1,0,1,0,0,"Carrara",19859,"Gold Coast","Geelong",125,69
12607,"Jack","Henry","Geelong",38,"1","2026-03-06",6,9,15,4,0,0,0,0,4,1,0,2,0,1,0,5,8,0,0,5,0,0,"Carrara",19859,"Gold Coast","Geelong",125,69
12851,"Oliver","Henry","Geelong",36,"1","2026-03-06",6,3,9,3,2,0,0,1,0,5,0,2,2,1,0,3,8,0,1,0,0,0,"Carrara",19859,"Gold Coast","Geelong",125,69
12881,"Max","Holmes","Geelong",9,"1","2026-03-06",14,15,29,8,0,0,0,5,4,6,9,8,1,3,0,14,16,0,0,1,0,0,"Carrara",19859,"Gold Coast","Geelong",125,69
13160,"Lawson","Humphries","Geelong",17,"1","2026-03-06",8,8,16,1,0,0,0,5,3,2,0,2,0,0,0,1,13,0,0,3,0,0,"Carrara",19859,"Gold Coast","Geelong",125,69
12986,"Mitch","Knevitt","Geelong",10,"1","2026-03-06",6,5,11,3,1,1,0,0,0,1,0,1,2,1,0,5,6,1,1,0,0,1,"Carrara",19859,"Gold Coast","Geelong",125,69
13104,"Shaun","Mannagh","Geelong",7,"1","2026-03-06",8,2,10,3,1,0,0,2,0,2,1,2,1,0,0,3,6,1,1,1,0,1,"Carrara",19859,"Gold Coast","Geelong",125,69
12236,"Jack","Martin","Geelong",19,"1","2026-03-06",5,8,13,2,0,0,0,1,0,2,1,2,2,1,0,7,6,0,0,1,0,0,"Carrara",19859,"Gold Coast","Geelong",125,69
12689,"Gryan","Miers","Geelong",32,"1","2026-03-06",16,12,28,10,0,1,0,4,5,4,1,3,2,0,0,5,24,0,1,0,0,0,"Carrara",19859,"Gold Coast","Geelong",125,69
13066,"Oisin","Mullin","Geelong",34,"1","2026-03-06",1,3,4,1,0,0,0,4,0,0,0,1,0,0,0,1,4,0,0,1,0,0,"Carrara",19859,"Gold Coast","Geelong",125,69
12992,"Shannon","Neale","Geelong",33,"1","2026-03-06",4,1,5,2,1,2,6,1,0,0,1,1,2,0,0,5,3,0,2,5,0,1,"Carrara",19859,"Gold Coast","Geelong",125,69
12531,"Mark","OConnor","Geelong",42,"1","2026-03-06",6,11,17,4,0,1,0,6,2,0,2,2,2,0,0,8,10,0,0,2,0,0,"Carrara",19859,"Gold Coast","Geelong",125,69
13122,"Connor","OSullivan","Geelong",14,"1","2026-03-06",14,4,18,5,0,0,0,3,4,1,0,5,2,2,0,5,10,1,0,6,0,0,"Carrara",19859,"Gold Coast","Geelong",125,69
12692,"Bailey","Smith","Geelong",3,"1","2026-03-06",17,6,23,3,0,0,0,2,1,7,0,3,0,0,0,5,16,0,0,0,0,1,"Carrara",19859,"Gold Coast","Geelong",125,69
12505,"Tom","Stewart","Geelong",44,"1","2026-03-06",16,8,24,2,0,0,0,1,9,1,1,1,1,0,0,6,11,0,0,3,1,0,"Carrara",19859,"Gold Coast","Geelong",125,69
12619,"James","Worpel","Geelong",29,"1","2026-03-06",10,7,17,1,0,1,0,11,2,5,9,3,3,1,0,7,10,0,0,3,0,0,"Carrara",19859,"Gold Coast","Geelong",125,69
13001,"Ryan","Angwin","Greater Western Sydney",9,"1","2026-03-07",5,7,12,1,0,0,0,5,2,1,1,2,0,0,0,3,9,0,0,1,1,0,"Sydney Showground",16157,"Greater Western Sydney","Hawthorn",122,95
12782,"Lachie","Ash","Greater Western Sydney",7,"1","2026-03-07",15,5,20,8,0,0,0,1,8,2,0,4,1,0,0,3,13,0,0,4,2,0,"Sydney Showground",16157,"Greater Western Sydney","Hawthorn",122,95
12904,"Kieren","Briggs","Greater Western Sydney",32,"1","2026-03-07",6,3,9,0,0,0,28,5,1,4,7,3,1,2,0,9,0,0,0,1,0,0,"Sydney Showground",16157,"Greater Western Sydney","Hawthorn",122,95
12910,"Callum","Brown","Greater Western Sydney",46,"1","2026-03-07",3,7,10,1,1,0,0,1,1,1,0,4,1,0,0,4,6,0,0,1,0,0,"Sydney Showground",16157,"Greater Western Sydney","Hawthorn",122,95
12846,"Jack","Buckley","Greater Western Sydney",44,"1","2026-03-07",10,2,12,6,0,0,0,2,3,0,0,2,0,0,0,1,11,1,0,6,0,0,"Sydney Showground",16157,"Greater Western Sydney","Hawthorn",122,95
12969,"Finn","Callaghan","Greater Western Sydney",17,"1","2026-03-07",15,11,26,1,0,0,0,4,4,9,6,3,0,0,0,7,20,0,0,1,3,0,"Sydney Showground",16157,"Greater Western Sydney","Hawthorn",122,95
12028,"Stephen","Coniglio","Greater Western Sydney",3,"1","2026-03-07",13,9,22,6,2,1,0,2,0,3,3,3,1,1,0,10,12,0,2,1,1,3,"Sydney Showground",16157,"Greater Western Sydney","Hawthorn",122,95
13222,"Josaia","Delana","Greater Western Sydney",38,"1","2026-03-07",3,3,6,0,0,0,0,1,0,2,0,2,0,2,0,5,2,0,0,1,0,1,"Sydney Showground",16157,"Greater Western Sydney","Hawthorn",122,95
13164,"Joe","Fonti","Greater Western Sydney",37,"1","2026-03-07",14,8,22,9,0,0,0,1,4,2,3,1,1,0,0,10,13,1,0,4,0,1,"Sydney Showground",16157,"Greater Western Sydney","Hawthorn",122,95
13279,"Phoenix","Gothard","Greater Western Sydney",11,"1","2026-03-07",7,3,10,1,1,1,0,3,0,3,2,3,0,1,0,4,6,0,0,1,0,0,"Sydney Showground",16157,"Greater Western Sydney","Hawthorn",122,95
12025,"Toby","Greene","Greater Western Sydney",4,"1","2026-03-07",16,4,20,1,0,0,0,5,1,8,3,4,1,1,0,12,9,0,0,5,0,3,"Sydney Showground",16157,"Greater Western Sydney","Hawthorn",122,95
13158,"Max","Gruzewski","Greater Western Sydney",35,"1","2026-03-07",3,3,6,3,2,0,0,0,0,1,0,2,0,1,0,3,3,1,2,2,0,0,"Sydney Showground",16157,"Greater Western Sydney","Hawthorn",122,95
12462,"Harry","Himmelberg","Greater Western Sydney",27,"1","2026-03-07",8,11,19,5,0,0,0,2,3,2,1,3,0,1,0,4,15,0,0,1,1,0,"Sydney Showground",16157,"Greater Western Sydney","Hawthorn",122,95
12321,"Jesse","Hogan","Greater Western Sydney",23,"1","2026-03-07",7,1,8,3,3,0,0,1,0,2,0,2,1,1,0,4,3,1,2,1,0,0,"Sydney Showground",16157,"Greater Western Sydney","Hawthorn",122,95
12750,"Connor","Idun","Greater Western Sydney",39,"1","2026-03-07",10,3,13,5,0,0,0,2,3,0,1,2,2,0,0,4,6,0,0,6,1,0,"Sydney Showground",16157,"Greater Western Sydney","Hawthorn",122,95
12377,"Jayden","Laverde","Greater Western Sydney",25,"1","2026-03-07",10,4,14,7,0,0,0,2,2,2,0,1,0,1,0,3,9,1,0,5,0,0,"Sydney Showground",16157,"Greater Western Sydney","Hawthorn",122,95
12821,"Xavier","OHalloran","Greater Western Sydney",33,"1","2026-03-07",5,4,9,4,0,0,0,1,1,1,0,4,0,1,0,4,4,0,0,1,0,0,"Sydney Showground",16157,"Greater Western Sydney","Hawthorn",122,95
12410,"Clayton","Oliver","Greater Western Sydney",10,"1","2026-03-07",9,17,26,3,1,0,0,4,2,4,10,3,0,1,0,19,8,1,0,2,0,0,"Sydney Showground",16157,"Greater Western Sydney","Hawthorn",122,95
12834,"Jake","Riccardi","Greater Western Sydney",26,"1","2026-03-07",12,5,17,7,3,1,7,4,0,8,0,6,1,5,0,4,12,0,1,0,0,2,"Sydney Showground",16157,"Greater Western Sydney","Hawthorn",122,95
13045,"Harry","Rowston","Greater Western Sydney",24,"1","2026-03-07",12,3,15,6,1,0,0,0,1,3,3,3,0,1,0,4,10,0,0,1,0,0,"Sydney Showground",16157,"Greater Western Sydney","Hawthorn",122,95
12167,"Jake","Stringer","Greater Western Sydney",20,"1","2026-03-07",13,1,14,5,5,4,0,2,0,1,2,1,2,1,0,8,6,1,5,3,0,1,"Sydney Showground",16157,"Greater Western Sydney","Hawthorn",122,95
13101,"Harvey","Thomas","Greater Western Sydney",1,"1","2026-03-07",11,9,20,4,0,0,0,1,1,3,2,1,1,0,0,7,15,0,1,2,0,1,"Sydney Showground",16157,"Greater Western Sydney","Hawthorn",122,95
12143,"Lachie","Whitfield","Greater Western Sydney",6,"1","2026-03-07",17,10,27,5,0,0,0,1,7,1,0,2,0,1,0,2,17,0,0,2,0,0,"Sydney Showground",16157,"Greater Western Sydney","Hawthorn",122,95
12357,"Karl","Amon","Hawthorn",10,"1","2026-03-07",10,5,15,3,0,0,0,2,6,3,1,3,0,1,0,0,11,0,0,1,5,2,"Sydney Showground",16157,"Greater Western Sydney","Hawthorn",122,95
12383,"Tom","Barrass","Hawthorn",37,"1","2026-03-07",3,5,8,3,0,0,0,0,1,0,0,2,0,2,0,3,4,2,0,8,0,0,"Sydney Showground",16157,"Greater Western Sydney","Hawthorn",122,95
12558,"Josh","Battle","Hawthorn",24,"1","2026-03-07",13,7,20,7,0,1,0,1,6,2,0,4,1,1,0,7,11,1,1,3,0,0,"Sydney Showground",16157,"Greater Western Sydney","Hawthorn",122,95
12988,"Sam","Butler","Hawthorn",30,"1","2026-03-07",8,2,10,2,2,0,0,1,0,2,3,0,0,0,0,4,6,0,0,1,0,0,"Sydney Showground",16157,"Greater Western Sydney","Hawthorn",122,95
12485,"Mabior","Chol","Hawthorn",18,"1","2026-03-07",8,1,9,3,2,1,6,1,0,1,5,2,1,1,0,8,0,3,3,1,0,0,"Sydney Showground",16157,"Greater Western Sydney","Hawthorn",122,95
12998,"Massimo","DAmbrosio","Hawthorn",16,"1","2026-03-07",10,7,17,1,0,0,0,0,1,0,2,4,0,0,0,7,7,0,0,2,0,0,"Sydney Showground",16157,"Greater Western Sydney","Hawthorn",122,95
12927,"Jack","Ginnivan","Hawthorn",33,"1","2026-03-07",12,5,17,6,2,0,0,1,0,5,2,3,2,0,0,5,10,0,0,1,0,0,"Sydney Showground",16157,"Greater Western Sydney","Hawthorn",122,95
11845,"Jack","Gunston","Hawthorn",19,"1","2026-03-07",6,1,7,4,4,1,0,2,0,1,0,1,0,1,0,3,5,0,3,1,0,0,"Sydney Showground",16157,"Greater Western Sydney","Hawthorn",122,95
12469,"Blake","Hardwick","Hawthorn",15,"1","2026-03-07",6,6,12,2,0,0,0,2,1,1,1,0,2,0,0,5,5,1,0,2,0,0,"Sydney Showground",16157,"Greater Western Sydney","Hawthorn",122,95
12237,"Jarman","Impey","Hawthorn",4,"1","2026-03-07",11,7,18,3,0,0,0,3,5,4,0,2,0,0,0,5,10,0,0,1,0,0,"Sydney Showground",16157,"Greater Western Sydney","Hawthorn",122,95
12636,"Mitch","Lewis","Hawthorn",2,"1","2026-03-07",7,3,10,6,1,1,0,3,0,3,2,2,3,0,0,7,5,2,1,3,0,0,"Sydney Showground",16157,"Greater Western Sydney","Hawthorn",122,95
12954,"Connor","Macdonald","Hawthorn",9,"1","2026-03-07",13,7,20,3,0,0,0,4,2,4,4,2,1,0,0,9,12,0,0,2,0,3,"Sydney Showground",16157,"Greater Western Sydney","Hawthorn",122,95
12843,"Finn","Maginness","Hawthorn",20,"1","2026-03-07",2,6,8,1,0,0,0,1,0,0,0,0,0,0,0,0,8,0,0,0,0,1,"Sydney Showground",16157,"Greater Western Sydney","Hawthorn",122,95
12856,"Lloyd","Meek","Hawthorn",17,"1","2026-03-07",3,3,6,2,1,0,33,3,0,2,2,2,1,1,0,5,2,2,1,1,0,0,"Sydney Showground",16157,"Greater Western Sydney","Hawthorn",122,95
12710,"Dylan","Moore","Hawthorn",8,"1","2026-03-07",5,8,13,1,0,1,0,2,0,1,1,1,0,0,0,6,5,0,0,1,0,0,"Sydney Showground",16157,"Greater Western Sydney","Hawthorn",122,95
12579,"Harry","Morrison","Hawthorn",1,"1","2026-03-07",12,5,17,6,0,0,0,2,1,4,0,4,0,1,0,0,15,0,0,1,0,0,"Sydney Showground",16157,"Greater Western Sydney","Hawthorn",122,95
12670,"Conor","Nash","Hawthorn",11,"1","2026-03-07",8,9,17,2,0,0,0,3,0,3,6,1,1,0,0,8,7,0,0,2,0,0,"Sydney Showground",16157,"Greater Western Sydney","Hawthorn",122,95
12915,"Jai","Newcombe","Hawthorn",3,"1","2026-03-07",16,9,25,4,0,0,0,3,3,4,4,5,2,3,0,4,22,0,0,0,1,0,"Sydney Showground",16157,"Greater Western Sydney","Hawthorn",122,95
12565,"Jack","Scrimshaw","Hawthorn",14,"1","2026-03-07",14,6,20,5,0,0,0,0,9,1,0,5,1,1,0,7,13,0,0,1,1,0,"Sydney Showground",16157,"Greater Western Sydney","Hawthorn",122,95
12332,"James","Sicily","Hawthorn",6,"1","2026-03-07",15,8,23,5,0,0,0,2,5,7,1,1,5,0,0,12,11,1,0,7,0,1,"Sydney Showground",16157,"Greater Western Sydney","Hawthorn",122,95
12955,"Josh","Ward","Hawthorn",25,"1","2026-03-07",10,8,18,6,0,1,0,2,1,3,1,1,0,0,0,6,12,0,0,1,0,0,"Sydney Showground",16157,"Greater Western Sydney","Hawthorn",122,95
13105,"Nick","Watson","Hawthorn",5,"1","2026-03-07",11,6,17,0,2,2,0,4,0,4,1,4,0,1,0,7,9,0,0,1,1,1,"Sydney Showground",16157,"Greater Western Sydney","Hawthorn",122,95
13057,"Josh","Weddle","Hawthorn",23,"1","2026-03-07",7,7,14,3,0,0,0,1,3,3,1,0,1,0,0,5,9,0,0,1,1,1,"Sydney Showground",16157,"Greater Western Sydney","Hawthorn",122,95
12655,"Oscar","Allen","Brisbane Lions",4,"1","2026-03-07",9,2,11,5,1,3,0,0,2,2,0,1,0,1,0,2,8,0,1,0,0,1,"Gabba",31606,"Brisbane Lions","Western Bulldogs",106,111
12340,"Harris","Andrews","Brisbane Lions",31,"1","2026-03-07",11,7,18,7,0,0,0,0,3,1,0,3,2,2,0,8,7,2,0,12,0,1,"Gabba",31606,"Brisbane Lions","Western Bulldogs",106,111
13197,"Levi","Ashcroft","Brisbane Lions",10,"1","2026-03-07",8,10,18,4,0,0,0,3,1,2,2,0,0,0,0,4,15,0,0,2,0,1,"Gabba",31606,"Brisbane Lions","Western Bulldogs",106,111
13040,"Will","Ashcroft","Brisbane Lions",8,"1","2026-03-07",16,14,30,4,0,1,0,5,1,6,7,4,0,0,0,11,16,1,1,0,2,0,"Gabba",31606,"Brisbane Lions","Western Bulldogs",106,111
12610,"Zac","Bailey","Brisbane Lions",33,"1","2026-03-07",8,10,18,2,1,2,0,3,1,3,4,1,1,1,0,7,11,0,0,1,0,0,"Gabba",31606,"Brisbane Lions","Western Bulldogs",106,111
12519,"Jarrod","Berry","Brisbane Lions",7,"1","2026-03-07",14,8,22,8,0,1,0,2,3,2,4,3,3,0,0,8,14,0,1,2,0,2,"Gabba",31606,"Brisbane Lions","Western Bulldogs",106,111
12277,"Charlie","Cameron","Brisbane Lions",23,"1","2026-03-07",13,2,15,7,4,1,0,5,0,5,0,4,3,1,0,6,9,0,2,0,0,2,"Gabba",31606,"Brisbane Lions","Western Bulldogs",106,111
12838,"Keidean","Coleman","Brisbane Lions",18,"1","2026-03-07",13,5,18,5,0,0,0,2,1,3,0,2,1,0,0,3,13,1,0,2,0,0,"Gabba",31606,"Brisbane Lions","Western Bulldogs",106,111
12408,"Josh","Dunkley","Brisbane Lions",5,"1","2026-03-07",8,11,19,3,0,0,0,6,1,3,4,3,0,2,0,9,12,0,0,6,0,0,"Gabba",31606,"Brisbane Lions","Western Bulldogs",106,111
13072,"Jaspa","Fletcher","Brisbane Lions",3,"1","2026-03-07",13,8,21,7,0,0,0,1,0,1,2,2,0,1,0,5,17,0,0,3,2,1,"Gabba",31606,"Brisbane Lions","Western Bulldogs",106,111
12724,"Darcy","Fort","Brisbane Lions",32,"1","2026-03-07",9,2,11,2,1,0,28,2,1,1,3,7,1,5,0,5,4,2,0,0,0,0,"Gabba",31606,"Brisbane Lions","Western Bulldogs",106,111
13235,"Ty","Gallop","Brisbane Lions",22,"1","2026-03-07",7,3,10,4,0,1,0,6,0,3,0,2,0,0,0,5,4,2,1,0,0,0,"Gabba",31606,"Brisbane Lions","Western Bulldogs",106,111
12267,"Darcy","Gardiner","Brisbane Lions",27,"1","2026-03-07",7,0,7,4,0,0,0,0,2,1,0,3,0,2,0,2,5,0,0,5,0,0,"Gabba",31606,"Brisbane Lions","Western Bulldogs",106,111
11894,"Ryan","Lester","Brisbane Lions",35,"1","2026-03-07",16,8,24,9,0,0,0,1,5,1,0,3,0,0,0,5,18,1,0,4,0,0,"Gabba",31606,"Brisbane Lions","Western Bulldogs",106,111
12968,"Kai","Lohmann","Brisbane Lions",1,"1","2026-03-07",10,5,15,6,2,1,0,3,0,4,4,1,1,0,0,7,7,1,1,0,0,0,"Gabba",31606,"Brisbane Lions","Western Bulldogs",106,111
12518,"Hugh","McCluggage","Brisbane Lions",6,"1","2026-03-07",2,2,4,2,0,0,0,1,1,0,0,0,0,0,0,0,4,0,0,0,0,0,"Gabba",31606,"Brisbane Lions","Western Bulldogs",106,111
13137,"Logan","Morris","Brisbane Lions",13,"1","2026-03-07",13,1,14,4,3,2,0,1,0,4,0,0,1,0,0,3,8,0,2,0,0,1,"Gabba",31606,"Brisbane Lions","Western Bulldogs",106,111
12055,"Lachie","Neale","Brisbane Lions",9,"1","2026-03-07",15,24,39,8,0,0,0,0,2,7,8,1,0,0,0,15,24,0,0,0,1,0,"Gabba",31606,"Brisbane Lions","Western Bulldogs",106,111
12592,"Cam","Rayner","Brisbane Lions",16,"1","2026-03-07",5,11,16,1,1,2,0,1,0,1,3,4,0,1,0,8,8,0,0,1,0,0,"Gabba",31606,"Brisbane Lions","Western Bulldogs",106,111
13138,"Bruce","Reville","Brisbane Lions",38,"1","2026-03-07",12,6,18,3,0,0,0,2,1,6,2,1,1,0,0,6,13,0,0,0,0,0,"Gabba",31606,"Brisbane Lions","Western Bulldogs",106,111
13026,"Darcy","Wilmot","Brisbane Lions",44,"1","2026-03-07",18,5,23,6,0,0,0,0,2,3,1,1,0,0,0,5,14,0,0,1,0,0,"Gabba",31606,"Brisbane Lions","Western Bulldogs",106,111
13277,"Zane","Zakostelsky","Brisbane Lions",21,"1","2026-03-07",3,3,6,3,1,0,14,3,0,0,1,1,1,1,0,4,4,0,1,2,0,0,"Gabba",31606,"Brisbane Lions","Western Bulldogs",106,111
12076,"Dayne","Zorko","Brisbane Lions",15,"1","2026-03-07",24,7,31,11,1,0,0,4,4,4,0,1,1,0,0,5,23,0,0,1,0,0,"Gabba",31606,"Brisbane Lions","Western Bulldogs",106,111
12723,"Oskar","Baker","Western Bulldogs",13,"1","2026-03-07",6,5,11,4,0,0,0,2,1,3,2,1,0,0,0,3,8,0,0,2,0,1,"Gabba",31606,"Brisbane Lions","Western Bulldogs",106,111
12269,"Marcus","Bontempelli","Western Bulldogs",4,"1","2026-03-07",10,9,19,4,3,0,0,5,2,4,4,3,0,2,0,9,11,0,2,2,0,1,"Gabba",31606,"Brisbane Lions","Western Bulldogs",106,111
12916,"Lachlan","Bramble","Western Bulldogs",29,"1","2026-03-07",9,7,16,3,1,0,0,0,1,5,2,1,0,1,0,4,13,0,0,2,1,0,"Gabba",31606,"Brisbane Lions","Western Bulldogs",106,111
12769,"Connor","Budarick","Western Bulldogs",19,"1","2026-03-07",19,8,27,3,1,0,0,2,6,1,1,4,1,1,0,6,15,0,0,2,1,0,"Gabba",31606,"Brisbane Lions","Western Bulldogs",106,111
13265,"Jordan","Croft","Western Bulldogs",16,"1","2026-03-07",4,0,4,1,0,2,2,0,0,1,1,0,1,0,0,3,1,0,0,1,0,0,"Gabba",31606,"Brisbane Lions","Western Bulldogs",106,111
12354,"Bailey","Dale","Western Bulldogs",31,"1","2026-03-07",11,8,19,5,0,0,0,2,3,0,1,3,0,1,0,5,11,1,0,2,0,0,"Gabba",31606,"Brisbane Lions","Western Bulldogs",106,111
13021,"Sam","Darcy","Western Bulldogs",10,"1","2026-03-07",7,3,10,4,2,2,7,2,0,2,1,5,1,2,0,5,5,1,2,2,0,1,"Gabba",31606,"Brisbane Lions","Western Bulldogs",106,111
13178,"Sam","Davidson","Western Bulldogs",42,"1","2026-03-07",3,6,9,2,1,0,0,2,1,0,1,1,0,1,0,4,7,0,0,2,0,0,"Gabba",31606,"Brisbane Lions","Western Bulldogs",106,111
12537,"Tim","English","Western Bulldogs",44,"1","2026-03-07",6,10,16,5,2,0,37,1,0,3,0,1,5,1,0,8,10,2,1,3,0,0,"Gabba",31606,"Brisbane Lions","Western Bulldogs",106,111
13140,"Joel","Freijah","Western Bulldogs",27,"1","2026-03-07",9,11,20,2,0,0,0,1,1,2,4,4,0,2,0,7,9,0,0,2,0,1,"Gabba",31606,"Brisbane Lions","Western Bulldogs",106,111
13213,"Cooper","Hynes","Western Bulldogs",6,"1","2026-03-07",2,10,12,0,0,0,0,3,0,1,2,0,0,0,0,3,9,0,0,0,0,0,"Gabba",31606,"Brisbane Lions","Western Bulldogs",106,111
13275,"Lachie","Jaques","Western Bulldogs",11,"1","2026-03-07",14,2,16,4,0,0,0,4,4,2,0,1,2,0,0,4,10,0,0,3,0,0,"Gabba",31606,"Brisbane Lions","Western Bulldogs",106,111
13046,"Arthur","Jones","Western Bulldogs",32,"1","2026-03-07",2,5,7,1,0,0,0,3,0,1,0,1,0,0,0,1,6,0,0,0,0,1,"Gabba",31606,"Brisbane Lions","Western Bulldogs",106,111
12455,"Matthew","Kennedy","Western Bulldogs",8,"1","2026-03-07",19,11,30,4,0,2,0,6,5,3,5,5,1,1,0,11,17,0,1,0,0,1,"Gabba",31606,"Brisbane Lions","Western Bulldogs",106,111
12900,"Buku","Khamis","Western Bulldogs",24,"1","2026-03-07",5,0,5,3,0,0,0,2,0,0,0,1,0,0,0,2,3,0,0,5,0,0,"Gabba",31606,"Brisbane Lions","Western Bulldogs",106,111
11898,"Tom","Liberatore","Western Bulldogs",21,"1","2026-03-07",15,13,28,4,0,0,0,2,4,5,4,3,0,1,0,10,16,0,0,3,0,1,"Gabba",31606,"Brisbane Lions","Western Bulldogs",106,111
12282,"Rory","Lobb","Western Bulldogs",7,"1","2026-03-07",10,3,13,4,0,0,0,0,7,0,0,1,0,0,0,2,6,1,0,9,0,0,"Gabba",31606,"Brisbane Lions","Western Bulldogs",106,111
12594,"Aaron","Naughton","Western Bulldogs",33,"1","2026-03-07",6,4,10,3,2,0,0,3,0,2,1,0,3,0,0,5,6,0,1,1,0,2,"Gabba",31606,"Brisbane Lions","Western Bulldogs",106,111
13061,"James","ODonnell","Western Bulldogs",18,"1","2026-03-07",5,3,8,3,0,0,0,3,1,0,0,2,1,1,0,5,4,0,0,5,0,0,"Gabba",31606,"Brisbane Lions","Western Bulldogs",106,111
12605,"Ed","Richards","Western Bulldogs",20,"1","2026-03-07",24,6,30,8,2,0,0,4,4,10,7,2,0,1,0,6,21,0,1,2,2,2,"Gabba",31606,"Brisbane Lions","Western Bulldogs",106,111
13276,"Michael","Sellwood","Western Bulldogs",37,"1","2026-03-07",5,5,10,2,0,0,0,7,3,0,0,0,2,0,0,4,7,0,0,4,0,0,"Gabba",31606,"Brisbane Lions","Western Bulldogs",106,111
12748,"Rhylee","West","Western Bulldogs",14,"1","2026-03-07",7,9,16,2,1,1,0,3,0,2,0,1,0,0,0,4,13,0,0,1,1,2,"Gabba",31606,"Brisbane Lions","Western Bulldogs",106,111
12441,"Bailey","Williams","Western Bulldogs",34,"1","2026-03-07",13,12,25,7,1,4,0,3,4,3,3,2,0,1,0,5,19,0,2,0,1,0,"Gabba",31606,"Brisbane Lions","Western Bulldogs",106,111
13220,"Hugh","Boxshall","St Kilda",38,"1","2026-03-08",4,3,7,2,0,1,0,6,0,2,1,2,0,1,0,1,7,0,1,2,0,0,"M.C.G.",82528,"St Kilda","Collingwood",66,78
13035,"Anthony","Caminiti","St Kilda",47,"1","2026-03-08",5,5,10,3,0,0,0,1,2,0,0,3,1,2,0,5,6,0,0,7,0,0,"M.C.G.",82528,"St Kilda","Collingwood",66,78
12976,"Jack","Carroll","St Kilda",18,"1","2026-03-08",11,5,16,8,0,1,0,2,3,3,0,1,2,0,0,2,14,0,0,0,0,0,"M.C.G.",82528,"St Kilda","Collingwood",66,78
12674,"Tom","De Koning","St Kilda",21,"1","2026-03-08",9,11,20,6,0,0,17,1,0,4,4,3,2,2,0,8,12,2,0,5,0,0,"M.C.G.",82528,"St Kilda","Collingwood",66,78
12824,"Sam","Flanders","St Kilda",9,"1","2026-03-08",14,14,28,7,0,0,0,2,3,3,1,4,1,0,0,7,21,0,0,0,0,0,"M.C.G.",82528,"St Kilda","Collingwood",66,78
13125,"Hugo","Garcia","St Kilda",34,"1","2026-03-08",7,10,17,4,0,0,0,6,0,5,5,1,2,0,0,7,10,0,0,1,0,0,"M.C.G.",82528,"St Kilda","Collingwood",66,78
13193,"Max","Hall","St Kilda",40,"1","2026-03-08",7,10,17,3,1,1,0,5,1,2,1,3,0,1,0,6,11,0,0,0,0,1,"M.C.G.",82528,"St Kilda","Collingwood",66,78
12609,"Jack","Higgins","St Kilda",1,"1","2026-03-08",4,7,11,1,1,0,0,3,0,2,1,0,1,0,0,5,7,0,0,1,0,0,"M.C.G.",82528,"St Kilda","Collingwood",66,78
12060,"Bradley","Hill","St Kilda",8,"1","2026-03-08",19,5,24,5,1,0,0,1,4,6,0,4,0,1,0,4,18,0,0,2,1,0,"M.C.G.",82528,"St Kilda","Collingwood",66,78
12166,"Jack","Macrae","St Kilda",6,"1","2026-03-08",3,11,14,1,0,0,0,6,1,1,4,6,1,2,0,9,8,0,0,2,0,0,"M.C.G.",82528,"St Kilda","Collingwood",66,78
12564,"Rowan","Marshall","St Kilda",19,"1","2026-03-08",3,3,6,0,0,0,8,1,0,2,3,1,1,0,0,7,1,0,0,2,0,0,"M.C.G.",82528,"St Kilda","Collingwood",66,78
12948,"Mitch","Owens","St Kilda",10,"1","2026-03-08",8,4,12,3,2,2,1,1,0,4,0,1,2,0,0,5,7,1,2,3,0,1,"M.C.G.",82528,"St Kilda","Collingwood",66,78
13036,"Mattaes","Phillipou","St Kilda",25,"1","2026-03-08",8,10,18,1,0,1,0,4,1,2,3,2,2,0,0,10,8,0,0,0,0,0,"M.C.G.",82528,"St Kilda","Collingwood",66,78
12600,"Liam","Ryan","St Kilda",31,"1","2026-03-08",6,3,9,1,1,2,0,1,0,1,0,5,2,2,0,4,5,0,1,0,4,0,"M.C.G.",82528,"St Kilda","Collingwood",66,78
12929,"Cooper","Sharman","St Kilda",43,"1","2026-03-08",4,6,10,4,2,1,2,3,0,2,0,3,2,0,0,6,5,1,2,3,0,0,"M.C.G.",82528,"St Kilda","Collingwood",66,78
12458,"Jack","Silvagni","St Kilda",3,"1","2026-03-08",13,6,19,5,0,0,0,3,2,2,0,2,2,1,0,6,10,0,0,5,1,0,"M.C.G.",82528,"St Kilda","Collingwood",66,78
12325,"Jack","Sinclair","St Kilda",35,"1","2026-03-08",21,14,35,6,0,0,0,3,3,3,1,1,1,0,0,7,21,0,0,4,0,1,"M.C.G.",82528,"St Kilda","Collingwood",66,78
13243,"Alix","Tauru","St Kilda",26,"1","2026-03-08",4,2,6,1,0,0,0,0,0,0,1,0,1,0,0,2,3,0,0,1,0,0,"M.C.G.",82528,"St Kilda","Collingwood",66,78
12950,"Nasiah","Wanganeen-Milera","St Kilda",7,"1","2026-03-08",16,3,19,1,1,0,0,3,1,5,2,5,1,1,0,5,9,0,0,1,0,0,"M.C.G.",82528,"St Kilda","Collingwood",66,78
12703,"Callum","Wilkie","St Kilda",44,"1","2026-03-08",16,10,26,12,0,0,0,0,4,1,0,1,0,0,0,7,19,2,0,4,3,0,"M.C.G.",82528,"St Kilda","Collingwood",66,78
13110,"Darcy","Wilson","St Kilda",22,"1","2026-03-08",15,6,21,5,0,2,0,2,0,5,0,6,2,3,0,3,17,0,0,0,4,1,"M.C.G.",82528,"St Kilda","Collingwood",66,78
12967,"Marcus","Windhager","St Kilda",2,"1","2026-03-08",20,9,29,11,0,0,0,1,3,6,2,2,1,0,0,7,22,0,0,3,0,0,"M.C.G.",82528,"St Kilda","Collingwood",66,78
12312,"Mason","Wood","St Kilda",32,"1","2026-03-08",8,5,13,2,0,0,0,2,1,2,2,0,0,0,0,5,8,0,0,1,0,0,"M.C.G.",82528,"St Kilda","Collingwood",66,78
13146,"Edward","Allan","Collingwood",16,"1","2026-03-08",4,6,10,3,0,0,0,2,1,2,1,3,0,1,0,4,7,0,0,2,1,0,"M.C.G.",82528,"St Kilda","Collingwood",66,78
13071,"Jack","Buller","Collingwood",34,"1","2026-03-08",3,3,6,1,0,0,0,2,0,0,0,2,1,1,0,3,3,0,0,0,0,0,"M.C.G.",82528,"St Kilda","Collingwood",66,78
12660,"Darcy","Cameron","Collingwood",14,"1","2026-03-08",12,7,19,5,1,0,20,6,2,0,5,4,3,2,0,13,4,2,1,1,0,0,"M.C.G.",82528,"St Kilda","Collingwood",66,78
12061,"Jack","Crisp","Collingwood",25,"1","2026-03-08",10,16,26,9,0,0,0,2,2,2,0,0,0,0,0,9,18,1,0,1,0,0,"M.C.G.",82528,"St Kilda","Collingwood",66,78
12573,"Josh","Daicos","Collingwood",7,"1","2026-03-08",27,9,36,13,0,0,0,1,9,4,3,1,2,1,0,9,23,0,0,0,1,0,"M.C.G.",82528,"St Kilda","Collingwood",66,78
12943,"Nick","Daicos","Collingwood",35,"1","2026-03-08",25,16,41,7,0,2,0,2,4,5,4,6,1,1,0,6,32,0,0,0,2,1,"M.C.G.",82528,"St Kilda","Collingwood",66,78
12318,"Jordan","de Goey","Collingwood",2,"1","2026-03-08",12,7,19,3,3,0,0,1,2,2,2,3,1,1,0,5,14,0,0,2,0,0,"M.C.G.",82528,"St Kilda","Collingwood",66,78
12083,"Jamie","Elliott","Collingwood",5,"1","2026-03-08",9,2,11,6,1,1,0,0,0,4,1,3,0,1,0,3,6,1,1,1,0,0,"M.C.G.",82528,"St Kilda","Collingwood",66,78
12676,"Billy","Frampton","Collingwood",17,"1","2026-03-08",14,5,19,13,0,0,0,0,5,0,0,6,0,4,0,4,17,0,0,7,0,0,"M.C.G.",82528,"St Kilda","Collingwood",66,78
12495,"Dan","Houston","Collingwood",9,"1","2026-03-08",21,7,28,11,0,1,0,3,10,2,1,4,0,1,0,2,20,0,1,1,0,0,"M.C.G.",82528,"St Kilda","Collingwood",66,78
12578,"Patrick","Lipinski","Collingwood",1,"1","2026-03-08",14,7,21,12,0,0,0,2,4,3,1,2,1,1,0,2,19,0,0,1,0,0,"M.C.G.",82528,"St Kilda","Collingwood",66,78
13023,"Ned","Long","Collingwood",44,"1","2026-03-08",4,9,13,1,0,0,0,9,1,1,2,3,0,1,0,6,7,0,0,0,0,1,"M.C.G.",82528,"St Kilda","Collingwood",66,78
12371,"Brayden","Maynard","Collingwood",4,"1","2026-03-08",18,9,27,13,0,1,0,4,2,1,0,3,0,3,0,9,18,1,1,7,0,0,"M.C.G.",82528,"St Kilda","Collingwood",66,78
12876,"Beau","McCreery","Collingwood",31,"1","2026-03-08",10,6,16,4,2,1,0,1,0,5,1,3,0,1,0,2,13,0,0,1,1,0,"M.C.G.",82528,"St Kilda","Collingwood",66,78
12291,"Daniel","McStay","Collingwood",11,"1","2026-03-08",2,4,6,1,1,0,1,2,0,0,1,1,0,0,0,3,3,0,0,0,0,0,"M.C.G.",82528,"St Kilda","Collingwood",66,78
12300,"Tim","Membrey","Collingwood",28,"1","2026-03-08",5,3,8,4,0,3,0,1,0,0,0,3,0,3,0,2,7,1,4,0,0,0,"M.C.G.",82528,"St Kilda","Collingwood",66,78
13147,"Wil","Parker","Collingwood",15,"1","2026-03-08",7,4,11,3,0,0,0,0,2,2,0,2,1,2,0,3,9,0,0,4,0,0,"M.C.G.",82528,"St Kilda","Collingwood",66,78
4182,"Scott","Pendlebury","Collingwood",10,"1","2026-03-08",9,17,26,8,0,0,0,4,1,2,3,1,0,0,0,11,15,0,1,1,0,5,"M.C.G.",82528,"St Kilda","Collingwood",66,78
12536,"Harry","Perryman","Collingwood",12,"1","2026-03-08",15,7,22,5,0,0,0,3,3,2,2,4,0,2,0,5,15,0,0,1,0,0,"M.C.G.",82528,"St Kilda","Collingwood",66,78
12740,"Isaac","Quaynor","Collingwood",3,"1","2026-03-08",15,8,23,11,0,0,0,0,3,0,1,0,1,0,0,5,16,1,0,3,0,0,"M.C.G.",82528,"St Kilda","Collingwood",66,78
12700,"Lachie","Schultz","Collingwood",8,"1","2026-03-08",13,7,20,9,2,0,0,4,0,0,0,2,4,0,0,3,17,0,1,0,0,0,"M.C.G.",82528,"St Kilda","Collingwood",66,78
11751,"Steele","Sidebottom","Collingwood",22,"1","2026-03-08",9,6,15,3,0,0,0,1,2,2,1,2,0,1,0,3,12,0,0,1,0,1,"M.C.G.",82528,"St Kilda","Collingwood",66,78
13248,"Roan","Steele","Collingwood",45,"1","2026-03-08",6,5,11,2,1,0,0,3,0,1,0,1,1,0,0,1,8,0,0,1,0,1,"M.C.G.",82528,"St Kilda","Collingwood",66,78
12498,"Ben","Ainsworth","Carlton",12,"2","2026-03-12",4,4,8,2,0,0,0,1,0,3,0,1,0,0,0,4,5,0,0,0,0,0,"M.C.G.",74313,"Carlton","Richmond",75,71
13212,"Matt","Carroll","Carlton",32,"2","2026-03-12",10,9,19,3,0,1,0,3,3,1,0,2,0,0,0,8,10,1,0,1,1,0,"M.C.G.",74313,"Carlton","Richmond",75,71
13039,"Campbell","Chesser","Carlton",31,"2","2026-03-12",9,6,15,3,0,1,0,3,2,1,1,3,0,0,0,2,13,0,0,0,0,1,"M.C.G.",74313,"Carlton","Richmond",75,71
13028,"Lachlan","Cowan","Carlton",2,"2","2026-03-12",8,6,14,2,0,0,0,2,5,1,0,5,0,2,0,2,9,0,0,2,0,0,"M.C.G.",74313,"Carlton","Richmond",75,71
12261,"Patrick","Cripps","Carlton",9,"2","2026-03-12",12,20,32,1,0,3,0,3,1,4,9,3,5,1,0,19,13,1,1,0,0,1,"M.C.G.",74313,"Carlton","Richmond",75,71
13273,"Harry","Dean","Carlton",35,"2","2026-03-12",5,2,7,0,0,0,0,0,3,0,0,2,2,1,0,1,7,0,0,7,0,0,"M.C.G.",74313,"Carlton","Richmond",75,71
12497,"Oliver","Florent","Carlton",14,"2","2026-03-12",18,6,24,5,0,0,0,0,7,0,0,4,0,2,0,1,16,0,0,1,1,0,"M.C.G.",74313,"Carlton","Richmond",75,71
12596,"Lachie","Fogarty","Carlton",8,"2","2026-03-12",1,5,6,0,0,1,0,3,1,0,1,1,1,1,0,4,3,0,0,0,0,1,"M.C.G.",74313,"Carlton","Richmond",75,71
12509,"Will","Hayward","Carlton",19,"2","2026-03-12",10,6,16,6,1,0,0,3,0,4,0,2,0,1,0,5,11,0,0,1,0,1,"M.C.G.",74313,"Carlton","Richmond",75,71
12411,"George","Hewett","Carlton",29,"2","2026-03-12",8,15,23,5,1,0,0,4,0,2,5,0,1,0,0,12,11,1,0,0,0,0,"M.C.G.",74313,"Carlton","Richmond",75,71
13016,"Elijah","Hollands","Carlton",20,"2","2026-03-12",7,7,14,3,0,1,0,1,0,4,1,3,0,2,0,8,9,0,0,1,0,0,"M.C.G.",74313,"Carlton","Richmond",75,71
13029,"Oliver","Hollands","Carlton",4,"2","2026-03-12",8,6,14,3,0,0,0,1,4,1,0,4,0,0,0,2,10,0,0,0,0,1,"M.C.G.",74313,"Carlton","Richmond",75,71
12937,"Brodie","Kemp","Carlton",17,"2","2026-03-12",6,4,10,6,1,1,0,4,2,0,0,3,0,2,0,0,11,0,2,1,0,0,"M.C.G.",74313,"Carlton","Richmond",75,71
13170,"Cooper","Lord","Carlton",36,"2","2026-03-12",14,6,20,5,1,0,0,2,3,2,2,4,0,1,0,6,14,0,0,0,0,0,"M.C.G.",74313,"Carlton","Richmond",75,71
12404,"Mitch","McGovern","Carlton",11,"2","2026-03-12",11,4,15,6,2,0,0,1,0,4,0,2,0,0,0,9,8,2,1,6,0,1,"M.C.G.",74313,"Carlton","Richmond",75,71
12566,"Harry","McKay","Carlton",10,"2","2026-03-12",10,2,12,7,2,2,0,1,0,2,0,3,2,1,0,5,7,1,1,3,0,0,"M.C.G.",74313,"Carlton","Richmond",75,71
13233,"Hudson","OKeeffe","Carlton",40,"2","2026-03-12",3,4,7,2,0,1,10,3,0,2,1,4,2,1,0,3,4,1,1,2,0,0,"M.C.G.",74313,"Carlton","Richmond",75,71
12417,"Marc","Pittonet","Carlton",27,"2","2026-03-12",6,7,13,0,1,1,25,3,1,1,6,1,2,0,0,11,3,0,0,2,0,0,"M.C.G.",74313,"Carlton","Richmond",75,71
13274,"Jagga","Smith","Carlton",7,"2","2026-03-12",13,19,32,1,0,1,0,5,0,5,3,4,1,1,0,11,21,0,0,0,0,0,"M.C.G.",74313,"Carlton","Richmond",75,71
12684,"Sam","Walsh","Carlton",18,"2","2026-03-12",13,17,30,4,0,0,0,5,4,4,6,6,1,2,0,9,20,0,0,1,0,0,"M.C.G.",74313,"Carlton","Richmond",75,71
12402,"Jacob","Weitering","Carlton",23,"2","2026-03-12",7,2,9,5,0,0,2,1,4,0,0,2,0,1,0,6,4,2,0,13,0,0,"M.C.G.",74313,"Carlton","Richmond",75,71
12175,"Zac","Williams","Carlton",6,"2","2026-03-12",12,5,17,3,1,0,0,2,5,2,1,0,0,0,0,5,9,1,1,1,1,0,"M.C.G.",74313,"Carlton","Richmond",75,71
12559,"Lewis","Young","Carlton",33,"2","2026-03-12",6,4,10,3,0,0,2,2,5,0,1,4,1,2,0,5,5,0,0,6,0,0,"M.C.G.",74313,"Carlton","Richmond",75,71
13189,"Harry","Armstrong","Richmond",34,"2","2026-03-12",5,1,6,4,0,1,0,1,0,2,0,1,0,0,0,2,4,1,1,1,0,0,"M.C.G.",74313,"Carlton","Richmond",75,71
12686,"Noah","Balta","Richmond",21,"2","2026-03-12",17,2,19,7,0,0,0,0,7,3,0,8,2,1,0,8,11,1,0,5,0,0,"M.C.G.",74313,"Carlton","Richmond",75,71
13078,"Sam","Banks","Richmond",6,"2","2026-03-12",13,11,24,7,0,0,0,1,4,2,0,1,0,0,0,3,18,0,0,0,0,0,"M.C.G.",74313,"Carlton","Richmond",75,71
12456,"Nathan","Broad","Richmond",35,"2","2026-03-12",10,5,15,7,0,0,0,2,4,1,0,0,1,0,0,2,11,1,0,3,1,0,"M.C.G.",74313,"Carlton","Richmond",75,71
13100,"Seth","Campbell","Richmond",44,"2","2026-03-12",9,8,17,0,0,1,0,0,0,3,2,6,1,1,0,8,6,0,0,2,2,2,"M.C.G.",74313,"Carlton","Richmond",75,71
13214,"Jonty","Faull","Richmond",8,"2","2026-03-12",8,2,10,6,0,2,0,4,0,2,0,2,2,0,0,3,8,0,2,2,0,0,"M.C.G.",74313,"Carlton","Richmond",75,71
12947,"Josh","Gibcus","Richmond",18,"2","2026-03-12",6,3,9,4,0,0,0,4,2,0,0,1,0,0,0,4,3,1,0,5,0,0,"M.C.G.",74313,"Carlton","Richmond",75,71
13218,"Campbell","Gray","Richmond",50,"2","2026-03-12",1,1,2,0,0,0,2,0,0,0,0,1,0,1,0,1,1,0,0,3,0,0,"M.C.G.",74313,"Carlton","Richmond",75,71
13145,"Steely","Green","Richmond",48,"2","2026-03-12",9,3,12,4,2,0,0,2,1,3,0,0,1,0,0,5,7,0,0,1,1,0,"M.C.G.",74313,"Carlton","Richmond",75,71
NA,"Sam","Grlj","Richmond",24,"2","2026-03-12",13,6,19,7,0,0,0,4,5,3,0,3,2,0,0,5,13,0,0,1,1,0,"M.C.G.",74313,"Carlton","Richmond",75,71
12440,"Jacob","Hopper","Richmond",2,"2","2026-03-12",8,10,18,1,0,0,0,2,0,4,2,5,1,1,0,9,9,0,0,0,0,0,"M.C.G.",74313,"Carlton","Richmond",75,71
13190,"Sam","Lalor","Richmond",4,"2","2026-03-12",12,4,16,4,2,1,0,1,0,5,4,3,1,2,0,9,6,2,2,1,0,0,"M.C.G.",74313,"Carlton","Richmond",75,71
11948,"Tom","Lynch","Richmond",19,"2","2026-03-12",11,1,12,6,2,7,0,4,0,0,0,6,3,5,0,7,6,2,5,4,0,0,"M.C.G.",74313,"Carlton","Richmond",75,71
12883,"Rhyan","Mansell","Richmond",7,"2","2026-03-12",9,3,12,7,2,0,0,4,0,3,0,2,0,1,0,5,7,1,3,0,0,1,"M.C.G.",74313,"Carlton","Richmond",75,71
13117,"Kane","McAuliffe","Richmond",28,"2","2026-03-12",9,7,16,0,0,0,0,3,0,6,0,5,0,1,0,3,15,0,0,2,0,0,"M.C.G.",74313,"Carlton","Richmond",75,71
12941,"Ben","Miller","Richmond",12,"2","2026-03-12",13,4,17,7,0,0,0,0,4,0,0,0,0,0,0,2,12,1,0,4,0,0,"M.C.G.",74313,"Carlton","Richmond",75,71
12374,"Toby","Nankervis","Richmond",25,"2","2026-03-12",9,12,21,1,0,0,22,2,0,1,7,3,1,2,0,12,8,0,0,5,0,0,"M.C.G.",74313,"Carlton","Richmond",75,71
12902,"Hugo","Ralphsmith","Richmond",13,"2","2026-03-12",7,4,11,3,0,0,0,0,0,6,1,2,0,0,0,3,8,0,0,2,0,0,"M.C.G.",74313,"Carlton","Richmond",75,71
12935,"Maurice","Rioli","Richmond",17,"2","2026-03-12",3,3,6,1,0,0,0,4,1,1,1,2,2,0,0,4,4,0,0,2,0,0,"M.C.G.",74313,"Carlton","Richmond",75,71
12712,"Jack","Ross","Richmond",5,"2","2026-03-12",9,14,23,4,0,0,0,7,0,3,4,3,1,1,0,9,14,0,0,0,0,0,"M.C.G.",74313,"Carlton","Richmond",75,71
12418,"Jayden","Short","Richmond",15,"2","2026-03-12",23,6,29,10,1,0,0,0,5,5,1,2,0,1,0,6,20,0,1,2,0,0,"M.C.G.",74313,"Carlton","Richmond",75,71
12504,"Tim","Taranto","Richmond",14,"2","2026-03-12",8,21,29,4,0,0,0,1,0,5,7,3,2,1,0,15,15,0,1,0,0,1,"M.C.G.",74313,"Carlton","Richmond",75,71
13095,"James","Trezise","Richmond",36,"2","2026-03-12",5,7,12,3,0,0,0,3,1,2,0,1,1,0,0,2,10,0,0,2,0,1,"M.C.G.",74313,"Carlton","Richmond",75,71
13237,"Lachlan","Blakiston","Essendon",46,"2","2026-03-13",3,6,9,1,0,0,19,4,1,2,5,5,3,5,0,8,1,0,0,1,0,0,"M.C.G.",71384,"Essendon","Hawthorn",83,145
13148,"Nate","Caddy","Essendon",30,"2","2026-03-13",7,4,11,4,1,1,0,2,0,1,0,3,0,0,0,5,7,0,1,0,0,1,"M.C.G.",71384,"Essendon","Hawthorn",83,145
12755,"Jye","Caldwell","Essendon",6,"2","2026-03-13",11,7,18,3,1,1,0,7,3,1,2,6,0,0,0,4,14,0,0,1,0,0,"M.C.G.",71384,"Essendon","Hawthorn",83,145
12925,"Sam","Durham","Essendon",22,"2","2026-03-13",10,13,23,4,2,0,0,4,3,2,5,4,1,1,0,9,15,0,1,1,0,1,"M.C.G.",71384,"Essendon","Hawthorn",83,145
12696,"Xavier","Duursma","Essendon",28,"2","2026-03-13",4,8,12,4,2,0,0,2,1,0,0,3,1,0,0,5,6,2,1,1,2,0,"M.C.G.",71384,"Essendon","Hawthorn",83,145
NA,"Hussien","El Achkar","Essendon",33,"2","2026-03-13",6,2,8,0,1,0,0,1,0,2,0,0,1,0,0,4,4,0,0,0,2,1,"M.C.G.",71384,"Essendon","Hawthorn",83,145
12481,"Brayden","Fiorini","Essendon",8,"2","2026-03-13",7,13,20,5,1,1,0,1,2,2,1,4,1,0,0,5,15,0,1,0,1,1,"M.C.G.",71384,"Essendon","Hawthorn",83,145
13231,"Zak","Johnson","Essendon",40,"2","2026-03-13",9,7,16,3,0,0,0,0,3,0,0,2,0,0,0,3,11,0,0,2,1,0,"M.C.G.",71384,"Essendon","Hawthorn",83,145
NA,"Max","Kondogiannis","Essendon",29,"2","2026-03-13",5,10,15,4,0,0,0,2,2,1,1,1,0,1,0,2,13,0,0,1,0,0,"M.C.G.",71384,"Essendon","Hawthorn",83,145
12349,"Kyle","Langford","Essendon",4,"2","2026-03-13",5,4,9,1,0,1,0,1,0,1,0,3,2,1,0,4,5,0,0,2,0,0,"M.C.G.",71384,"Essendon","Hawthorn",83,145
13238,"Archie","May","Essendon",26,"2","2026-03-13",3,0,3,2,0,0,0,3,0,1,0,1,0,1,0,2,1,1,0,2,0,0,"M.C.G.",71384,"Essendon","Hawthorn",83,145
12491,"Andrew","McGrath","Essendon",1,"2","2026-03-13",8,13,21,6,0,0,0,4,5,2,0,2,1,1,0,4,16,0,0,0,0,1,"M.C.G.",71384,"Essendon","Hawthorn",83,145
12580,"Ben","McKay","Essendon",32,"2","2026-03-13",5,7,12,8,0,0,0,0,3,0,0,0,0,0,0,3,9,1,0,4,1,0,"M.C.G.",71384,"Essendon","Hawthorn",83,145
12241,"Zach","Merrett","Essendon",7,"2","2026-03-13",17,15,32,5,1,1,0,2,2,6,4,1,1,0,0,10,22,0,0,0,0,1,"M.C.G.",71384,"Essendon","Hawthorn",83,145
13258,"Jayden","Nguyen","Essendon",42,"2","2026-03-13",5,7,12,2,0,0,0,0,3,1,0,1,2,0,0,3,9,0,0,0,0,0,"M.C.G.",71384,"Essendon","Hawthorn",83,145
12406,"Darcy","Parish","Essendon",3,"2","2026-03-13",12,9,21,2,0,0,0,4,2,6,6,3,2,1,0,10,11,0,0,1,0,2,"M.C.G.",71384,"Essendon","Hawthorn",83,145
12879,"Archie","Perkins","Essendon",16,"2","2026-03-13",8,9,17,3,1,0,0,2,0,4,0,3,1,0,0,4,13,0,1,0,2,1,"M.C.G.",71384,"Essendon","Hawthorn",83,145
12874,"Jaxon","Prior","Essendon",25,"2","2026-03-13",5,5,10,3,0,0,0,1,1,3,1,1,0,0,0,5,5,0,0,1,1,0,"M.C.G.",71384,"Essendon","Hawthorn",83,145
12437,"Mason","Redman","Essendon",27,"2","2026-03-13",20,6,26,7,0,0,0,2,8,2,0,0,1,0,0,2,14,0,0,2,4,0,"M.C.G.",71384,"Essendon","Hawthorn",83,145
12889,"Zach","Reid","Essendon",31,"2","2026-03-13",5,5,10,2,0,0,0,0,3,0,0,3,1,3,0,0,7,0,0,2,0,0,"M.C.G.",71384,"Essendon","Hawthorn",83,145
13168,"Archie","Roberts","Essendon",21,"2","2026-03-13",13,7,20,2,0,0,0,0,2,3,3,2,0,0,0,5,13,0,0,0,0,0,"M.C.G.",71384,"Essendon","Hawthorn",83,145
NA,"Dyson","Sharp","Essendon",15,"2","2026-03-13",3,3,6,2,2,0,0,4,0,0,0,1,1,0,0,3,4,1,1,0,0,0,"M.C.G.",71384,"Essendon","Hawthorn",83,145
12366,"Peter","Wright","Essendon",20,"2","2026-03-13",4,3,7,2,1,0,6,0,2,0,0,3,1,1,0,5,2,0,1,6,0,0,"M.C.G.",71384,"Essendon","Hawthorn",83,145
12357,"Karl","Amon","Hawthorn",10,"2","2026-03-13",17,6,23,3,0,1,0,1,3,8,0,4,0,0,0,2,19,0,0,2,0,2,"M.C.G.",71384,"Essendon","Hawthorn",83,145
12383,"Tom","Barrass","Hawthorn",37,"2","2026-03-13",6,2,8,5,0,0,0,0,2,0,0,3,0,2,0,1,7,0,0,3,0,0,"M.C.G.",71384,"Essendon","Hawthorn",83,145
12558,"Josh","Battle","Hawthorn",24,"2","2026-03-13",14,4,18,10,0,0,0,3,3,0,0,0,2,0,0,4,13,0,0,2,0,0,"M.C.G.",71384,"Essendon","Hawthorn",83,145
12988,"Sam","Butler","Hawthorn",30,"2","2026-03-13",7,2,9,7,0,0,0,0,0,0,0,1,0,0,0,0,9,0,0,0,0,0,"M.C.G.",71384,"Essendon","Hawthorn",83,145
12485,"Mabior","Chol","Hawthorn",18,"2","2026-03-13",13,1,14,9,1,3,0,1,0,3,1,3,0,2,0,5,8,2,3,1,0,0,"M.C.G.",71384,"Essendon","Hawthorn",83,145
12998,"Massimo","DAmbrosio","Hawthorn",16,"2","2026-03-13",6,6,12,5,1,0,0,1,1,4,0,2,0,1,0,3,10,0,0,0,3,0,"M.C.G.",71384,"Essendon","Hawthorn",83,145
12927,"Jack","Ginnivan","Hawthorn",33,"2","2026-03-13",14,6,20,9,1,3,0,2,0,7,1,1,1,0,0,4,15,0,2,1,0,1,"M.C.G.",71384,"Essendon","Hawthorn",83,145
11845,"Jack","Gunston","Hawthorn",19,"2","2026-03-13",8,2,10,8,5,1,0,0,0,1,0,1,1,0,0,3,7,2,6,0,0,1,"M.C.G.",71384,"Essendon","Hawthorn",83,145
12469,"Blake","Hardwick","Hawthorn",15,"2","2026-03-13",13,8,21,11,0,0,0,0,4,0,1,2,0,1,0,5,15,1,0,1,3,0,"M.C.G.",71384,"Essendon","Hawthorn",83,145
12237,"Jarman","Impey","Hawthorn",4,"2","2026-03-13",16,7,23,12,0,0,0,4,5,2,0,1,0,0,0,3,22,0,0,1,0,1,"M.C.G.",71384,"Essendon","Hawthorn",83,145
12636,"Mitch","Lewis","Hawthorn",2,"2","2026-03-13",8,3,11,6,0,1,0,1,0,1,0,1,1,1,0,2,9,0,1,3,0,1,"M.C.G.",71384,"Essendon","Hawthorn",83,145
12954,"Connor","Macdonald","Hawthorn",9,"2","2026-03-13",15,9,24,3,2,2,0,0,0,7,1,3,1,1,0,7,17,1,0,0,0,1,"M.C.G.",71384,"Essendon","Hawthorn",83,145
13031,"Cam","Mackenzie","Hawthorn",28,"2","2026-03-13",13,8,21,6,0,1,0,5,1,1,5,1,1,0,0,6,15,0,0,1,0,0,"M.C.G.",71384,"Essendon","Hawthorn",83,145
12856,"Lloyd","Meek","Hawthorn",17,"2","2026-03-13",6,7,13,3,0,0,26,2,0,2,5,5,2,4,0,8,5,0,0,3,0,0,"M.C.G.",71384,"Essendon","Hawthorn",83,145
12710,"Dylan","Moore","Hawthorn",8,"2","2026-03-13",17,7,24,7,1,1,0,2,1,4,2,2,1,1,0,5,19,0,1,0,1,1,"M.C.G.",71384,"Essendon","Hawthorn",83,145
12670,"Conor","Nash","Hawthorn",11,"2","2026-03-13",6,17,23,5,1,0,0,4,0,1,7,4,0,1,0,13,10,0,2,3,0,1,"M.C.G.",71384,"Essendon","Hawthorn",83,145
12915,"Jai","Newcombe","Hawthorn",3,"2","2026-03-13",11,11,22,6,1,1,0,4,1,2,6,2,1,2,0,7,15,0,1,0,2,0,"M.C.G.",71384,"Essendon","Hawthorn",83,145
12906,"Ned","Reeves","Hawthorn",7,"2","2026-03-13",5,7,12,3,2,0,17,1,0,2,4,0,2,0,0,8,5,0,1,2,0,2,"M.C.G.",71384,"Essendon","Hawthorn",83,145
12565,"Jack","Scrimshaw","Hawthorn",14,"2","2026-03-13",12,4,16,8,0,0,0,3,3,1,0,6,0,3,0,3,13,1,0,1,0,1,"M.C.G.",71384,"Essendon","Hawthorn",83,145
12332,"James","Sicily","Hawthorn",6,"2","2026-03-13",21,5,26,11,0,0,0,4,3,5,0,4,1,1,0,4,20,0,0,1,1,1,"M.C.G.",71384,"Essendon","Hawthorn",83,145
12955,"Josh","Ward","Hawthorn",25,"2","2026-03-13",16,10,26,6,0,0,0,5,0,8,5,2,1,0,0,7,19,0,0,0,0,2,"M.C.G.",71384,"Essendon","Hawthorn",83,145
13105,"Nick","Watson","Hawthorn",5,"2","2026-03-13",13,4,17,6,4,2,0,5,0,4,1,4,0,0,0,6,11,0,4,0,1,1,"M.C.G.",71384,"Essendon","Hawthorn",83,145
13057,"Josh","Weddle","Hawthorn",23,"2","2026-03-13",8,8,16,8,2,2,0,4,0,6,2,1,0,0,0,4,12,0,2,2,1,1,"M.C.G.",71384,"Essendon","Hawthorn",83,145
12723,"Oskar","Baker","Western Bulldogs",13,"2","2026-03-14",9,2,11,6,2,0,0,0,2,3,1,1,0,1,0,1,10,0,1,3,0,1,"Docklands",28318,"Western Bulldogs","Greater Western Sydney",134,53
12269,"Marcus","Bontempelli","Western Bulldogs",4,"2","2026-03-14",21,12,33,6,3,1,0,3,0,11,6,6,2,1,0,14,20,1,4,3,1,2,"Docklands",28318,"Western Bulldogs","Greater Western Sydney",134,53
12916,"Lachlan","Bramble","Western Bulldogs",29,"2","2026-03-14",5,11,16,4,1,0,0,0,1,1,1,0,1,0,0,3,13,0,0,1,1,0,"Docklands",28318,"Western Bulldogs","Greater Western Sydney",134,53
12769,"Connor","Budarick","Western Bulldogs",19,"2","2026-03-14",16,7,23,6,0,0,0,1,6,1,3,3,2,0,0,4,17,0,0,0,0,0,"Docklands",28318,"Western Bulldogs","Greater Western Sydney",134,53
12354,"Bailey","Dale","Western Bulldogs",31,"2","2026-03-14",15,8,23,4,0,1,0,1,4,0,0,3,0,1,0,3,13,0,0,2,1,1,"Docklands",28318,"Western Bulldogs","Greater Western Sydney",134,53
13021,"Sam","Darcy","Western Bulldogs",10,"2","2026-03-14",11,5,16,3,4,1,6,1,0,2,2,3,2,1,0,7,9,1,1,2,0,0,"Docklands",28318,"Western Bulldogs","Greater Western Sydney",134,53
13178,"Sam","Davidson","Western Bulldogs",42,"2","2026-03-14",10,1,11,4,2,0,0,1,0,2,0,2,0,0,0,2,6,0,2,0,0,0,"Docklands",28318,"Western Bulldogs","Greater Western Sydney",134,53
12537,"Tim","English","Western Bulldogs",44,"2","2026-03-14",15,7,22,6,0,0,23,4,2,4,5,2,5,0,0,11,14,0,0,2,0,0,"Docklands",28318,"Western Bulldogs","Greater Western Sydney",134,53
13140,"Joel","Freijah","Western Bulldogs",27,"2","2026-03-14",9,11,20,5,0,0,0,4,1,0,1,4,0,1,0,3,15,0,0,0,1,2,"Docklands",28318,"Western Bulldogs","Greater Western Sydney",134,53
13213,"Cooper","Hynes","Western Bulldogs",6,"2","2026-03-14",6,8,14,1,1,0,0,0,1,0,2,3,0,0,0,7,7,0,0,0,0,0,"Docklands",28318,"Western Bulldogs","Greater Western Sydney",134,53
13275,"Lachie","Jaques","Western Bulldogs",11,"2","2026-03-14",21,8,29,9,0,0,0,1,7,3,2,5,2,0,0,6,21,0,0,1,1,0,"Docklands",28318,"Western Bulldogs","Greater Western Sydney",134,53
12455,"Matthew","Kennedy","Western Bulldogs",8,"2","2026-03-14",17,10,27,6,1,1,0,4,3,6,8,3,1,1,0,9,18,0,1,0,2,2,"Docklands",28318,"Western Bulldogs","Greater Western Sydney",134,53
12900,"Buku","Khamis","Western Bulldogs",24,"2","2026-03-14",8,5,13,9,0,0,0,1,0,0,0,2,0,1,0,2,11,1,0,6,0,0,"Docklands",28318,"Western Bulldogs","Greater Western Sydney",134,53
NA,"Will","Lewis","Western Bulldogs",28,"2","2026-03-14",3,3,6,1,0,0,2,0,0,1,0,1,2,0,0,2,4,0,0,0,0,0,"Docklands",28318,"Western Bulldogs","Greater Western Sydney",134,53
11898,"Tom","Liberatore","Western Bulldogs",21,"2","2026-03-14",15,14,29,7,1,0,0,6,4,5,6,4,1,1,0,9,21,0,0,1,0,1,"Docklands",28318,"Western Bulldogs","Greater Western Sydney",134,53
12282,"Rory","Lobb","Western Bulldogs",7,"2","2026-03-14",9,3,12,7,0,0,1,0,3,0,0,1,0,0,0,2,10,1,0,9,0,0,"Docklands",28318,"Western Bulldogs","Greater Western Sydney",134,53
12594,"Aaron","Naughton","Western Bulldogs",33,"2","2026-03-14",14,1,15,11,6,1,0,2,0,2,0,0,1,0,0,6,7,5,7,1,0,3,"Docklands",28318,"Western Bulldogs","Greater Western Sydney",134,53
13061,"James","ODonnell","Western Bulldogs",18,"2","2026-03-14",4,3,7,2,0,0,0,2,2,1,0,2,0,1,0,2,5,0,0,6,0,0,"Docklands",28318,"Western Bulldogs","Greater Western Sydney",134,53
12605,"Ed","Richards","Western Bulldogs",20,"2","2026-03-14",12,7,19,5,0,0,0,5,2,6,6,1,1,1,0,9,10,0,1,2,0,2,"Docklands",28318,"Western Bulldogs","Greater Western Sydney",134,53
13103,"Ryley","Sanders","Western Bulldogs",9,"2","2026-03-14",3,18,21,1,0,0,0,0,2,1,1,2,0,0,0,8,12,0,0,0,0,1,"Docklands",28318,"Western Bulldogs","Greater Western Sydney",134,53
13276,"Michael","Sellwood","Western Bulldogs",37,"2","2026-03-14",6,3,9,7,0,0,0,0,2,0,0,3,0,2,0,3,6,1,0,2,0,0,"Docklands",28318,"Western Bulldogs","Greater Western Sydney",134,53
12748,"Rhylee","West","Western Bulldogs",14,"2","2026-03-14",7,6,13,4,0,0,0,2,0,4,1,4,3,4,0,6,9,0,1,0,0,1,"Docklands",28318,"Western Bulldogs","Greater Western Sydney",134,53
12441,"Bailey","Williams","Western Bulldogs",34,"2","2026-03-14",7,10,17,4,0,1,0,5,1,2,0,0,2,0,0,6,12,0,1,1,0,1,"Docklands",28318,"Western Bulldogs","Greater Western Sydney",134,53
13001,"Ryan","Angwin","Greater Western Sydney",9,"2","2026-03-14",8,7,15,6,0,0,0,2,0,2,0,1,1,0,0,4,12,0,0,2,0,1,"Docklands",28318,"Western Bulldogs","Greater Western Sydney",134,53
12782,"Lachie","Ash","Greater Western Sydney",7,"2","2026-03-14",26,5,31,13,0,0,0,3,2,6,0,3,0,1,0,5,25,0,0,0,1,0,"Docklands",28318,"Western Bulldogs","Greater Western Sydney",134,53
12904,"Kieren","Briggs","Greater Western Sydney",32,"2","2026-03-14",9,0,9,2,0,1,15,3,1,0,5,5,0,2,0,4,3,0,0,1,0,0,"Docklands",28318,"Western Bulldogs","Greater Western Sydney",134,53
12910,"Callum","Brown","Greater Western Sydney",46,"2","2026-03-14",6,3,9,3,0,2,0,2,0,1,0,1,0,0,0,0,7,0,0,0,0,1,"Docklands",28318,"Western Bulldogs","Greater Western Sydney",134,53
12846,"Jack","Buckley","Greater Western Sydney",44,"2","2026-03-14",10,6,16,9,0,0,0,1,2,0,0,2,1,2,0,7,11,2,0,6,0,0,"Docklands",28318,"Western Bulldogs","Greater Western Sydney",134,53
12969,"Finn","Callaghan","Greater Western Sydney",17,"2","2026-03-14",15,12,27,5,2,0,0,4,1,4,4,4,0,1,0,11,13,1,1,0,1,0,"Docklands",28318,"Western Bulldogs","Greater Western Sydney",134,53
12028,"Stephen","Coniglio","Greater Western Sydney",3,"2","2026-03-14",7,8,15,3,1,0,0,4,1,3,1,2,0,1,0,5,9,0,0,0,0,0,"Docklands",28318,"Western Bulldogs","Greater Western Sydney",134,53
13222,"Josaia","Delana","Greater Western Sydney",38,"2","2026-03-14",3,4,7,0,0,0,0,5,1,2,1,1,1,0,0,3,4,0,0,1,0,0,"Docklands",28318,"Western Bulldogs","Greater Western Sydney",134,53
13164,"Joe","Fonti","Greater Western Sydney",37,"2","2026-03-14",13,7,20,7,0,0,0,4,5,1,0,4,3,3,0,7,14,0,0,5,0,0,"Docklands",28318,"Western Bulldogs","Greater Western Sydney",134,53
13279,"Phoenix","Gothard","Greater Western Sydney",11,"2","2026-03-14",10,2,12,4,0,2,0,5,0,3,1,3,2,1,0,6,6,0,2,0,0,0,"Docklands",28318,"Western Bulldogs","Greater Western Sydney",134,53
12025,"Toby","Greene","Greater Western Sydney",4,"2","2026-03-14",16,10,26,6,1,2,0,2,1,7,6,12,2,4,0,9,18,0,1,0,0,0,"Docklands",28318,"Western Bulldogs","Greater Western Sydney",134,53
13158,"Max","Gruzewski","Greater Western Sydney",35,"2","2026-03-14",3,4,7,4,0,1,0,1,0,1,0,0,0,0,0,4,3,2,1,0,0,0,"Docklands",28318,"Western Bulldogs","Greater Western Sydney",134,53
12462,"Harry","Himmelberg","Greater Western Sydney",27,"2","2026-03-14",11,6,17,8,0,0,0,0,4,2,0,2,1,0,0,5,12,0,0,3,0,0,"Docklands",28318,"Western Bulldogs","Greater Western Sydney",134,53
12321,"Jesse","Hogan","Greater Western Sydney",23,"2","2026-03-14",4,6,10,3,0,1,0,3,0,1,0,1,1,0,0,6,4,1,1,0,0,0,"Docklands",28318,"Western Bulldogs","Greater Western Sydney",134,53
12750,"Connor","Idun","Greater Western Sydney",39,"2","2026-03-14",11,12,23,10,0,0,0,1,3,1,0,2,0,1,0,6,18,0,0,4,0,0,"Docklands",28318,"Western Bulldogs","Greater Western Sydney",134,53
12377,"Jayden","Laverde","Greater Western Sydney",25,"2","2026-03-14",15,4,19,13,0,0,0,2,2,1,0,3,0,2,0,2,17,1,0,2,0,0,"Docklands",28318,"Western Bulldogs","Greater Western Sydney",134,53
12821,"Xavier","OHalloran","Greater Western Sydney",33,"2","2026-03-14",8,5,13,3,1,1,0,2,0,3,0,2,0,0,0,6,7,0,0,0,0,0,"Docklands",28318,"Western Bulldogs","Greater Western Sydney",134,53
12410,"Clayton","Oliver","Greater Western Sydney",10,"2","2026-03-14",11,15,26,3,0,0,0,2,1,4,4,5,2,1,0,8,16,1,0,1,0,0,"Docklands",28318,"Western Bulldogs","Greater Western Sydney",134,53
12834,"Jake","Riccardi","Greater Western Sydney",26,"2","2026-03-14",14,5,19,8,1,0,12,1,1,1,2,3,0,1,0,6,13,1,2,0,0,0,"Docklands",28318,"Western Bulldogs","Greater Western Sydney",134,53
13045,"Harry","Rowston","Greater Western Sydney",24,"2","2026-03-14",8,7,15,4,1,0,0,2,2,1,2,6,0,1,0,4,12,0,0,2,0,0,"Docklands",28318,"Western Bulldogs","Greater Western Sydney",134,53
12167,"Jake","Stringer","Greater Western Sydney",20,"2","2026-03-14",4,1,5,1,0,0,0,3,0,2,0,2,1,0,0,4,2,0,1,2,0,1,"Docklands",28318,"Western Bulldogs","Greater Western Sydney",134,53
13101,"Harvey","Thomas","Greater Western Sydney",1,"2","2026-03-14",14,7,21,5,0,0,0,2,2,4,0,4,0,3,0,3,16,0,0,3,0,0,"Docklands",28318,"Western Bulldogs","Greater Western Sydney",134,53
12143,"Lachie","Whitfield","Greater Western Sydney",6,"2","2026-03-14",15,10,25,7,0,0,0,2,3,0,0,3,1,1,0,3,17,1,0,0,0,0,"Docklands",28318,"Western Bulldogs","Greater Western Sydney",134,53
12690,"Tom","Atkins","Geelong",30,"2","2026-03-14",9,6,15,2,0,0,0,10,1,6,4,1,1,1,0,8,8,0,0,2,0,0,"Kardinia Park",28715,"Geelong","Fremantle",110,100
12153,"Mark","Blicavs","Geelong",46,"2","2026-03-14",5,12,17,2,0,0,9,4,1,0,2,2,2,1,0,8,8,0,0,6,0,0,"Kardinia Park",28715,"Geelong","Fremantle",110,100
12871,"Tanner","Bruhn","Geelong",4,"2","2026-03-14",14,10,24,4,0,1,0,4,4,3,4,3,3,0,0,7,18,0,1,3,2,0,"Kardinia Park",28715,"Geelong","Fremantle",110,100
12017,"Jeremy","Cameron","Geelong",5,"2","2026-03-14",19,4,23,10,3,4,1,2,0,4,0,2,0,1,0,3,19,1,3,2,0,0,"Kardinia Park",28715,"Geelong","Fremantle",110,100
13062,"Jhye","Clark","Geelong",13,"2","2026-03-14",5,4,9,2,1,1,0,1,0,0,0,5,2,2,0,4,5,0,1,2,0,0,"Kardinia Park",28715,"Geelong","Fremantle",110,100
12806,"Brad","Close","Geelong",45,"2","2026-03-14",2,2,4,0,0,0,0,2,0,1,0,0,0,0,0,2,2,0,0,1,0,0,"Kardinia Park",28715,"Geelong","Fremantle",110,100
11700,"Patrick","Dangerfield","Geelong",35,"2","2026-03-14",3,1,4,2,1,0,0,0,0,1,0,0,1,0,0,3,1,2,2,0,0,1,"Kardinia Park",28715,"Geelong","Fremantle",110,100
12891,"Sam","De Koning","Geelong",16,"2","2026-03-14",8,3,11,5,0,0,0,4,2,2,0,2,1,0,0,5,6,1,0,5,0,1,"Kardinia Park",28715,"Geelong","Fremantle",110,100
12974,"Oliver","Dempsey","Geelong",28,"2","2026-03-14",4,12,16,2,0,1,0,1,0,3,1,4,0,2,0,7,9,0,0,1,0,0,"Kardinia Park",28715,"Geelong","Fremantle",110,100
NA,"Mitchell","Edwards","Geelong",11,"2","2026-03-14",4,3,7,0,0,0,15,2,0,3,1,2,2,1,0,5,1,0,0,1,0,0,"Kardinia Park",28715,"Geelong","Fremantle",110,100
12551,"Zach","Guthrie","Geelong",39,"2","2026-03-14",10,4,14,8,0,0,0,2,0,2,1,3,1,1,0,3,10,0,0,0,0,1,"Kardinia Park",28715,"Geelong","Fremantle",110,100
12607,"Jack","Henry","Geelong",38,"2","2026-03-14",11,2,13,7,1,0,0,1,1,0,0,1,3,1,0,4,9,0,0,9,0,0,"Kardinia Park",28715,"Geelong","Fremantle",110,100
12881,"Max","Holmes","Geelong",9,"2","2026-03-14",17,15,32,7,0,1,0,8,5,7,5,2,0,1,0,11,18,0,0,0,5,1,"Kardinia Park",28715,"Geelong","Fremantle",110,100
13160,"Lawson","Humphries","Geelong",17,"2","2026-03-14",12,10,22,9,0,0,0,2,4,0,0,1,0,0,0,3,18,1,0,2,0,0,"Kardinia Park",28715,"Geelong","Fremantle",110,100
13104,"Shaun","Mannagh","Geelong",7,"2","2026-03-14",13,3,16,3,3,2,0,1,0,5,1,3,2,0,0,7,9,0,2,1,0,1,"Kardinia Park",28715,"Geelong","Fremantle",110,100
12236,"Jack","Martin","Geelong",19,"2","2026-03-14",8,3,11,6,1,2,0,2,0,1,1,1,1,0,0,5,7,1,4,3,0,1,"Kardinia Park",28715,"Geelong","Fremantle",110,100
12689,"Gryan","Miers","Geelong",32,"2","2026-03-14",17,8,25,5,0,0,0,2,2,5,2,1,0,0,0,5,19,0,0,0,0,3,"Kardinia Park",28715,"Geelong","Fremantle",110,100
13066,"Oisin","Mullin","Geelong",34,"2","2026-03-14",7,4,11,5,0,0,0,1,0,3,1,2,1,1,0,3,7,0,0,0,0,0,"Kardinia Park",28715,"Geelong","Fremantle",110,100
12992,"Shannon","Neale","Geelong",33,"2","2026-03-14",7,2,9,5,5,1,1,1,0,1,1,1,1,0,0,5,2,4,5,1,0,0,"Kardinia Park",28715,"Geelong","Fremantle",110,100
12531,"Mark","OConnor","Geelong",42,"2","2026-03-14",7,1,8,3,0,0,0,1,1,3,1,3,0,0,0,2,6,0,0,1,0,0,"Kardinia Park",28715,"Geelong","Fremantle",110,100
13122,"Connor","OSullivan","Geelong",14,"2","2026-03-14",8,4,12,7,0,0,0,2,2,3,0,6,0,3,0,5,7,1,0,4,0,1,"Kardinia Park",28715,"Geelong","Fremantle",110,100
12692,"Bailey","Smith","Geelong",3,"2","2026-03-14",22,9,31,7,1,0,0,4,2,6,3,5,3,0,0,8,20,0,0,3,0,2,"Kardinia Park",28715,"Geelong","Fremantle",110,100
12505,"Tom","Stewart","Geelong",44,"2","2026-03-14",19,8,27,10,0,0,0,1,7,1,0,3,0,0,0,7,14,0,0,9,0,1,"Kardinia Park",28715,"Geelong","Fremantle",110,100
12983,"Jye","Amiss","Fremantle",24,"2","2026-03-14",2,2,4,2,1,0,0,1,0,1,0,0,0,0,0,2,2,0,1,4,0,1,"Kardinia Park",28715,"Geelong","Fremantle",110,100
12535,"Shai","Bolton","Fremantle",10,"2","2026-03-14",7,9,16,1,2,0,0,2,0,1,2,2,0,0,0,9,7,0,0,0,1,1,"Kardinia Park",28715,"Geelong","Fremantle",110,100
12589,"Andrew","Brayshaw","Fremantle",8,"2","2026-03-14",8,6,14,2,1,0,0,4,0,1,6,7,1,4,0,8,8,0,0,1,1,0,"Kardinia Park",28715,"Geelong","Fremantle",110,100
12875,"Heath","Chapman","Fremantle",5,"2","2026-03-14",10,9,19,2,0,0,0,1,6,0,1,6,0,2,0,5,10,0,0,4,0,0,"Kardinia Park",28715,"Geelong","Fremantle",110,100
12688,"Jordan","Clark","Fremantle",6,"2","2026-03-14",16,3,19,2,0,0,0,3,7,3,2,3,0,1,0,5,8,0,0,3,0,0,"Kardinia Park",28715,"Geelong","Fremantle",110,100
12547,"Sean","Darcy","Fremantle",4,"2","2026-03-14",3,7,10,2,0,0,22,1,0,2,0,2,1,1,0,5,5,1,0,1,0,0,"Kardinia Park",28715,"Geelong","Fremantle",110,100
13204,"Isaiah","Dudley","Fremantle",43,"2","2026-03-14",7,3,10,1,3,2,0,4,0,1,0,2,0,1,0,5,6,0,1,1,0,1,"Kardinia Park",28715,"Geelong","Fremantle",110,100
12966,"Neil","Erasmus","Fremantle",28,"2","2026-03-14",12,9,21,4,0,2,0,0,4,1,1,7,0,1,0,7,14,0,0,1,0,0,"Kardinia Park",28715,"Geelong","Fremantle",110,100
12779,"Luke","Jackson","Fremantle",9,"2","2026-03-14",8,19,27,2,1,0,22,8,3,1,10,6,3,2,0,18,10,0,0,1,0,0,"Kardinia Park",28715,"Geelong","Fremantle",110,100
13047,"Matthew","Johnson","Fremantle",44,"2","2026-03-14",8,6,14,2,0,0,0,6,1,3,2,3,0,0,0,4,10,1,0,0,0,1,"Kardinia Park",28715,"Geelong","Fremantle",110,100
12394,"Oscar","McDonald","Fremantle",21,"2","2026-03-14",4,1,5,2,0,0,0,2,4,0,0,1,1,0,0,2,2,0,0,5,0,0,"Kardinia Park",28715,"Geelong","Fremantle",110,100
13033,"Judd","McVee","Fremantle",17,"2","2026-03-14",7,7,14,2,0,0,0,2,3,2,2,2,0,0,0,6,7,0,0,2,2,0,"Kardinia Park",28715,"Geelong","Fremantle",110,100
12960,"Nathan","ODriscoll","Fremantle",30,"2","2026-03-14",3,8,11,2,1,0,0,3,0,3,1,0,0,0,0,6,6,0,0,2,0,0,"Kardinia Park",28715,"Geelong","Fremantle",110,100
12352,"Alex","Pearce","Fremantle",25,"2","2026-03-14",7,1,8,5,0,0,0,1,4,0,1,2,0,1,0,3,5,1,0,0,0,0,"Kardinia Park",28715,"Geelong","Fremantle",110,100
13180,"Murphy","Reid","Fremantle",16,"2","2026-03-14",9,10,19,2,1,3,0,4,1,1,2,1,3,1,0,7,12,0,0,0,1,0,"Kardinia Park",28715,"Geelong","Fremantle",110,100
12786,"Caleb","Serong","Fremantle",3,"2","2026-03-14",21,9,30,5,1,1,0,1,1,6,8,2,1,0,0,13,15,0,0,1,1,2,"Kardinia Park",28715,"Geelong","Fremantle",110,100
12672,"Sam","Switkowski","Fremantle",39,"2","2026-03-14",2,7,9,1,0,1,0,4,0,2,0,0,1,0,0,1,8,0,0,0,0,0,"Kardinia Park",28715,"Geelong","Fremantle",110,100
12887,"Josh","Treacy","Fremantle",35,"2","2026-03-14",9,1,10,8,2,1,0,2,0,5,0,4,1,3,0,5,7,2,3,0,0,1,"Kardinia Park",28715,"Geelong","Fremantle",110,100
13129,"Patrick","Voss","Fremantle",20,"2","2026-03-14",7,4,11,4,0,3,0,6,1,2,0,4,1,3,0,5,7,1,3,1,0,1,"Kardinia Park",28715,"Geelong","Fremantle",110,100
12453,"Corey","Wagner","Fremantle",34,"2","2026-03-14",8,5,13,2,0,0,0,1,2,4,0,3,0,2,0,4,8,0,0,2,0,0,"Kardinia Park",28715,"Geelong","Fremantle",110,100
12914,"Brandon","Walker","Fremantle",31,"2","2026-03-14",5,5,10,0,0,0,0,1,2,1,1,0,1,0,0,3,7,0,0,3,0,0,"Kardinia Park",28715,"Geelong","Fremantle",110,100
13075,"Karl","Worner","Fremantle",23,"2","2026-03-14",11,8,19,6,0,0,0,2,4,1,0,2,1,2,0,2,13,0,0,2,1,0,"Kardinia Park",28715,"Geelong","Fremantle",110,100
12777,"Hayden","Young","Fremantle",26,"2","2026-03-14",7,9,16,2,1,0,1,4,0,5,3,1,0,0,0,7,10,0,0,2,0,1,"Kardinia Park",28715,"Geelong","Fremantle",110,100
12844,"Joel","Amartey","Sydney",36,"2","2026-03-14",9,4,13,8,5,0,2,2,0,1,0,2,1,0,0,5,8,3,5,2,0,2,"S.C.G.",38128,"Sydney","Brisbane Lions",104,60
13195,"Riley","Bice","Sydney",26,"2","2026-03-14",16,12,28,6,0,0,0,4,6,4,0,3,0,1,0,1,25,1,0,3,1,1,"S.C.G.",38128,"Sydney","Brisbane Lions",104,60
12699,"Nick","Blakey","Sydney",22,"2","2026-03-14",16,9,25,6,1,0,0,1,8,4,2,4,2,2,0,7,14,0,0,4,0,1,"S.C.G.",38128,"Sydney","Brisbane Lions",104,60
12421,"Charlie","Curnow","Sydney",35,"2","2026-03-14",9,4,13,6,0,2,0,2,0,3,0,4,2,2,0,8,6,2,3,1,0,0,"S.C.G.",38128,"Sydney","Brisbane Lions",104,60
12217,"Brodie","Grundy","Sydney",4,"2","2026-03-14",2,7,9,1,1,0,29,1,0,1,3,5,1,4,0,10,3,0,0,4,0,0,"S.C.G.",38128,"Sydney","Brisbane Lions",104,60
12862,"Errol","Gulden","Sydney",21,"2","2026-03-14",11,9,20,6,1,0,0,8,4,4,1,2,0,2,0,3,17,0,1,1,1,0,"S.C.G.",38128,"Sydney","Brisbane Lions",104,60
12326,"Isaac","Heeney","Sydney",5,"2","2026-03-14",11,5,16,3,2,2,0,1,1,1,3,4,1,2,0,10,7,1,2,0,0,1,"S.C.G.",38128,"Sydney","Brisbane Lions",104,60
12860,"James","Jordon","Sydney",17,"2","2026-03-14",4,5,9,2,0,0,0,1,0,2,0,0,0,0,0,0,8,0,0,0,0,1,"S.C.G.",38128,"Sydney","Brisbane Lions",104,60
12268,"Jake","Lloyd","Sydney",44,"2","2026-03-14",4,4,8,4,0,0,0,2,0,1,0,0,0,0,0,1,6,0,0,0,0,1,"S.C.G.",38128,"Sydney","Brisbane Lions",104,60
12627,"Tom","McCartin","Sydney",30,"2","2026-03-14",11,16,27,8,0,0,0,0,4,4,0,2,1,0,0,8,18,2,0,4,0,0,"S.C.G.",38128,"Sydney","Brisbane Lions",104,60
12861,"Logan","McDonald","Sydney",6,"2","2026-03-14",6,6,12,5,2,1,3,1,0,2,0,0,1,0,0,7,6,1,3,5,0,1,"S.C.G.",38128,"Sydney","Brisbane Lions",104,60
12711,"Justin","McInerney","Sydney",27,"2","2026-03-14",10,13,23,5,2,0,0,1,1,2,2,2,0,1,0,2,20,0,1,1,0,0,"S.C.G.",38128,"Sydney","Brisbane Lions",104,60
12526,"Lewis","Melican","Sydney",43,"2","2026-03-14",7,4,11,4,0,1,0,1,2,1,0,1,0,0,0,2,8,0,0,7,0,0,"S.C.G.",38128,"Sydney","Brisbane Lions",104,60
12413,"Callum","Mills","Sydney",14,"2","2026-03-14",9,13,22,6,0,0,0,2,3,1,0,1,0,0,0,4,14,1,0,7,0,0,"S.C.G.",38128,"Sydney","Brisbane Lions",104,60
12412,"Tom","Papley","Sydney",11,"2","2026-03-14",13,5,18,4,0,0,0,1,0,6,2,2,0,0,0,5,12,0,1,2,1,1,"S.C.G.",38128,"Sydney","Brisbane Lions",104,60
12140,"Dane","Rampe","Sydney",24,"2","2026-03-14",9,6,15,1,0,0,0,3,1,3,0,1,2,1,0,5,8,0,0,4,0,0,"S.C.G.",38128,"Sydney","Brisbane Lions",104,60
12994,"Matt","Roberts","Sydney",34,"2","2026-03-14",11,9,20,5,0,1,0,4,1,8,1,3,4,1,0,10,12,0,1,1,0,0,"S.C.G.",38128,"Sydney","Brisbane Lions",104,60
12903,"Malcolm","Rosas","Sydney",10,"2","2026-03-14",5,3,8,1,1,1,0,1,0,1,0,0,0,0,0,2,5,0,1,2,0,0,"S.C.G.",38128,"Sydney","Brisbane Lions",104,60
12714,"James","Rowbottom","Sydney",8,"2","2026-03-14",10,11,21,2,0,1,0,7,1,4,3,3,0,0,0,10,10,0,0,2,0,0,"S.C.G.",38128,"Sydney","Brisbane Lions",104,60
13022,"Jai","Serong","Sydney",13,"2","2026-03-14",9,9,18,3,0,0,0,1,3,3,0,4,1,0,0,2,13,0,0,2,1,0,"S.C.G.",38128,"Sydney","Brisbane Lions",104,60
12951,"Angus","Sheldrick","Sydney",12,"2","2026-03-14",10,15,25,5,0,0,0,3,1,3,4,1,0,0,0,10,13,0,0,0,0,0,"S.C.G.",38128,"Sydney","Brisbane Lions",104,60
12797,"Chad","Warner","Sydney",1,"2","2026-03-14",6,9,15,1,0,0,0,0,0,4,2,2,0,0,0,10,5,0,0,0,3,3,"S.C.G.",38128,"Sydney","Brisbane Lions",104,60
12818,"Sam","Wicks","Sydney",15,"2","2026-03-14",5,5,10,0,0,1,0,5,3,2,0,3,2,3,0,4,6,0,0,3,0,0,"S.C.G.",38128,"Sydney","Brisbane Lions",104,60
12655,"Oscar","Allen","Brisbane Lions",4,"2","2026-03-14",3,2,5,1,1,0,0,0,0,1,0,1,0,1,0,1,3,0,0,0,0,0,"S.C.G.",38128,"Sydney","Brisbane Lions",104,60
NA,"Daniel","Annable","Brisbane Lions",14,"2","2026-03-14",10,3,13,4,0,0,0,1,0,2,0,2,1,0,0,2,11,0,0,0,0,1,"S.C.G.",38128,"Sydney","Brisbane Lions",104,60
12718,"Noah","Answerth","Brisbane Lions",43,"2","2026-03-14",8,2,10,4,0,0,0,4,3,1,0,2,0,2,0,2,8,0,0,1,0,0,"S.C.G.",38128,"Sydney","Brisbane Lions",104,60
13197,"Levi","Ashcroft","Brisbane Lions",10,"2","2026-03-14",14,4,18,6,0,1,0,1,2,2,3,1,1,0,0,6,14,0,1,0,0,0,"S.C.G.",38128,"Sydney","Brisbane Lions",104,60
13040,"Will","Ashcroft","Brisbane Lions",8,"2","2026-03-14",9,12,21,2,0,0,0,2,1,5,5,3,2,0,0,8,11,0,0,0,0,0,"S.C.G.",38128,"Sydney","Brisbane Lions",104,60
12519,"Jarrod","Berry","Brisbane Lions",7,"2","2026-03-14",8,4,12,2,0,1,0,3,2,2,1,1,1,1,0,3,8,0,0,2,0,0,"S.C.G.",38128,"Sydney","Brisbane Lions",104,60
12277,"Charlie","Cameron","Brisbane Lions",23,"2","2026-03-14",10,2,12,5,2,0,0,3,1,2,2,4,2,1,0,6,6,0,1,1,0,0,"S.C.G.",38128,"Sydney","Brisbane Lions",104,60
12838,"Keidean","Coleman","Brisbane Lions",18,"2","2026-03-14",8,8,16,6,0,0,0,0,1,0,1,2,0,0,0,4,12,1,0,1,0,0,"S.C.G.",38128,"Sydney","Brisbane Lions",104,60
12810,"Sam","Draper","Brisbane Lions",2,"2","2026-03-14",5,3,8,3,0,3,8,1,1,1,0,3,2,2,0,4,4,2,3,0,0,0,"S.C.G.",38128,"Sydney","Brisbane Lions",104,60
12408,"Josh","Dunkley","Brisbane Lions",5,"2","2026-03-14",12,10,22,5,0,0,0,9,2,2,2,3,1,0,0,10,10,0,0,1,0,0,"S.C.G.",38128,"Sydney","Brisbane Lions",104,60
13072,"Jaspa","Fletcher","Brisbane Lions",3,"2","2026-03-14",13,5,18,5,0,0,0,4,2,6,0,2,0,1,0,3,14,0,0,4,0,0,"S.C.G.",38128,"Sydney","Brisbane Lions",104,60
12724,"Darcy","Fort","Brisbane Lions",32,"2","2026-03-14",13,5,18,4,0,0,13,2,4,2,7,5,3,1,0,10,9,0,0,3,0,0,"S.C.G.",38128,"Sydney","Brisbane Lions",104,60
13235,"Ty","Gallop","Brisbane Lions",22,"2","2026-03-14",2,1,3,0,0,1,1,2,0,1,0,1,1,1,0,3,0,0,0,2,0,1,"S.C.G.",38128,"Sydney","Brisbane Lions",104,60
11894,"Ryan","Lester","Brisbane Lions",35,"2","2026-03-14",9,2,11,4,0,0,0,1,2,0,0,4,1,2,0,6,5,1,0,7,0,0,"S.C.G.",38128,"Sydney","Brisbane Lions",104,60
12968,"Kai","Lohmann","Brisbane Lions",1,"2","2026-03-14",4,4,8,2,1,0,0,2,0,0,3,5,0,2,0,7,2,1,2,0,1,0,"S.C.G.",38128,"Sydney","Brisbane Lions",104,60
12090,"Lincoln","McCarthy","Brisbane Lions",11,"2","2026-03-14",8,3,11,2,0,0,0,2,2,2,1,8,1,3,0,7,6,1,0,0,0,0,"S.C.G.",38128,"Sydney","Brisbane Lions",104,60
12055,"Lachie","Neale","Brisbane Lions",9,"2","2026-03-14",10,18,28,3,0,0,0,2,4,2,9,3,0,0,0,12,14,1,0,1,0,0,"S.C.G.",38128,"Sydney","Brisbane Lions",104,60
12592,"Cam","Rayner","Brisbane Lions",16,"2","2026-03-14",10,6,16,6,1,2,0,1,0,6,3,3,2,0,0,6,10,0,3,0,0,1,"S.C.G.",38128,"Sydney","Brisbane Lions",104,60
13138,"Bruce","Reville","Brisbane Lions",38,"2","2026-03-14",10,3,13,3,2,0,0,2,1,4,3,0,0,0,0,6,6,0,1,0,0,0,"S.C.G.",38128,"Sydney","Brisbane Lions",104,60
13005,"James","Tunstill","Brisbane Lions",29,"2","2026-03-14",7,9,16,7,1,0,0,0,2,0,0,2,0,0,0,4,12,0,1,0,0,0,"S.C.G.",38128,"Sydney","Brisbane Lions",104,60
13026,"Darcy","Wilmot","Brisbane Lions",44,"2","2026-03-14",21,3,24,8,0,1,0,2,4,2,4,2,1,0,0,7,13,1,0,2,0,0,"S.C.G.",38128,"Sydney","Brisbane Lions",104,60
13277,"Zane","Zakostelsky","Brisbane Lions",21,"2","2026-03-14",10,2,12,6,0,0,0,0,4,0,0,2,0,1,0,3,7,1,0,6,0,0,"S.C.G.",38128,"Sydney","Brisbane Lions",104,60
12076,"Dayne","Zorko","Brisbane Lions",15,"2","2026-03-14",24,6,30,11,0,0,0,1,8,3,1,4,0,0,0,6,18,0,0,1,1,1,"S.C.G.",38128,"Sydney","Brisbane Lions",104,60
13146,"Edward","Allan","Collingwood",16,"2","2026-03-14",5,3,8,3,0,1,0,2,2,1,0,1,0,1,0,5,5,0,0,1,1,0,"M.C.G.",62482,"Collingwood","Adelaide",79,93
13071,"Jack","Buller","Collingwood",34,"2","2026-03-14",4,4,8,1,0,0,0,2,0,1,0,2,1,0,0,2,6,0,0,0,0,0,"M.C.G.",62482,"Collingwood","Adelaide",79,93
12660,"Darcy","Cameron","Collingwood",14,"2","2026-03-14",11,9,20,4,0,1,16,2,3,1,9,2,2,1,0,10,9,0,1,2,0,0,"M.C.G.",62482,"Collingwood","Adelaide",79,93
12061,"Jack","Crisp","Collingwood",25,"2","2026-03-14",11,13,24,8,1,0,0,1,1,3,2,3,0,0,0,9,15,1,0,1,1,0,"M.C.G.",62482,"Collingwood","Adelaide",79,93
12573,"Josh","Daicos","Collingwood",7,"2","2026-03-14",16,12,28,6,0,0,0,3,3,4,1,2,0,0,0,4,18,0,0,0,0,0,"M.C.G.",62482,"Collingwood","Adelaide",79,93
12943,"Nick","Daicos","Collingwood",35,"2","2026-03-14",22,11,33,6,2,2,0,1,2,10,4,2,3,0,0,7,24,0,0,0,2,0,"M.C.G.",62482,"Collingwood","Adelaide",79,93
12318,"Jordan","de Goey","Collingwood",2,"2","2026-03-14",7,5,12,5,0,0,0,2,0,3,0,3,0,0,0,4,7,1,0,1,0,2,"M.C.G.",62482,"Collingwood","Adelaide",79,93
12083,"Jamie","Elliott","Collingwood",5,"2","2026-03-14",5,0,5,3,2,0,0,2,0,1,1,1,0,0,0,2,4,0,2,1,0,1,"M.C.G.",62482,"Collingwood","Adelaide",79,93
12676,"Billy","Frampton","Collingwood",17,"2","2026-03-14",3,2,5,1,0,0,0,0,2,0,0,1,2,1,0,4,2,0,0,6,0,0,"M.C.G.",62482,"Collingwood","Adelaide",79,93
12495,"Dan","Houston","Collingwood",9,"2","2026-03-14",21,11,32,11,0,0,0,1,5,4,1,3,0,1,0,8,18,0,0,6,0,0,"M.C.G.",62482,"Collingwood","Adelaide",79,93
12578,"Patrick","Lipinski","Collingwood",1,"2","2026-03-14",8,14,22,4,0,1,0,5,1,2,1,3,0,0,0,7,14,1,0,0,0,1,"M.C.G.",62482,"Collingwood","Adelaide",79,93
13023,"Ned","Long","Collingwood",44,"2","2026-03-14",7,9,16,1,0,0,0,8,0,1,2,5,1,4,0,7,8,0,0,0,0,0,"M.C.G.",62482,"Collingwood","Adelaide",79,93
12371,"Brayden","Maynard","Collingwood",4,"2","2026-03-14",11,4,15,4,0,0,0,3,5,3,0,5,2,2,0,5,10,1,0,8,0,0,"M.C.G.",62482,"Collingwood","Adelaide",79,93
12876,"Beau","McCreery","Collingwood",31,"2","2026-03-14",12,5,17,4,1,1,0,4,0,3,1,6,0,2,0,5,12,0,1,1,1,2,"M.C.G.",62482,"Collingwood","Adelaide",79,93
12291,"Daniel","McStay","Collingwood",11,"2","2026-03-14",7,3,10,5,0,0,3,2,0,4,1,4,0,0,0,4,6,2,2,2,0,0,"M.C.G.",62482,"Collingwood","Adelaide",79,93
12300,"Tim","Membrey","Collingwood",28,"2","2026-03-14",2,1,3,1,1,1,0,1,0,0,0,0,1,0,0,4,1,1,1,2,0,0,"M.C.G.",62482,"Collingwood","Adelaide",79,93
13147,"Wil","Parker","Collingwood",15,"2","2026-03-14",4,5,9,0,0,0,0,0,3,1,0,3,0,1,0,4,3,0,0,4,0,0,"M.C.G.",62482,"Collingwood","Adelaide",79,93
4182,"Scott","Pendlebury","Collingwood",10,"2","2026-03-14",8,8,16,5,0,0,0,2,0,1,3,0,0,0,0,5,12,0,0,1,0,0,"M.C.G.",62482,"Collingwood","Adelaide",79,93
12536,"Harry","Perryman","Collingwood",12,"2","2026-03-14",9,8,17,5,0,1,0,3,4,2,0,0,1,0,0,3,13,0,0,5,0,0,"M.C.G.",62482,"Collingwood","Adelaide",79,93
12740,"Isaac","Quaynor","Collingwood",3,"2","2026-03-14",15,6,21,8,0,0,0,2,6,4,0,3,0,0,0,1,17,0,0,2,2,1,"M.C.G.",62482,"Collingwood","Adelaide",79,93
12700,"Lachie","Schultz","Collingwood",8,"2","2026-03-14",9,6,15,5,2,1,0,2,0,5,0,3,0,0,0,5,8,2,2,1,0,1,"M.C.G.",62482,"Collingwood","Adelaide",79,93
11751,"Steele","Sidebottom","Collingwood",22,"2","2026-03-14",10,7,17,7,0,0,0,2,2,2,3,2,1,1,0,7,11,0,0,2,0,0,"M.C.G.",62482,"Collingwood","Adelaide",79,93
13248,"Roan","Steele","Collingwood",45,"2","2026-03-14",6,6,12,1,2,1,0,2,1,3,0,1,0,1,0,3,8,0,1,1,0,2,"M.C.G.",62482,"Collingwood","Adelaide",79,93
12414,"Callum","Ah Chee","Adelaide",4,"2","2026-03-14",5,7,12,4,0,1,0,0,1,3,1,1,0,0,0,4,9,0,1,1,0,0,"M.C.G.",62482,"Collingwood","Adelaide",79,93
12849,"Sam","Berry","Adelaide",3,"2","2026-03-14",16,3,19,4,0,1,1,7,3,3,4,4,2,3,0,10,12,0,0,1,0,0,"M.C.G.",62482,"Collingwood","Adelaide",79,93
13165,"Hugh","Bond","Adelaide",21,"2","2026-03-14",10,3,13,4,0,0,0,1,3,1,1,4,1,1,0,4,10,0,0,3,1,0,"M.C.G.",62482,"Collingwood","Adelaide",79,93
12829,"Jordon","Butts","Adelaide",41,"2","2026-03-14",4,4,8,4,0,0,0,1,3,0,0,1,0,0,0,4,4,1,0,1,0,0,"M.C.G.",62482,"Collingwood","Adelaide",79,93
12932,"Brayden","Cook","Adelaide",15,"2","2026-03-14",14,5,19,7,1,1,0,1,1,3,0,2,0,0,0,10,10,1,1,2,0,0,"M.C.G.",62482,"Collingwood","Adelaide",79,93
12629,"Isaac","Cumming","Adelaide",44,"2","2026-03-14",14,5,19,9,2,0,0,2,1,4,0,3,0,1,0,1,18,0,1,3,0,1,"M.C.G.",62482,"Collingwood","Adelaide",79,93
12516,"Jordan","Dawson","Adelaide",12,"2","2026-03-14",14,7,21,4,0,0,0,6,0,3,2,1,3,0,0,8,14,0,0,0,0,1,"M.C.G.",62482,"Collingwood","Adelaide",79,93
12584,"Darcy","Fogarty","Adelaide",32,"2","2026-03-14",6,2,8,3,2,1,0,2,0,0,0,5,0,2,0,6,3,0,3,1,0,0,"M.C.G.",62482,"Collingwood","Adelaide",79,93
12434,"Ben","Keays","Adelaide",2,"2","2026-03-14",11,2,13,4,1,1,0,0,2,4,0,5,1,0,0,2,10,0,1,2,0,3,"M.C.G.",62482,"Collingwood","Adelaide",79,93
12165,"Rory","Laird","Adelaide",29,"2","2026-03-14",19,6,25,11,0,0,0,0,4,0,1,3,1,0,0,5,17,0,0,2,0,0,"M.C.G.",62482,"Collingwood","Adelaide",79,93
13065,"Lachlan","McAndrew","Adelaide",42,"2","2026-03-14",4,9,13,1,0,0,27,4,2,2,5,3,1,2,0,8,6,0,0,3,0,1,"M.C.G.",62482,"Collingwood","Adelaide",79,93
13027,"Max","Michalanney","Adelaide",16,"2","2026-03-14",14,2,16,9,0,0,0,2,4,2,0,2,0,1,0,2,15,0,0,3,0,0,"M.C.G.",62482,"Collingwood","Adelaide",79,93
12405,"Wayne","Milera","Adelaide",30,"2","2026-03-14",21,13,34,6,0,0,0,1,6,4,1,1,0,0,0,8,18,0,0,1,1,1,"M.C.G.",62482,"Collingwood","Adelaide",79,93
12872,"Nick","Murray","Adelaide",9,"2","2026-03-14",8,5,13,3,0,0,0,1,4,2,1,2,0,0,0,3,9,0,0,6,0,1,"M.C.G.",62482,"Collingwood","Adelaide",79,93
NA,"Toby","Murray","Adelaide",39,"2","2026-03-14",1,1,2,1,0,0,7,2,0,0,0,2,0,0,0,1,1,0,0,1,0,0,"M.C.G.",62482,"Collingwood","Adelaide",79,93
12367,"Alex","Neal-Bullen","Adelaide",28,"2","2026-03-14",14,12,26,7,1,2,0,2,1,6,2,5,0,0,0,10,17,0,2,2,0,1,"M.C.G.",62482,"Collingwood","Adelaide",79,93
12934,"James","Peatling","Adelaide",25,"2","2026-03-14",12,8,20,3,0,1,0,2,0,1,5,2,1,1,0,10,9,1,0,0,0,1,"M.C.G.",62482,"Collingwood","Adelaide",79,93
12921,"Luke","Pedlar","Adelaide",10,"2","2026-03-14",7,0,7,3,1,2,0,2,2,1,0,0,0,0,0,3,4,0,1,1,0,0,"M.C.G.",62482,"Collingwood","Adelaide",79,93
12953,"Josh","Rachele","Adelaide",8,"2","2026-03-14",15,9,24,6,1,1,0,3,3,2,3,7,1,1,0,9,13,0,1,0,0,0,"M.C.G.",62482,"Collingwood","Adelaide",79,93
12952,"Jake","Soligo","Adelaide",14,"2","2026-03-14",8,6,14,3,1,0,0,6,0,1,2,1,1,0,0,7,6,0,1,0,0,0,"M.C.G.",62482,"Collingwood","Adelaide",79,93
12892,"Riley","Thilthorpe","Adelaide",7,"2","2026-03-14",12,3,15,7,3,1,0,3,1,6,1,5,1,1,0,6,9,3,2,0,1,0,"M.C.G.",62482,"Collingwood","Adelaide",79,93
11713,"Taylor","Walker","Adelaide",13,"2","2026-03-14",11,8,19,6,0,2,0,0,0,5,0,3,2,1,0,10,9,2,0,1,0,2,"M.C.G.",62482,"Collingwood","Adelaide",79,93
12912,"Josh","Worrell","Adelaide",24,"2","2026-03-14",16,11,27,8,0,0,0,0,7,2,0,3,0,0,0,8,16,0,0,1,0,0,"M.C.G.",62482,"Collingwood","Adelaide",79,93
NA,"Tom","Blamires","North Melbourne",39,"2","2026-03-15",14,9,23,5,0,0,0,1,3,1,0,2,1,1,0,3,20,0,0,0,0,0,"Docklands",23318,"North Melbourne","Port Adelaide",113,67
12938,"Charlie","Comben","North Melbourne",30,"2","2026-03-15",13,5,18,11,1,0,0,2,3,2,0,2,1,1,0,10,11,3,0,6,0,0,"Docklands",23318,"North Melbourne","Port Adelaide",113,67
12975,"Paul","Curtis","North Melbourne",25,"2","2026-03-15",6,1,7,4,1,3,0,1,0,0,0,0,2,0,0,6,3,2,4,0,0,0,"Docklands",23318,"North Melbourne","Port Adelaide",113,67
12373,"Caleb","Daniel","North Melbourne",5,"2","2026-03-15",17,6,23,7,0,0,0,0,5,2,2,3,0,1,0,3,19,0,0,3,1,0,"Docklands",23318,"North Melbourne","Port Adelaide",113,67
11905,"Jack","Darling","North Melbourne",27,"2","2026-03-15",9,3,12,7,1,0,3,4,0,3,2,3,1,2,0,8,4,3,0,2,0,3,"Docklands",23318,"North Melbourne","Port Adelaide",113,67
12590,"Luke","Davies-Uniacke","North Melbourne",9,"2","2026-03-15",15,9,24,6,0,1,0,5,2,5,6,6,1,3,0,10,12,0,0,0,0,0,"Docklands",23318,"North Melbourne","Port Adelaide",113,67
NA,"Lachy","Dovaston","North Melbourne",1,"2","2026-03-15",8,2,10,5,0,0,0,3,0,6,1,1,1,0,0,4,5,0,0,0,0,1,"Docklands",23318,"North Melbourne","Port Adelaide",113,67
13106,"Zane","Duursma","North Melbourne",7,"2","2026-03-15",2,3,5,0,1,0,0,2,0,1,1,2,0,1,0,4,1,0,0,0,0,0,"Docklands",23318,"North Melbourne","Port Adelaide",113,67
13186,"Jacob","Konstanty","North Melbourne",41,"2","2026-03-15",2,4,6,1,0,0,0,2,0,1,1,2,1,1,0,6,2,0,0,2,0,0,"Docklands",23318,"North Melbourne","Port Adelaide",113,67
12563,"Nick","Larkey","North Melbourne",20,"2","2026-03-15",5,2,7,2,4,0,0,1,0,0,0,2,2,1,0,6,2,1,1,0,0,0,"Docklands",23318,"North Melbourne","Port Adelaide",113,67
12511,"Griffin","Logue","North Melbourne",19,"2","2026-03-15",11,3,14,8,0,0,0,0,3,1,0,5,1,3,0,4,10,0,0,6,0,0,"Docklands",23318,"North Melbourne","Port Adelaide",113,67
12246,"Luke","McDonald","North Melbourne",11,"2","2026-03-15",14,6,20,9,0,0,0,1,2,2,1,6,0,2,0,2,18,0,0,3,0,0,"Docklands",23318,"North Melbourne","Port Adelaide",113,67
13107,"Colby","McKercher","North Melbourne",10,"2","2026-03-15",4,7,11,0,1,0,0,2,0,2,0,1,0,0,0,3,8,0,0,0,2,0,"Docklands",23318,"North Melbourne","Port Adelaide",113,67
13187,"Finn","OSullivan","North Melbourne",2,"2","2026-03-15",6,9,15,5,0,0,0,4,0,2,6,0,0,0,0,8,7,0,0,2,0,0,"Docklands",23318,"North Melbourne","Port Adelaide",113,67
11953,"Luke","Parker","North Melbourne",26,"2","2026-03-15",13,11,24,8,1,0,0,2,8,1,2,1,1,0,0,4,17,2,1,1,1,1,"Docklands",23318,"North Melbourne","Port Adelaide",113,67
13108,"Toby","Pink","North Melbourne",32,"2","2026-03-15",10,5,15,7,0,0,0,1,1,3,0,0,0,0,0,2,12,0,0,3,0,0,"Docklands",23318,"North Melbourne","Port Adelaide",113,67
12866,"Tom","Powell","North Melbourne",24,"2","2026-03-15",15,5,20,3,0,1,0,1,0,3,4,1,1,0,0,7,12,0,1,1,0,1,"Docklands",23318,"North Melbourne","Port Adelaide",113,67
13034,"Harry","Sheezel","North Melbourne",3,"2","2026-03-15",18,13,31,8,0,0,0,5,4,5,5,4,0,2,0,7,23,0,0,0,0,1,"Docklands",23318,"North Melbourne","Port Adelaide",113,67
12502,"Jy","Simpkin","North Melbourne",12,"2","2026-03-15",11,6,17,3,1,0,0,3,3,2,3,1,2,1,0,7,11,0,0,0,1,0,"Docklands",23318,"North Melbourne","Port Adelaide",113,67
12796,"Dylan","Stephens","North Melbourne",15,"2","2026-03-15",20,9,29,11,1,1,0,4,2,5,1,2,1,0,0,4,26,0,0,1,0,0,"Docklands",23318,"North Melbourne","Port Adelaide",113,67
13263,"Cooper","Trembath","North Melbourne",47,"2","2026-03-15",7,2,9,4,3,1,2,1,0,1,0,1,3,1,0,5,4,1,3,1,0,0,"Docklands",23318,"North Melbourne","Port Adelaide",113,67
12788,"Tristan","Xerri","North Melbourne",38,"2","2026-03-15",4,15,19,1,0,0,16,10,0,3,5,4,1,2,0,16,4,0,0,1,0,0,"Docklands",23318,"North Melbourne","Port Adelaide",113,67
12557,"Cameron","Zurhaar","North Melbourne",44,"2","2026-03-15",8,3,11,4,2,3,0,3,0,0,0,2,2,0,0,3,8,0,3,1,0,1,"Docklands",23318,"North Melbourne","Port Adelaide",113,67
12433,"Aliir","Aliir","Port Adelaide",21,"2","2026-03-15",10,5,15,5,0,0,0,1,2,0,0,5,2,2,0,6,10,0,0,5,0,0,"Docklands",23318,"North Melbourne","Port Adelaide",113,67
12867,"Miles","Bergman","Port Adelaide",14,"2","2026-03-15",7,5,12,3,1,2,0,2,1,2,2,2,2,2,0,7,5,1,1,0,0,0,"Docklands",23318,"North Melbourne","Port Adelaide",113,67
13188,"Joe","Berry","Port Adelaide",5,"2","2026-03-15",7,4,11,1,0,0,0,2,0,6,1,2,2,1,0,5,6,0,0,0,0,1,"Docklands",23318,"North Melbourne","Port Adelaide",113,67
13007,"Jase","Burgoyne","Port Adelaide",7,"2","2026-03-15",7,10,17,5,0,0,0,3,0,1,0,0,1,0,0,4,10,0,0,2,0,1,"Docklands",23318,"North Melbourne","Port Adelaide",113,67
12698,"Zak","Butters","Port Adelaide",9,"2","2026-03-15",14,9,23,0,0,2,0,7,1,5,9,2,2,0,0,11,11,0,0,1,0,0,"Docklands",23318,"North Melbourne","Port Adelaide",113,67
12422,"Darcy","Byrne-Jones","Port Adelaide",33,"2","2026-03-15",6,1,7,2,1,1,0,5,0,0,1,2,0,0,0,3,3,1,0,2,0,1,"Docklands",23318,"North Melbourne","Port Adelaide",113,67
12695,"Willem","Drew","Port Adelaide",28,"2","2026-03-15",11,10,21,2,0,0,0,4,0,7,4,2,3,0,0,9,11,0,0,0,0,1,"Docklands",23318,"North Melbourne","Port Adelaide",113,67
12936,"Corey","Durdin","Port Adelaide",44,"2","2026-03-15",6,1,7,5,2,2,0,1,0,2,0,0,0,0,0,1,6,0,3,0,0,0,"Docklands",23318,"North Melbourne","Port Adelaide",113,67
13156,"Logan","Evans","Port Adelaide",22,"2","2026-03-15",14,2,16,3,0,0,0,1,7,0,1,4,1,2,0,3,11,0,0,5,0,0,"Docklands",23318,"North Melbourne","Port Adelaide",113,67
12664,"Kane","Farrell","Port Adelaide",6,"2","2026-03-15",11,6,17,6,0,0,0,1,4,1,1,2,0,1,0,3,12,0,0,4,1,0,"Docklands",23318,"North Melbourne","Port Adelaide",113,67
12766,"Mitch","Georgiades","Port Adelaide",19,"2","2026-03-15",6,2,8,3,3,1,0,0,0,1,0,4,2,1,0,5,4,1,2,3,0,0,"Docklands",23318,"North Melbourne","Port Adelaide",113,67
12956,"Jason","Horne-Francis","Port Adelaide",18,"2","2026-03-15",8,4,12,2,0,1,0,3,0,3,3,4,2,1,0,7,5,0,0,1,0,1,"Docklands",23318,"North Melbourne","Port Adelaide",113,67
12882,"Lachie","Jones","Port Adelaide",34,"2","2026-03-15",9,0,9,6,0,0,0,1,5,2,0,1,0,1,0,1,7,1,0,4,0,0,"Docklands",23318,"North Melbourne","Port Adelaide",113,67
13056,"Ollie","Lord","Port Adelaide",30,"2","2026-03-15",4,3,7,1,0,1,7,2,0,0,1,2,1,0,0,5,2,0,1,0,0,0,"Docklands",23318,"North Melbourne","Port Adelaide",113,67
13269,"Ewan","Mackinlay","Port Adelaide",31,"2","2026-03-15",7,6,13,0,0,0,0,3,1,1,0,3,0,0,0,8,6,0,0,0,0,0,"Docklands",23318,"North Melbourne","Port Adelaide",113,67
12575,"Todd","Marshall","Port Adelaide",4,"2","2026-03-15",9,5,14,3,0,0,0,0,3,0,0,2,0,1,0,6,6,1,0,3,0,0,"Docklands",23318,"North Melbourne","Port Adelaide",113,67
12597,"Esava","Ratugolea","Port Adelaide",27,"2","2026-03-15",4,4,8,3,0,0,0,0,3,0,0,2,0,1,0,6,1,2,0,5,0,0,"Docklands",23318,"North Melbourne","Port Adelaide",113,67
13139,"Joe","Richards","Port Adelaide",35,"2","2026-03-15",11,3,14,6,0,0,0,2,0,5,0,3,0,1,0,2,12,0,0,0,0,2,"Docklands",23318,"North Melbourne","Port Adelaide",113,67
12697,"Connor","Rozee","Port Adelaide",1,"2","2026-03-15",13,11,24,7,0,0,0,3,3,4,1,5,1,2,0,8,16,0,0,3,0,0,"Docklands",23318,"North Melbourne","Port Adelaide",113,67
13073,"Dante","Visentini","Port Adelaide",38,"2","2026-03-15",4,2,6,1,0,0,30,6,1,2,1,5,1,2,0,1,3,0,0,4,0,0,"Docklands",23318,"North Melbourne","Port Adelaide",113,67
NA,"Jack","Watkins","Port Adelaide",37,"2","2026-03-15",7,3,10,5,0,0,0,2,0,4,0,1,0,1,0,4,7,2,1,1,0,1,"Docklands",23318,"North Melbourne","Port Adelaide",113,67
12991,"Jacob","Wehr","Port Adelaide",15,"2","2026-03-15",8,5,13,4,0,0,0,1,2,1,3,4,1,2,0,6,8,0,0,0,0,0,"Docklands",23318,"North Melbourne","Port Adelaide",113,67
13259,"Jack","Whitlock","Port Adelaide",17,"2","2026-03-15",3,0,3,1,2,1,0,2,0,0,1,1,1,1,0,1,2,0,1,0,0,0,"Docklands",23318,"North Melbourne","Port Adelaide",113,67
12756,"Kade","Chandler","Melbourne",37,"2","2026-03-15",9,6,15,6,1,2,0,2,1,4,1,0,1,0,0,4,8,0,2,1,0,1,"M.C.G.",44577,"Melbourne","St Kilda",120,107
13015,"Jai","Culley","Melbourne",13,"2","2026-03-15",7,4,11,4,1,1,0,2,0,0,1,1,1,1,0,5,7,2,3,0,0,0,"M.C.G.",44577,"Melbourne","St Kilda",120,107
12598,"Bayley","Fritsch","Melbourne",31,"2","2026-03-15",11,4,15,4,1,1,0,1,1,3,0,2,1,0,0,6,10,1,1,1,2,0,"M.C.G.",44577,"Melbourne","St Kilda",120,107
11966,"Max","Gawn","Melbourne",11,"2","2026-03-15",8,14,22,4,1,0,36,2,2,5,5,5,1,2,0,13,9,2,1,5,0,1,"M.C.G.",44577,"Melbourne","St Kilda",120,107
13098,"Blake","Howes","Melbourne",22,"2","2026-03-15",4,11,15,3,0,0,0,0,2,0,0,0,0,0,0,5,10,1,0,5,0,0,"M.C.G.",44577,"Melbourne","St Kilda",120,107
12752,"Changkuoth","Jiath","Melbourne",14,"2","2026-03-15",11,8,19,8,0,0,0,1,5,2,1,2,0,0,0,3,15,0,0,4,3,1,"M.C.G.",44577,"Melbourne","St Kilda",120,107
12393,"Ed","Langdon","Melbourne",15,"2","2026-03-15",9,1,10,5,0,1,0,2,0,2,0,1,0,1,0,2,8,1,1,0,0,1,"M.C.G.",44577,"Melbourne","St Kilda",120,107
13184,"Harvey","Langford","Melbourne",4,"2","2026-03-15",4,5,9,1,0,0,0,1,0,2,2,1,0,0,0,4,5,0,0,0,0,2,"M.C.G.",44577,"Melbourne","St Kilda",120,107
12351,"Jake","Lever","Melbourne",8,"2","2026-03-15",9,3,12,7,0,0,0,1,5,0,0,2,0,2,0,4,9,0,0,8,0,0,"M.C.G.",44577,"Melbourne","St Kilda",120,107
13185,"Xavier","Lindsay","Melbourne",5,"2","2026-03-15",13,5,18,1,0,0,0,2,6,1,1,2,0,0,0,6,9,0,0,2,0,1,"M.C.G.",44577,"Melbourne","St Kilda",120,107
12639,"Brody","Mihocek","Melbourne",28,"2","2026-03-15",12,2,14,8,3,0,0,0,1,3,0,5,1,2,0,5,10,1,4,1,0,0,"M.C.G.",44577,"Melbourne","St Kilda",120,107
12653,"Harry","Petty","Melbourne",35,"2","2026-03-15",5,2,7,2,0,0,5,2,0,2,1,2,1,2,0,5,2,1,0,4,0,1,"M.C.G.",44577,"Melbourne","St Kilda",120,107
12771,"Kysaiah","Pickett","Melbourne",36,"2","2026-03-15",14,5,19,2,1,1,0,7,1,2,6,6,1,1,0,9,10,0,2,1,2,0,"M.C.G.",44577,"Melbourne","St Kilda",120,107
NA,"Latrelle","Pickett","Melbourne",33,"2","2026-03-15",5,2,7,2,1,0,0,0,0,4,2,3,0,2,0,5,4,0,0,0,6,1,"M.C.G.",44577,"Melbourne","St Kilda",120,107
12778,"Trent","Rivers","Melbourne",24,"2","2026-03-15",6,10,16,3,0,0,0,4,0,4,2,1,0,0,0,3,13,0,0,1,0,0,"M.C.G.",44577,"Melbourne","St Kilda",120,107
12272,"Christian","Salem","Melbourne",3,"2","2026-03-15",18,5,23,2,0,0,0,2,6,1,0,4,0,2,0,3,10,0,0,0,1,1,"M.C.G.",44577,"Melbourne","St Kilda",120,107
12864,"Harry","Sharp","Melbourne",30,"2","2026-03-15",8,7,15,1,1,1,0,2,0,1,3,1,2,0,0,8,8,0,0,1,0,0,"M.C.G.",44577,"Melbourne","St Kilda",120,107
12693,"Tom","Sparrow","Melbourne",32,"2","2026-03-15",4,2,6,1,0,0,0,2,2,0,0,0,0,0,0,2,5,0,0,2,0,0,"M.C.G.",44577,"Melbourne","St Kilda",120,107
12368,"Jack","Steele","Melbourne",9,"2","2026-03-15",15,6,21,3,1,0,0,3,2,5,5,2,1,0,0,8,11,0,0,1,0,1,"M.C.G.",44577,"Melbourne","St Kilda",120,107
13123,"Koltyn","Tholstrup","Melbourne",12,"2","2026-03-15",10,7,17,2,0,1,0,1,1,4,3,2,1,1,0,5,11,0,1,0,0,0,"M.C.G.",44577,"Melbourne","St Kilda",120,107
12996,"Daniel","Turner","Melbourne",10,"2","2026-03-15",9,6,15,5,0,1,0,2,2,1,0,0,0,0,0,4,10,0,0,6,1,0,"M.C.G.",44577,"Melbourne","St Kilda",120,107
13048,"Jacob","van Rooyen","Melbourne",2,"2","2026-03-15",10,4,14,7,6,1,3,1,0,3,2,0,0,0,0,5,9,1,4,1,0,1,"M.C.G.",44577,"Melbourne","St Kilda",120,107
13099,"Caleb","Windsor","Melbourne",6,"2","2026-03-15",11,10,21,1,1,1,0,2,1,7,1,4,0,2,0,5,18,0,0,0,0,0,"M.C.G.",44577,"Melbourne","St Kilda",120,107
13220,"Hugh","Boxshall","St Kilda",38,"2","2026-03-15",9,6,15,5,0,2,0,2,0,1,2,4,1,0,0,6,9,0,2,2,0,0,"M.C.G.",44577,"Melbourne","St Kilda",120,107
13035,"Anthony","Caminiti","St Kilda",47,"2","2026-03-15",5,6,11,2,0,0,0,0,1,0,0,1,0,1,0,7,4,1,0,11,0,0,"M.C.G.",44577,"Melbourne","St Kilda",120,107
12976,"Jack","Carroll","St Kilda",18,"2","2026-03-15",11,4,15,4,0,0,0,1,2,2,0,2,1,0,0,4,11,1,0,1,1,1,"M.C.G.",44577,"Melbourne","St Kilda",120,107
12674,"Tom","De Koning","St Kilda",21,"2","2026-03-15",6,9,15,6,0,0,20,3,0,3,3,1,1,1,0,6,10,1,0,1,0,2,"M.C.G.",44577,"Melbourne","St Kilda",120,107
12824,"Sam","Flanders","St Kilda",9,"2","2026-03-15",12,16,28,5,0,0,0,3,1,3,4,4,1,0,0,13,16,0,0,2,0,0,"M.C.G.",44577,"Melbourne","St Kilda",120,107
13125,"Hugo","Garcia","St Kilda",34,"2","2026-03-15",11,8,19,1,0,1,0,6,1,3,4,3,0,0,0,4,13,0,0,4,0,1,"M.C.G.",44577,"Melbourne","St Kilda",120,107
13193,"Max","Hall","St Kilda",40,"2","2026-03-15",16,10,26,4,4,1,0,3,0,8,6,2,1,1,0,8,18,0,2,1,0,2,"M.C.G.",44577,"Melbourne","St Kilda",120,107
12609,"Jack","Higgins","St Kilda",1,"2","2026-03-15",6,3,9,5,2,1,0,1,0,0,0,0,1,0,0,3,6,0,5,1,0,0,"M.C.G.",44577,"Melbourne","St Kilda",120,107
12060,"Bradley","Hill","St Kilda",8,"2","2026-03-15",18,9,27,8,0,1,0,3,2,3,2,1,1,0,0,5,22,0,0,2,1,1,"M.C.G.",44577,"Melbourne","St Kilda",120,107
13201,"Isaac","Keeler","St Kilda",17,"2","2026-03-15",6,4,10,3,1,0,3,1,0,0,1,2,1,0,0,6,6,0,2,1,0,0,"M.C.G.",44577,"Melbourne","St Kilda",120,107
12166,"Jack","Macrae","St Kilda",6,"2","2026-03-15",10,13,23,4,0,0,0,3,0,4,2,3,0,1,0,9,13,0,0,2,0,0,"M.C.G.",44577,"Melbourne","St Kilda",120,107
12948,"Mitch","Owens","St Kilda",10,"2","2026-03-15",13,4,17,6,2,2,2,1,0,6,1,3,3,0,0,7,11,1,3,2,0,1,"M.C.G.",44577,"Melbourne","St Kilda",120,107
13036,"Mattaes","Phillipou","St Kilda",25,"2","2026-03-15",3,8,11,1,0,0,0,2,1,2,3,3,0,1,0,5,5,0,0,1,0,0,"M.C.G.",44577,"Melbourne","St Kilda",120,107
12600,"Liam","Ryan","St Kilda",31,"2","2026-03-15",7,3,10,2,1,2,0,1,0,2,0,1,1,1,0,4,5,1,0,1,1,2,"M.C.G.",44577,"Melbourne","St Kilda",120,107
12929,"Cooper","Sharman","St Kilda",43,"2","2026-03-15",2,6,8,2,0,0,0,0,0,0,0,1,1,0,0,4,5,0,1,1,0,2,"M.C.G.",44577,"Melbourne","St Kilda",120,107
12458,"Jack","Silvagni","St Kilda",3,"2","2026-03-15",9,6,15,8,0,0,0,0,5,0,0,3,0,2,0,3,12,2,0,6,0,0,"M.C.G.",44577,"Melbourne","St Kilda",120,107
12325,"Jack","Sinclair","St Kilda",35,"2","2026-03-15",23,8,31,7,0,0,0,1,6,3,0,2,0,0,0,5,17,1,0,4,0,0,"M.C.G.",44577,"Melbourne","St Kilda",120,107
13243,"Alix","Tauru","St Kilda",26,"2","2026-03-15",8,3,11,4,0,0,0,2,2,1,0,3,0,1,0,2,10,0,0,2,0,0,"M.C.G.",44577,"Melbourne","St Kilda",120,107
12950,"Nasiah","Wanganeen-Milera","St Kilda",7,"2","2026-03-15",15,3,18,3,3,1,0,0,5,1,2,2,1,1,0,4,11,1,3,0,2,0,"M.C.G.",44577,"Melbourne","St Kilda",120,107
12703,"Callum","Wilkie","St Kilda",44,"2","2026-03-15",17,10,27,10,0,0,0,4,8,1,0,1,0,0,0,4,20,0,0,6,1,0,"M.C.G.",44577,"Melbourne","St Kilda",120,107
13110,"Darcy","Wilson","St Kilda",22,"2","2026-03-15",8,10,18,6,1,0,0,1,1,3,3,0,2,0,0,6,13,1,1,0,0,1,"M.C.G.",44577,"Melbourne","St Kilda",120,107
12967,"Marcus","Windhager","St Kilda",2,"2","2026-03-15",15,17,32,4,0,0,0,0,3,4,6,1,2,0,0,11,19,0,0,0,0,1,"M.C.G.",44577,"Melbourne","St Kilda",120,107
12312,"Mason","Wood","St Kilda",32,"2","2026-03-15",11,4,15,6,1,2,0,3,0,3,2,1,0,1,0,3,12,1,1,1,0,0,"M.C.G.",44577,"Melbourne","St Kilda",120,107
13251,"Oscar","Adams","Gold Coast",48,"2","2026-03-15",3,3,6,3,0,0,0,0,1,1,0,2,0,1,0,1,5,0,0,3,0,0,"Carrara",13309,"Gold Coast","West Coast",131,72
12767,"Noah","Anderson","Gold Coast",15,"2","2026-03-15",17,17,34,3,1,1,0,2,2,5,4,6,3,2,0,12,21,0,1,0,2,2,"Carrara",13309,"Gold Coast","West Coast",131,72
13019,"Mac","Andrew","Gold Coast",1,"2","2026-03-15",8,7,15,5,0,0,0,1,3,1,0,5,1,3,0,7,10,0,0,12,0,0,"Carrara",13309,"Gold Coast","West Coast",131,72
13119,"Sam","Clohesy","Gold Coast",33,"2","2026-03-15",13,4,17,7,1,0,0,2,0,2,2,3,1,1,0,3,14,0,2,1,0,0,"Carrara",13309,"Gold Coast","West Coast",131,72
12444,"Sam","Collins","Gold Coast",25,"2","2026-03-15",4,4,8,4,0,0,0,1,2,0,0,0,0,0,0,4,4,1,0,5,0,0,"Carrara",13309,"Gold Coast","West Coast",131,72
12942,"Alex","Davies","Gold Coast",5,"2","2026-03-15",7,18,25,0,1,2,0,4,1,6,3,3,1,0,0,11,13,0,0,3,0,0,"Carrara",13309,"Gold Coast","West Coast",131,72
12848,"Jy","Farrar","Gold Coast",50,"2","2026-03-15",5,4,9,4,1,1,0,0,0,2,0,3,0,1,0,2,7,0,2,0,0,1,"Carrara",13309,"Gold Coast","West Coast",131,72
13120,"Will","Graham","Gold Coast",26,"2","2026-03-15",4,4,8,2,0,0,0,4,0,4,0,0,0,0,0,2,6,0,0,0,1,0,"Carrara",13309,"Gold Coast","West Coast",131,72
12933,"Joel","Jeffrey","Gold Coast",16,"2","2026-03-15",17,11,28,4,0,0,0,2,4,3,3,2,3,0,0,10,17,0,0,1,0,1,"Carrara",13309,"Gold Coast","West Coast",131,72
12728,"Ben","King","Gold Coast",34,"2","2026-03-15",6,2,8,5,5,1,0,0,0,1,0,1,0,0,0,4,5,3,4,0,0,1,"Carrara",13309,"Gold Coast","West Coast",131,72
13232,"Leo","Lombard","Gold Coast",8,"2","2026-03-15",8,3,11,3,2,2,0,3,0,1,0,4,1,2,0,3,6,0,1,1,3,0,"Carrara",13309,"Gold Coast","West Coast",131,72
12521,"Ben","Long","Gold Coast",22,"2","2026-03-15",4,5,9,2,1,0,0,2,0,4,0,4,0,2,0,3,6,0,1,2,0,2,"Carrara",13309,"Gold Coast","West Coast",131,72
12331,"Touk","Miller","Gold Coast",11,"2","2026-03-15",12,12,24,6,1,0,0,2,4,5,3,1,0,0,0,7,18,0,0,2,1,0,"Carrara",13309,"Gold Coast","West Coast",131,72
12743,"John","Noble","Gold Coast",2,"2","2026-03-15",14,11,25,7,0,0,0,1,5,2,0,3,0,1,0,5,19,0,0,1,0,0,"Carrara",13309,"Gold Coast","West Coast",131,72
12430,"Christian","Petracca","Gold Coast",3,"2","2026-03-15",13,10,23,4,4,1,0,3,0,8,6,1,0,0,0,12,9,1,2,2,0,1,"Carrara",13309,"Gold Coast","West Coast",131,72
12652,"Wil","Powell","Gold Coast",27,"2","2026-03-15",10,10,20,4,0,1,0,7,2,4,3,3,2,1,0,8,13,0,0,1,1,1,"Carrara",13309,"Gold Coast","West Coast",131,72
13121,"Ethan","Read","Gold Coast",20,"2","2026-03-15",6,5,11,3,0,1,2,2,0,1,0,7,1,4,0,6,7,1,1,0,0,0,"Carrara",13309,"Gold Coast","West Coast",131,72
12403,"Daniel","Rioli","Gold Coast",17,"2","2026-03-15",4,8,12,1,1,0,0,3,1,2,0,1,0,1,0,2,10,0,0,2,2,0,"Carrara",13309,"Gold Coast","West Coast",131,72
13126,"Jake","Rogers","Gold Coast",29,"2","2026-03-15",4,11,15,2,1,0,0,3,0,1,3,1,1,0,0,7,9,0,0,1,1,4,"Carrara",13309,"Gold Coast","West Coast",131,72
13041,"Bodhi","Uwland","Gold Coast",6,"2","2026-03-15",13,11,24,6,0,0,0,3,1,1,2,1,1,0,0,8,11,1,0,2,0,0,"Carrara",13309,"Gold Coast","West Coast",131,72
13278,"Zeke","Uwland","Gold Coast",32,"2","2026-03-15",4,1,5,2,0,0,0,0,0,2,2,1,2,1,0,2,3,0,0,1,0,0,"Carrara",13309,"Gold Coast","West Coast",131,72
12385,"Lachie","Weller","Gold Coast",14,"2","2026-03-15",5,7,12,1,0,0,0,0,1,1,2,1,0,0,0,3,10,0,0,2,4,1,"Carrara",13309,"Gold Coast","West Coast",131,72
12177,"Jarrod","Witts","Gold Coast",28,"2","2026-03-15",9,11,20,2,1,0,51,1,0,3,7,6,2,1,0,16,3,1,1,5,0,0,"Carrara",13309,"Gold Coast","West Coast",131,72
13221,"Bo","Allan","West Coast",26,"2","2026-03-15",9,6,15,6,0,0,0,1,1,3,0,6,1,4,0,8,9,1,0,0,1,1,"Carrara",13309,"Gold Coast","West Coast",131,72
12446,"Tom","Cole","West Coast",28,"2","2026-03-15",7,2,9,7,0,0,0,1,2,1,1,3,0,1,0,2,9,0,0,3,0,0,"Carrara",13309,"Gold Coast","West Coast",131,72
11937,"Jamie","Cripps","West Coast",15,"2","2026-03-15",8,5,13,6,0,1,0,3,0,1,1,1,0,0,0,3,10,0,0,2,0,0,"Carrara",13309,"Gold Coast","West Coast",131,72
13210,"Hamish","Davis","West Coast",38,"2","2026-03-15",11,3,14,6,0,0,0,4,2,4,0,2,2,0,0,4,10,1,0,1,0,0,"Carrara",13309,"Gold Coast","West Coast",131,72
NA,"Cooper","Duff-Tytler","West Coast",21,"2","2026-03-15",5,3,8,1,0,1,5,5,1,2,2,1,1,0,0,4,4,0,1,0,0,0,"Carrara",13309,"Gold Coast","West Coast",131,72
12334,"Liam","Duggan","West Coast",14,"2","2026-03-15",16,5,21,7,0,0,0,3,6,1,1,0,0,0,0,3,14,0,0,1,1,0,"Carrara",13309,"Gold Coast","West Coast",131,72
NA,"Willem","Duursma","West Coast",1,"2","2026-03-15",6,8,14,5,0,0,0,5,2,2,1,2,0,0,0,5,10,0,0,3,4,0,"Carrara",13309,"Gold Coast","West Coast",131,72
12870,"Matt","Flynn","West Coast",25,"2","2026-03-15",2,7,9,2,0,0,18,2,0,0,2,4,0,3,0,6,4,1,0,2,0,1,"Carrara",13309,"Gold Coast","West Coast",131,72
13038,"Reuben","Ginbey","West Coast",7,"2","2026-03-15",6,5,11,4,0,0,0,1,2,0,0,0,1,0,0,3,8,0,0,9,1,1,"Carrara",13309,"Gold Coast","West Coast",131,72
12576,"Jack","Graham","West Coast",17,"2","2026-03-15",10,9,19,4,0,0,0,8,1,3,4,3,2,1,0,9,9,0,0,0,0,1,"Carrara",13309,"Gold Coast","West Coast",131,72
12957,"Brady","Hough","West Coast",19,"2","2026-03-15",9,1,10,5,0,0,0,1,3,0,0,0,0,0,0,1,9,0,0,1,0,0,"Carrara",13309,"Gold Coast","West Coast",131,72
NA,"Josh","Lindsay","West Coast",5,"2","2026-03-15",12,4,16,4,0,0,0,3,2,0,0,2,1,1,0,5,10,0,0,1,0,0,"Carrara",13309,"Gold Coast","West Coast",131,72
13070,"Ryan","Maric","West Coast",23,"2","2026-03-15",10,9,19,5,0,0,0,3,2,1,0,0,0,0,0,3,12,0,0,2,0,0,"Carrara",13309,"Gold Coast","West Coast",131,72
13240,"Tom","McCarthy","West Coast",18,"2","2026-03-15",14,3,17,6,0,0,0,5,3,4,3,2,2,0,0,4,14,0,0,0,1,0,"Carrara",13309,"Gold Coast","West Coast",131,72
NA,"Milan","Murdock","West Coast",47,"2","2026-03-15",13,9,22,2,2,1,0,5,2,4,4,3,2,1,0,14,8,0,0,2,0,0,"Carrara",13309,"Gold Coast","West Coast",131,72
13267,"Jacob","Newton","West Coast",46,"2","2026-03-15",4,5,9,0,1,1,0,2,0,0,2,1,1,0,0,6,3,0,0,0,0,0,"Carrara",13309,"Gold Coast","West Coast",131,72
13196,"Archer","Reid","West Coast",22,"2","2026-03-15",6,2,8,2,1,1,1,1,1,0,1,2,3,1,0,5,3,2,1,1,0,0,"Carrara",13309,"Gold Coast","West Coast",131,72
13111,"Harley","Reid","West Coast",9,"2","2026-03-15",10,13,23,2,0,0,0,2,0,3,5,5,1,3,0,12,11,0,0,1,2,0,"Carrara",13309,"Gold Coast","West Coast",131,72
12774,"Deven","Robertson","West Coast",40,"2","2026-03-15",12,5,17,3,0,0,0,12,4,2,5,2,1,0,0,10,8,0,0,1,0,0,"Carrara",13309,"Gold Coast","West Coast",131,72
13247,"Jobe","Shanahan","West Coast",35,"2","2026-03-15",6,4,10,4,1,1,0,2,1,0,0,0,1,0,0,5,7,0,2,4,0,0,"Carrara",13309,"Gold Coast","West Coast",131,72
12601,"Jake","Waterman","West Coast",2,"2","2026-03-15",11,0,11,9,3,3,0,1,0,4,0,4,1,2,0,5,8,2,4,2,0,0,"Carrara",13309,"Gold Coast","West Coast",131,72
12087,"Elliot","Yeo","West Coast",6,"2","2026-03-15",9,8,17,3,2,0,0,3,1,3,2,3,1,2,0,9,9,0,0,1,1,1,"Carrara",13309,"Gold Coast","West Coast",131,72
13043,"Tylar","Young","West Coast",20,"2","2026-03-15",10,6,16,5,0,0,0,0,4,1,0,2,0,0,0,4,10,0,0,5,0,1,"Carrara",13309,"Gold Coast","West Coast",131,72
12357,"Karl","Amon","Hawthorn",10,"3","2026-03-19",13,3,16,5,0,0,0,5,4,2,1,2,1,0,0,3,13,0,0,2,1,1,"M.C.G.",47945,"Hawthorn","Sydney",99,82
12383,"Tom","Barrass","Hawthorn",37,"3","2026-03-19",9,6,15,6,0,0,0,1,4,0,0,0,2,0,0,7,7,1,0,12,0,0,"M.C.G.",47945,"Hawthorn","Sydney",99,82
12558,"Josh","Battle","Hawthorn",24,"3","2026-03-19",13,9,22,6,0,0,0,1,5,3,0,3,0,1,0,6,14,0,0,4,1,0,"M.C.G.",47945,"Hawthorn","Sydney",99,82
12988,"Sam","Butler","Hawthorn",30,"3","2026-03-19",8,6,14,4,1,0,0,2,1,2,1,1,1,0,0,5,8,1,1,0,0,1,"M.C.G.",47945,"Hawthorn","Sydney",99,82
12485,"Mabior","Chol","Hawthorn",18,"3","2026-03-19",4,2,6,2,2,2,0,5,0,0,0,1,3,1,0,6,1,2,2,3,0,0,"M.C.G.",47945,"Hawthorn","Sydney",99,82
12998,"Massimo","DAmbrosio","Hawthorn",16,"3","2026-03-19",9,9,18,3,0,0,0,3,1,3,3,0,1,0,0,6,12,0,0,0,1,1,"M.C.G.",47945,"Hawthorn","Sydney",99,82
12927,"Jack","Ginnivan","Hawthorn",33,"3","2026-03-19",12,10,22,4,0,1,0,1,2,3,1,3,2,1,0,9,12,0,1,3,0,1,"M.C.G.",47945,"Hawthorn","Sydney",99,82
11845,"Jack","Gunston","Hawthorn",19,"3","2026-03-19",11,2,13,6,4,4,0,0,0,2,0,0,1,0,0,7,6,1,3,2,0,0,"M.C.G.",47945,"Hawthorn","Sydney",99,82
12469,"Blake","Hardwick","Hawthorn",15,"3","2026-03-19",13,2,15,5,0,0,0,3,4,1,0,5,1,3,0,6,10,0,0,2,0,0,"M.C.G.",47945,"Hawthorn","Sydney",99,82
12237,"Jarman","Impey","Hawthorn",4,"3","2026-03-19",12,7,19,5,0,0,0,0,6,4,2,7,1,2,0,8,12,1,0,1,0,0,"M.C.G.",47945,"Hawthorn","Sydney",99,82
12636,"Mitch","Lewis","Hawthorn",2,"3","2026-03-19",12,5,17,9,1,1,0,0,0,3,1,3,0,0,0,5,12,2,1,3,0,0,"M.C.G.",47945,"Hawthorn","Sydney",99,82
12954,"Connor","Macdonald","Hawthorn",9,"3","2026-03-19",15,5,20,5,0,2,0,4,0,2,0,3,1,0,0,6,13,0,2,0,0,0,"M.C.G.",47945,"Hawthorn","Sydney",99,82
13031,"Cam","Mackenzie","Hawthorn",28,"3","2026-03-19",8,9,17,1,1,0,0,6,1,4,5,1,1,1,0,8,9,0,0,1,0,1,"M.C.G.",47945,"Hawthorn","Sydney",99,82
12856,"Lloyd","Meek","Hawthorn",17,"3","2026-03-19",7,7,14,3,0,0,25,3,2,2,2,1,3,1,0,6,7,1,0,2,0,0,"M.C.G.",47945,"Hawthorn","Sydney",99,82
12710,"Dylan","Moore","Hawthorn",8,"3","2026-03-19",12,10,22,5,3,1,0,3,0,5,0,2,0,1,0,6,16,0,2,0,0,1,"M.C.G.",47945,"Hawthorn","Sydney",99,82
12670,"Conor","Nash","Hawthorn",11,"3","2026-03-19",6,13,19,2,0,1,0,9,2,0,6,3,2,1,0,15,8,0,0,1,0,1,"M.C.G.",47945,"Hawthorn","Sydney",99,82
12915,"Jai","Newcombe","Hawthorn",3,"3","2026-03-19",15,16,31,3,1,0,0,2,2,3,9,3,3,1,0,12,18,0,0,0,0,1,"M.C.G.",47945,"Hawthorn","Sydney",99,82
12906,"Ned","Reeves","Hawthorn",7,"3","2026-03-19",2,5,7,0,0,0,21,3,0,1,1,0,0,0,0,3,4,0,0,2,0,1,"M.C.G.",47945,"Hawthorn","Sydney",99,82
12565,"Jack","Scrimshaw","Hawthorn",14,"3","2026-03-19",9,13,22,6,0,0,0,2,3,0,0,2,1,0,0,11,12,0,0,3,0,0,"M.C.G.",47945,"Hawthorn","Sydney",99,82
12332,"James","Sicily","Hawthorn",6,"3","2026-03-19",10,13,23,8,0,0,0,2,2,3,1,3,1,0,0,7,15,2,0,5,0,0,"M.C.G.",47945,"Hawthorn","Sydney",99,82
12955,"Josh","Ward","Hawthorn",25,"3","2026-03-19",13,14,27,4,0,0,0,4,3,5,2,8,1,2,0,8,20,0,0,0,0,1,"M.C.G.",47945,"Hawthorn","Sydney",99,82
13105,"Nick","Watson","Hawthorn",5,"3","2026-03-19",10,8,18,4,1,1,0,1,0,4,0,0,1,0,0,8,11,0,1,3,2,1,"M.C.G.",47945,"Hawthorn","Sydney",99,82
13057,"Josh","Weddle","Hawthorn",23,"3","2026-03-19",12,8,20,5,0,2,0,2,3,3,0,1,0,1,0,3,18,0,0,3,6,0,"M.C.G.",47945,"Hawthorn","Sydney",99,82
12844,"Joel","Amartey","Sydney",36,"3","2026-03-19",4,3,7,0,1,0,1,2,0,0,1,1,1,1,0,6,1,0,0,2,0,0,"M.C.G.",47945,"Hawthorn","Sydney",99,82
13195,"Riley","Bice","Sydney",26,"3","2026-03-19",13,11,24,7,0,0,0,2,5,1,0,6,0,1,0,8,14,0,0,3,1,0,"M.C.G.",47945,"Hawthorn","Sydney",99,82
12699,"Nick","Blakey","Sydney",22,"3","2026-03-19",18,5,23,5,0,0,0,2,10,4,0,5,1,1,0,3,15,1,0,3,3,0,"M.C.G.",47945,"Hawthorn","Sydney",99,82
13157,"Caiden","Cleary","Sydney",33,"3","2026-03-19",1,3,4,0,0,0,0,4,0,2,0,3,0,2,0,1,5,0,0,1,0,0,"M.C.G.",47945,"Hawthorn","Sydney",99,82
12421,"Charlie","Curnow","Sydney",35,"3","2026-03-19",3,4,7,2,2,1,0,1,0,0,0,4,1,2,0,3,5,1,2,1,0,0,"M.C.G.",47945,"Hawthorn","Sydney",99,82
12217,"Brodie","Grundy","Sydney",4,"3","2026-03-19",8,11,19,1,1,0,29,3,1,2,7,5,1,3,0,18,3,1,0,4,0,0,"M.C.G.",47945,"Hawthorn","Sydney",99,82
12860,"James","Jordon","Sydney",17,"3","2026-03-19",5,7,12,1,1,0,0,5,0,2,1,1,0,0,0,3,8,0,0,1,0,1,"M.C.G.",47945,"Hawthorn","Sydney",99,82
12268,"Jake","Lloyd","Sydney",44,"3","2026-03-19",12,7,19,3,0,1,0,5,2,4,2,3,0,0,0,8,10,0,0,1,0,0,"M.C.G.",47945,"Hawthorn","Sydney",99,82
12627,"Tom","McCartin","Sydney",30,"3","2026-03-19",7,6,13,3,0,0,0,0,5,1,0,4,0,3,0,5,9,0,0,12,0,0,"M.C.G.",47945,"Hawthorn","Sydney",99,82
12861,"Logan","McDonald","Sydney",6,"3","2026-03-19",7,4,11,5,3,0,0,4,0,2,0,1,0,0,0,4,7,1,1,1,0,0,"M.C.G.",47945,"Hawthorn","Sydney",99,82
12711,"Justin","McInerney","Sydney",27,"3","2026-03-19",9,15,24,2,1,1,0,5,0,4,3,4,1,2,0,9,15,0,0,0,1,1,"M.C.G.",47945,"Hawthorn","Sydney",99,82
12526,"Lewis","Melican","Sydney",43,"3","2026-03-19",5,4,9,1,0,0,0,2,0,3,0,1,0,0,0,4,4,0,0,2,0,1,"M.C.G.",47945,"Hawthorn","Sydney",99,82
12413,"Callum","Mills","Sydney",14,"3","2026-03-19",16,13,29,8,0,0,0,0,5,2,0,1,0,0,0,5,18,1,0,3,3,0,"M.C.G.",47945,"Hawthorn","Sydney",99,82
12412,"Tom","Papley","Sydney",11,"3","2026-03-19",10,4,14,0,1,1,0,3,0,4,3,4,2,2,0,6,9,0,0,2,1,2,"M.C.G.",47945,"Hawthorn","Sydney",99,82
12140,"Dane","Rampe","Sydney",24,"3","2026-03-19",5,6,11,4,0,0,0,1,2,0,0,1,0,0,0,4,4,2,0,4,1,0,"M.C.G.",47945,"Hawthorn","Sydney",99,82
12994,"Matt","Roberts","Sydney",34,"3","2026-03-19",8,5,13,4,0,0,0,0,1,3,0,3,1,0,0,3,10,0,0,0,1,0,"M.C.G.",47945,"Hawthorn","Sydney",99,82
12903,"Malcolm","Rosas","Sydney",10,"3","2026-03-19",3,4,7,0,1,0,0,3,0,0,2,0,0,0,0,5,2,0,0,0,0,1,"M.C.G.",47945,"Hawthorn","Sydney",99,82
12714,"James","Rowbottom","Sydney",8,"3","2026-03-19",7,5,12,1,0,0,0,12,0,3,5,3,1,1,0,9,5,0,0,6,0,0,"M.C.G.",47945,"Hawthorn","Sydney",99,82
13022,"Jai","Serong","Sydney",13,"3","2026-03-19",11,7,18,3,0,0,0,2,4,3,1,6,1,2,0,8,8,0,0,1,0,0,"M.C.G.",47945,"Hawthorn","Sydney",99,82
12951,"Angus","Sheldrick","Sydney",12,"3","2026-03-19",15,4,19,1,0,0,0,5,1,4,5,4,1,1,0,7,8,0,0,1,0,1,"M.C.G.",47945,"Hawthorn","Sydney",99,82
12797,"Chad","Warner","Sydney",1,"3","2026-03-19",12,15,27,1,1,0,0,3,1,7,6,7,4,3,0,11,15,0,0,2,2,1,"M.C.G.",47945,"Hawthorn","Sydney",99,82
13053,"Corey","Warner","Sydney",37,"3","2026-03-19",10,3,13,2,1,0,0,0,0,5,0,4,1,2,0,4,9,0,1,1,0,1,"M.C.G.",47945,"Hawthorn","Sydney",99,82
12818,"Sam","Wicks","Sydney",15,"3","2026-03-19",6,7,13,4,0,0,0,2,3,2,1,4,0,1,0,1,9,0,0,1,0,0,"M.C.G.",47945,"Hawthorn","Sydney",99,82
12414,"Callum","Ah Chee","Adelaide",4,"3","2026-03-20",4,4,8,3,0,1,0,2,0,1,2,2,1,2,0,5,5,0,0,4,0,0,"Adelaide Oval",49185,"Adelaide","Western Bulldogs",88,94
12849,"Sam","Berry","Adelaide",3,"3","2026-03-20",17,5,22,4,0,1,0,8,1,3,5,0,2,0,0,13,11,0,0,2,0,1,"Adelaide Oval",49185,"Adelaide","Western Bulldogs",88,94
12829,"Jordon","Butts","Adelaide",41,"3","2026-03-20",14,5,19,12,1,1,0,0,5,3,0,4,1,4,0,5,14,2,0,10,0,0,"Adelaide Oval",49185,"Adelaide","Western Bulldogs",88,94
12932,"Brayden","Cook","Adelaide",15,"3","2026-03-20",8,5,13,2,0,0,0,2,3,2,0,0,0,0,0,4,8,0,0,2,0,1,"Adelaide Oval",49185,"Adelaide","Western Bulldogs",88,94
12629,"Isaac","Cumming","Adelaide",44,"3","2026-03-20",15,3,18,5,0,0,0,2,2,4,2,3,2,2,0,5,13,0,0,1,0,0,"Adelaide Oval",49185,"Adelaide","Western Bulldogs",88,94
12516,"Jordan","Dawson","Adelaide",12,"3","2026-03-20",19,6,25,5,1,0,0,7,1,6,8,3,1,0,0,7,11,0,1,0,1,0,"Adelaide Oval",49185,"Adelaide","Western Bulldogs",88,94
12584,"Darcy","Fogarty","Adelaide",32,"3","2026-03-20",10,1,11,6,2,1,0,2,0,3,0,2,0,0,0,0,10,0,2,0,0,1,"Adelaide Oval",49185,"Adelaide","Western Bulldogs",88,94
12691,"Chayce","Jones","Adelaide",1,"3","2026-03-20",9,13,22,6,0,0,0,2,3,1,0,3,1,1,0,10,11,0,0,2,0,0,"Adelaide Oval",49185,"Adelaide","Western Bulldogs",88,94
12434,"Ben","Keays","Adelaide",2,"3","2026-03-20",7,8,15,5,0,0,0,2,0,1,0,3,0,2,0,6,9,0,0,1,0,2,"Adelaide Oval",49185,"Adelaide","Western Bulldogs",88,94
12165,"Rory","Laird","Adelaide",29,"3","2026-03-20",9,9,18,9,0,0,0,1,1,0,1,0,1,0,0,4,13,0,0,2,0,0,"Adelaide Oval",49185,"Adelaide","Western Bulldogs",88,94
13065,"Lachlan","McAndrew","Adelaide",42,"3","2026-03-20",7,6,13,2,0,0,38,2,2,4,6,7,2,1,0,9,4,0,0,1,0,0,"Adelaide Oval",49185,"Adelaide","Western Bulldogs",88,94
13027,"Max","Michalanney","Adelaide",16,"3","2026-03-20",11,2,13,7,0,0,0,0,6,1,0,1,2,1,0,5,7,1,0,3,0,0,"Adelaide Oval",49185,"Adelaide","Western Bulldogs",88,94
12405,"Wayne","Milera","Adelaide",30,"3","2026-03-20",12,7,19,8,0,0,0,0,4,1,1,3,0,0,0,5,12,0,0,1,1,0,"Adelaide Oval",49185,"Adelaide","Western Bulldogs",88,94
12872,"Nick","Murray","Adelaide",9,"3","2026-03-20",13,3,16,10,0,0,0,2,2,0,0,0,1,0,0,5,12,2,0,9,0,0,"Adelaide Oval",49185,"Adelaide","Western Bulldogs",88,94
12367,"Alex","Neal-Bullen","Adelaide",28,"3","2026-03-20",11,6,17,3,0,0,0,1,0,3,0,5,0,2,0,5,11,0,0,1,0,0,"Adelaide Oval",49185,"Adelaide","Western Bulldogs",88,94
12934,"James","Peatling","Adelaide",25,"3","2026-03-20",10,2,12,3,0,0,0,2,1,4,2,2,1,1,0,4,6,0,0,2,0,1,"Adelaide Oval",49185,"Adelaide","Western Bulldogs",88,94
12921,"Luke","Pedlar","Adelaide",10,"3","2026-03-20",5,2,7,2,0,0,0,1,0,2,0,3,1,0,0,4,3,0,0,2,0,1,"Adelaide Oval",49185,"Adelaide","Western Bulldogs",88,94
12953,"Josh","Rachele","Adelaide",8,"3","2026-03-20",15,3,18,2,2,0,0,4,2,2,3,9,0,5,0,7,10,0,1,0,0,0,"Adelaide Oval",49185,"Adelaide","Western Bulldogs",88,94
12798,"Izak","Rankine","Adelaide",23,"3","2026-03-20",10,6,16,2,1,0,0,3,2,2,0,2,0,0,0,5,9,1,0,2,0,0,"Adelaide Oval",49185,"Adelaide","Western Bulldogs",88,94
12952,"Jake","Soligo","Adelaide",14,"3","2026-03-20",8,4,12,1,1,0,0,2,0,3,4,0,0,0,0,7,6,0,0,1,0,2,"Adelaide Oval",49185,"Adelaide","Western Bulldogs",88,94
12892,"Riley","Thilthorpe","Adelaide",7,"3","2026-03-20",9,4,13,6,2,0,7,1,0,3,3,0,1,0,0,8,7,2,2,3,0,0,"Adelaide Oval",49185,"Adelaide","Western Bulldogs",88,94
11713,"Taylor","Walker","Adelaide",13,"3","2026-03-20",9,2,11,7,3,1,0,1,1,3,0,2,0,1,0,1,10,0,2,0,0,1,"Adelaide Oval",49185,"Adelaide","Western Bulldogs",88,94
12912,"Josh","Worrell","Adelaide",24,"3","2026-03-20",19,6,25,9,0,0,0,0,7,0,1,2,1,1,0,7,17,0,0,4,1,0,"Adelaide Oval",49185,"Adelaide","Western Bulldogs",88,94
12723,"Oskar","Baker","Western Bulldogs",13,"3","2026-03-20",6,2,8,2,3,0,0,2,0,1,1,2,0,1,0,4,4,1,0,4,0,0,"Adelaide Oval",49185,"Adelaide","Western Bulldogs",88,94
12269,"Marcus","Bontempelli","Western Bulldogs",4,"3","2026-03-20",12,18,30,3,1,0,0,6,1,6,7,3,0,1,0,14,18,0,1,3,1,2,"Adelaide Oval",49185,"Adelaide","Western Bulldogs",88,94
12916,"Lachlan","Bramble","Western Bulldogs",29,"3","2026-03-20",6,8,14,0,0,1,0,2,0,5,1,0,0,0,0,4,9,0,0,0,1,1,"Adelaide Oval",49185,"Adelaide","Western Bulldogs",88,94
12769,"Connor","Budarick","Western Bulldogs",19,"3","2026-03-20",10,11,21,4,0,0,0,1,2,1,1,2,0,0,0,5,13,0,0,1,0,0,"Adelaide Oval",49185,"Adelaide","Western Bulldogs",88,94
13265,"Jordan","Croft","Western Bulldogs",16,"3","2026-03-20",1,1,2,1,1,0,2,1,0,0,0,1,0,1,0,2,0,1,1,1,0,0,"Adelaide Oval",49185,"Adelaide","Western Bulldogs",88,94
12354,"Bailey","Dale","Western Bulldogs",31,"3","2026-03-20",15,5,20,1,0,0,0,0,3,1,0,2,1,0,0,3,9,0,0,0,1,0,"Adelaide Oval",49185,"Adelaide","Western Bulldogs",88,94
13021,"Sam","Darcy","Western Bulldogs",10,"3","2026-03-20",5,7,12,2,1,1,10,4,1,3,0,6,4,4,0,8,5,1,0,4,0,1,"Adelaide Oval",49185,"Adelaide","Western Bulldogs",88,94
13178,"Sam","Davidson","Western Bulldogs",42,"3","2026-03-20",5,2,7,0,0,1,0,3,0,3,2,2,1,0,0,4,3,0,0,1,3,0,"Adelaide Oval",49185,"Adelaide","Western Bulldogs",88,94
12537,"Tim","English","Western Bulldogs",44,"3","2026-03-20",9,6,15,2,0,0,32,3,1,2,5,2,1,2,0,10,5,1,1,6,0,1,"Adelaide Oval",49185,"Adelaide","Western Bulldogs",88,94
13140,"Joel","Freijah","Western Bulldogs",27,"3","2026-03-20",14,10,24,3,3,2,0,3,1,5,3,2,3,0,0,9,16,0,1,3,2,2,"Adelaide Oval",49185,"Adelaide","Western Bulldogs",88,94
13213,"Cooper","Hynes","Western Bulldogs",6,"3","2026-03-20",5,0,5,2,0,1,0,3,1,2,0,3,1,2,0,1,4,0,1,2,0,0,"Adelaide Oval",49185,"Adelaide","Western Bulldogs",88,94
13275,"Lachie","Jaques","Western Bulldogs",11,"3","2026-03-20",7,9,16,6,0,0,0,4,1,4,0,1,1,0,0,2,14,0,0,1,1,1,"Adelaide Oval",49185,"Adelaide","Western Bulldogs",88,94
12455,"Matthew","Kennedy","Western Bulldogs",8,"3","2026-03-20",10,17,27,2,0,0,0,7,0,3,8,5,1,2,0,11,15,0,0,1,0,1,"Adelaide Oval",49185,"Adelaide","Western Bulldogs",88,94
12900,"Buku","Khamis","Western Bulldogs",24,"3","2026-03-20",8,12,20,3,0,0,0,0,2,1,0,2,0,1,0,5,12,0,0,12,0,0,"Adelaide Oval",49185,"Adelaide","Western Bulldogs",88,94
11898,"Tom","Liberatore","Western Bulldogs",21,"3","2026-03-20",15,13,28,1,0,0,0,9,4,4,6,3,1,1,0,13,15,0,0,1,0,0,"Adelaide Oval",49185,"Adelaide","Western Bulldogs",88,94
12282,"Rory","Lobb","Western Bulldogs",7,"3","2026-03-20",9,0,9,1,0,0,1,2,8,0,0,4,1,0,0,5,5,0,0,7,0,0,"Adelaide Oval",49185,"Adelaide","Western Bulldogs",88,94
12594,"Aaron","Naughton","Western Bulldogs",33,"3","2026-03-20",6,2,8,3,3,1,0,4,0,1,0,3,2,1,0,2,6,0,1,0,0,0,"Adelaide Oval",49185,"Adelaide","Western Bulldogs",88,94
13061,"James","ODonnell","Western Bulldogs",18,"3","2026-03-20",5,3,8,1,0,0,0,2,3,0,0,0,1,0,0,5,3,1,0,7,0,0,"Adelaide Oval",49185,"Adelaide","Western Bulldogs",88,94
12605,"Ed","Richards","Western Bulldogs",20,"3","2026-03-20",17,12,29,3,0,0,0,3,2,8,4,5,1,1,0,12,16,0,0,1,3,0,"Adelaide Oval",49185,"Adelaide","Western Bulldogs",88,94
13103,"Ryley","Sanders","Western Bulldogs",9,"3","2026-03-20",6,13,19,4,0,0,0,3,0,2,4,2,0,0,0,9,10,0,0,0,0,0,"Adelaide Oval",49185,"Adelaide","Western Bulldogs",88,94
13276,"Michael","Sellwood","Western Bulldogs",37,"3","2026-03-20",12,4,16,6,0,0,0,0,5,1,0,3,2,0,0,6,9,0,0,2,0,0,"Adelaide Oval",49185,"Adelaide","Western Bulldogs",88,94
12748,"Rhylee","West","Western Bulldogs",14,"3","2026-03-20",2,4,6,1,0,0,0,4,0,1,1,0,0,0,0,4,2,0,0,0,0,0,"Adelaide Oval",49185,"Adelaide","Western Bulldogs",88,94
12441,"Bailey","Williams","Western Bulldogs",34,"3","2026-03-20",17,6,23,10,2,0,0,5,3,4,2,3,2,1,0,5,18,0,1,1,0,0,"Adelaide Oval",49185,"Adelaide","Western Bulldogs",88,94
13189,"Harry","Armstrong","Richmond",34,"3","2026-03-21",3,1,4,3,1,0,0,0,0,0,0,2,0,1,0,2,3,1,1,2,0,0,"M.C.G.",30468,"Richmond","Gold Coast",60,128
12686,"Noah","Balta","Richmond",21,"3","2026-03-21",8,3,11,5,0,0,0,0,4,0,0,3,0,1,0,1,9,0,0,2,0,0,"M.C.G.",30468,"Richmond","Gold Coast",60,128
13078,"Sam","Banks","Richmond",6,"3","2026-03-21",13,6,19,5,0,0,0,2,4,3,1,0,0,0,0,2,13,0,0,0,0,0,"M.C.G.",30468,"Richmond","Gold Coast",60,128
12456,"Nathan","Broad","Richmond",35,"3","2026-03-21",5,4,9,5,0,0,0,1,1,0,0,1,0,0,0,1,8,0,0,5,0,0,"M.C.G.",30468,"Richmond","Gold Coast",60,128
13096,"Tom","Brown","Richmond",30,"3","2026-03-21",6,1,7,3,0,0,0,2,0,2,0,4,0,2,0,1,6,0,1,0,0,2,"M.C.G.",30468,"Richmond","Gold Coast",60,128
13100,"Seth","Campbell","Richmond",44,"3","2026-03-21",14,5,19,4,3,2,0,1,1,4,4,4,1,1,0,7,12,0,1,3,0,1,"M.C.G.",30468,"Richmond","Gold Coast",60,128
13145,"Steely","Green","Richmond",48,"3","2026-03-21",2,5,7,1,0,1,0,1,0,3,1,1,1,0,0,2,4,0,0,0,0,1,"M.C.G.",30468,"Richmond","Gold Coast",60,128
NA,"Sam","Grlj","Richmond",24,"3","2026-03-21",7,6,13,4,0,0,0,2,2,1,0,0,0,0,0,3,7,0,0,0,0,0,"M.C.G.",30468,"Richmond","Gold Coast",60,128
12440,"Jacob","Hopper","Richmond",2,"3","2026-03-21",11,15,26,4,0,0,0,3,2,2,6,10,1,1,0,11,16,0,0,0,0,0,"M.C.G.",30468,"Richmond","Gold Coast",60,128
13190,"Sam","Lalor","Richmond",4,"3","2026-03-21",11,6,17,4,1,2,0,4,2,4,1,4,1,1,0,6,10,0,2,0,0,2,"M.C.G.",30468,"Richmond","Gold Coast",60,128
13113,"Mykelti","Lefau","Richmond",42,"3","2026-03-21",3,4,7,2,1,0,4,5,0,1,2,2,1,2,0,7,2,1,1,1,1,0,"M.C.G.",30468,"Richmond","Gold Coast",60,128
11948,"Tom","Lynch","Richmond",19,"3","2026-03-21",1,2,3,0,0,0,1,0,0,0,0,0,0,0,0,1,1,0,0,1,0,0,"M.C.G.",30468,"Richmond","Gold Coast",60,128
12941,"Ben","Miller","Richmond",12,"3","2026-03-21",9,3,12,7,0,0,1,0,3,0,1,3,1,0,0,5,7,2,0,6,0,0,"M.C.G.",30468,"Richmond","Gold Coast",60,128
12374,"Toby","Nankervis","Richmond",25,"3","2026-03-21",9,4,13,3,0,0,18,6,4,1,4,3,3,1,0,8,6,1,0,0,0,0,"M.C.G.",30468,"Richmond","Gold Coast",60,128
11917,"Dion","Prestia","Richmond",3,"3","2026-03-21",7,11,18,4,1,0,0,5,3,1,2,2,1,0,0,4,15,0,1,1,1,1,"M.C.G.",30468,"Richmond","Gold Coast",60,128
12902,"Hugo","Ralphsmith","Richmond",13,"3","2026-03-21",9,8,17,3,1,0,0,1,3,2,2,5,0,1,0,5,12,0,0,2,1,0,"M.C.G.",30468,"Richmond","Gold Coast",60,128
12935,"Maurice","Rioli","Richmond",17,"3","2026-03-21",4,4,8,1,0,0,0,3,0,2,1,1,3,1,0,6,2,0,0,1,0,0,"M.C.G.",30468,"Richmond","Gold Coast",60,128
12712,"Jack","Ross","Richmond",5,"3","2026-03-21",10,14,24,4,0,0,0,4,2,1,5,5,2,0,0,10,12,0,0,0,0,1,"M.C.G.",30468,"Richmond","Gold Coast",60,128
12418,"Jayden","Short","Richmond",15,"3","2026-03-21",27,6,33,13,0,0,0,0,6,4,0,2,0,0,0,2,28,0,0,1,3,0,"M.C.G.",30468,"Richmond","Gold Coast",60,128
13014,"Tyler","Sonsie","Richmond",40,"3","2026-03-21",7,11,18,1,0,0,0,1,0,1,1,1,0,0,0,9,9,0,0,1,2,0,"M.C.G.",30468,"Richmond","Gold Coast",60,128
12504,"Tim","Taranto","Richmond",14,"3","2026-03-21",10,16,26,3,0,0,0,12,3,3,6,6,1,2,0,14,11,0,1,1,1,0,"M.C.G.",30468,"Richmond","Gold Coast",60,128
13095,"James","Trezise","Richmond",36,"3","2026-03-21",3,4,7,1,0,0,0,3,0,1,1,0,1,0,0,3,4,0,0,0,0,0,"M.C.G.",30468,"Richmond","Gold Coast",60,128
12174,"Nick","Vlastuin","Richmond",1,"3","2026-03-21",7,5,12,3,1,0,0,3,1,0,0,4,0,1,0,3,7,0,0,1,1,0,"M.C.G.",30468,"Richmond","Gold Coast",60,128
12767,"Noah","Anderson","Gold Coast",15,"3","2026-03-21",16,5,21,6,0,1,0,4,2,6,5,3,1,0,0,5,17,0,1,0,0,1,"M.C.G.",30468,"Richmond","Gold Coast",60,128
13019,"Mac","Andrew","Gold Coast",1,"3","2026-03-21",9,9,18,3,0,0,0,2,2,2,0,2,2,1,0,7,12,1,0,5,0,1,"M.C.G.",30468,"Richmond","Gold Coast",60,128
12625,"Charlie","Ballard","Gold Coast",10,"3","2026-03-21",11,5,16,8,0,0,0,0,3,0,0,1,1,1,0,5,11,2,0,2,0,0,"M.C.G.",30468,"Richmond","Gold Coast",60,128
13119,"Sam","Clohesy","Gold Coast",33,"3","2026-03-21",12,9,21,6,1,1,0,4,0,0,0,3,0,1,0,4,17,0,2,0,2,0,"M.C.G.",30468,"Richmond","Gold Coast",60,128
12444,"Sam","Collins","Gold Coast",25,"3","2026-03-21",10,4,14,10,0,0,0,0,3,0,0,0,0,0,0,4,11,2,0,10,0,0,"M.C.G.",30468,"Richmond","Gold Coast",60,128
12942,"Alex","Davies","Gold Coast",5,"3","2026-03-21",8,10,18,3,0,1,0,6,1,3,2,2,1,0,0,7,11,0,0,1,0,1,"M.C.G.",30468,"Richmond","Gold Coast",60,128
13120,"Will","Graham","Gold Coast",26,"3","2026-03-21",5,10,15,3,1,0,0,5,0,3,1,4,1,1,0,9,7,1,1,2,0,1,"M.C.G.",30468,"Richmond","Gold Coast",60,128
13049,"Bailey","Humphrey","Gold Coast",19,"3","2026-03-21",10,4,14,3,0,2,0,2,0,6,2,4,2,2,0,8,7,1,3,2,0,1,"M.C.G.",30468,"Richmond","Gold Coast",60,128
12933,"Joel","Jeffrey","Gold Coast",16,"3","2026-03-21",18,5,23,13,1,0,0,2,3,7,1,3,0,2,0,2,22,0,0,2,0,0,"M.C.G.",30468,"Richmond","Gold Coast",60,128
12728,"Ben","King","Gold Coast",34,"3","2026-03-21",8,3,11,4,7,0,0,1,0,0,0,0,1,0,0,2,9,0,4,2,0,0,"M.C.G.",30468,"Richmond","Gold Coast",60,128
13232,"Leo","Lombard","Gold Coast",8,"3","2026-03-21",6,5,11,4,0,1,0,1,0,5,0,6,0,3,0,3,9,0,1,0,0,0,"M.C.G.",30468,"Richmond","Gold Coast",60,128
12521,"Ben","Long","Gold Coast",22,"3","2026-03-21",4,8,12,2,1,0,0,3,1,2,0,0,0,0,0,4,9,1,1,3,0,2,"M.C.G.",30468,"Richmond","Gold Coast",60,128
12331,"Touk","Miller","Gold Coast",11,"3","2026-03-21",12,19,31,8,1,0,0,1,2,5,4,3,0,0,0,5,26,1,1,0,1,2,"M.C.G.",30468,"Richmond","Gold Coast",60,128
12743,"John","Noble","Gold Coast",2,"3","2026-03-21",9,11,20,5,1,0,0,0,1,2,0,1,0,0,0,2,15,0,0,2,3,0,"M.C.G.",30468,"Richmond","Gold Coast",60,128
12430,"Christian","Petracca","Gold Coast",3,"3","2026-03-21",9,11,20,3,0,2,0,2,0,2,1,2,1,0,0,7,13,0,2,0,0,3,"M.C.G.",30468,"Richmond","Gold Coast",60,128
12652,"Wil","Powell","Gold Coast",27,"3","2026-03-21",8,11,19,4,1,0,0,8,1,3,3,2,1,0,0,6,13,0,0,1,1,0,"M.C.G.",30468,"Richmond","Gold Coast",60,128
13121,"Ethan","Read","Gold Coast",20,"3","2026-03-21",10,2,12,11,4,1,3,1,0,2,0,1,0,0,0,2,10,1,6,6,0,0,"M.C.G.",30468,"Richmond","Gold Coast",60,128
12403,"Daniel","Rioli","Gold Coast",17,"3","2026-03-21",7,8,15,4,0,0,0,3,2,1,0,2,1,1,0,1,14,0,0,1,1,0,"M.C.G.",30468,"Richmond","Gold Coast",60,128
13126,"Jake","Rogers","Gold Coast",29,"3","2026-03-21",5,4,9,2,1,0,0,4,0,2,0,0,0,0,0,2,7,0,0,2,0,1,"M.C.G.",30468,"Richmond","Gold Coast",60,128
13041,"Bodhi","Uwland","Gold Coast",6,"3","2026-03-21",22,7,29,16,0,0,0,1,3,1,0,3,1,0,0,5,20,1,0,2,0,0,"M.C.G.",30468,"Richmond","Gold Coast",60,128
13278,"Zeke","Uwland","Gold Coast",32,"3","2026-03-21",8,7,15,3,0,2,0,0,2,3,0,1,0,1,0,5,12,0,0,2,0,1,"M.C.G.",30468,"Richmond","Gold Coast",60,128
12385,"Lachie","Weller","Gold Coast",14,"3","2026-03-21",6,1,7,4,0,0,0,1,1,3,0,0,0,0,0,2,6,0,1,3,0,1,"M.C.G.",30468,"Richmond","Gold Coast",60,128
12177,"Jarrod","Witts","Gold Coast",28,"3","2026-03-21",8,6,14,2,0,1,34,6,0,3,8,7,2,4,0,11,4,0,0,2,0,1,"M.C.G.",30468,"Richmond","Gold Coast",60,128
13001,"Ryan","Angwin","Greater Western Sydney",9,"3","2026-03-21",9,12,21,4,1,0,0,5,1,5,3,0,0,0,0,6,14,0,0,1,0,0,"Sydney Showground",9149,"Greater Western Sydney","St Kilda",74,78
12782,"Lachie","Ash","Greater Western Sydney",7,"3","2026-03-21",25,14,39,9,0,1,0,2,6,5,2,7,1,1,0,6,29,0,0,0,5,0,"Sydney Showground",9149,"Greater Western Sydney","St Kilda",74,78
12904,"Kieren","Briggs","Greater Western Sydney",32,"3","2026-03-21",5,6,11,4,0,0,16,1,0,4,3,2,4,1,0,5,9,0,0,3,0,0,"Sydney Showground",9149,"Greater Western Sydney","St Kilda",74,78
12910,"Callum","Brown","Greater Western Sydney",46,"3","2026-03-21",5,3,8,1,0,1,0,3,0,4,0,1,1,0,0,2,5,0,0,1,0,0,"Sydney Showground",9149,"Greater Western Sydney","St Kilda",74,78
12846,"Jack","Buckley","Greater Western Sydney",44,"3","2026-03-21",6,9,15,5,0,0,0,0,4,1,0,5,0,2,0,6,10,0,0,5,0,0,"Sydney Showground",9149,"Greater Western Sydney","St Kilda",74,78
12969,"Finn","Callaghan","Greater Western Sydney",17,"3","2026-03-21",14,18,32,3,0,1,0,3,2,5,1,5,1,1,0,6,24,0,0,2,1,0,"Sydney Showground",9149,"Greater Western Sydney","St Kilda",74,78
12028,"Stephen","Coniglio","Greater Western Sydney",3,"3","2026-03-21",13,15,28,4,0,0,0,7,2,2,2,2,1,0,0,10,20,0,0,2,0,1,"Sydney Showground",9149,"Greater Western Sydney","St Kilda",74,78
13222,"Josaia","Delana","Greater Western Sydney",38,"3","2026-03-21",4,4,8,0,0,1,0,3,0,2,1,1,1,1,0,4,4,0,0,1,0,0,"Sydney Showground",9149,"Greater Western Sydney","St Kilda",74,78
13164,"Joe","Fonti","Greater Western Sydney",37,"3","2026-03-21",7,9,16,6,0,0,0,4,5,3,1,1,0,0,0,2,14,1,0,3,2,0,"Sydney Showground",9149,"Greater Western Sydney","St Kilda",74,78
13279,"Phoenix","Gothard","Greater Western Sydney",11,"3","2026-03-21",8,11,19,4,2,1,0,2,0,2,3,2,4,0,0,7,11,0,1,1,0,1,"Sydney Showground",9149,"Greater Western Sydney","St Kilda",74,78
12025,"Toby","Greene","Greater Western Sydney",4,"3","2026-03-21",14,7,21,3,0,0,0,4,0,7,1,6,1,1,0,10,15,0,0,2,0,1,"Sydney Showground",9149,"Greater Western Sydney","St Kilda",74,78
13158,"Max","Gruzewski","Greater Western Sydney",35,"3","2026-03-21",6,4,10,4,1,1,0,0,0,0,0,0,0,0,0,2,7,1,2,1,0,0,"Sydney Showground",9149,"Greater Western Sydney","St Kilda",74,78
12462,"Harry","Himmelberg","Greater Western Sydney",27,"3","2026-03-21",10,8,18,4,0,0,0,3,3,3,1,6,0,3,0,5,10,0,0,6,0,0,"Sydney Showground",9149,"Greater Western Sydney","St Kilda",74,78
12321,"Jesse","Hogan","Greater Western Sydney",23,"3","2026-03-21",4,3,7,4,2,1,0,1,0,1,0,3,0,0,0,4,3,2,3,0,0,0,"Sydney Showground",9149,"Greater Western Sydney","St Kilda",74,78
12750,"Connor","Idun","Greater Western Sydney",39,"3","2026-03-21",10,11,21,7,0,0,0,1,5,1,1,2,1,1,0,6,15,2,0,4,0,0,"Sydney Showground",9149,"Greater Western Sydney","St Kilda",74,78
12377,"Jayden","Laverde","Greater Western Sydney",25,"3","2026-03-21",8,7,15,5,0,0,0,0,3,0,1,4,0,2,0,6,10,0,0,4,0,0,"Sydney Showground",9149,"Greater Western Sydney","St Kilda",74,78
12821,"Xavier","OHalloran","Greater Western Sydney",33,"3","2026-03-21",10,8,18,4,0,2,0,2,2,2,5,3,0,0,0,7,9,0,0,0,0,0,"Sydney Showground",9149,"Greater Western Sydney","St Kilda",74,78
12410,"Clayton","Oliver","Greater Western Sydney",10,"3","2026-03-21",9,24,33,3,1,2,0,3,1,1,5,3,1,3,0,15,18,0,1,0,0,0,"Sydney Showground",9149,"Greater Western Sydney","St Kilda",74,78
12834,"Jake","Riccardi","Greater Western Sydney",26,"3","2026-03-21",5,2,7,0,0,0,7,3,0,4,2,1,0,0,0,5,5,0,0,5,0,0,"Sydney Showground",9149,"Greater Western Sydney","St Kilda",74,78
13045,"Harry","Rowston","Greater Western Sydney",24,"3","2026-03-21",9,3,12,3,1,1,0,4,0,1,0,2,0,0,0,3,8,0,0,2,0,1,"Sydney Showground",9149,"Greater Western Sydney","St Kilda",74,78
12167,"Jake","Stringer","Greater Western Sydney",20,"3","2026-03-21",6,4,10,2,1,0,0,0,0,2,0,2,1,1,0,3,5,0,0,0,0,0,"Sydney Showground",9149,"Greater Western Sydney","St Kilda",74,78
13101,"Harvey","Thomas","Greater Western Sydney",1,"3","2026-03-21",9,13,22,3,1,0,0,5,3,3,5,1,0,0,0,8,14,0,0,3,1,1,"Sydney Showground",9149,"Greater Western Sydney","St Kilda",74,78
12143,"Lachie","Whitfield","Greater Western Sydney",6,"3","2026-03-21",18,10,28,4,0,0,0,3,4,4,0,6,0,2,0,6,20,0,0,3,0,3,"Sydney Showground",9149,"Greater Western Sydney","St Kilda",74,78
13220,"Hugh","Boxshall","St Kilda",38,"3","2026-03-21",8,6,14,3,0,0,0,4,1,2,1,5,1,2,0,4,9,0,0,3,0,0,"Sydney Showground",9149,"Greater Western Sydney","St Kilda",74,78
13035,"Anthony","Caminiti","St Kilda",47,"3","2026-03-21",0,0,0,0,0,0,0,0,0,0,0,0,0,0,0,0,0,0,0,1,0,0,"Sydney Showground",9149,"Greater Western Sydney","St Kilda",74,78
12976,"Jack","Carroll","St Kilda",18,"3","2026-03-21",10,1,11,5,0,0,0,1,4,1,0,2,0,1,0,1,10,0,0,3,0,1,"Sydney Showground",9149,"Greater Western Sydney","St Kilda",74,78
12674,"Tom","De Koning","St Kilda",21,"3","2026-03-21",10,11,21,2,0,3,27,1,1,4,2,9,1,1,0,9,9,0,1,1,0,0,"Sydney Showground",9149,"Greater Western Sydney","St Kilda",74,78
12824,"Sam","Flanders","St Kilda",9,"3","2026-03-21",15,8,23,3,0,1,0,4,3,5,4,1,3,0,0,8,15,0,0,0,0,0,"Sydney Showground",9149,"Greater Western Sydney","St Kilda",74,78
13125,"Hugo","Garcia","St Kilda",34,"3","2026-03-21",10,11,21,0,0,0,0,4,0,4,6,3,2,0,0,9,10,0,0,6,0,0,"Sydney Showground",9149,"Greater Western Sydney","St Kilda",74,78
13193,"Max","Hall","St Kilda",40,"3","2026-03-21",8,7,15,3,1,0,0,1,2,4,4,4,2,0,0,7,8,0,1,1,0,0,"Sydney Showground",9149,"Greater Western Sydney","St Kilda",74,78
12609,"Jack","Higgins","St Kilda",1,"3","2026-03-21",6,5,11,0,2,1,0,2,0,1,0,3,3,0,0,7,4,0,0,1,0,0,"Sydney Showground",9149,"Greater Western Sydney","St Kilda",74,78
12060,"Bradley","Hill","St Kilda",8,"3","2026-03-21",17,3,20,7,1,0,0,0,4,3,2,3,0,0,0,2,19,0,0,4,0,0,"Sydney Showground",9149,"Greater Western Sydney","St Kilda",74,78
12564,"Rowan","Marshall","St Kilda",19,"3","2026-03-21",13,3,16,3,0,2,8,1,2,4,6,4,0,2,0,9,7,0,1,3,0,0,"Sydney Showground",9149,"Greater Western Sydney","St Kilda",74,78
12948,"Mitch","Owens","St Kilda",10,"3","2026-03-21",5,5,10,1,1,2,0,1,0,1,1,2,1,0,0,6,4,1,0,2,0,0,"Sydney Showground",9149,"Greater Western Sydney","St Kilda",74,78
13036,"Mattaes","Phillipou","St Kilda",25,"3","2026-03-21",2,6,8,1,1,0,0,1,0,2,1,0,0,0,0,3,5,0,1,0,0,0,"Sydney Showground",9149,"Greater Western Sydney","St Kilda",74,78
12600,"Liam","Ryan","St Kilda",31,"3","2026-03-21",1,3,4,0,1,0,0,0,0,1,0,1,0,1,0,2,2,0,0,1,0,0,"Sydney Showground",9149,"Greater Western Sydney","St Kilda",74,78
12929,"Cooper","Sharman","St Kilda",43,"3","2026-03-21",7,2,9,2,0,0,0,3,1,2,0,3,1,0,0,5,4,0,0,3,0,2,"Sydney Showground",9149,"Greater Western Sydney","St Kilda",74,78
12458,"Jack","Silvagni","St Kilda",3,"3","2026-03-21",15,1,16,6,0,0,0,2,8,0,0,4,0,3,0,4,12,0,0,9,0,0,"Sydney Showground",9149,"Greater Western Sydney","St Kilda",74,78
12325,"Jack","Sinclair","St Kilda",35,"3","2026-03-21",21,10,31,9,0,0,0,3,5,2,1,1,0,0,0,5,18,0,0,1,2,1,"Sydney Showground",9149,"Greater Western Sydney","St Kilda",74,78
12721,"Liam","Stocker","St Kilda",14,"3","2026-03-21",5,7,12,3,0,0,0,3,0,1,0,2,0,2,0,3,10,0,0,5,0,0,"Sydney Showground",9149,"Greater Western Sydney","St Kilda",74,78
13243,"Alix","Tauru","St Kilda",26,"3","2026-03-21",5,1,6,3,2,1,0,1,0,0,0,2,1,1,0,4,2,1,2,0,0,0,"Sydney Showground",9149,"Greater Western Sydney","St Kilda",74,78
12950,"Nasiah","Wanganeen-Milera","St Kilda",7,"3","2026-03-21",20,7,27,4,0,1,0,1,4,7,5,5,2,1,0,9,15,0,0,1,8,3,"Sydney Showground",9149,"Greater Western Sydney","St Kilda",74,78
12703,"Callum","Wilkie","St Kilda",44,"3","2026-03-21",18,10,28,11,0,0,0,0,6,0,0,2,0,0,0,10,14,4,0,4,1,0,"Sydney Showground",9149,"Greater Western Sydney","St Kilda",74,78
13110,"Darcy","Wilson","St Kilda",22,"3","2026-03-21",16,6,22,5,1,1,0,1,2,5,1,5,1,2,0,9,16,0,0,2,1,0,"Sydney Showground",9149,"Greater Western Sydney","St Kilda",74,78
12967,"Marcus","Windhager","St Kilda",2,"3","2026-03-21",12,10,22,5,0,0,0,1,5,0,3,2,1,1,0,9,11,0,0,1,0,0,"Sydney Showground",9149,"Greater Western Sydney","St Kilda",74,78
12312,"Mason","Wood","St Kilda",32,"3","2026-03-21",12,8,20,5,1,0,0,2,2,4,3,2,0,0,0,10,9,1,0,4,0,1,"Sydney Showground",9149,"Greater Western Sydney","St Kilda",74,78
12983,"Jye","Amiss","Fremantle",24,"3","2026-03-21",6,4,10,2,0,1,0,0,0,3,0,3,1,0,0,3,7,1,0,1,0,0,"Perth Stadium",44736,"Fremantle","Melbourne",118,70
12535,"Shai","Bolton","Fremantle",10,"3","2026-03-21",15,17,32,3,2,1,0,3,0,10,9,5,0,1,0,15,18,0,0,1,8,1,"Perth Stadium",44736,"Fremantle","Melbourne",118,70
12589,"Andrew","Brayshaw","Fremantle",8,"3","2026-03-21",16,23,39,6,1,0,0,4,2,2,1,4,1,1,0,5,32,0,2,0,2,0,"Perth Stadium",44736,"Fremantle","Melbourne",118,70
12875,"Heath","Chapman","Fremantle",5,"3","2026-03-21",14,4,18,8,0,0,0,0,4,4,1,0,0,0,0,2,12,0,0,5,0,1,"Perth Stadium",44736,"Fremantle","Melbourne",118,70
12688,"Jordan","Clark","Fremantle",6,"3","2026-03-21",20,5,25,5,0,0,0,1,8,4,1,1,0,0,0,3,19,0,0,0,0,2,"Perth Stadium",44736,"Fremantle","Melbourne",118,70
12547,"Sean","Darcy","Fremantle",4,"3","2026-03-21",1,5,6,2,0,1,11,2,0,0,2,2,0,2,0,5,1,1,0,1,0,0,"Perth Stadium",44736,"Fremantle","Melbourne",118,70
13204,"Isaiah","Dudley","Fremantle",43,"3","2026-03-21",9,6,15,2,3,1,0,4,2,3,1,3,1,0,0,4,11,0,1,0,1,1,"Perth Stadium",44736,"Fremantle","Melbourne",118,70
12966,"Neil","Erasmus","Fremantle",28,"3","2026-03-21",8,13,21,4,0,0,0,2,1,1,3,4,0,0,0,10,12,0,0,0,0,0,"Perth Stadium",44736,"Fremantle","Melbourne",118,70
12779,"Luke","Jackson","Fremantle",9,"3","2026-03-21",8,9,17,2,1,2,13,2,0,2,5,2,1,2,0,10,6,2,2,2,0,2,"Perth Stadium",44736,"Fremantle","Melbourne",118,70
13047,"Matthew","Johnson","Fremantle",44,"3","2026-03-21",5,14,19,0,1,1,0,2,1,3,1,2,0,1,0,10,10,0,0,1,2,1,"Perth Stadium",44736,"Fremantle","Melbourne",118,70
12394,"Oscar","McDonald","Fremantle",21,"3","2026-03-21",10,9,19,6,0,0,0,2,2,1,0,4,0,0,0,4,13,1,0,7,0,0,"Perth Stadium",44736,"Fremantle","Melbourne",118,70
13033,"Judd","McVee","Fremantle",17,"3","2026-03-21",9,3,12,6,0,0,0,1,3,1,1,1,0,0,0,4,7,0,0,5,1,1,"Perth Stadium",44736,"Fremantle","Melbourne",118,70
12960,"Nathan","ODriscoll","Fremantle",30,"3","2026-03-21",7,13,20,4,0,1,0,2,0,4,1,3,0,0,0,10,11,0,0,3,0,1,"Perth Stadium",44736,"Fremantle","Melbourne",118,70
12352,"Alex","Pearce","Fremantle",25,"3","2026-03-21",1,4,5,1,0,0,0,1,2,0,0,3,0,1,0,5,2,0,0,7,0,0,"Perth Stadium",44736,"Fremantle","Melbourne",118,70
13180,"Murphy","Reid","Fremantle",16,"3","2026-03-21",12,12,24,2,2,0,0,2,2,3,3,4,0,1,0,8,15,0,0,0,0,1,"Perth Stadium",44736,"Fremantle","Melbourne",118,70
12542,"Luke","Ryan","Fremantle",13,"3","2026-03-21",21,3,24,11,0,0,0,1,5,1,0,1,1,0,0,2,17,0,0,5,0,0,"Perth Stadium",44736,"Fremantle","Melbourne",118,70
NA,"Chris","Scerri","Fremantle",45,"3","2026-03-21",4,16,20,2,0,1,0,2,1,4,0,2,1,0,0,7,12,0,1,0,5,0,"Perth Stadium",44736,"Fremantle","Melbourne",118,70
12786,"Caleb","Serong","Fremantle",3,"3","2026-03-21",8,8,16,2,1,0,0,3,0,2,3,3,0,0,0,11,6,0,0,1,0,0,"Perth Stadium",44736,"Fremantle","Melbourne",118,70
12672,"Sam","Switkowski","Fremantle",39,"3","2026-03-21",3,4,7,0,1,1,0,1,0,2,0,0,1,0,0,3,4,0,0,1,0,0,"Perth Stadium",44736,"Fremantle","Melbourne",118,70
12887,"Josh","Treacy","Fremantle",35,"3","2026-03-21",12,5,17,10,4,1,0,2,0,4,0,6,4,1,0,12,8,4,5,3,0,1,"Perth Stadium",44736,"Fremantle","Melbourne",118,70
13129,"Patrick","Voss","Fremantle",20,"3","2026-03-21",8,4,12,1,1,2,0,2,0,1,0,3,1,2,0,4,9,0,1,2,0,0,"Perth Stadium",44736,"Fremantle","Melbourne",118,70
12453,"Corey","Wagner","Fremantle",34,"3","2026-03-21",12,7,19,5,0,0,0,2,4,3,0,2,0,0,0,2,16,0,0,1,1,0,"Perth Stadium",44736,"Fremantle","Melbourne",118,70
13075,"Karl","Worner","Fremantle",23,"3","2026-03-21",15,5,20,9,0,0,0,4,8,0,1,4,1,2,0,4,14,0,0,4,0,0,"Perth Stadium",44736,"Fremantle","Melbourne",118,70
12756,"Kade","Chandler","Melbourne",37,"3","2026-03-21",9,6,15,1,1,1,0,1,2,4,2,2,0,1,0,6,10,0,0,1,0,0,"Perth Stadium",44736,"Fremantle","Melbourne",118,70
13015,"Jai","Culley","Melbourne",13,"3","2026-03-21",5,7,12,1,0,0,0,3,1,3,2,1,0,0,0,9,3,1,0,2,0,1,"Perth Stadium",44736,"Fremantle","Melbourne",118,70
12598,"Bayley","Fritsch","Melbourne",31,"3","2026-03-21",9,3,12,5,2,1,0,0,0,1,0,2,2,0,0,6,6,1,4,1,0,1,"Perth Stadium",44736,"Fremantle","Melbourne",118,70
11966,"Max","Gawn","Melbourne",11,"3","2026-03-21",15,8,23,11,0,1,28,0,1,3,7,1,4,0,0,15,8,4,0,2,0,0,"Perth Stadium",44736,"Fremantle","Melbourne",118,70
13098,"Blake","Howes","Melbourne",22,"3","2026-03-21",10,1,11,6,0,0,0,0,3,1,0,2,0,1,0,1,10,0,0,6,0,0,"Perth Stadium",44736,"Fremantle","Melbourne",118,70
12752,"Changkuoth","Jiath","Melbourne",14,"3","2026-03-21",12,2,14,7,0,0,0,1,3,3,0,4,0,2,0,2,10,0,0,4,0,0,"Perth Stadium",44736,"Fremantle","Melbourne",118,70
12393,"Ed","Langdon","Melbourne",15,"3","2026-03-21",8,14,22,7,2,1,0,2,0,5,0,2,0,1,0,10,13,0,2,2,0,1,"Perth Stadium",44736,"Fremantle","Melbourne",118,70
13184,"Harvey","Langford","Melbourne",4,"3","2026-03-21",6,8,14,1,0,1,0,3,3,2,3,3,0,1,0,7,8,0,0,0,0,0,"Perth Stadium",44736,"Fremantle","Melbourne",118,70
12351,"Jake","Lever","Melbourne",8,"3","2026-03-21",12,4,16,8,0,0,0,3,2,0,0,3,2,1,0,4,11,0,0,2,0,0,"Perth Stadium",44736,"Fremantle","Melbourne",118,70
13185,"Xavier","Lindsay","Melbourne",5,"3","2026-03-21",11,3,14,3,0,0,0,6,2,0,0,2,0,1,0,3,8,0,0,2,0,0,"Perth Stadium",44736,"Fremantle","Melbourne",118,70
12639,"Brody","Mihocek","Melbourne",28,"3","2026-03-21",8,0,8,5,1,1,0,2,0,3,0,2,1,1,0,2,7,0,2,0,0,1,"Perth Stadium",44736,"Fremantle","Melbourne",118,70
12653,"Harry","Petty","Melbourne",35,"3","2026-03-21",7,3,10,2,0,0,1,1,3,0,0,5,1,2,0,4,2,0,0,2,0,0,"Perth Stadium",44736,"Fremantle","Melbourne",118,70
12771,"Kysaiah","Pickett","Melbourne",36,"3","2026-03-21",10,6,16,3,1,1,0,5,0,2,1,2,0,0,0,6,10,0,1,3,1,0,"Perth Stadium",44736,"Fremantle","Melbourne",118,70
NA,"Latrelle","Pickett","Melbourne",33,"3","2026-03-21",5,2,7,1,0,0,0,0,1,2,1,3,1,0,0,2,5,0,0,0,2,0,"Perth Stadium",44736,"Fremantle","Melbourne",118,70
12778,"Trent","Rivers","Melbourne",24,"3","2026-03-21",15,6,21,10,0,1,0,1,6,3,0,3,0,0,0,2,17,0,1,0,0,0,"Perth Stadium",44736,"Fremantle","Melbourne",118,70
12272,"Christian","Salem","Melbourne",3,"3","2026-03-21",24,2,26,7,0,0,0,0,8,4,1,2,0,0,0,6,16,0,0,2,0,0,"Perth Stadium",44736,"Fremantle","Melbourne",118,70
12864,"Harry","Sharp","Melbourne",30,"3","2026-03-21",7,3,10,2,2,0,0,0,0,4,1,1,0,0,0,4,6,0,0,1,0,0,"Perth Stadium",44736,"Fremantle","Melbourne",118,70
12693,"Tom","Sparrow","Melbourne",32,"3","2026-03-21",7,6,13,1,1,1,0,9,2,1,1,1,1,0,0,6,5,0,0,0,0,0,"Perth Stadium",44736,"Fremantle","Melbourne",118,70
12368,"Jack","Steele","Melbourne",9,"3","2026-03-21",20,11,31,6,0,0,0,9,1,7,9,9,2,0,0,15,13,1,1,2,1,1,"Perth Stadium",44736,"Fremantle","Melbourne",118,70
13123,"Koltyn","Tholstrup","Melbourne",12,"3","2026-03-21",6,5,11,3,0,0,0,5,1,4,0,4,0,0,0,1,9,0,0,3,0,1,"Perth Stadium",44736,"Fremantle","Melbourne",118,70
12996,"Daniel","Turner","Melbourne",10,"3","2026-03-21",4,0,4,3,0,0,0,1,1,0,0,1,0,1,0,3,1,2,0,5,0,0,"Perth Stadium",44736,"Fremantle","Melbourne",118,70
13048,"Jacob","van Rooyen","Melbourne",2,"3","2026-03-21",4,6,10,4,0,0,5,0,0,0,0,3,0,0,0,4,6,1,1,0,0,1,"Perth Stadium",44736,"Fremantle","Melbourne",118,70
13099,"Caleb","Windsor","Melbourne",6,"3","2026-03-21",8,5,13,2,0,0,0,3,0,4,2,1,0,1,0,6,9,0,0,1,0,0,"Perth Stadium",44736,"Fremantle","Melbourne",118,70
12433,"Aliir","Aliir","Port Adelaide",21,"3","2026-03-22",21,0,21,19,0,0,0,1,4,1,0,1,0,1,0,4,17,4,0,4,0,0,"Adelaide Oval",36049,"Port Adelaide","Essendon",133,70
12867,"Miles","Bergman","Port Adelaide",14,"3","2026-03-22",7,3,10,6,1,0,0,0,0,0,0,2,1,2,0,3,7,1,1,0,0,0,"Adelaide Oval",36049,"Port Adelaide","Essendon",133,70
13188,"Joe","Berry","Port Adelaide",5,"3","2026-03-22",10,9,19,6,2,1,0,0,1,5,0,2,0,2,0,5,15,0,1,0,0,1,"Adelaide Oval",36049,"Port Adelaide","Essendon",133,70
13007,"Jase","Burgoyne","Port Adelaide",7,"3","2026-03-22",11,11,22,4,1,0,0,4,0,4,1,1,3,0,0,10,11,0,1,0,1,1,"Adelaide Oval",36049,"Port Adelaide","Essendon",133,70
12698,"Zak","Butters","Port Adelaide",9,"3","2026-03-22",26,10,36,7,0,2,0,6,1,9,7,3,2,1,0,10,23,0,0,0,1,2,"Adelaide Oval",36049,"Port Adelaide","Essendon",133,70
12422,"Darcy","Byrne-Jones","Port Adelaide",33,"3","2026-03-22",10,2,12,3,1,1,0,1,0,0,2,1,1,0,0,4,7,0,0,1,0,0,"Adelaide Oval",36049,"Port Adelaide","Essendon",133,70
12695,"Willem","Drew","Port Adelaide",28,"3","2026-03-22",9,12,21,4,1,1,0,5,0,2,8,1,2,0,0,12,9,0,1,0,0,1,"Adelaide Oval",36049,"Port Adelaide","Essendon",133,70
12936,"Corey","Durdin","Port Adelaide",44,"3","2026-03-22",5,2,7,5,2,0,0,1,0,0,1,1,0,1,0,1,7,0,3,2,0,0,"Adelaide Oval",36049,"Port Adelaide","Essendon",133,70
13156,"Logan","Evans","Port Adelaide",22,"3","2026-03-22",18,4,22,11,0,0,0,2,0,2,0,2,0,0,0,4,16,1,0,3,0,0,"Adelaide Oval",36049,"Port Adelaide","Essendon",133,70
12664,"Kane","Farrell","Port Adelaide",6,"3","2026-03-22",15,2,17,9,0,0,0,5,3,2,1,0,0,0,0,2,11,0,0,1,1,0,"Adelaide Oval",36049,"Port Adelaide","Essendon",133,70
12766,"Mitch","Georgiades","Port Adelaide",19,"3","2026-03-22",8,6,14,9,2,2,0,2,0,0,0,3,0,0,0,1,13,0,4,1,0,0,"Adelaide Oval",36049,"Port Adelaide","Essendon",133,70
12956,"Jason","Horne-Francis","Port Adelaide",18,"3","2026-03-22",21,5,26,10,3,2,0,2,1,4,2,3,0,1,0,7,19,1,6,0,0,4,"Adelaide Oval",36049,"Port Adelaide","Essendon",133,70
12704,"Jack","Lukosius","Port Adelaide",12,"3","2026-03-22",11,5,16,10,3,1,0,3,0,3,0,2,0,1,0,7,10,1,4,2,0,1,"Adelaide Oval",36049,"Port Adelaide","Essendon",133,70
13269,"Ewan","Mackinlay","Port Adelaide",31,"3","2026-03-22",16,2,18,7,0,1,0,0,3,4,2,2,0,0,0,5,13,0,1,0,0,0,"Adelaide Oval",36049,"Port Adelaide","Essendon",133,70
12575,"Todd","Marshall","Port Adelaide",4,"3","2026-03-22",15,0,15,11,0,0,0,1,6,2,0,1,0,0,0,3,12,0,0,4,0,0,"Adelaide Oval",36049,"Port Adelaide","Essendon",133,70
12946,"Jackson","Mead","Port Adelaide",3,"3","2026-03-22",11,5,16,6,0,0,0,0,3,1,1,3,0,2,0,4,11,0,0,3,1,0,"Adelaide Oval",36049,"Port Adelaide","Essendon",133,70
12597,"Esava","Ratugolea","Port Adelaide",27,"3","2026-03-22",10,2,12,9,0,0,0,0,1,0,1,1,0,1,0,2,10,1,0,7,0,1,"Adelaide Oval",36049,"Port Adelaide","Essendon",133,70
13139,"Joe","Richards","Port Adelaide",35,"3","2026-03-22",10,11,21,5,2,1,0,6,1,5,4,0,1,0,0,11,10,0,0,3,1,1,"Adelaide Oval",36049,"Port Adelaide","Essendon",133,70
12697,"Connor","Rozee","Port Adelaide",1,"3","2026-03-22",12,9,21,2,0,0,0,3,4,3,4,5,0,0,0,6,14,0,0,0,1,0,"Adelaide Oval",36049,"Port Adelaide","Essendon",133,70
12890,"Jordon","Sweet","Port Adelaide",24,"3","2026-03-22",6,6,12,3,1,0,25,0,1,2,4,3,3,2,0,9,5,0,0,1,0,0,"Adelaide Oval",36049,"Port Adelaide","Essendon",133,70
NA,"Jack","Watkins","Port Adelaide",37,"3","2026-03-22",15,8,23,5,1,0,0,4,1,6,4,3,0,1,0,6,16,0,0,0,0,1,"Adelaide Oval",36049,"Port Adelaide","Essendon",133,70
12991,"Jacob","Wehr","Port Adelaide",15,"3","2026-03-22",12,6,18,8,0,0,0,0,2,4,0,2,0,1,0,2,15,0,0,0,0,1,"Adelaide Oval",36049,"Port Adelaide","Essendon",133,70
13259,"Jack","Whitlock","Port Adelaide",17,"3","2026-03-22",5,3,8,6,0,1,5,1,0,1,0,4,0,1,0,2,8,1,3,3,0,1,"Adelaide Oval",36049,"Port Adelaide","Essendon",133,70
13237,"Lachlan","Blakiston","Essendon",46,"3","2026-03-22",4,5,9,0,0,0,20,3,0,1,0,5,2,4,0,7,4,0,0,2,0,0,"Adelaide Oval",36049,"Port Adelaide","Essendon",133,70
13148,"Nate","Caddy","Essendon",30,"3","2026-03-22",11,1,12,6,4,3,0,1,0,2,0,3,1,0,0,4,9,1,2,0,1,1,"Adelaide Oval",36049,"Port Adelaide","Essendon",133,70
12755,"Jye","Caldwell","Essendon",6,"3","2026-03-22",14,13,27,2,1,0,0,6,3,5,3,2,2,0,0,9,19,0,0,0,0,0,"Adelaide Oval",36049,"Port Adelaide","Essendon",133,70
12925,"Sam","Durham","Essendon",22,"3","2026-03-22",9,12,21,0,1,0,0,7,2,6,4,6,1,3,0,6,16,0,0,0,1,0,"Adelaide Oval",36049,"Port Adelaide","Essendon",133,70
12696,"Xavier","Duursma","Essendon",28,"3","2026-03-22",4,11,15,4,0,0,0,1,1,0,1,3,0,0,0,8,7,0,1,0,0,0,"Adelaide Oval",36049,"Port Adelaide","Essendon",133,70
NA,"Hussien","El Achkar","Essendon",33,"3","2026-03-22",0,5,5,0,0,0,0,2,0,0,1,1,0,0,0,4,1,0,0,0,0,1,"Adelaide Oval",36049,"Port Adelaide","Essendon",133,70
12481,"Brayden","Fiorini","Essendon",8,"3","2026-03-22",5,5,10,1,1,0,0,0,0,2,0,1,0,0,0,3,7,0,0,3,0,1,"Adelaide Oval",36049,"Port Adelaide","Essendon",133,70
13231,"Zak","Johnson","Essendon",40,"3","2026-03-22",17,9,26,7,0,0,0,0,8,2,1,2,0,0,0,1,19,0,0,2,0,0,"Adelaide Oval",36049,"Port Adelaide","Essendon",133,70
13177,"Isaac","Kako","Essendon",10,"3","2026-03-22",9,2,11,3,1,4,0,1,0,3,0,1,1,0,0,3,6,1,3,0,1,0,"Adelaide Oval",36049,"Port Adelaide","Essendon",133,70
NA,"Max","Kondogiannis","Essendon",29,"3","2026-03-22",4,8,12,1,0,0,0,0,1,1,0,2,1,1,0,6,7,0,0,3,0,0,"Adelaide Oval",36049,"Port Adelaide","Essendon",133,70
12349,"Kyle","Langford","Essendon",4,"3","2026-03-22",6,4,10,2,1,0,1,2,1,1,0,3,1,1,0,5,5,0,0,1,0,0,"Adelaide Oval",36049,"Port Adelaide","Essendon",133,70
12491,"Andrew","McGrath","Essendon",1,"3","2026-03-22",7,14,21,3,0,0,0,3,4,2,0,0,0,0,0,5,14,0,0,3,0,0,"Adelaide Oval",36049,"Port Adelaide","Essendon",133,70
12580,"Ben","McKay","Essendon",32,"3","2026-03-22",3,3,6,2,0,0,0,0,2,0,0,0,0,0,0,4,3,0,0,4,0,0,"Adelaide Oval",36049,"Port Adelaide","Essendon",133,70
12241,"Zach","Merrett","Essendon",7,"3","2026-03-22",17,8,25,6,0,0,0,4,4,5,2,3,2,1,0,8,17,0,0,2,1,1,"Adelaide Oval",36049,"Port Adelaide","Essendon",133,70
13258,"Jayden","Nguyen","Essendon",42,"3","2026-03-22",0,14,14,1,0,0,0,0,1,0,1,0,0,0,0,3,11,0,0,1,0,0,"Adelaide Oval",36049,"Port Adelaide","Essendon",133,70
12406,"Darcy","Parish","Essendon",3,"3","2026-03-22",8,16,24,1,0,0,0,3,0,1,8,4,0,1,0,13,10,0,0,0,0,0,"Adelaide Oval",36049,"Port Adelaide","Essendon",133,70
12879,"Archie","Perkins","Essendon",16,"3","2026-03-22",5,4,9,2,1,0,0,1,0,1,0,1,1,0,0,2,5,1,1,0,2,0,"Adelaide Oval",36049,"Port Adelaide","Essendon",133,70
12874,"Jaxon","Prior","Essendon",25,"3","2026-03-22",14,6,20,3,0,0,0,3,5,2,1,2,2,1,0,8,10,0,0,1,0,0,"Adelaide Oval",36049,"Port Adelaide","Essendon",133,70
12437,"Mason","Redman","Essendon",27,"3","2026-03-22",4,0,4,2,0,0,0,0,1,0,0,0,0,0,0,1,1,1,0,1,0,0,"Adelaide Oval",36049,"Port Adelaide","Essendon",133,70
12889,"Zach","Reid","Essendon",31,"3","2026-03-22",8,6,14,3,0,0,0,2,4,0,0,1,0,0,0,1,8,0,0,3,0,0,"Adelaide Oval",36049,"Port Adelaide","Essendon",133,70
13168,"Archie","Roberts","Essendon",21,"3","2026-03-22",15,11,26,4,0,0,0,2,1,6,2,3,2,1,0,11,17,1,0,1,1,3,"Adelaide Oval",36049,"Port Adelaide","Essendon",133,70
NA,"Dyson","Sharp","Essendon",15,"3","2026-03-22",3,2,5,1,0,0,0,0,0,0,1,1,0,0,0,3,1,0,0,0,0,0,"Adelaide Oval",36049,"Port Adelaide","Essendon",133,70
12366,"Peter","Wright","Essendon",20,"3","2026-03-22",5,6,11,4,0,0,14,0,0,3,1,0,1,0,0,5,6,0,0,3,0,1,"Adelaide Oval",36049,"Port Adelaide","Essendon",133,70
13221,"Bo","Allan","West Coast",26,"3","2026-03-22",10,7,17,3,0,0,0,1,1,3,1,2,0,1,0,5,11,1,0,1,0,0,"Perth Stadium",47083,"West Coast","North Melbourne",111,94
12661,"Liam","Baker","West Coast",3,"3","2026-03-22",10,9,19,1,0,0,0,3,3,3,1,6,1,2,0,6,11,0,0,0,0,0,"Perth Stadium",47083,"West Coast","North Melbourne",111,94
11937,"Jamie","Cripps","West Coast",15,"3","2026-03-22",6,4,10,1,3,1,0,0,0,4,1,2,0,1,0,3,7,0,0,1,0,2,"Perth Stadium",47083,"West Coast","North Melbourne",111,94
13210,"Hamish","Davis","West Coast",38,"3","2026-03-22",9,9,18,2,0,0,0,2,0,1,0,5,1,2,0,6,12,0,0,0,0,0,"Perth Stadium",47083,"West Coast","North Melbourne",111,94
NA,"Cooper","Duff-Tytler","West Coast",21,"3","2026-03-22",5,7,12,2,2,0,5,0,0,1,3,2,0,0,0,9,3,1,1,2,0,2,"Perth Stadium",47083,"West Coast","North Melbourne",111,94
12334,"Liam","Duggan","West Coast",14,"3","2026-03-22",13,6,19,2,0,0,0,0,6,1,1,1,3,0,0,8,10,0,0,2,0,1,"Perth Stadium",47083,"West Coast","North Melbourne",111,94
NA,"Willem","Duursma","West Coast",1,"3","2026-03-22",9,6,15,7,2,1,0,3,1,1,1,0,0,0,0,4,11,1,1,3,0,1,"Perth Stadium",47083,"West Coast","North Melbourne",111,94
12811,"Harry","Edwards","West Coast",42,"3","2026-03-22",1,0,1,0,0,0,0,0,1,0,0,1,0,1,0,1,1,0,0,1,0,0,"Perth Stadium",47083,"West Coast","North Melbourne",111,94
12870,"Matt","Flynn","West Coast",25,"3","2026-03-22",7,5,12,1,1,0,17,7,2,0,3,3,1,1,0,9,4,0,1,3,0,1,"Perth Stadium",47083,"West Coast","North Melbourne",111,94
13038,"Reuben","Ginbey","West Coast",7,"3","2026-03-22",7,6,13,2,0,0,0,3,3,2,0,2,0,0,0,7,6,0,0,19,2,0,"Perth Stadium",47083,"West Coast","North Melbourne",111,94
12576,"Jack","Graham","West Coast",17,"3","2026-03-22",11,12,23,1,0,0,0,7,1,6,4,4,2,3,0,8,15,0,0,0,0,1,"Perth Stadium",47083,"West Coast","North Melbourne",111,94
12957,"Brady","Hough","West Coast",19,"3","2026-03-22",12,5,17,7,0,0,0,4,3,4,1,2,2,1,0,5,13,1,0,4,0,1,"Perth Stadium",47083,"West Coast","North Melbourne",111,94
12595,"Tim","Kelly","West Coast",11,"3","2026-03-22",12,8,20,4,0,0,0,6,1,7,4,2,1,1,0,8,15,0,0,1,0,1,"Perth Stadium",47083,"West Coast","North Melbourne",111,94
13240,"Tom","McCarthy","West Coast",18,"3","2026-03-22",12,6,18,6,0,0,0,3,2,4,2,2,1,1,0,5,12,1,0,1,0,0,"Perth Stadium",47083,"West Coast","North Melbourne",111,94
NA,"Milan","Murdock","West Coast",47,"3","2026-03-22",7,9,16,0,2,0,0,10,0,3,2,2,0,1,0,12,3,0,0,0,0,1,"Perth Stadium",47083,"West Coast","North Melbourne",111,94
13267,"Jacob","Newton","West Coast",46,"3","2026-03-22",4,2,6,0,0,1,0,2,0,1,1,1,0,0,0,3,4,0,0,0,0,0,"Perth Stadium",47083,"West Coast","North Melbourne",111,94
13196,"Archer","Reid","West Coast",22,"3","2026-03-22",6,3,9,4,2,0,5,0,0,1,2,3,1,1,0,6,3,1,3,0,0,1,"Perth Stadium",47083,"West Coast","North Melbourne",111,94
13111,"Harley","Reid","West Coast",9,"3","2026-03-22",15,15,30,4,0,2,0,5,1,4,3,9,5,3,0,11,20,0,0,0,4,0,"Perth Stadium",47083,"West Coast","North Melbourne",111,94
12774,"Deven","Robertson","West Coast",40,"3","2026-03-22",12,14,26,3,0,0,0,4,1,5,4,3,1,0,0,14,13,0,0,1,0,0,"Perth Stadium",47083,"West Coast","North Melbourne",111,94
13247,"Jobe","Shanahan","West Coast",35,"3","2026-03-22",10,4,14,8,2,0,0,0,2,1,0,3,0,0,0,6,8,1,1,1,0,1,"Perth Stadium",47083,"West Coast","North Melbourne",111,94
12601,"Jake","Waterman","West Coast",2,"3","2026-03-22",11,3,14,6,1,3,0,2,3,1,0,3,1,2,0,4,10,1,2,0,0,1,"Perth Stadium",47083,"West Coast","North Melbourne",111,94
12087,"Elliot","Yeo","West Coast",6,"3","2026-03-22",10,9,19,2,2,0,0,6,0,5,3,5,2,3,0,14,5,0,0,1,0,0,"Perth Stadium",47083,"West Coast","North Melbourne",111,94
13043,"Tylar","Young","West Coast",20,"3","2026-03-22",6,2,8,1,0,0,0,0,1,1,0,2,2,1,0,5,3,0,0,5,0,0,"Perth Stadium",47083,"West Coast","North Melbourne",111,94
NA,"Tom","Blamires","North Melbourne",39,"3","2026-03-22",5,11,16,0,0,0,0,6,3,1,2,1,2,1,0,8,7,0,0,1,0,0,"Perth Stadium",47083,"West Coast","North Melbourne",111,94
12938,"Charlie","Comben","North Melbourne",30,"3","2026-03-22",9,2,11,6,0,0,0,5,3,0,1,4,0,2,0,5,7,0,0,8,0,0,"Perth Stadium",47083,"West Coast","North Melbourne",111,94
12975,"Paul","Curtis","North Melbourne",25,"3","2026-03-22",7,5,12,4,2,1,0,2,0,4,2,5,2,3,0,5,6,0,1,0,0,2,"Perth Stadium",47083,"West Coast","North Melbourne",111,94
12373,"Caleb","Daniel","North Melbourne",5,"3","2026-03-22",13,12,25,3,0,0,0,11,5,2,4,0,2,0,0,7,16,0,0,5,2,0,"Perth Stadium",47083,"West Coast","North Melbourne",111,94
11905,"Jack","Darling","North Melbourne",27,"3","2026-03-22",4,1,5,2,0,0,2,2,1,3,1,2,2,1,0,2,3,0,1,1,0,1,"Perth Stadium",47083,"West Coast","North Melbourne",111,94
12590,"Luke","Davies-Uniacke","North Melbourne",9,"3","2026-03-22",11,21,32,3,0,1,0,4,0,6,6,4,2,2,0,15,20,0,0,2,0,1,"Perth Stadium",47083,"West Coast","North Melbourne",111,94
NA,"Lachy","Dovaston","North Melbourne",1,"3","2026-03-22",3,5,8,1,1,0,0,2,0,2,0,3,0,0,0,4,5,0,1,2,3,1,"Perth Stadium",47083,"West Coast","North Melbourne",111,94
13106,"Zane","Duursma","North Melbourne",7,"3","2026-03-22",5,6,11,4,0,0,0,4,1,1,1,3,0,0,0,3,8,0,0,0,0,0,"Perth Stadium",47083,"West Coast","North Melbourne",111,94
13186,"Jacob","Konstanty","North Melbourne",41,"3","2026-03-22",3,6,9,2,1,0,0,3,0,0,1,5,0,2,0,2,7,0,0,1,0,1,"Perth Stadium",47083,"West Coast","North Melbourne",111,94
12563,"Nick","Larkey","North Melbourne",20,"3","2026-03-22",8,2,10,6,6,1,0,2,0,0,0,0,2,0,0,5,5,2,6,0,0,1,"Perth Stadium",47083,"West Coast","North Melbourne",111,94
12511,"Griffin","Logue","North Melbourne",19,"3","2026-03-22",0,1,1,0,0,0,0,0,0,0,0,0,0,0,0,1,0,0,0,0,0,0,"Perth Stadium",47083,"West Coast","North Melbourne",111,94
12246,"Luke","McDonald","North Melbourne",11,"3","2026-03-22",10,2,12,3,1,0,0,3,5,1,1,2,1,1,0,4,4,0,0,4,0,0,"Perth Stadium",47083,"West Coast","North Melbourne",111,94
13107,"Colby","McKercher","North Melbourne",10,"3","2026-03-22",13,7,20,1,0,0,0,2,4,5,2,1,1,0,0,4,12,0,0,0,4,0,"Perth Stadium",47083,"West Coast","North Melbourne",111,94
13187,"Finn","OSullivan","North Melbourne",2,"3","2026-03-22",8,10,18,2,1,0,0,1,1,3,3,6,0,4,0,4,15,0,0,2,0,0,"Perth Stadium",47083,"West Coast","North Melbourne",111,94
11953,"Luke","Parker","North Melbourne",26,"3","2026-03-22",10,12,22,4,0,0,0,1,4,1,1,4,0,1,0,5,13,0,0,2,2,0,"Perth Stadium",47083,"West Coast","North Melbourne",111,94
13108,"Toby","Pink","North Melbourne",32,"3","2026-03-22",5,6,11,2,0,0,0,0,3,0,0,0,1,0,0,5,5,0,0,4,0,0,"Perth Stadium",47083,"West Coast","North Melbourne",111,94
12866,"Tom","Powell","North Melbourne",24,"3","2026-03-22",11,12,23,1,1,0,0,2,0,5,4,0,1,0,0,8,14,0,0,1,0,1,"Perth Stadium",47083,"West Coast","North Melbourne",111,94
13034,"Harry","Sheezel","North Melbourne",3,"3","2026-03-22",22,18,40,3,0,0,0,4,1,5,8,3,1,0,0,14,25,0,1,0,2,1,"Perth Stadium",47083,"West Coast","North Melbourne",111,94
12502,"Jy","Simpkin","North Melbourne",12,"3","2026-03-22",15,8,23,6,0,0,0,2,3,2,1,6,1,3,0,4,21,0,0,1,1,0,"Perth Stadium",47083,"West Coast","North Melbourne",111,94
12796,"Dylan","Stephens","North Melbourne",15,"3","2026-03-22",11,6,17,4,0,0,0,3,2,3,1,2,0,1,0,3,14,1,0,2,0,0,"Perth Stadium",47083,"West Coast","North Melbourne",111,94
13263,"Cooper","Trembath","North Melbourne",47,"3","2026-03-22",4,3,7,4,0,0,9,3,2,1,0,0,0,0,0,2,4,1,0,5,0,0,"Perth Stadium",47083,"West Coast","North Melbourne",111,94
12788,"Tristan","Xerri","North Melbourne",38,"3","2026-03-22",9,16,25,4,0,0,43,9,2,1,7,3,5,1,0,23,4,3,0,10,0,0,"Perth Stadium",47083,"West Coast","North Melbourne",111,94
12557,"Cameron","Zurhaar","North Melbourne",44,"3","2026-03-22",6,5,11,2,2,1,0,0,0,2,0,3,2,2,0,6,6,0,1,2,0,1,"Perth Stadium",47083,"West Coast","North Melbourne",111,94
12690,"Tom","Atkins","Geelong",30,"4","2026-03-26",11,12,23,1,0,0,0,8,2,2,6,6,1,1,0,14,7,0,0,0,0,0,"Kardinia Park",20403,"Geelong","Adelaide",68,60
12153,"Mark","Blicavs","Geelong",46,"4","2026-03-26",14,10,24,6,0,1,11,2,0,5,4,3,1,1,0,8,13,1,2,2,0,1,"Kardinia Park",20403,"Geelong","Adelaide",68,60
12871,"Tanner","Bruhn","Geelong",4,"4","2026-03-26",9,6,15,2,0,0,0,2,0,3,3,1,0,0,0,5,9,0,0,0,0,0,"Kardinia Park",20403,"Geelong","Adelaide",68,60
12017,"Jeremy","Cameron","Geelong",5,"4","2026-03-26",10,1,11,6,0,2,0,3,0,4,0,3,0,0,0,1,10,0,1,0,0,0,"Kardinia Park",20403,"Geelong","Adelaide",68,60
13062,"Jhye","Clark","Geelong",13,"4","2026-03-26",7,8,15,2,0,0,0,5,0,5,2,5,1,1,0,8,7,0,1,1,0,0,"Kardinia Park",20403,"Geelong","Adelaide",68,60
12891,"Sam","De Koning","Geelong",16,"4","2026-03-26",11,7,18,12,0,0,0,1,3,1,0,5,0,1,0,6,10,4,0,9,0,0,"Kardinia Park",20403,"Geelong","Adelaide",68,60
12974,"Oliver","Dempsey","Geelong",28,"4","2026-03-26",12,9,21,7,2,0,0,2,1,4,1,4,1,1,0,8,12,1,1,1,0,0,"Kardinia Park",20403,"Geelong","Adelaide",68,60
NA,"Mitchell","Edwards","Geelong",11,"4","2026-03-26",2,4,6,0,0,0,12,1,0,1,2,1,2,1,0,6,1,0,0,3,0,0,"Kardinia Park",20403,"Geelong","Adelaide",68,60
12551,"Zach","Guthrie","Geelong",39,"4","2026-03-26",5,3,8,4,0,0,0,4,2,0,0,0,0,0,0,1,7,0,0,3,0,0,"Kardinia Park",20403,"Geelong","Adelaide",68,60
12607,"Jack","Henry","Geelong",38,"4","2026-03-26",9,1,10,5,0,0,0,0,1,1,0,1,0,1,0,5,5,1,0,5,0,0,"Kardinia Park",20403,"Geelong","Adelaide",68,60
12851,"Oliver","Henry","Geelong",36,"4","2026-03-26",9,3,12,2,1,0,0,2,0,2,1,3,2,0,0,5,6,1,2,0,0,0,"Kardinia Park",20403,"Geelong","Adelaide",68,60
12881,"Max","Holmes","Geelong",9,"4","2026-03-26",20,7,27,5,1,1,0,5,4,5,2,2,1,2,0,9,17,0,0,1,1,0,"Kardinia Park",20403,"Geelong","Adelaide",68,60
13160,"Lawson","Humphries","Geelong",17,"4","2026-03-26",11,1,12,5,0,0,0,1,2,1,0,3,1,0,0,4,7,0,0,2,0,0,"Kardinia Park",20403,"Geelong","Adelaide",68,60
13104,"Shaun","Mannagh","Geelong",7,"4","2026-03-26",16,8,24,2,1,1,0,5,1,6,4,1,1,0,0,11,11,0,0,1,0,1,"Kardinia Park",20403,"Geelong","Adelaide",68,60
12236,"Jack","Martin","Geelong",19,"4","2026-03-26",10,4,14,3,3,2,0,3,0,2,1,2,2,0,0,5,9,0,1,0,0,0,"Kardinia Park",20403,"Geelong","Adelaide",68,60
12689,"Gryan","Miers","Geelong",32,"4","2026-03-26",17,8,25,7,0,1,0,8,2,6,2,3,2,0,0,5,20,0,0,1,0,0,"Kardinia Park",20403,"Geelong","Adelaide",68,60
13066,"Oisin","Mullin","Geelong",34,"4","2026-03-26",10,3,13,3,0,0,0,2,2,0,2,1,1,0,0,4,7,0,0,2,0,0,"Kardinia Park",20403,"Geelong","Adelaide",68,60
12992,"Shannon","Neale","Geelong",33,"4","2026-03-26",4,9,13,2,0,1,15,3,0,3,2,2,0,1,0,9,4,1,0,4,0,0,"Kardinia Park",20403,"Geelong","Adelaide",68,60
12531,"Mark","OConnor","Geelong",42,"4","2026-03-26",9,8,17,6,0,0,0,1,1,2,2,0,0,0,0,7,11,0,0,1,0,0,"Kardinia Park",20403,"Geelong","Adelaide",68,60
13122,"Connor","OSullivan","Geelong",14,"4","2026-03-26",11,12,23,9,0,0,0,2,5,1,0,2,3,1,0,9,15,2,0,4,0,0,"Kardinia Park",20403,"Geelong","Adelaide",68,60
12692,"Bailey","Smith","Geelong",3,"4","2026-03-26",25,15,40,2,0,0,0,10,2,7,6,4,3,0,0,16,21,0,0,4,0,1,"Kardinia Park",20403,"Geelong","Adelaide",68,60
12505,"Tom","Stewart","Geelong",44,"4","2026-03-26",21,3,24,6,1,0,0,4,8,1,1,2,3,1,0,8,13,0,0,6,0,0,"Kardinia Park",20403,"Geelong","Adelaide",68,60
13217,"Oliver","Wiltshire","Geelong",21,"4","2026-03-26",8,6,14,1,0,0,0,2,0,5,1,3,0,1,0,5,6,0,0,0,0,1,"Kardinia Park",20403,"Geelong","Adelaide",68,60
12849,"Sam","Berry","Adelaide",3,"4","2026-03-26",13,9,22,3,0,1,0,5,2,2,9,4,2,1,0,13,8,0,1,0,1,0,"Kardinia Park",20403,"Geelong","Adelaide",68,60
13165,"Hugh","Bond","Adelaide",21,"4","2026-03-26",6,2,8,1,0,0,0,8,4,1,1,1,0,1,0,4,5,0,0,5,0,0,"Kardinia Park",20403,"Geelong","Adelaide",68,60
12829,"Jordon","Butts","Adelaide",41,"4","2026-03-26",6,5,11,2,0,0,0,0,3,0,1,3,1,2,0,4,7,0,0,7,0,0,"Kardinia Park",20403,"Geelong","Adelaide",68,60
12932,"Brayden","Cook","Adelaide",15,"4","2026-03-26",13,8,21,6,0,1,0,3,6,3,1,4,0,1,0,3,18,0,0,1,0,0,"Kardinia Park",20403,"Geelong","Adelaide",68,60
12629,"Isaac","Cumming","Adelaide",44,"4","2026-03-26",7,3,10,1,1,0,0,5,1,0,0,4,0,0,0,3,7,0,0,3,0,0,"Kardinia Park",20403,"Geelong","Adelaide",68,60
12584,"Darcy","Fogarty","Adelaide",32,"4","2026-03-26",2,5,7,1,0,0,0,4,0,1,0,6,1,2,0,6,1,0,0,2,0,1,"Kardinia Park",20403,"Geelong","Adelaide",68,60
12691,"Chayce","Jones","Adelaide",1,"4","2026-03-26",7,2,9,0,0,0,0,1,4,0,0,0,0,0,0,2,1,0,0,0,0,0,"Kardinia Park",20403,"Geelong","Adelaide",68,60
12434,"Ben","Keays","Adelaide",2,"4","2026-03-26",7,8,15,2,0,1,0,4,0,4,0,2,1,2,0,4,9,0,0,1,0,0,"Kardinia Park",20403,"Geelong","Adelaide",68,60
13219,"Finnbar","Maley","Adelaide",36,"4","2026-03-26",4,3,7,4,0,0,11,2,0,2,0,3,0,3,0,4,3,2,0,1,0,0,"Kardinia Park",20403,"Geelong","Adelaide",68,60
13065,"Lachlan","McAndrew","Adelaide",42,"4","2026-03-26",9,8,17,1,0,0,40,1,1,2,4,2,2,0,0,7,10,0,0,1,0,0,"Kardinia Park",20403,"Geelong","Adelaide",68,60
13027,"Max","Michalanney","Adelaide",16,"4","2026-03-26",7,4,11,3,0,0,0,8,2,0,1,1,2,1,0,5,6,0,0,0,0,1,"Kardinia Park",20403,"Geelong","Adelaide",68,60
12405,"Wayne","Milera","Adelaide",30,"4","2026-03-26",10,9,19,4,0,0,0,2,6,1,1,2,0,0,0,5,8,0,0,1,0,0,"Kardinia Park",20403,"Geelong","Adelaide",68,60
12872,"Nick","Murray","Adelaide",9,"4","2026-03-26",10,2,12,3,1,0,0,4,9,1,1,2,0,1,0,4,7,1,0,9,0,0,"Kardinia Park",20403,"Geelong","Adelaide",68,60
13081,"Luke","Nankervis","Adelaide",27,"4","2026-03-26",6,4,10,2,0,0,0,1,1,2,0,1,1,0,0,4,6,1,0,0,0,0,"Kardinia Park",20403,"Geelong","Adelaide",68,60
12367,"Alex","Neal-Bullen","Adelaide",28,"4","2026-03-26",9,2,11,3,1,0,0,3,1,2,0,4,0,1,0,5,6,0,1,0,0,0,"Kardinia Park",20403,"Geelong","Adelaide",68,60
12934,"James","Peatling","Adelaide",25,"4","2026-03-26",11,11,22,2,0,0,0,4,3,1,6,3,0,0,0,10,13,0,0,1,0,0,"Kardinia Park",20403,"Geelong","Adelaide",68,60
12921,"Luke","Pedlar","Adelaide",10,"4","2026-03-26",5,2,7,0,0,0,0,0,0,2,0,4,0,0,0,3,2,0,0,0,0,0,"Kardinia Park",20403,"Geelong","Adelaide",68,60
12953,"Josh","Rachele","Adelaide",8,"4","2026-03-26",21,10,31,5,1,0,0,4,2,7,7,5,0,2,0,13,18,0,0,0,1,2,"Kardinia Park",20403,"Geelong","Adelaide",68,60
12798,"Izak","Rankine","Adelaide",23,"4","2026-03-26",6,1,7,0,1,0,0,1,0,1,1,3,0,3,0,5,2,0,0,5,0,1,"Kardinia Park",20403,"Geelong","Adelaide",68,60
12952,"Jake","Soligo","Adelaide",14,"4","2026-03-26",13,8,21,4,0,0,0,9,2,3,2,5,1,4,0,8,12,0,2,0,0,1,"Kardinia Park",20403,"Geelong","Adelaide",68,60
13159,"Zac","Taylor","Adelaide",19,"4","2026-03-26",5,2,7,5,3,0,0,0,0,0,0,0,0,0,0,1,6,0,3,1,0,1,"Kardinia Park",20403,"Geelong","Adelaide",68,60
12892,"Riley","Thilthorpe","Adelaide",7,"4","2026-03-26",10,4,14,8,1,1,0,1,0,5,0,2,1,0,0,6,8,2,0,3,1,1,"Kardinia Park",20403,"Geelong","Adelaide",68,60
12912,"Josh","Worrell","Adelaide",24,"4","2026-03-26",21,9,30,5,0,0,0,2,10,5,0,5,1,1,0,8,14,0,0,2,0,0,"Kardinia Park",20403,"Geelong","Adelaide",68,60
12660,"Darcy","Cameron","Collingwood",14,"4","2026-03-27",6,6,12,3,0,1,17,0,0,1,4,0,2,0,0,8,4,1,1,2,0,0,"Docklands",41607,"Collingwood","Greater Western Sydney",87,54
12061,"Jack","Crisp","Collingwood",25,"4","2026-03-27",13,13,26,8,0,0,0,4,4,3,1,2,1,1,0,9,17,0,0,2,1,1,"Docklands",41607,"Collingwood","Greater Western Sydney",87,54
12573,"Josh","Daicos","Collingwood",7,"4","2026-03-27",21,12,33,8,0,0,0,3,4,4,0,2,0,1,0,3,25,0,0,1,1,1,"Docklands",41607,"Collingwood","Greater Western Sydney",87,54
12943,"Nick","Daicos","Collingwood",35,"4","2026-03-27",20,16,36,4,2,2,0,5,3,12,6,5,2,0,0,12,23,0,0,1,2,1,"Docklands",41607,"Collingwood","Greater Western Sydney",87,54
12318,"Jordan","de Goey","Collingwood",2,"4","2026-03-27",8,8,16,2,0,0,0,2,0,4,4,1,1,1,0,5,9,0,0,0,0,0,"Docklands",41607,"Collingwood","Greater Western Sydney",87,54
12083,"Jamie","Elliott","Collingwood",5,"4","2026-03-27",1,3,4,1,1,0,0,2,0,0,0,2,0,0,0,4,1,0,1,1,0,1,"Docklands",41607,"Collingwood","Greater Western Sydney",87,54
12676,"Billy","Frampton","Collingwood",17,"4","2026-03-27",10,5,15,7,0,0,0,1,3,0,0,2,2,1,0,6,9,1,0,6,0,0,"Docklands",41607,"Collingwood","Greater Western Sydney",87,54
12495,"Dan","Houston","Collingwood",9,"4","2026-03-27",17,1,18,5,1,0,0,1,4,1,0,5,0,0,0,2,11,0,1,2,2,0,"Docklands",41607,"Collingwood","Greater Western Sydney",87,54
11967,"Jeremy","Howe","Collingwood",38,"4","2026-03-27",9,2,11,6,0,0,0,0,2,0,0,3,1,0,0,4,6,1,0,4,0,0,"Docklands",41607,"Collingwood","Greater Western Sydney",87,54
12578,"Patrick","Lipinski","Collingwood",1,"4","2026-03-27",5,11,16,1,0,1,0,0,1,3,0,2,0,0,0,3,14,0,1,1,0,2,"Docklands",41607,"Collingwood","Greater Western Sydney",87,54
13023,"Ned","Long","Collingwood",44,"4","2026-03-27",4,7,11,4,1,1,0,10,0,1,0,0,1,0,0,6,5,1,1,0,0,0,"Docklands",41607,"Collingwood","Greater Western Sydney",87,54
12371,"Brayden","Maynard","Collingwood",4,"4","2026-03-27",13,5,18,6,0,0,0,3,5,1,0,2,2,1,0,5,13,0,0,5,0,0,"Docklands",41607,"Collingwood","Greater Western Sydney",87,54
12876,"Beau","McCreery","Collingwood",31,"4","2026-03-27",8,6,14,1,0,0,0,3,4,4,3,3,1,1,0,7,6,0,0,1,3,0,"Docklands",41607,"Collingwood","Greater Western Sydney",87,54
12291,"Daniel","McStay","Collingwood",11,"4","2026-03-27",6,3,9,6,2,0,0,2,0,2,0,1,0,1,0,2,7,1,3,1,0,1,"Docklands",41607,"Collingwood","Greater Western Sydney",87,54
12300,"Tim","Membrey","Collingwood",28,"4","2026-03-27",8,5,13,7,4,0,0,0,0,1,0,2,0,0,0,3,10,1,5,3,0,1,"Docklands",41607,"Collingwood","Greater Western Sydney",87,54
12372,"Darcy","Moore","Collingwood",30,"4","2026-03-27",5,2,7,6,0,0,0,0,4,0,0,2,0,1,0,1,5,1,0,0,0,0,"Docklands",41607,"Collingwood","Greater Western Sydney",87,54
4182,"Scott","Pendlebury","Collingwood",10,"4","2026-03-27",4,6,10,2,0,0,0,2,1,1,2,2,1,1,0,3,8,0,0,1,0,1,"Docklands",41607,"Collingwood","Greater Western Sydney",87,54
12536,"Harry","Perryman","Collingwood",12,"4","2026-03-27",9,6,15,6,0,0,0,0,3,2,0,4,0,1,0,3,11,2,0,2,0,0,"Docklands",41607,"Collingwood","Greater Western Sydney",87,54
12740,"Isaac","Quaynor","Collingwood",3,"4","2026-03-27",11,4,15,3,0,0,0,0,3,2,0,2,0,1,0,5,12,0,0,6,0,0,"Docklands",41607,"Collingwood","Greater Western Sydney",87,54
12700,"Lachie","Schultz","Collingwood",8,"4","2026-03-27",8,9,17,3,1,0,0,6,2,3,3,0,1,0,0,10,7,2,1,1,0,1,"Docklands",41607,"Collingwood","Greater Western Sydney",87,54
11751,"Steele","Sidebottom","Collingwood",22,"4","2026-03-27",17,14,31,11,0,1,0,0,5,3,4,3,0,1,0,9,22,2,0,0,2,0,"Docklands",41607,"Collingwood","Greater Western Sydney",87,54
13248,"Roan","Steele","Collingwood",45,"4","2026-03-27",5,3,8,2,0,0,0,1,2,2,2,3,0,0,0,2,6,0,0,0,0,0,"Docklands",41607,"Collingwood","Greater Western Sydney",87,54
NA,"Oscar","Steene","Collingwood",21,"4","2026-03-27",3,5,8,2,1,0,20,0,0,0,1,0,1,0,0,7,1,1,1,3,0,0,"Docklands",41607,"Collingwood","Greater Western Sydney",87,54
13001,"Ryan","Angwin","Greater Western Sydney",9,"4","2026-03-27",15,10,25,8,0,0,0,2,1,4,2,2,0,0,0,6,18,0,0,5,1,0,"Docklands",41607,"Collingwood","Greater Western Sydney",87,54
12782,"Lachie","Ash","Greater Western Sydney",7,"4","2026-03-27",18,10,28,10,0,0,0,0,5,0,0,2,0,0,0,4,23,1,0,2,3,0,"Docklands",41607,"Collingwood","Greater Western Sydney",87,54
12904,"Kieren","Briggs","Greater Western Sydney",32,"4","2026-03-27",9,6,15,5,0,1,18,0,0,4,4,2,0,1,0,7,7,2,2,1,0,0,"Docklands",41607,"Collingwood","Greater Western Sydney",87,54
12910,"Callum","Brown","Greater Western Sydney",46,"4","2026-03-27",7,4,11,4,0,1,0,3,2,2,0,4,2,2,0,4,7,0,1,0,0,0,"Docklands",41607,"Collingwood","Greater Western Sydney",87,54
12969,"Finn","Callaghan","Greater Western Sydney",17,"4","2026-03-27",14,21,35,6,0,0,0,4,3,7,3,2,1,1,0,6,30,1,0,0,0,0,"Docklands",41607,"Collingwood","Greater Western Sydney",87,54
12028,"Stephen","Coniglio","Greater Western Sydney",3,"4","2026-03-27",6,7,13,6,0,1,0,1,0,1,1,1,1,1,0,3,11,0,1,0,2,0,"Docklands",41607,"Collingwood","Greater Western Sydney",87,54
13222,"Josaia","Delana","Greater Western Sydney",38,"4","2026-03-27",1,2,3,1,0,0,0,3,0,1,0,0,0,0,0,0,3,0,0,0,0,0,"Docklands",41607,"Collingwood","Greater Western Sydney",87,54
13164,"Joe","Fonti","Greater Western Sydney",37,"4","2026-03-27",12,9,21,10,0,0,0,2,2,2,0,4,0,1,0,2,19,0,0,5,0,0,"Docklands",41607,"Collingwood","Greater Western Sydney",87,54
13279,"Phoenix","Gothard","Greater Western Sydney",11,"4","2026-03-27",5,14,19,1,1,0,0,3,0,2,3,3,1,2,0,6,15,0,0,0,1,0,"Docklands",41607,"Collingwood","Greater Western Sydney",87,54
12025,"Toby","Greene","Greater Western Sydney",4,"4","2026-03-27",8,13,21,2,1,0,0,1,1,5,5,2,0,2,0,11,12,0,1,1,0,0,"Docklands",41607,"Collingwood","Greater Western Sydney",87,54
13158,"Max","Gruzewski","Greater Western Sydney",35,"4","2026-03-27",5,0,5,2,1,0,0,2,0,3,0,1,0,0,0,0,4,0,0,3,0,0,"Docklands",41607,"Collingwood","Greater Western Sydney",87,54
NA,"Oliver","Hannaford","Greater Western Sydney",13,"4","2026-03-27",5,3,8,3,0,0,0,1,0,2,0,3,1,1,0,2,6,0,0,0,0,0,"Docklands",41607,"Collingwood","Greater Western Sydney",87,54
12462,"Harry","Himmelberg","Greater Western Sydney",27,"4","2026-03-27",11,2,13,6,0,0,0,1,0,3,0,1,0,0,0,1,10,1,0,6,1,0,"Docklands",41607,"Collingwood","Greater Western Sydney",87,54
12321,"Jesse","Hogan","Greater Western Sydney",23,"4","2026-03-27",4,0,4,4,0,1,0,0,0,0,0,2,0,1,0,0,4,0,3,1,0,0,"Docklands",41607,"Collingwood","Greater Western Sydney",87,54
12750,"Connor","Idun","Greater Western Sydney",39,"4","2026-03-27",14,9,23,7,0,0,0,0,7,1,0,0,0,0,0,6,16,0,0,4,0,0,"Docklands",41607,"Collingwood","Greater Western Sydney",87,54
12377,"Jayden","Laverde","Greater Western Sydney",25,"4","2026-03-27",11,6,17,9,0,0,0,2,4,0,0,0,0,0,0,4,12,1,0,8,0,0,"Docklands",41607,"Collingwood","Greater Western Sydney",87,54
13174,"James","Leake","Greater Western Sydney",30,"4","2026-03-27",9,7,16,6,0,0,0,1,2,2,0,1,0,0,0,3,13,0,0,0,0,0,"Docklands",41607,"Collingwood","Greater Western Sydney",87,54
12821,"Xavier","OHalloran","Greater Western Sydney",33,"4","2026-03-27",9,7,16,5,0,1,0,2,2,2,0,5,0,1,0,5,10,0,1,0,0,1,"Docklands",41607,"Collingwood","Greater Western Sydney",87,54
12410,"Clayton","Oliver","Greater Western Sydney",10,"4","2026-03-27",11,26,37,3,0,1,0,2,3,4,9,3,1,0,0,16,20,0,0,0,0,0,"Docklands",41607,"Collingwood","Greater Western Sydney",87,54
12834,"Jake","Riccardi","Greater Western Sydney",26,"4","2026-03-27",9,7,16,7,1,1,5,0,0,1,0,3,1,1,0,3,14,1,3,1,0,1,"Docklands",41607,"Collingwood","Greater Western Sydney",87,54
12167,"Jake","Stringer","Greater Western Sydney",20,"4","2026-03-27",10,3,13,7,2,2,0,3,0,5,0,4,2,1,0,7,7,0,2,1,0,1,"Docklands",41607,"Collingwood","Greater Western Sydney",87,54
13101,"Harvey","Thomas","Greater Western Sydney",1,"4","2026-03-27",12,15,27,5,1,0,0,3,2,2,3,0,1,0,0,8,20,0,1,0,0,0,"Docklands",41607,"Collingwood","Greater Western Sydney",87,54
12143,"Lachie","Whitfield","Greater Western Sydney",6,"4","2026-03-27",20,19,39,7,0,0,0,3,2,5,2,4,1,1,0,10,25,0,0,2,0,1,"Docklands",41607,"Collingwood","Greater Western Sydney",87,54
12490,"Dan","Butler","St Kilda",16,"4","2026-03-28",6,3,9,3,0,0,0,2,0,3,0,2,0,1,0,4,5,1,0,0,0,1,"Docklands",31854,"St Kilda","Brisbane Lions",80,113
12976,"Jack","Carroll","St Kilda",18,"4","2026-03-28",5,5,10,5,0,0,0,4,1,1,0,4,0,1,0,3,7,1,0,1,0,0,"Docklands",31854,"St Kilda","Brisbane Lions",80,113
12674,"Tom","De Koning","St Kilda",21,"4","2026-03-28",4,7,11,1,0,0,34,0,0,3,3,3,2,3,0,8,5,0,0,3,0,0,"Docklands",31854,"St Kilda","Brisbane Lions",80,113
12824,"Sam","Flanders","St Kilda",9,"4","2026-03-28",8,14,22,6,0,1,0,6,2,4,2,2,2,1,0,8,14,0,1,1,0,0,"Docklands",31854,"St Kilda","Brisbane Lions",80,113
13125,"Hugo","Garcia","St Kilda",34,"4","2026-03-28",1,11,12,0,0,0,0,10,0,1,3,3,0,1,0,5,7,0,0,2,0,0,"Docklands",31854,"St Kilda","Brisbane Lions",80,113
13193,"Max","Hall","St Kilda",40,"4","2026-03-28",9,8,17,6,0,2,0,4,0,6,3,2,1,1,0,9,8,1,1,2,0,0,"Docklands",31854,"St Kilda","Brisbane Lions",80,113
12609,"Jack","Higgins","St Kilda",1,"4","2026-03-28",8,2,10,3,2,2,0,3,0,0,0,0,2,0,0,7,4,0,3,1,0,1,"Docklands",31854,"St Kilda","Brisbane Lions",80,113
12060,"Bradley","Hill","St Kilda",8,"4","2026-03-28",13,8,21,5,0,0,0,3,2,4,1,1,1,1,0,4,17,0,0,3,0,0,"Docklands",31854,"St Kilda","Brisbane Lions",80,113
12420,"Dougal","Howard","St Kilda",20,"4","2026-03-28",10,2,12,5,0,0,0,0,3,0,1,2,1,1,0,3,9,0,0,4,0,0,"Docklands",31854,"St Kilda","Brisbane Lions",80,113
12564,"Rowan","Marshall","St Kilda",19,"4","2026-03-28",8,4,12,5,0,0,10,2,1,2,1,5,0,3,0,4,8,0,0,0,0,0,"Docklands",31854,"St Kilda","Brisbane Lions",80,113
12948,"Mitch","Owens","St Kilda",10,"4","2026-03-28",6,4,10,5,2,2,0,1,0,1,1,1,0,0,0,3,7,2,3,4,0,0,"Docklands",31854,"St Kilda","Brisbane Lions",80,113
13036,"Mattaes","Phillipou","St Kilda",25,"4","2026-03-28",8,7,15,3,0,0,0,5,3,3,4,2,2,0,0,9,7,0,0,1,0,1,"Docklands",31854,"St Kilda","Brisbane Lions",80,113
12600,"Liam","Ryan","St Kilda",31,"4","2026-03-28",9,2,11,3,3,1,0,1,0,2,0,2,1,0,0,4,7,1,2,0,0,0,"Docklands",31854,"St Kilda","Brisbane Lions",80,113
12929,"Cooper","Sharman","St Kilda",43,"4","2026-03-28",8,1,9,6,3,0,0,1,0,3,0,1,0,0,0,4,7,2,1,2,0,1,"Docklands",31854,"St Kilda","Brisbane Lions",80,113
12458,"Jack","Silvagni","St Kilda",3,"4","2026-03-28",10,1,11,4,0,0,0,6,2,2,0,2,2,1,0,6,5,0,0,4,0,0,"Docklands",31854,"St Kilda","Brisbane Lions",80,113
12325,"Jack","Sinclair","St Kilda",35,"4","2026-03-28",20,9,29,7,0,0,0,2,6,4,0,3,2,1,0,4,21,0,0,2,0,0,"Docklands",31854,"St Kilda","Brisbane Lions",80,113
12721,"Liam","Stocker","St Kilda",14,"4","2026-03-28",4,6,10,3,0,0,0,2,2,0,0,2,1,1,0,8,4,0,0,4,0,0,"Docklands",31854,"St Kilda","Brisbane Lions",80,113
13243,"Alix","Tauru","St Kilda",26,"4","2026-03-28",2,1,3,1,1,1,0,0,0,0,0,1,1,1,0,3,0,1,1,0,0,0,"Docklands",31854,"St Kilda","Brisbane Lions",80,113
12950,"Nasiah","Wanganeen-Milera","St Kilda",7,"4","2026-03-28",19,10,29,2,0,2,0,4,6,5,4,4,1,1,0,9,14,0,0,0,3,0,"Docklands",31854,"St Kilda","Brisbane Lions",80,113
12703,"Callum","Wilkie","St Kilda",44,"4","2026-03-28",17,7,24,9,0,0,0,1,4,1,1,4,1,1,0,9,13,1,0,7,1,0,"Docklands",31854,"St Kilda","Brisbane Lions",80,113
13110,"Darcy","Wilson","St Kilda",22,"4","2026-03-28",7,9,16,4,0,0,0,1,1,4,0,1,0,0,0,4,10,0,0,1,0,2,"Docklands",31854,"St Kilda","Brisbane Lions",80,113
12967,"Marcus","Windhager","St Kilda",2,"4","2026-03-28",17,2,19,4,0,0,0,3,1,5,4,6,2,1,0,8,13,0,0,3,0,0,"Docklands",31854,"St Kilda","Brisbane Lions",80,113
12312,"Mason","Wood","St Kilda",32,"4","2026-03-28",8,6,14,3,0,1,0,3,1,2,0,3,1,0,0,7,10,0,0,4,0,0,"Docklands",31854,"St Kilda","Brisbane Lions",80,113
12655,"Oscar","Allen","Brisbane Lions",4,"4","2026-03-28",11,0,11,6,2,1,3,3,2,2,0,1,1,0,0,2,9,1,3,1,1,0,"Docklands",31854,"St Kilda","Brisbane Lions",80,113
12718,"Noah","Answerth","Brisbane Lions",43,"4","2026-03-28",6,2,8,2,0,0,0,0,0,1,0,4,0,2,0,3,5,0,0,5,0,0,"Docklands",31854,"St Kilda","Brisbane Lions",80,113
13197,"Levi","Ashcroft","Brisbane Lions",10,"4","2026-03-28",11,14,25,6,1,0,0,1,2,2,1,1,1,0,0,7,18,0,0,1,0,1,"Docklands",31854,"St Kilda","Brisbane Lions",80,113
13040,"Will","Ashcroft","Brisbane Lions",8,"4","2026-03-28",16,15,31,5,0,0,0,7,0,2,10,4,2,1,0,11,19,0,0,1,0,0,"Docklands",31854,"St Kilda","Brisbane Lions",80,113
12610,"Zac","Bailey","Brisbane Lions",33,"4","2026-03-28",12,5,17,7,2,0,0,4,1,3,3,4,1,4,0,5,15,0,0,0,0,2,"Docklands",31854,"St Kilda","Brisbane Lions",80,113
12519,"Jarrod","Berry","Brisbane Lions",7,"4","2026-03-28",20,11,31,10,1,0,0,3,3,5,2,1,2,0,0,6,25,0,1,1,0,2,"Docklands",31854,"St Kilda","Brisbane Lions",80,113
12277,"Charlie","Cameron","Brisbane Lions",23,"4","2026-03-28",9,3,12,2,2,1,0,5,0,1,0,5,1,2,0,3,6,0,2,1,0,1,"Docklands",31854,"St Kilda","Brisbane Lions",80,113
12838,"Keidean","Coleman","Brisbane Lions",18,"4","2026-03-28",15,6,21,7,1,0,0,0,3,5,0,2,1,0,0,6,14,0,1,2,0,1,"Docklands",31854,"St Kilda","Brisbane Lions",80,113
12810,"Sam","Draper","Brisbane Lions",2,"4","2026-03-28",6,2,8,1,0,0,9,4,1,2,4,4,1,3,0,4,4,0,0,4,0,0,"Docklands",31854,"St Kilda","Brisbane Lions",80,113
12408,"Josh","Dunkley","Brisbane Lions",5,"4","2026-03-28",10,14,24,4,0,1,0,5,1,1,3,1,0,0,0,11,13,0,0,2,0,1,"Docklands",31854,"St Kilda","Brisbane Lions",80,113
13072,"Jaspa","Fletcher","Brisbane Lions",3,"4","2026-03-28",12,5,17,2,1,0,0,2,4,2,1,3,0,0,0,4,11,0,0,0,0,0,"Docklands",31854,"St Kilda","Brisbane Lions",80,113
12724,"Darcy","Fort","Brisbane Lions",32,"4","2026-03-28",6,7,13,5,0,0,12,3,0,2,1,1,1,1,0,6,8,0,0,5,0,0,"Docklands",31854,"St Kilda","Brisbane Lions",80,113
13235,"Ty","Gallop","Brisbane Lions",22,"4","2026-03-28",4,2,6,2,0,0,0,0,2,0,0,1,0,0,0,2,4,0,0,5,0,0,"Docklands",31854,"St Kilda","Brisbane Lions",80,113
12267,"Darcy","Gardiner","Brisbane Lions",27,"4","2026-03-28",9,7,16,7,0,0,0,0,2,0,0,2,1,1,0,8,9,2,0,4,0,0,"Docklands",31854,"St Kilda","Brisbane Lions",80,113
11894,"Ryan","Lester","Brisbane Lions",35,"4","2026-03-28",15,5,20,9,0,0,0,1,5,3,0,1,1,0,0,7,13,1,0,1,0,0,"Docklands",31854,"St Kilda","Brisbane Lions",80,113
12968,"Kai","Lohmann","Brisbane Lions",1,"4","2026-03-28",5,6,11,2,2,1,0,4,0,5,1,1,1,0,0,7,6,0,2,3,0,1,"Docklands",31854,"St Kilda","Brisbane Lions",80,113
12090,"Lincoln","McCarthy","Brisbane Lions",11,"4","2026-03-28",11,6,17,1,1,2,0,2,1,1,2,4,1,3,0,7,8,1,0,0,0,2,"Docklands",31854,"St Kilda","Brisbane Lions",80,113
13137,"Logan","Morris","Brisbane Lions",13,"4","2026-03-28",13,4,17,3,2,0,0,2,0,5,1,5,3,0,0,6,10,0,1,1,0,1,"Docklands",31854,"St Kilda","Brisbane Lions",80,113
12055,"Lachie","Neale","Brisbane Lions",9,"4","2026-03-28",8,11,19,3,0,0,0,2,2,2,7,2,1,1,0,11,9,0,0,0,0,0,"Docklands",31854,"St Kilda","Brisbane Lions",80,113
12592,"Cam","Rayner","Brisbane Lions",16,"4","2026-03-28",10,2,12,4,2,2,0,2,0,0,2,8,0,4,0,5,7,1,3,1,0,0,"Docklands",31854,"St Kilda","Brisbane Lions",80,113
13138,"Bruce","Reville","Brisbane Lions",38,"4","2026-03-28",12,8,20,7,0,2,0,2,1,4,1,1,0,1,0,4,17,0,1,0,0,1,"Docklands",31854,"St Kilda","Brisbane Lions",80,113
13026,"Darcy","Wilmot","Brisbane Lions",44,"4","2026-03-28",11,4,15,9,0,0,0,2,5,0,0,2,0,0,0,5,9,1,0,6,0,0,"Docklands",31854,"St Kilda","Brisbane Lions",80,113
12076,"Dayne","Zorko","Brisbane Lions",15,"4","2026-03-28",21,7,28,3,0,0,0,2,8,4,3,3,1,0,0,9,14,0,0,2,1,1,"Docklands",31854,"St Kilda","Brisbane Lions",80,113
12983,"Jye","Amiss","Fremantle",24,"4","2026-03-28",6,4,10,4,2,3,0,2,0,1,1,0,2,0,0,7,4,2,4,3,0,1,"Perth Stadium",35245,"Fremantle","Richmond",103,43
12535,"Shai","Bolton","Fremantle",10,"4","2026-03-28",15,18,33,4,0,1,0,5,4,6,4,4,1,1,0,11,25,0,0,3,0,2,"Perth Stadium",35245,"Fremantle","Richmond",103,43
12589,"Andrew","Brayshaw","Fremantle",8,"4","2026-03-28",15,6,21,5,0,1,0,5,2,5,3,1,0,0,0,4,17,0,0,3,1,1,"Perth Stadium",35245,"Fremantle","Richmond",103,43
12875,"Heath","Chapman","Fremantle",5,"4","2026-03-28",15,4,19,6,0,1,0,3,1,5,1,3,0,2,0,3,17,0,1,3,0,1,"Perth Stadium",35245,"Fremantle","Richmond",103,43
12688,"Jordan","Clark","Fremantle",6,"4","2026-03-28",14,13,27,4,0,0,0,4,4,2,1,1,2,0,0,10,14,0,0,1,3,0,"Perth Stadium",35245,"Fremantle","Richmond",103,43
12544,"Brennan","Cox","Fremantle",36,"4","2026-03-28",11,6,17,5,0,0,0,4,1,2,0,1,3,0,0,5,12,1,0,7,0,1,"Perth Stadium",35245,"Fremantle","Richmond",103,43
12547,"Sean","Darcy","Fremantle",4,"4","2026-03-28",4,4,8,1,1,0,29,5,0,2,3,2,1,1,0,6,1,0,1,3,0,1,"Perth Stadium",35245,"Fremantle","Richmond",103,43
13204,"Isaiah","Dudley","Fremantle",43,"4","2026-03-28",5,6,11,3,1,0,0,2,0,2,0,2,2,1,0,7,6,0,0,0,0,0,"Perth Stadium",35245,"Fremantle","Richmond",103,43
12966,"Neil","Erasmus","Fremantle",28,"4","2026-03-28",6,15,21,3,0,1,0,2,1,3,2,3,1,0,0,9,12,0,1,0,0,0,"Perth Stadium",35245,"Fremantle","Richmond",103,43
12779,"Luke","Jackson","Fremantle",9,"4","2026-03-28",5,12,17,0,1,4,28,2,2,1,5,6,2,2,0,13,4,0,0,0,0,0,"Perth Stadium",35245,"Fremantle","Richmond",103,43
13047,"Matthew","Johnson","Fremantle",44,"4","2026-03-28",8,9,17,3,1,0,0,0,0,4,2,2,0,1,0,3,13,0,0,0,0,0,"Perth Stadium",35245,"Fremantle","Richmond",103,43
13033,"Judd","McVee","Fremantle",17,"4","2026-03-28",10,7,17,2,0,0,0,1,3,0,3,2,1,0,0,7,7,0,0,3,0,0,"Perth Stadium",35245,"Fremantle","Richmond",103,43
12141,"Jaeger","OMeara","Fremantle",2,"4","2026-03-28",10,9,19,2,0,0,0,5,0,5,3,1,2,0,0,9,9,0,0,0,0,1,"Perth Stadium",35245,"Fremantle","Richmond",103,43
12352,"Alex","Pearce","Fremantle",25,"4","2026-03-28",7,3,10,4,0,0,0,0,3,0,1,3,1,1,0,2,7,0,0,4,2,0,"Perth Stadium",35245,"Fremantle","Richmond",103,43
13180,"Murphy","Reid","Fremantle",16,"4","2026-03-28",12,11,23,6,0,1,0,0,1,1,1,8,0,2,0,6,17,0,0,1,0,0,"Perth Stadium",35245,"Fremantle","Richmond",103,43
12542,"Luke","Ryan","Fremantle",13,"4","2026-03-28",13,1,14,5,0,0,0,2,2,2,0,2,0,2,0,0,10,0,0,2,0,0,"Perth Stadium",35245,"Fremantle","Richmond",103,43
NA,"Chris","Scerri","Fremantle",45,"4","2026-03-28",2,6,8,2,0,0,0,0,0,2,0,0,0,0,0,5,3,0,0,1,0,0,"Perth Stadium",35245,"Fremantle","Richmond",103,43
12786,"Caleb","Serong","Fremantle",3,"4","2026-03-28",20,12,32,2,2,1,0,6,2,8,9,5,3,2,0,15,16,0,1,0,0,1,"Perth Stadium",35245,"Fremantle","Richmond",103,43
12672,"Sam","Switkowski","Fremantle",39,"4","2026-03-28",4,8,12,2,0,2,0,4,0,4,0,0,0,0,0,4,7,0,0,0,0,1,"Perth Stadium",35245,"Fremantle","Richmond",103,43
12887,"Josh","Treacy","Fremantle",35,"4","2026-03-28",14,2,16,12,4,3,0,2,0,5,1,3,3,0,0,8,8,4,6,3,0,1,"Perth Stadium",35245,"Fremantle","Richmond",103,43
13129,"Patrick","Voss","Fremantle",20,"4","2026-03-28",12,6,18,6,1,3,0,5,0,2,0,5,3,3,0,8,10,0,2,3,0,0,"Perth Stadium",35245,"Fremantle","Richmond",103,43
12453,"Corey","Wagner","Fremantle",34,"4","2026-03-28",13,9,22,8,0,1,0,1,2,3,1,1,0,0,0,8,13,0,1,1,1,0,"Perth Stadium",35245,"Fremantle","Richmond",103,43
13075,"Karl","Worner","Fremantle",23,"4","2026-03-28",9,5,14,6,0,0,0,1,2,0,0,3,0,1,0,1,13,0,0,2,1,0,"Perth Stadium",35245,"Fremantle","Richmond",103,43
13242,"Jasper","Alger","Richmond",29,"4","2026-03-28",1,2,3,1,0,1,0,0,0,0,1,1,0,1,0,2,1,0,1,2,0,0,"Perth Stadium",35245,"Fremantle","Richmond",103,43
13189,"Harry","Armstrong","Richmond",34,"4","2026-03-28",0,0,0,0,0,0,0,0,0,0,0,0,1,0,0,1,0,0,0,0,0,0,"Perth Stadium",35245,"Fremantle","Richmond",103,43
12686,"Noah","Balta","Richmond",21,"4","2026-03-28",6,1,7,3,0,0,0,0,4,1,0,4,0,3,0,4,3,1,0,5,3,0,"Perth Stadium",35245,"Fremantle","Richmond",103,43
13078,"Sam","Banks","Richmond",6,"4","2026-03-28",8,10,18,2,0,0,0,0,2,0,0,3,0,1,0,7,13,0,0,0,0,0,"Perth Stadium",35245,"Fremantle","Richmond",103,43
13096,"Tom","Brown","Richmond",30,"4","2026-03-28",6,5,11,2,0,0,0,0,6,0,0,2,0,1,0,3,4,0,0,2,0,0,"Perth Stadium",35245,"Fremantle","Richmond",103,43
13100,"Seth","Campbell","Richmond",44,"4","2026-03-28",3,4,7,0,0,0,0,2,0,2,0,0,0,0,0,1,6,0,0,0,2,0,"Perth Stadium",35245,"Fremantle","Richmond",103,43
13214,"Jonty","Faull","Richmond",8,"4","2026-03-28",7,1,8,2,1,2,0,4,0,3,0,1,2,1,0,5,2,1,1,3,0,0,"Perth Stadium",35245,"Fremantle","Richmond",103,43
13218,"Campbell","Gray","Richmond",50,"4","2026-03-28",1,2,3,1,0,0,5,2,1,0,0,4,0,3,0,2,3,0,0,5,0,0,"Perth Stadium",35245,"Fremantle","Richmond",103,43
13145,"Steely","Green","Richmond",48,"4","2026-03-28",6,3,9,3,3,1,0,2,0,1,0,1,0,0,0,4,5,0,3,1,0,0,"Perth Stadium",35245,"Fremantle","Richmond",103,43
NA,"Sam","Grlj","Richmond",24,"4","2026-03-28",11,7,18,3,0,0,0,3,2,1,1,2,0,0,0,5,11,0,0,0,1,0,"Perth Stadium",35245,"Fremantle","Richmond",103,43
12440,"Jacob","Hopper","Richmond",2,"4","2026-03-28",5,15,20,0,0,0,0,2,0,3,4,4,1,0,0,10,9,0,0,1,0,0,"Perth Stadium",35245,"Fremantle","Richmond",103,43
13190,"Sam","Lalor","Richmond",4,"4","2026-03-28",13,2,15,3,0,1,0,6,2,6,1,6,2,4,0,7,11,0,0,1,0,2,"Perth Stadium",35245,"Fremantle","Richmond",103,43
13113,"Mykelti","Lefau","Richmond",42,"4","2026-03-28",1,5,6,3,0,0,2,5,0,0,2,4,0,2,0,5,3,0,0,2,0,0,"Perth Stadium",35245,"Fremantle","Richmond",103,43
12941,"Ben","Miller","Richmond",12,"4","2026-03-28",7,8,15,2,0,0,2,3,6,0,0,7,1,3,0,4,8,1,0,6,0,0,"Perth Stadium",35245,"Fremantle","Richmond",103,43
11917,"Dion","Prestia","Richmond",3,"4","2026-03-28",8,8,16,4,0,0,0,3,0,5,2,2,0,0,0,6,9,0,0,0,0,0,"Perth Stadium",35245,"Fremantle","Richmond",103,43
12902,"Hugo","Ralphsmith","Richmond",13,"4","2026-03-28",4,10,14,1,0,0,0,1,2,0,1,3,1,0,0,6,7,0,0,2,0,0,"Perth Stadium",35245,"Fremantle","Richmond",103,43
12935,"Maurice","Rioli","Richmond",17,"4","2026-03-28",6,4,10,3,0,0,0,1,1,3,0,5,0,3,0,3,8,0,0,1,0,2,"Perth Stadium",35245,"Fremantle","Richmond",103,43
12712,"Jack","Ross","Richmond",5,"4","2026-03-28",7,16,23,2,0,1,0,3,1,3,5,1,3,0,0,12,12,0,0,1,1,1,"Perth Stadium",35245,"Fremantle","Richmond",103,43
12418,"Jayden","Short","Richmond",15,"4","2026-03-28",17,3,20,10,0,0,0,3,7,0,0,5,0,2,0,2,15,0,0,1,0,0,"Perth Stadium",35245,"Fremantle","Richmond",103,43
13014,"Tyler","Sonsie","Richmond",40,"4","2026-03-28",11,9,20,1,0,1,0,1,2,2,4,3,2,0,0,6,10,0,0,0,0,1,"Perth Stadium",35245,"Fremantle","Richmond",103,43
12504,"Tim","Taranto","Richmond",14,"4","2026-03-28",7,17,24,3,2,0,0,10,0,5,3,3,1,1,0,13,10,1,2,1,1,0,"Perth Stadium",35245,"Fremantle","Richmond",103,43
13191,"Luke","Trainor","Richmond",11,"4","2026-03-28",20,8,28,9,0,0,0,1,8,1,1,5,1,2,0,5,17,0,0,6,0,0,"Perth Stadium",35245,"Fremantle","Richmond",103,43
12174,"Nick","Vlastuin","Richmond",1,"4","2026-03-28",15,4,19,6,0,0,0,1,6,0,1,1,4,0,0,5,11,0,0,1,1,0,"Perth Stadium",35245,"Fremantle","Richmond",103,43
13237,"Lachlan","Blakiston","Essendon",46,"4","2026-03-28",8,4,12,5,1,1,18,1,3,2,3,4,3,3,0,5,7,0,2,0,0,1,"Docklands",40154,"Essendon","North Melbourne",69,81
13148,"Nate","Caddy","Essendon",30,"4","2026-03-28",4,5,9,2,1,2,0,1,0,1,1,4,2,2,0,4,6,0,1,0,0,0,"Docklands",40154,"Essendon","North Melbourne",69,81
12755,"Jye","Caldwell","Essendon",6,"4","2026-03-28",11,11,22,3,1,2,0,4,0,5,4,2,1,1,0,9,12,0,1,1,0,2,"Docklands",40154,"Essendon","North Melbourne",69,81
13223,"Archer","Day-Wicks","Essendon",44,"4","2026-03-28",9,6,15,2,0,0,0,3,1,5,1,6,1,2,0,3,12,0,0,2,0,0,"Docklands",40154,"Essendon","North Melbourne",69,81
12925,"Sam","Durham","Essendon",22,"4","2026-03-28",6,13,19,4,0,0,0,1,2,4,4,8,0,5,0,6,13,0,0,0,2,3,"Docklands",40154,"Essendon","North Melbourne",69,81
12696,"Xavier","Duursma","Essendon",28,"4","2026-03-28",6,11,17,5,0,0,0,2,2,2,0,1,2,0,0,4,13,0,0,0,0,0,"Docklands",40154,"Essendon","North Melbourne",69,81
13203,"Saad","El-Hawli","Essendon",41,"4","2026-03-28",7,6,13,1,1,1,0,1,1,2,1,1,1,1,0,4,10,0,0,0,0,0,"Docklands",40154,"Essendon","North Melbourne",69,81
NA,"Jacob","Farrow","Essendon",2,"4","2026-03-28",12,1,13,6,0,0,0,3,5,1,0,3,1,1,0,2,9,0,0,0,2,0,"Docklands",40154,"Essendon","North Melbourne",69,81
12415,"Jade","Gresham","Essendon",11,"4","2026-03-28",4,7,11,1,1,1,0,3,0,0,1,2,2,1,0,4,8,0,1,1,0,0,"Docklands",40154,"Essendon","North Melbourne",69,81
12612,"Matt","Guelfi","Essendon",35,"4","2026-03-28",1,8,9,0,0,0,0,3,0,2,0,1,0,1,0,6,4,0,0,1,0,0,"Docklands",40154,"Essendon","North Melbourne",69,81
13231,"Zak","Johnson","Essendon",40,"4","2026-03-28",5,4,9,3,0,0,0,0,0,0,0,1,0,0,0,1,8,0,1,2,0,0,"Docklands",40154,"Essendon","North Melbourne",69,81
13177,"Isaac","Kako","Essendon",10,"4","2026-03-28",6,6,12,1,1,0,0,1,0,3,3,1,1,1,0,6,5,0,1,1,0,0,"Docklands",40154,"Essendon","North Melbourne",69,81
12349,"Kyle","Langford","Essendon",4,"4","2026-03-28",12,7,19,7,0,2,0,4,1,3,0,5,0,1,0,3,15,0,3,1,1,0,"Docklands",40154,"Essendon","North Melbourne",69,81
13238,"Archie","May","Essendon",26,"4","2026-03-28",4,3,7,4,0,1,0,3,1,3,0,1,0,1,0,3,5,1,1,0,0,1,"Docklands",40154,"Essendon","North Melbourne",69,81
12491,"Andrew","McGrath","Essendon",1,"4","2026-03-28",13,9,22,6,0,0,0,1,2,4,0,0,1,0,0,4,12,0,0,0,2,1,"Docklands",40154,"Essendon","North Melbourne",69,81
12580,"Ben","McKay","Essendon",32,"4","2026-03-28",3,2,5,3,0,0,0,1,2,0,0,1,0,0,0,1,4,0,0,5,0,0,"Docklands",40154,"Essendon","North Melbourne",69,81
12241,"Zach","Merrett","Essendon",7,"4","2026-03-28",6,4,10,1,1,1,0,9,1,2,1,1,2,1,0,6,6,0,0,1,1,0,"Docklands",40154,"Essendon","North Melbourne",69,81
12406,"Darcy","Parish","Essendon",3,"4","2026-03-28",8,11,19,6,0,0,0,3,1,3,1,1,0,1,0,6,13,1,0,0,0,0,"Docklands",40154,"Essendon","North Melbourne",69,81
12879,"Archie","Perkins","Essendon",16,"4","2026-03-28",7,9,16,6,0,2,0,1,0,2,0,2,1,0,0,5,12,1,2,0,0,0,"Docklands",40154,"Essendon","North Melbourne",69,81
12874,"Jaxon","Prior","Essendon",25,"4","2026-03-28",14,4,18,5,0,0,0,5,1,2,0,0,2,0,0,5,10,0,0,4,1,1,"Docklands",40154,"Essendon","North Melbourne",69,81
12889,"Zach","Reid","Essendon",31,"4","2026-03-28",6,5,11,7,0,0,0,1,6,0,0,2,0,0,0,5,7,1,0,4,0,0,"Docklands",40154,"Essendon","North Melbourne",69,81
13168,"Archie","Roberts","Essendon",21,"4","2026-03-28",16,9,25,2,0,0,0,2,6,3,0,1,2,0,0,8,16,0,0,1,0,0,"Docklands",40154,"Essendon","North Melbourne",69,81
12366,"Peter","Wright","Essendon",20,"4","2026-03-28",10,5,15,5,2,0,7,1,1,3,1,2,2,1,0,5,10,0,2,3,0,0,"Docklands",40154,"Essendon","North Melbourne",69,81
NA,"Tom","Blamires","North Melbourne",39,"4","2026-03-28",12,5,17,6,1,0,0,1,2,2,0,1,1,0,0,4,13,0,1,1,0,1,"Docklands",40154,"Essendon","North Melbourne",69,81
12730,"Callum","Coleman-Jones","North Melbourne",21,"4","2026-03-28",2,4,6,1,0,0,2,2,0,1,2,2,0,1,0,3,2,0,0,0,0,0,"Docklands",40154,"Essendon","North Melbourne",69,81
12938,"Charlie","Comben","North Melbourne",30,"4","2026-03-28",7,5,12,6,0,0,0,2,0,0,0,1,3,0,0,2,9,0,0,6,0,0,"Docklands",40154,"Essendon","North Melbourne",69,81
12181,"Aidan","Corr","North Melbourne",4,"4","2026-03-28",5,0,5,2,0,0,0,1,0,1,0,1,0,1,0,0,4,0,0,0,0,0,"Docklands",40154,"Essendon","North Melbourne",69,81
12975,"Paul","Curtis","North Melbourne",25,"4","2026-03-28",6,3,9,3,1,0,0,2,0,1,0,5,1,1,0,4,6,1,2,3,0,1,"Docklands",40154,"Essendon","North Melbourne",69,81
12373,"Caleb","Daniel","North Melbourne",5,"4","2026-03-28",17,6,23,7,0,0,0,1,4,1,0,2,0,0,0,1,19,0,0,0,0,1,"Docklands",40154,"Essendon","North Melbourne",69,81
12590,"Luke","Davies-Uniacke","North Melbourne",9,"4","2026-03-28",16,15,31,11,0,1,0,4,2,7,4,4,0,1,0,11,19,0,1,2,1,1,"Docklands",40154,"Essendon","North Melbourne",69,81
NA,"Lachy","Dovaston","North Melbourne",1,"4","2026-03-28",5,2,7,3,1,1,0,1,0,0,0,3,0,1,0,3,4,0,2,0,0,0,"Docklands",40154,"Essendon","North Melbourne",69,81
13106,"Zane","Duursma","North Melbourne",7,"4","2026-03-28",4,1,5,3,3,0,0,0,0,0,0,2,0,1,0,2,3,0,2,1,0,0,"Docklands",40154,"Essendon","North Melbourne",69,81
12563,"Nick","Larkey","North Melbourne",20,"4","2026-03-28",7,5,12,5,2,1,0,0,0,0,0,4,0,2,0,4,8,2,3,2,0,1,"Docklands",40154,"Essendon","North Melbourne",69,81
12246,"Luke","McDonald","North Melbourne",11,"4","2026-03-28",13,5,18,8,0,0,0,2,7,2,1,3,1,0,0,2,15,0,0,3,0,1,"Docklands",40154,"Essendon","North Melbourne",69,81
13107,"Colby","McKercher","North Melbourne",10,"4","2026-03-28",22,13,35,5,0,0,0,2,6,2,1,2,1,0,0,6,24,0,1,1,4,0,"Docklands",40154,"Essendon","North Melbourne",69,81
13187,"Finn","OSullivan","North Melbourne",2,"4","2026-03-28",14,10,24,8,0,0,0,3,2,5,3,2,3,1,0,11,15,0,1,2,0,2,"Docklands",40154,"Essendon","North Melbourne",69,81
11953,"Luke","Parker","North Melbourne",26,"4","2026-03-28",19,14,33,13,0,0,0,3,3,0,0,2,2,1,0,8,22,0,0,2,1,0,"Docklands",40154,"Essendon","North Melbourne",69,81
13108,"Toby","Pink","North Melbourne",32,"4","2026-03-28",13,6,19,8,0,0,0,0,5,2,0,3,0,2,0,4,14,0,0,7,0,0,"Docklands",40154,"Essendon","North Melbourne",69,81
12866,"Tom","Powell","North Melbourne",24,"4","2026-03-28",16,7,23,13,0,1,0,4,2,3,0,5,0,1,0,2,21,0,2,0,0,1,"Docklands",40154,"Essendon","North Melbourne",69,81
13034,"Harry","Sheezel","North Melbourne",3,"4","2026-03-28",18,15,33,11,0,0,0,5,2,6,0,3,2,1,0,9,25,0,0,1,0,0,"Docklands",40154,"Essendon","North Melbourne",69,81
12502,"Jy","Simpkin","North Melbourne",12,"4","2026-03-28",13,9,22,7,0,0,0,1,1,4,3,2,0,0,0,7,15,0,0,1,0,0,"Docklands",40154,"Essendon","North Melbourne",69,81
12796,"Dylan","Stephens","North Melbourne",15,"4","2026-03-28",15,8,23,7,0,1,0,1,2,2,2,5,1,1,0,4,19,0,1,0,0,0,"Docklands",40154,"Essendon","North Melbourne",69,81
13263,"Cooper","Trembath","North Melbourne",47,"4","2026-03-28",7,2,9,4,2,1,0,1,0,2,0,0,0,0,0,3,6,2,2,1,0,1,"Docklands",40154,"Essendon","North Melbourne",69,81
13064,"George","Wardlaw","North Melbourne",6,"4","2026-03-28",11,5,16,3,0,0,0,2,2,6,7,4,3,3,0,9,8,0,0,1,0,0,"Docklands",40154,"Essendon","North Melbourne",69,81
12788,"Tristan","Xerri","North Melbourne",38,"4","2026-03-28",6,9,15,1,1,0,11,1,0,1,8,7,4,3,0,13,3,0,1,2,0,0,"Docklands",40154,"Essendon","North Melbourne",69,81
12557,"Cameron","Zurhaar","North Melbourne",44,"4","2026-03-28",6,2,8,3,1,1,0,0,2,1,0,4,1,3,0,4,4,0,1,4,0,0,"Docklands",40154,"Essendon","North Melbourne",69,81
12433,"Aliir","Aliir","Port Adelaide",21,"4","2026-03-29",8,4,12,7,0,0,0,3,1,1,0,2,0,2,0,2,11,1,0,3,0,0,"Adelaide Oval",33754,"Port Adelaide","West Coast",90,92
13188,"Joe","Berry","Port Adelaide",5,"4","2026-03-29",5,2,7,2,0,1,0,0,0,4,0,3,0,0,0,3,4,0,0,0,0,1,"Adelaide Oval",33754,"Port Adelaide","West Coast",90,92
12541,"Will","Brodie","Port Adelaide",23,"4","2026-03-29",4,14,18,2,0,0,0,3,0,1,3,4,1,1,0,10,8,0,0,0,0,0,"Adelaide Oval",33754,"Port Adelaide","West Coast",90,92
13007,"Jase","Burgoyne","Port Adelaide",7,"4","2026-03-29",12,9,21,5,0,1,0,8,1,3,1,3,1,1,0,7,14,0,0,1,0,2,"Adelaide Oval",33754,"Port Adelaide","West Coast",90,92
12698,"Zak","Butters","Port Adelaide",9,"4","2026-03-29",14,16,30,1,0,1,0,1,0,7,6,0,4,0,0,14,16,0,0,0,2,0,"Adelaide Oval",33754,"Port Adelaide","West Coast",90,92
12422,"Darcy","Byrne-Jones","Port Adelaide",33,"4","2026-03-29",6,9,15,2,1,0,0,3,0,3,0,3,1,0,0,2,13,0,0,2,0,1,"Adelaide Oval",33754,"Port Adelaide","West Coast",90,92
12695,"Willem","Drew","Port Adelaide",28,"4","2026-03-29",8,12,20,1,0,0,0,8,0,4,3,4,4,0,0,10,10,0,0,2,1,1,"Adelaide Oval",33754,"Port Adelaide","West Coast",90,92
12936,"Corey","Durdin","Port Adelaide",44,"4","2026-03-29",4,3,7,3,2,0,0,3,0,2,0,1,0,1,0,3,6,0,2,1,1,1,"Adelaide Oval",33754,"Port Adelaide","West Coast",90,92
13156,"Logan","Evans","Port Adelaide",22,"4","2026-03-29",15,4,19,5,0,0,0,0,5,0,0,4,3,1,0,5,12,1,0,2,0,0,"Adelaide Oval",33754,"Port Adelaide","West Coast",90,92
12664,"Kane","Farrell","Port Adelaide",6,"4","2026-03-29",21,4,25,7,0,0,0,4,7,5,1,0,1,0,0,6,15,0,0,2,2,0,"Adelaide Oval",33754,"Port Adelaide","West Coast",90,92
12766,"Mitch","Georgiades","Port Adelaide",19,"4","2026-03-29",10,2,12,8,3,2,0,5,0,2,0,3,0,1,0,4,8,2,6,2,0,2,"Adelaide Oval",33754,"Port Adelaide","West Coast",90,92
12956,"Jason","Horne-Francis","Port Adelaide",18,"4","2026-03-29",15,3,18,5,1,0,0,4,0,3,2,4,2,1,0,9,9,1,1,2,0,0,"Adelaide Oval",33754,"Port Adelaide","West Coast",90,92
12882,"Lachie","Jones","Port Adelaide",34,"4","2026-03-29",7,1,8,2,1,0,0,1,2,0,0,1,0,1,0,1,5,0,1,2,0,0,"Adelaide Oval",33754,"Port Adelaide","West Coast",90,92
NA,"Josh","Lai","Port Adelaide",43,"4","2026-03-29",6,7,13,5,0,0,0,2,0,1,0,1,1,1,0,3,9,0,0,1,0,0,"Adelaide Oval",33754,"Port Adelaide","West Coast",90,92
12704,"Jack","Lukosius","Port Adelaide",12,"4","2026-03-29",10,2,12,4,1,1,0,3,2,4,0,2,1,1,0,5,6,0,1,4,0,2,"Adelaide Oval",33754,"Port Adelaide","West Coast",90,92
13269,"Ewan","Mackinlay","Port Adelaide",31,"4","2026-03-29",7,2,9,2,0,0,0,3,2,1,1,3,0,0,0,2,9,0,0,1,0,0,"Adelaide Oval",33754,"Port Adelaide","West Coast",90,92
12946,"Jackson","Mead","Port Adelaide",3,"4","2026-03-29",10,2,12,4,0,0,0,1,5,1,0,3,0,1,0,3,5,1,0,1,1,0,"Adelaide Oval",33754,"Port Adelaide","West Coast",90,92
12597,"Esava","Ratugolea","Port Adelaide",27,"4","2026-03-29",7,4,11,5,0,0,0,0,0,0,0,2,1,1,0,5,5,1,0,2,0,0,"Adelaide Oval",33754,"Port Adelaide","West Coast",90,92
13139,"Joe","Richards","Port Adelaide",35,"4","2026-03-29",9,5,14,4,0,1,0,0,0,5,0,1,0,0,0,4,9,0,0,0,0,2,"Adelaide Oval",33754,"Port Adelaide","West Coast",90,92
12890,"Jordon","Sweet","Port Adelaide",24,"4","2026-03-29",3,10,13,3,0,1,37,3,2,1,6,3,1,2,0,9,5,0,0,4,0,0,"Adelaide Oval",33754,"Port Adelaide","West Coast",90,92
NA,"Jack","Watkins","Port Adelaide",37,"4","2026-03-29",12,7,19,5,1,0,0,1,0,4,3,1,1,1,0,6,13,0,0,0,0,0,"Adelaide Oval",33754,"Port Adelaide","West Coast",90,92
12991,"Jacob","Wehr","Port Adelaide",15,"4","2026-03-29",9,6,15,4,0,1,0,4,1,2,1,4,0,1,0,4,10,0,1,0,0,0,"Adelaide Oval",33754,"Port Adelaide","West Coast",90,92
13259,"Jack","Whitlock","Port Adelaide",17,"4","2026-03-29",4,6,10,5,3,1,8,0,0,0,0,1,0,0,0,5,6,0,4,2,0,0,"Adelaide Oval",33754,"Port Adelaide","West Coast",90,92
13221,"Bo","Allan","West Coast",26,"4","2026-03-29",6,4,10,4,2,0,0,2,0,1,0,1,0,0,0,3,7,0,1,1,0,0,"Adelaide Oval",33754,"Port Adelaide","West Coast",90,92
12661,"Liam","Baker","West Coast",3,"4","2026-03-29",8,12,20,2,0,1,0,5,2,1,2,5,1,3,0,11,8,0,0,1,1,0,"Adelaide Oval",33754,"Port Adelaide","West Coast",90,92
11937,"Jamie","Cripps","West Coast",15,"4","2026-03-29",7,3,10,5,1,2,0,2,1,2,0,4,0,1,0,1,9,0,2,0,0,0,"Adelaide Oval",33754,"Port Adelaide","West Coast",90,92
13210,"Hamish","Davis","West Coast",38,"4","2026-03-29",6,6,12,2,1,0,0,5,2,0,3,1,1,0,0,5,7,0,1,2,0,0,"Adelaide Oval",33754,"Port Adelaide","West Coast",90,92
NA,"Cooper","Duff-Tytler","West Coast",21,"4","2026-03-29",6,5,11,2,0,1,5,0,0,0,2,4,1,1,0,7,5,0,1,5,0,0,"Adelaide Oval",33754,"Port Adelaide","West Coast",90,92
12334,"Liam","Duggan","West Coast",14,"4","2026-03-29",10,4,14,2,0,0,0,3,6,1,0,1,1,1,0,2,9,0,0,3,0,0,"Adelaide Oval",33754,"Port Adelaide","West Coast",90,92
NA,"Willem","Duursma","West Coast",1,"4","2026-03-29",13,7,20,6,1,3,0,1,1,3,4,2,2,0,0,8,11,1,1,1,0,1,"Adelaide Oval",33754,"Port Adelaide","West Coast",90,92
12870,"Matt","Flynn","West Coast",25,"4","2026-03-29",3,6,9,0,0,0,29,7,1,2,4,1,1,1,0,5,5,0,0,1,0,0,"Adelaide Oval",33754,"Port Adelaide","West Coast",90,92
13038,"Reuben","Ginbey","West Coast",7,"4","2026-03-29",4,1,5,2,0,0,0,3,2,1,0,0,1,0,0,4,2,0,0,7,0,0,"Adelaide Oval",33754,"Port Adelaide","West Coast",90,92
12576,"Jack","Graham","West Coast",17,"4","2026-03-29",10,3,13,3,1,0,0,9,1,0,3,7,2,3,0,6,8,0,0,0,0,1,"Adelaide Oval",33754,"Port Adelaide","West Coast",90,92
12957,"Brady","Hough","West Coast",19,"4","2026-03-29",4,7,11,3,0,0,0,0,4,0,1,3,0,2,0,2,10,0,0,6,0,0,"Adelaide Oval",33754,"Port Adelaide","West Coast",90,92
12595,"Tim","Kelly","West Coast",11,"4","2026-03-29",11,12,23,2,0,0,0,2,1,6,7,3,0,1,0,13,10,0,0,1,1,2,"Adelaide Oval",33754,"Port Adelaide","West Coast",90,92
NA,"Josh","Lindsay","West Coast",5,"4","2026-03-29",11,8,19,3,0,0,0,1,4,1,2,2,0,0,0,6,10,0,0,1,0,1,"Adelaide Oval",33754,"Port Adelaide","West Coast",90,92
13240,"Tom","McCarthy","West Coast",18,"4","2026-03-29",17,3,20,7,0,0,0,1,8,3,0,2,0,1,0,5,10,2,0,1,1,1,"Adelaide Oval",33754,"Port Adelaide","West Coast",90,92
13267,"Jacob","Newton","West Coast",46,"4","2026-03-29",4,2,6,2,0,1,0,3,0,2,0,2,2,0,0,2,4,0,1,0,0,0,"Adelaide Oval",33754,"Port Adelaide","West Coast",90,92
13196,"Archer","Reid","West Coast",22,"4","2026-03-29",3,2,5,3,0,0,6,1,0,1,0,2,0,0,0,2,3,1,0,1,0,3,"Adelaide Oval",33754,"Port Adelaide","West Coast",90,92
13111,"Harley","Reid","West Coast",9,"4","2026-03-29",12,9,21,3,2,0,0,2,2,3,6,4,1,1,0,8,13,0,2,1,4,0,"Adelaide Oval",33754,"Port Adelaide","West Coast",90,92
12774,"Deven","Robertson","West Coast",40,"4","2026-03-29",6,10,16,0,0,0,0,3,0,5,5,7,0,3,0,8,10,0,0,1,0,0,"Adelaide Oval",33754,"Port Adelaide","West Coast",90,92
12813,"Harry","Schoenberg","West Coast",48,"4","2026-03-29",8,5,13,2,0,1,0,2,0,2,2,0,0,0,0,4,9,0,0,0,0,1,"Adelaide Oval",33754,"Port Adelaide","West Coast",90,92
13247,"Jobe","Shanahan","West Coast",35,"4","2026-03-29",8,5,13,6,0,1,0,0,2,1,0,6,1,2,0,10,4,4,1,2,0,0,"Adelaide Oval",33754,"Port Adelaide","West Coast",90,92
12601,"Jake","Waterman","West Coast",2,"4","2026-03-29",10,3,13,4,4,4,0,0,0,2,0,2,3,1,0,6,7,1,3,1,0,0,"Adelaide Oval",33754,"Port Adelaide","West Coast",90,92
12087,"Elliot","Yeo","West Coast",6,"4","2026-03-29",6,1,7,0,1,0,0,4,0,5,1,0,0,0,0,3,4,0,0,1,0,1,"Adelaide Oval",33754,"Port Adelaide","West Coast",90,92
13043,"Tylar","Young","West Coast",20,"4","2026-03-29",11,1,12,7,0,0,0,2,4,0,0,2,0,1,0,5,7,1,0,3,0,0,"Adelaide Oval",33754,"Port Adelaide","West Coast",90,92
12498,"Ben","Ainsworth","Carlton",12,"4","2026-03-29",11,6,17,7,1,1,0,3,1,1,1,1,0,0,0,4,13,1,0,0,0,0,"M.C.G.",67763,"Carlton","Melbourne",77,100
NA,"Talor","Byrne","Carlton",39,"4","2026-03-29",4,4,8,2,1,0,0,2,2,1,0,1,0,1,0,4,4,1,1,2,0,1,"M.C.G.",67763,"Carlton","Melbourne",77,100
13212,"Matt","Carroll","Carlton",32,"4","2026-03-29",9,6,15,3,1,0,0,1,4,4,0,2,0,0,0,4,9,0,1,3,1,0,"M.C.G.",67763,"Carlton","Melbourne",77,100
13039,"Campbell","Chesser","Carlton",31,"4","2026-03-29",6,8,14,4,0,0,0,5,1,3,1,4,0,0,0,3,11,0,0,5,0,0,"M.C.G.",67763,"Carlton","Melbourne",77,100
13028,"Lachlan","Cowan","Carlton",2,"4","2026-03-29",11,5,16,6,0,0,0,0,4,2,2,2,0,1,0,6,9,0,0,2,0,0,"M.C.G.",67763,"Carlton","Melbourne",77,100
12261,"Patrick","Cripps","Carlton",9,"4","2026-03-29",7,14,21,2,1,0,0,8,1,3,9,6,2,2,0,15,8,0,0,1,0,0,"M.C.G.",67763,"Carlton","Melbourne",77,100
13273,"Harry","Dean","Carlton",35,"4","2026-03-29",8,2,10,6,0,0,0,2,4,1,1,2,0,0,0,2,8,0,0,4,0,0,"M.C.G.",67763,"Carlton","Melbourne",77,100
12873,"Francis","Evans","Carlton",44,"4","2026-03-29",6,5,11,2,0,1,0,3,4,2,1,2,0,2,0,0,11,0,1,2,0,2,"M.C.G.",67763,"Carlton","Melbourne",77,100
12497,"Oliver","Florent","Carlton",14,"4","2026-03-29",15,2,17,2,0,0,0,5,6,2,4,1,1,0,0,6,8,1,0,1,0,0,"M.C.G.",67763,"Carlton","Melbourne",77,100
12509,"Will","Hayward","Carlton",19,"4","2026-03-29",9,6,15,5,0,1,0,2,0,5,0,3,0,0,0,3,12,1,1,0,1,0,"M.C.G.",67763,"Carlton","Melbourne",77,100
12411,"George","Hewett","Carlton",29,"4","2026-03-29",9,9,18,5,0,2,0,4,0,1,5,3,2,1,0,11,9,0,0,1,0,0,"M.C.G.",67763,"Carlton","Melbourne",77,100
13016,"Elijah","Hollands","Carlton",20,"4","2026-03-29",10,15,25,3,2,0,0,0,1,3,2,3,0,1,0,9,15,0,0,1,0,1,"M.C.G.",67763,"Carlton","Melbourne",77,100
13029,"Oliver","Hollands","Carlton",4,"4","2026-03-29",16,7,23,9,0,0,0,2,4,2,0,2,0,0,0,5,15,1,0,1,1,1,"M.C.G.",67763,"Carlton","Melbourne",77,100
12937,"Brodie","Kemp","Carlton",17,"4","2026-03-29",5,2,7,3,0,0,0,2,0,1,0,3,0,1,0,2,5,0,1,5,0,0,"M.C.G.",67763,"Carlton","Melbourne",77,100
12404,"Mitch","McGovern","Carlton",11,"4","2026-03-29",7,6,13,2,3,2,0,2,0,2,0,2,2,0,0,9,4,0,1,2,0,0,"M.C.G.",67763,"Carlton","Melbourne",77,100
12566,"Harry","McKay","Carlton",10,"4","2026-03-29",12,4,16,9,1,1,0,3,0,3,0,5,1,2,0,10,7,3,4,0,0,0,"M.C.G.",67763,"Carlton","Melbourne",77,100
13233,"Hudson","OKeeffe","Carlton",40,"4","2026-03-29",1,2,3,1,0,0,4,0,0,1,1,2,0,1,0,2,2,0,0,0,0,0,"M.C.G.",67763,"Carlton","Melbourne",77,100
12417,"Marc","Pittonet","Carlton",27,"4","2026-03-29",4,4,8,2,0,0,19,0,2,3,0,4,0,2,0,5,3,1,0,2,0,1,"M.C.G.",67763,"Carlton","Melbourne",77,100
13274,"Jagga","Smith","Carlton",7,"4","2026-03-29",13,12,25,4,1,0,0,1,2,4,3,3,0,0,0,8,17,0,1,0,0,2,"M.C.G.",67763,"Carlton","Melbourne",77,100
12684,"Sam","Walsh","Carlton",18,"4","2026-03-29",13,18,31,2,0,2,0,6,2,3,3,4,1,1,0,9,23,0,1,1,0,0,"M.C.G.",67763,"Carlton","Melbourne",77,100
12402,"Jacob","Weitering","Carlton",23,"4","2026-03-29",11,6,17,6,0,0,0,1,2,0,0,0,1,0,0,8,9,1,0,4,0,0,"M.C.G.",67763,"Carlton","Melbourne",77,100
12175,"Zac","Williams","Carlton",6,"4","2026-03-29",11,8,19,1,0,0,0,2,3,4,4,3,1,0,0,7,8,0,0,0,1,0,"M.C.G.",67763,"Carlton","Melbourne",77,100
12559,"Lewis","Young","Carlton",33,"4","2026-03-29",11,5,16,6,0,0,3,0,6,0,1,4,0,1,0,6,9,1,0,5,0,0,"M.C.G.",67763,"Carlton","Melbourne",77,100
12756,"Kade","Chandler","Melbourne",37,"4","2026-03-29",9,7,16,3,2,0,0,9,1,1,2,2,1,1,0,7,11,0,0,2,0,0,"M.C.G.",67763,"Carlton","Melbourne",77,100
NA,"Paddy","Cross","Melbourne",41,"4","2026-03-29",2,4,6,1,1,0,0,0,0,0,0,1,1,0,0,2,3,0,0,1,0,1,"M.C.G.",67763,"Carlton","Melbourne",77,100
13015,"Jai","Culley","Melbourne",13,"4","2026-03-29",8,10,18,3,0,0,0,3,0,3,3,1,1,0,0,8,9,0,0,0,0,0,"M.C.G.",67763,"Carlton","Melbourne",77,100
12598,"Bayley","Fritsch","Melbourne",31,"4","2026-03-29",7,2,9,4,4,1,0,3,0,1,0,0,0,0,0,2,7,0,3,1,0,0,"M.C.G.",67763,"Carlton","Melbourne",77,100
11966,"Max","Gawn","Melbourne",11,"4","2026-03-29",11,12,23,4,0,0,58,3,2,5,6,3,2,0,0,13,10,2,0,0,0,0,"M.C.G.",67763,"Carlton","Melbourne",77,100
13098,"Blake","Howes","Melbourne",22,"4","2026-03-29",5,8,13,3,0,0,0,5,0,3,0,2,0,1,0,2,10,0,0,1,0,0,"M.C.G.",67763,"Carlton","Melbourne",77,100
12752,"Changkuoth","Jiath","Melbourne",14,"4","2026-03-29",8,3,11,3,0,0,0,1,2,1,0,3,1,0,0,2,9,0,0,1,0,0,"M.C.G.",67763,"Carlton","Melbourne",77,100
12393,"Ed","Langdon","Melbourne",15,"4","2026-03-29",7,6,13,5,2,0,0,4,2,0,1,1,2,0,0,4,9,0,2,0,0,0,"M.C.G.",67763,"Carlton","Melbourne",77,100
13184,"Harvey","Langford","Melbourne",4,"4","2026-03-29",10,6,16,5,2,0,0,1,0,3,1,4,1,1,0,7,10,1,1,1,0,1,"M.C.G.",67763,"Carlton","Melbourne",77,100
12351,"Jake","Lever","Melbourne",8,"4","2026-03-29",17,4,21,10,0,0,0,2,5,2,0,1,1,0,0,7,13,1,0,4,0,0,"M.C.G.",67763,"Carlton","Melbourne",77,100
13185,"Xavier","Lindsay","Melbourne",5,"4","2026-03-29",12,6,18,5,0,0,0,1,6,1,2,1,0,0,0,4,10,0,0,1,0,1,"M.C.G.",67763,"Carlton","Melbourne",77,100
12009,"Tom","McDonald","Melbourne",25,"4","2026-03-29",11,7,18,5,0,0,0,1,5,1,0,1,1,1,0,5,12,0,0,9,0,0,"M.C.G.",67763,"Carlton","Melbourne",77,100
12639,"Brody","Mihocek","Melbourne",28,"4","2026-03-29",7,4,11,4,1,3,3,1,0,1,1,5,0,1,0,3,8,0,2,1,0,0,"M.C.G.",67763,"Carlton","Melbourne",77,100
12653,"Harry","Petty","Melbourne",35,"4","2026-03-29",3,5,8,3,0,0,1,1,0,0,0,4,0,1,0,6,3,1,0,9,0,0,"M.C.G.",67763,"Carlton","Melbourne",77,100
12771,"Kysaiah","Pickett","Melbourne",36,"4","2026-03-29",24,9,33,7,1,2,0,4,5,10,6,7,2,1,0,11,18,0,1,2,5,3,"M.C.G.",67763,"Carlton","Melbourne",77,100
NA,"Latrelle","Pickett","Melbourne",33,"4","2026-03-29",4,5,9,4,0,0,0,3,1,4,0,3,0,1,0,2,7,0,0,0,0,1,"M.C.G.",67763,"Carlton","Melbourne",77,100
12272,"Christian","Salem","Melbourne",3,"4","2026-03-29",13,7,20,3,0,0,0,2,3,1,1,4,1,1,0,9,6,0,0,0,0,0,"M.C.G.",67763,"Carlton","Melbourne",77,100
12864,"Harry","Sharp","Melbourne",30,"4","2026-03-29",7,6,13,2,1,0,0,7,0,7,1,5,1,2,0,4,9,0,0,1,1,0,"M.C.G.",67763,"Carlton","Melbourne",77,100
12693,"Tom","Sparrow","Melbourne",32,"4","2026-03-29",15,14,29,2,1,1,0,7,2,3,9,3,0,0,0,13,14,0,2,0,0,0,"M.C.G.",67763,"Carlton","Melbourne",77,100
12368,"Jack","Steele","Melbourne",9,"4","2026-03-29",10,13,23,5,0,0,0,16,2,3,4,4,0,0,0,10,13,0,0,0,0,0,"M.C.G.",67763,"Carlton","Melbourne",77,100
13123,"Koltyn","Tholstrup","Melbourne",12,"4","2026-03-29",6,9,15,6,0,0,0,1,2,3,2,1,1,0,0,7,9,1,0,3,1,2,"M.C.G.",67763,"Carlton","Melbourne",77,100
13048,"Jacob","van Rooyen","Melbourne",2,"4","2026-03-29",5,0,5,3,0,1,6,2,0,3,0,1,0,0,0,0,5,0,0,0,0,0,"M.C.G.",67763,"Carlton","Melbourne",77,100
13099,"Caleb","Windsor","Melbourne",6,"4","2026-03-29",13,11,24,5,0,0,0,5,2,8,1,4,0,0,0,5,18,0,0,1,0,1,"M.C.G.",67763,"Carlton","Melbourne",77,100
12655,"Oscar","Allen","Brisbane Lions",4,"5","2026-04-02",8,1,9,5,3,1,2,1,1,2,1,1,2,1,0,5,4,2,3,1,0,1,"Gabba",34648,"Brisbane Lions","Collingwood",119,65
13197,"Levi","Ashcroft","Brisbane Lions",10,"5","2026-04-02",15,10,25,7,0,1,0,1,1,2,0,3,0,0,0,5,20,0,0,1,0,0,"Gabba",34648,"Brisbane Lions","Collingwood",119,65
13040,"Will","Ashcroft","Brisbane Lions",8,"5","2026-04-02",26,10,36,6,1,0,0,1,1,4,6,3,1,0,0,15,21,0,0,2,0,0,"Gabba",34648,"Brisbane Lions","Collingwood",119,65
12610,"Zac","Bailey","Brisbane Lions",33,"5","2026-04-02",17,8,25,7,2,2,0,3,0,7,4,3,1,1,0,6,17,0,1,1,0,3,"Gabba",34648,"Brisbane Lions","Collingwood",119,65
12519,"Jarrod","Berry","Brisbane Lions",7,"5","2026-04-02",13,7,20,6,0,0,0,3,3,1,3,2,1,0,0,8,13,0,0,2,0,0,"Gabba",34648,"Brisbane Lions","Collingwood",119,65
12277,"Charlie","Cameron","Brisbane Lions",23,"5","2026-04-02",9,2,11,3,0,0,0,1,1,1,2,1,1,0,0,5,6,0,0,1,0,2,"Gabba",34648,"Brisbane Lions","Collingwood",119,65
12838,"Keidean","Coleman","Brisbane Lions",18,"5","2026-04-02",17,5,22,10,0,0,0,5,3,4,0,1,1,1,0,5,14,0,0,0,0,0,"Gabba",34648,"Brisbane Lions","Collingwood",119,65
12810,"Sam","Draper","Brisbane Lions",2,"5","2026-04-02",13,5,18,6,0,0,12,0,1,4,5,8,2,4,0,12,4,3,1,3,0,0,"Gabba",34648,"Brisbane Lions","Collingwood",119,65
12408,"Josh","Dunkley","Brisbane Lions",5,"5","2026-04-02",8,15,23,5,0,0,0,3,0,3,2,3,1,1,0,6,14,0,0,2,0,0,"Gabba",34648,"Brisbane Lions","Collingwood",119,65
13072,"Jaspa","Fletcher","Brisbane Lions",3,"5","2026-04-02",18,9,27,10,0,0,0,0,4,2,0,3,1,2,0,7,20,0,0,2,2,1,"Gabba",34648,"Brisbane Lions","Collingwood",119,65
12724,"Darcy","Fort","Brisbane Lions",32,"5","2026-04-02",5,8,13,2,0,0,9,1,1,2,4,1,1,1,0,7,5,0,0,0,0,0,"Gabba",34648,"Brisbane Lions","Collingwood",119,65
13235,"Ty","Gallop","Brisbane Lions",22,"5","2026-04-02",9,0,9,8,0,0,0,0,2,0,0,2,0,1,0,2,8,1,0,6,0,0,"Gabba",34648,"Brisbane Lions","Collingwood",119,65
12654,"Darragh","Joyce","Brisbane Lions",41,"5","2026-04-02",9,1,10,7,0,0,0,0,4,0,0,0,0,0,0,0,10,0,0,3,0,0,"Gabba",34648,"Brisbane Lions","Collingwood",119,65
11894,"Ryan","Lester","Brisbane Lions",35,"5","2026-04-02",15,4,19,9,0,0,0,1,4,4,0,3,0,1,0,5,10,1,0,4,0,0,"Gabba",34648,"Brisbane Lions","Collingwood",119,65
12968,"Kai","Lohmann","Brisbane Lions",1,"5","2026-04-02",8,5,13,2,4,1,0,3,0,2,2,5,4,2,0,6,7,1,1,0,0,0,"Gabba",34648,"Brisbane Lions","Collingwood",119,65
12090,"Lincoln","McCarthy","Brisbane Lions",11,"5","2026-04-02",9,1,10,6,2,0,0,0,0,3,1,1,0,0,0,4,7,1,2,0,0,1,"Gabba",34648,"Brisbane Lions","Collingwood",119,65
13137,"Logan","Morris","Brisbane Lions",13,"5","2026-04-02",11,9,20,9,3,3,0,1,0,2,1,3,0,0,0,7,12,1,6,0,0,2,"Gabba",34648,"Brisbane Lions","Collingwood",119,65
12055,"Lachie","Neale","Brisbane Lions",9,"5","2026-04-02",16,13,29,8,0,1,0,5,1,6,6,4,0,0,0,8,21,0,1,2,0,2,"Gabba",34648,"Brisbane Lions","Collingwood",119,65
12592,"Cam","Rayner","Brisbane Lions",16,"5","2026-04-02",9,8,17,6,0,2,0,2,1,5,2,2,0,1,0,7,11,2,2,1,0,1,"Gabba",34648,"Brisbane Lions","Collingwood",119,65
13138,"Bruce","Reville","Brisbane Lions",38,"5","2026-04-02",13,2,15,8,1,1,0,1,1,4,0,2,0,0,0,3,12,1,1,1,0,0,"Gabba",34648,"Brisbane Lions","Collingwood",119,65
13005,"James","Tunstill","Brisbane Lions",29,"5","2026-04-02",4,1,5,4,0,2,0,0,0,0,0,0,0,0,0,1,4,1,2,0,0,0,"Gabba",34648,"Brisbane Lions","Collingwood",119,65
13026,"Darcy","Wilmot","Brisbane Lions",44,"5","2026-04-02",16,5,21,7,0,0,0,0,4,1,1,2,1,1,0,5,12,0,0,3,0,0,"Gabba",34648,"Brisbane Lions","Collingwood",119,65
12076,"Dayne","Zorko","Brisbane Lions",15,"5","2026-04-02",23,5,28,9,1,0,0,1,2,5,2,1,0,0,0,2,25,0,0,1,0,0,"Gabba",34648,"Brisbane Lions","Collingwood",119,65
13146,"Edward","Allan","Collingwood",16,"5","2026-04-02",4,10,14,1,0,0,0,4,1,0,1,4,0,2,0,3,11,0,0,2,0,0,"Gabba",34648,"Brisbane Lions","Collingwood",119,65
12660,"Darcy","Cameron","Collingwood",14,"5","2026-04-02",4,5,9,2,0,0,19,1,1,2,3,2,2,1,0,6,4,1,0,1,0,1,"Gabba",34648,"Brisbane Lions","Collingwood",119,65
12061,"Jack","Crisp","Collingwood",25,"5","2026-04-02",9,6,15,5,0,0,0,7,2,3,0,4,0,0,0,2,12,0,0,1,0,0,"Gabba",34648,"Brisbane Lions","Collingwood",119,65
12573,"Josh","Daicos","Collingwood",7,"5","2026-04-02",19,6,25,2,0,0,0,2,5,8,2,3,1,2,0,5,17,0,0,0,1,0,"Gabba",34648,"Brisbane Lions","Collingwood",119,65
12318,"Jordan","de Goey","Collingwood",2,"5","2026-04-02",10,5,15,5,1,0,0,3,2,3,1,3,0,1,0,2,14,0,1,3,0,1,"Gabba",34648,"Brisbane Lions","Collingwood",119,65
12083,"Jamie","Elliott","Collingwood",5,"5","2026-04-02",5,5,10,5,1,0,0,1,0,1,0,2,2,1,0,2,8,0,0,0,0,0,"Gabba",34648,"Brisbane Lions","Collingwood",119,65
12676,"Billy","Frampton","Collingwood",17,"5","2026-04-02",5,1,6,3,0,0,0,4,4,1,0,1,1,1,0,4,2,1,0,15,0,0,"Gabba",34648,"Brisbane Lions","Collingwood",119,65
13228,"Will","Hayes","Collingwood",39,"5","2026-04-02",2,3,5,3,0,0,0,0,0,2,0,1,0,0,0,1,4,0,0,1,0,1,"Gabba",34648,"Brisbane Lions","Collingwood",119,65
12495,"Dan","Houston","Collingwood",9,"5","2026-04-02",18,14,32,6,0,0,0,2,12,1,4,6,1,1,0,10,10,0,0,0,0,0,"Gabba",34648,"Brisbane Lions","Collingwood",119,65
11967,"Jeremy","Howe","Collingwood",38,"5","2026-04-02",9,4,13,4,0,0,0,1,2,1,0,1,2,0,0,4,8,1,0,6,0,1,"Gabba",34648,"Brisbane Lions","Collingwood",119,65
12578,"Patrick","Lipinski","Collingwood",1,"5","2026-04-02",5,7,12,2,0,1,0,2,1,1,1,2,0,2,0,1,10,0,0,1,0,0,"Gabba",34648,"Brisbane Lions","Collingwood",119,65
13023,"Ned","Long","Collingwood",44,"5","2026-04-02",4,18,22,2,0,1,0,3,1,3,3,3,0,0,0,6,16,0,0,1,0,1,"Gabba",34648,"Brisbane Lions","Collingwood",119,65
12371,"Brayden","Maynard","Collingwood",4,"5","2026-04-02",16,8,24,4,0,0,0,1,5,2,1,2,0,0,0,7,17,0,0,5,0,0,"Gabba",34648,"Brisbane Lions","Collingwood",119,65
12876,"Beau","McCreery","Collingwood",31,"5","2026-04-02",4,8,12,1,0,0,0,4,0,3,1,3,1,2,0,7,5,0,0,1,1,1,"Gabba",34648,"Brisbane Lions","Collingwood",119,65
12291,"Daniel","McStay","Collingwood",11,"5","2026-04-02",7,1,8,4,4,1,1,1,0,1,1,4,2,2,0,5,2,3,3,0,0,0,"Gabba",34648,"Brisbane Lions","Collingwood",119,65
12300,"Tim","Membrey","Collingwood",28,"5","2026-04-02",4,5,9,4,1,0,0,1,0,1,0,1,0,0,0,3,6,1,1,2,0,0,"Gabba",34648,"Brisbane Lions","Collingwood",119,65
12536,"Harry","Perryman","Collingwood",12,"5","2026-04-02",6,6,12,1,0,0,0,4,3,1,0,3,1,0,0,5,8,0,0,1,1,0,"Gabba",34648,"Brisbane Lions","Collingwood",119,65
12740,"Isaac","Quaynor","Collingwood",3,"5","2026-04-02",7,5,12,1,0,0,0,2,3,0,1,4,1,1,0,0,11,0,0,7,1,0,"Gabba",34648,"Brisbane Lions","Collingwood",119,65
12700,"Lachie","Schultz","Collingwood",8,"5","2026-04-02",6,4,10,2,1,0,0,3,0,2,0,2,1,0,0,6,4,0,0,0,0,0,"Gabba",34648,"Brisbane Lions","Collingwood",119,65
11751,"Steele","Sidebottom","Collingwood",22,"5","2026-04-02",4,7,11,3,0,0,0,0,1,1,2,4,0,0,0,4,7,0,0,0,2,0,"Gabba",34648,"Brisbane Lions","Collingwood",119,65
13248,"Roan","Steele","Collingwood",45,"5","2026-04-02",6,7,13,5,1,0,0,0,1,2,0,0,0,0,0,2,11,0,0,1,0,0,"Gabba",34648,"Brisbane Lions","Collingwood",119,65
NA,"Oscar","Steene","Collingwood",21,"5","2026-04-02",3,7,10,5,0,0,9,0,0,1,3,1,2,1,0,5,5,0,0,0,0,0,"Gabba",34648,"Brisbane Lions","Collingwood",119,65
13133,"Lachlan","Sullivan","Collingwood",33,"5","2026-04-02",5,6,11,1,1,1,0,0,1,5,0,2,0,0,0,2,9,0,0,1,0,2,"Gabba",34648,"Brisbane Lions","Collingwood",119,65
13256,"Zac","Banch","North Melbourne",45,"5","2026-04-03",5,5,10,2,0,2,0,3,0,4,1,2,2,0,0,4,6,0,0,1,0,0,"Docklands",45919,"North Melbourne","Carlton",96,86
NA,"Tom","Blamires","North Melbourne",39,"5","2026-04-03",11,4,15,4,0,1,0,0,3,2,0,3,1,0,0,5,11,0,0,0,1,1,"Docklands",45919,"North Melbourne","Carlton",96,86
12730,"Callum","Coleman-Jones","North Melbourne",21,"5","2026-04-03",4,6,10,1,0,0,6,0,0,0,4,3,1,2,0,6,3,0,1,3,0,0,"Docklands",45919,"North Melbourne","Carlton",96,86
12938,"Charlie","Comben","North Melbourne",30,"5","2026-04-03",4,5,9,3,0,0,0,3,3,1,0,3,2,1,0,4,5,0,0,12,0,0,"Docklands",45919,"North Melbourne","Carlton",96,86
12181,"Aidan","Corr","North Melbourne",4,"5","2026-04-03",5,3,8,5,0,0,0,3,3,0,0,3,0,1,0,0,8,0,0,2,0,0,"Docklands",45919,"North Melbourne","Carlton",96,86
12975,"Paul","Curtis","North Melbourne",25,"5","2026-04-03",8,2,10,3,2,1,0,2,0,3,0,4,2,2,0,2,5,1,2,2,0,1,"Docklands",45919,"North Melbourne","Carlton",96,86
12373,"Caleb","Daniel","North Melbourne",5,"5","2026-04-03",16,11,27,10,0,0,0,4,7,2,2,2,2,1,0,8,18,0,0,2,1,0,"Docklands",45919,"North Melbourne","Carlton",96,86
11905,"Jack","Darling","North Melbourne",27,"5","2026-04-03",5,5,10,1,1,0,5,6,2,2,2,1,0,0,0,9,1,1,1,3,0,0,"Docklands",45919,"North Melbourne","Carlton",96,86
12590,"Luke","Davies-Uniacke","North Melbourne",9,"5","2026-04-03",9,13,22,2,0,0,0,6,1,3,9,3,3,2,0,16,7,0,0,0,4,0,"Docklands",45919,"North Melbourne","Carlton",96,86
13106,"Zane","Duursma","North Melbourne",7,"5","2026-04-03",7,2,9,4,3,2,0,1,0,1,0,2,0,0,0,5,4,2,3,0,0,0,"Docklands",45919,"North Melbourne","Carlton",96,86
12563,"Nick","Larkey","North Melbourne",20,"5","2026-04-03",5,6,11,3,2,0,0,0,0,1,0,0,1,0,0,5,5,0,0,1,0,2,"Docklands",45919,"North Melbourne","Carlton",96,86
12246,"Luke","McDonald","North Melbourne",11,"5","2026-04-03",14,4,18,7,0,0,0,3,1,3,0,3,1,2,0,1,17,0,0,2,1,0,"Docklands",45919,"North Melbourne","Carlton",96,86
13107,"Colby","McKercher","North Melbourne",10,"5","2026-04-03",18,6,24,3,0,0,0,2,2,2,0,1,1,0,0,6,14,0,0,0,4,0,"Docklands",45919,"North Melbourne","Carlton",96,86
13187,"Finn","OSullivan","North Melbourne",2,"5","2026-04-03",15,6,21,4,0,0,0,3,3,9,1,6,1,2,0,4,18,0,0,1,0,1,"Docklands",45919,"North Melbourne","Carlton",96,86
11953,"Luke","Parker","North Melbourne",26,"5","2026-04-03",12,8,20,4,0,0,0,3,4,1,1,2,1,0,0,6,11,1,0,2,0,1,"Docklands",45919,"North Melbourne","Carlton",96,86
13108,"Toby","Pink","North Melbourne",32,"5","2026-04-03",2,5,7,2,0,0,0,2,1,0,0,3,1,2,0,4,5,0,0,4,0,0,"Docklands",45919,"North Melbourne","Carlton",96,86
12866,"Tom","Powell","North Melbourne",24,"5","2026-04-03",13,5,18,5,0,2,0,4,1,2,1,7,1,3,0,6,13,0,1,1,0,1,"Docklands",45919,"North Melbourne","Carlton",96,86
13034,"Harry","Sheezel","North Melbourne",3,"5","2026-04-03",10,14,24,5,1,0,0,2,1,4,6,3,0,2,0,7,17,0,0,0,0,1,"Docklands",45919,"North Melbourne","Carlton",96,86
12502,"Jy","Simpkin","North Melbourne",12,"5","2026-04-03",10,7,17,2,1,0,0,1,1,4,3,1,1,0,0,7,10,0,0,2,0,1,"Docklands",45919,"North Melbourne","Carlton",96,86
12796,"Dylan","Stephens","North Melbourne",15,"5","2026-04-03",18,8,26,8,0,0,0,2,2,6,0,3,1,1,0,5,19,0,0,0,3,0,"Docklands",45919,"North Melbourne","Carlton",96,86
13263,"Cooper","Trembath","North Melbourne",47,"5","2026-04-03",7,4,11,6,3,0,11,4,0,1,0,0,1,0,0,2,9,0,3,0,0,1,"Docklands",45919,"North Melbourne","Carlton",96,86
13064,"George","Wardlaw","North Melbourne",6,"5","2026-04-03",6,10,16,2,0,0,0,11,0,2,1,2,2,1,0,8,8,0,0,1,0,0,"Docklands",45919,"North Melbourne","Carlton",96,86
12557,"Cameron","Zurhaar","North Melbourne",44,"5","2026-04-03",7,2,9,4,1,1,0,1,0,3,0,3,0,1,0,5,5,2,3,2,0,0,"Docklands",45919,"North Melbourne","Carlton",96,86
12498,"Ben","Ainsworth","Carlton",12,"5","2026-04-03",11,10,21,8,0,1,0,2,1,2,1,4,0,0,0,2,19,0,1,0,0,0,"Docklands",45919,"North Melbourne","Carlton",96,86
12965,"Jordan","Boyd","Carlton",37,"5","2026-04-03",14,2,16,7,0,0,0,5,6,1,0,1,0,0,0,1,9,0,0,1,2,0,"Docklands",45919,"North Melbourne","Carlton",96,86
NA,"Talor","Byrne","Carlton",39,"5","2026-04-03",2,3,5,3,0,0,0,4,0,1,0,1,0,1,0,1,4,0,0,0,0,0,"Docklands",45919,"North Melbourne","Carlton",96,86
13212,"Matt","Carroll","Carlton",32,"5","2026-04-03",11,4,15,6,0,0,0,0,5,1,1,1,0,1,0,6,10,1,0,2,1,0,"Docklands",45919,"North Melbourne","Carlton",96,86
12603,"Adam","Cerra","Carlton",5,"5","2026-04-03",11,8,19,3,0,0,0,5,0,5,6,4,1,0,0,10,9,0,0,1,1,0,"Docklands",45919,"North Melbourne","Carlton",96,86
13028,"Lachlan","Cowan","Carlton",2,"5","2026-04-03",9,4,13,4,0,0,0,2,3,1,0,3,0,2,0,4,9,2,0,3,0,1,"Docklands",45919,"North Melbourne","Carlton",96,86
12261,"Patrick","Cripps","Carlton",9,"5","2026-04-03",11,10,21,4,0,0,1,4,2,3,7,3,3,2,0,14,10,0,0,2,0,0,"Docklands",45919,"North Melbourne","Carlton",96,86
NA,"Wade","Derksen","Carlton",47,"5","2026-04-03",8,3,11,4,0,0,0,1,0,1,1,2,0,0,0,3,8,0,0,8,0,0,"Docklands",45919,"North Melbourne","Carlton",96,86
12873,"Francis","Evans","Carlton",44,"5","2026-04-03",11,6,17,2,0,1,0,3,1,4,1,5,1,2,0,3,14,0,0,1,0,0,"Docklands",45919,"North Melbourne","Carlton",96,86
12497,"Oliver","Florent","Carlton",14,"5","2026-04-03",14,6,20,9,0,0,0,0,5,3,1,4,1,1,0,4,15,0,0,0,0,0,"Docklands",45919,"North Melbourne","Carlton",96,86
12509,"Will","Hayward","Carlton",19,"5","2026-04-03",4,2,6,2,0,0,0,2,0,2,0,3,0,2,0,1,5,0,0,0,0,0,"Docklands",45919,"North Melbourne","Carlton",96,86
12411,"George","Hewett","Carlton",29,"5","2026-04-03",10,12,22,6,0,0,0,7,1,3,3,3,2,3,0,10,13,0,0,0,0,1,"Docklands",45919,"North Melbourne","Carlton",96,86
13016,"Elijah","Hollands","Carlton",20,"5","2026-04-03",13,5,18,8,1,0,0,1,2,3,0,4,0,2,0,3,15,1,0,0,0,0,"Docklands",45919,"North Melbourne","Carlton",96,86
13029,"Oliver","Hollands","Carlton",4,"5","2026-04-03",16,5,21,10,0,0,0,5,5,1,1,2,1,1,0,5,15,0,0,0,1,0,"Docklands",45919,"North Melbourne","Carlton",96,86
12937,"Brodie","Kemp","Carlton",17,"5","2026-04-03",8,3,11,4,3,3,0,2,0,1,1,0,1,0,0,2,7,0,1,0,0,0,"Docklands",45919,"North Melbourne","Carlton",96,86
12404,"Mitch","McGovern","Carlton",11,"5","2026-04-03",6,2,8,2,2,0,0,6,0,2,0,2,4,1,0,5,3,0,1,0,0,1,"Docklands",45919,"North Melbourne","Carlton",96,86
12566,"Harry","McKay","Carlton",10,"5","2026-04-03",10,2,12,6,2,2,0,1,2,3,0,0,1,0,0,5,7,1,3,1,0,0,"Docklands",45919,"North Melbourne","Carlton",96,86
12508,"Nic","Newman","Carlton",24,"5","2026-04-03",17,2,19,9,1,0,0,1,3,2,0,0,0,0,0,1,14,1,1,2,0,0,"Docklands",45919,"North Melbourne","Carlton",96,86
12417,"Marc","Pittonet","Carlton",27,"5","2026-04-03",5,6,11,1,2,0,39,1,1,0,4,3,3,1,0,11,1,1,0,2,0,0,"Docklands",45919,"North Melbourne","Carlton",96,86
13274,"Jagga","Smith","Carlton",7,"5","2026-04-03",7,10,17,3,1,0,0,1,1,2,3,4,3,2,0,10,11,1,0,1,0,0,"Docklands",45919,"North Melbourne","Carlton",96,86
12684,"Sam","Walsh","Carlton",18,"5","2026-04-03",10,9,19,3,1,0,0,5,1,5,4,2,1,2,0,9,9,0,0,1,1,0,"Docklands",45919,"North Melbourne","Carlton",96,86
12402,"Jacob","Weitering","Carlton",23,"5","2026-04-03",7,3,10,7,0,0,0,0,3,0,0,3,0,1,0,2,8,0,0,7,0,0,"Docklands",45919,"North Melbourne","Carlton",96,86
12559,"Lewis","Young","Carlton",33,"5","2026-04-03",4,3,7,3,0,0,1,1,0,2,1,2,1,1,0,3,5,0,0,6,0,0,"Docklands",45919,"North Melbourne","Carlton",96,86
12849,"Sam","Berry","Adelaide",3,"5","2026-04-03",6,15,21,0,1,0,0,5,3,1,4,3,0,0,0,10,11,0,0,0,0,0,"Adelaide Oval",48627,"Adelaide","Fremantle",76,78
13165,"Hugh","Bond","Adelaide",21,"5","2026-04-03",5,2,7,2,0,1,0,2,1,0,1,2,0,0,0,2,5,0,1,0,0,0,"Adelaide Oval",48627,"Adelaide","Fremantle",76,78
13086,"James","Borlase","Adelaide",35,"5","2026-04-03",3,1,4,3,0,1,0,1,0,0,0,1,0,0,0,2,2,2,0,15,0,0,"Adelaide Oval",48627,"Adelaide","Fremantle",76,78
12932,"Brayden","Cook","Adelaide",15,"5","2026-04-03",10,0,10,4,1,0,0,2,2,1,0,1,0,0,0,3,7,0,1,2,0,1,"Adelaide Oval",48627,"Adelaide","Fremantle",76,78
12516,"Jordan","Dawson","Adelaide",12,"5","2026-04-03",12,11,23,3,2,0,0,6,2,4,2,4,3,2,0,12,11,1,1,1,0,0,"Adelaide Oval",48627,"Adelaide","Fremantle",76,78
12691,"Chayce","Jones","Adelaide",1,"5","2026-04-03",3,1,4,1,0,0,0,2,1,1,0,0,1,0,0,2,2,0,0,0,0,0,"Adelaide Oval",48627,"Adelaide","Fremantle",76,78
12434,"Ben","Keays","Adelaide",2,"5","2026-04-03",8,7,15,1,0,1,0,4,0,2,3,3,1,1,0,7,6,0,1,1,0,0,"Adelaide Oval",48627,"Adelaide","Fremantle",76,78
13219,"Finnbar","Maley","Adelaide",36,"5","2026-04-03",4,5,9,4,1,0,0,4,1,1,0,2,1,0,0,4,5,2,3,4,0,2,"Adelaide Oval",48627,"Adelaide","Fremantle",76,78
13065,"Lachlan","McAndrew","Adelaide",42,"5","2026-04-03",5,3,8,3,0,0,31,13,0,0,3,1,0,0,0,5,3,2,0,5,0,0,"Adelaide Oval",48627,"Adelaide","Fremantle",76,78
13027,"Max","Michalanney","Adelaide",16,"5","2026-04-03",6,6,12,5,0,0,0,3,2,2,0,0,1,0,0,5,6,1,0,2,0,0,"Adelaide Oval",48627,"Adelaide","Fremantle",76,78
12405,"Wayne","Milera","Adelaide",30,"5","2026-04-03",16,11,27,7,0,0,0,3,6,3,1,3,1,2,0,6,18,1,0,4,2,0,"Adelaide Oval",48627,"Adelaide","Fremantle",76,78
12872,"Nick","Murray","Adelaide",9,"5","2026-04-03",6,3,9,1,0,0,0,3,8,1,0,3,1,2,0,2,4,0,0,6,0,0,"Adelaide Oval",48627,"Adelaide","Fremantle",76,78
12367,"Alex","Neal-Bullen","Adelaide",28,"5","2026-04-03",9,10,19,2,1,1,0,2,1,4,2,3,1,1,0,10,8,1,1,0,0,1,"Adelaide Oval",48627,"Adelaide","Fremantle",76,78
12473,"Reilly","OBrien","Adelaide",43,"5","2026-04-03",2,1,3,1,0,0,15,1,0,0,2,2,1,0,0,2,1,0,0,2,0,0,"Adelaide Oval",48627,"Adelaide","Fremantle",76,78
12934,"James","Peatling","Adelaide",25,"5","2026-04-03",20,6,26,1,1,0,0,5,3,6,8,5,3,1,0,15,12,1,0,1,0,1,"Adelaide Oval",48627,"Adelaide","Fremantle",76,78
12921,"Luke","Pedlar","Adelaide",10,"5","2026-04-03",4,4,8,2,0,0,0,4,1,1,1,4,1,1,0,4,4,0,0,0,0,0,"Adelaide Oval",48627,"Adelaide","Fremantle",76,78
12953,"Josh","Rachele","Adelaide",8,"5","2026-04-03",13,6,19,5,1,0,0,4,1,5,5,1,0,0,0,10,9,0,1,0,0,0,"Adelaide Oval",48627,"Adelaide","Fremantle",76,78
12798,"Izak","Rankine","Adelaide",23,"5","2026-04-03",9,5,14,3,0,3,0,4,1,5,0,3,1,1,0,5,8,0,1,0,4,0,"Adelaide Oval",48627,"Adelaide","Fremantle",76,78
12952,"Jake","Soligo","Adelaide",14,"5","2026-04-03",5,7,12,1,0,1,0,3,1,3,2,0,1,0,0,4,7,0,1,1,0,2,"Adelaide Oval",48627,"Adelaide","Fremantle",76,78
13159,"Zac","Taylor","Adelaide",19,"5","2026-04-03",6,3,9,3,1,0,0,2,1,2,0,1,0,1,0,3,7,0,0,3,0,0,"Adelaide Oval",48627,"Adelaide","Fremantle",76,78
12892,"Riley","Thilthorpe","Adelaide",7,"5","2026-04-03",10,5,15,3,1,0,0,4,0,3,4,1,3,0,0,9,7,0,2,0,0,3,"Adelaide Oval",48627,"Adelaide","Fremantle",76,78
11713,"Taylor","Walker","Adelaide",13,"5","2026-04-03",6,3,9,4,1,1,0,5,0,0,0,3,0,2,0,5,6,1,3,1,0,0,"Adelaide Oval",48627,"Adelaide","Fremantle",76,78
12912,"Josh","Worrell","Adelaide",24,"5","2026-04-03",16,7,23,7,0,0,0,1,8,3,1,1,1,1,0,7,11,1,0,9,0,0,"Adelaide Oval",48627,"Adelaide","Fremantle",76,78
12983,"Jye","Amiss","Fremantle",24,"5","2026-04-03",6,4,10,5,4,1,0,0,0,0,0,1,1,1,0,7,4,2,4,0,0,0,"Adelaide Oval",48627,"Adelaide","Fremantle",76,78
12535,"Shai","Bolton","Fremantle",10,"5","2026-04-03",13,8,21,1,1,1,0,1,0,5,2,2,0,1,0,7,14,1,0,0,2,1,"Adelaide Oval",48627,"Adelaide","Fremantle",76,78
12589,"Andrew","Brayshaw","Fremantle",8,"5","2026-04-03",11,14,25,0,1,0,0,10,1,7,7,3,2,2,0,11,14,0,0,2,0,0,"Adelaide Oval",48627,"Adelaide","Fremantle",76,78
12875,"Heath","Chapman","Fremantle",5,"5","2026-04-03",10,6,16,8,0,0,0,1,2,1,0,0,0,0,0,5,11,0,0,6,0,1,"Adelaide Oval",48627,"Adelaide","Fremantle",76,78
12688,"Jordan","Clark","Fremantle",6,"5","2026-04-03",13,5,18,4,0,0,0,2,6,2,0,3,0,0,0,3,10,0,0,1,0,0,"Adelaide Oval",48627,"Adelaide","Fremantle",76,78
12544,"Brennan","Cox","Fremantle",36,"5","2026-04-03",8,3,11,4,0,0,0,4,3,0,0,3,2,1,0,4,5,2,0,10,0,0,"Adelaide Oval",48627,"Adelaide","Fremantle",76,78
12547,"Sean","Darcy","Fremantle",4,"5","2026-04-03",5,2,7,2,0,0,22,1,0,3,1,3,1,2,0,3,4,0,0,3,0,0,"Adelaide Oval",48627,"Adelaide","Fremantle",76,78
13204,"Isaiah","Dudley","Fremantle",43,"5","2026-04-03",6,6,12,1,1,1,0,2,0,1,0,4,1,3,0,4,9,0,1,0,0,2,"Adelaide Oval",48627,"Adelaide","Fremantle",76,78
12966,"Neil","Erasmus","Fremantle",28,"5","2026-04-03",9,12,21,1,0,0,0,3,4,5,2,2,1,0,0,8,13,0,0,1,1,1,"Adelaide Oval",48627,"Adelaide","Fremantle",76,78
12779,"Luke","Jackson","Fremantle",9,"5","2026-04-03",6,14,20,1,0,1,26,7,2,2,7,4,2,3,0,14,7,0,0,1,0,1,"Adelaide Oval",48627,"Adelaide","Fremantle",76,78
13047,"Matthew","Johnson","Fremantle",44,"5","2026-04-03",11,9,20,3,0,0,0,3,0,3,2,4,0,0,0,6,13,0,0,1,1,0,"Adelaide Oval",48627,"Adelaide","Fremantle",76,78
13033,"Judd","McVee","Fremantle",17,"5","2026-04-03",14,9,23,3,0,0,0,0,4,2,3,3,0,0,0,9,11,1,0,0,0,0,"Adelaide Oval",48627,"Adelaide","Fremantle",76,78
12141,"Jaeger","OMeara","Fremantle",2,"5","2026-04-03",4,7,11,2,0,1,0,2,0,3,1,1,0,1,0,3,8,0,1,0,0,1,"Adelaide Oval",48627,"Adelaide","Fremantle",76,78
12352,"Alex","Pearce","Fremantle",25,"5","2026-04-03",5,4,9,6,0,0,0,2,0,1,0,2,0,1,0,5,5,2,0,9,0,0,"Adelaide Oval",48627,"Adelaide","Fremantle",76,78
13180,"Murphy","Reid","Fremantle",16,"5","2026-04-03",11,15,26,2,0,1,0,5,0,6,2,1,1,0,0,10,16,0,0,1,1,2,"Adelaide Oval",48627,"Adelaide","Fremantle",76,78
12542,"Luke","Ryan","Fremantle",13,"5","2026-04-03",8,2,10,1,0,0,0,2,3,1,0,1,0,1,0,1,3,1,0,2,0,0,"Adelaide Oval",48627,"Adelaide","Fremantle",76,78
NA,"Chris","Scerri","Fremantle",45,"5","2026-04-03",0,6,6,0,0,0,0,1,0,0,0,0,0,0,0,4,2,0,0,1,0,0,"Adelaide Oval",48627,"Adelaide","Fremantle",76,78
12786,"Caleb","Serong","Fremantle",3,"5","2026-04-03",21,11,32,3,0,1,0,8,2,6,6,4,0,1,0,13,19,0,0,0,0,0,"Adelaide Oval",48627,"Adelaide","Fremantle",76,78
12672,"Sam","Switkowski","Fremantle",39,"5","2026-04-03",4,9,13,1,0,0,0,3,1,3,1,1,1,0,0,6,8,0,0,0,0,1,"Adelaide Oval",48627,"Adelaide","Fremantle",76,78
12887,"Josh","Treacy","Fremantle",35,"5","2026-04-03",9,4,13,5,2,2,0,5,0,3,0,2,0,2,0,10,6,3,2,5,0,0,"Adelaide Oval",48627,"Adelaide","Fremantle",76,78
13129,"Patrick","Voss","Fremantle",20,"5","2026-04-03",9,4,13,5,2,3,0,3,0,1,0,2,2,1,0,7,6,1,4,0,0,0,"Adelaide Oval",48627,"Adelaide","Fremantle",76,78
12453,"Corey","Wagner","Fremantle",34,"5","2026-04-03",9,9,18,2,0,0,0,1,6,0,5,3,0,0,0,7,11,0,0,0,1,0,"Adelaide Oval",48627,"Adelaide","Fremantle",76,78
13075,"Karl","Worner","Fremantle",23,"5","2026-04-03",7,3,10,4,0,0,0,4,3,0,0,2,1,1,0,2,7,0,0,1,0,0,"Adelaide Oval",48627,"Adelaide","Fremantle",76,78
13078,"Sam","Banks","Richmond",6,"5","2026-04-04",16,4,20,1,1,0,0,3,4,3,1,5,1,2,0,3,13,0,0,1,0,0,"M.C.G.",34471,"Richmond","Port Adelaide",48,90
12456,"Nathan","Broad","Richmond",35,"5","2026-04-04",6,3,9,5,0,0,0,0,0,1,1,0,0,0,0,3,6,1,0,3,0,0,"M.C.G.",34471,"Richmond","Port Adelaide",48,90
13096,"Tom","Brown","Richmond",30,"5","2026-04-04",7,3,10,1,0,0,0,0,5,1,0,2,0,0,0,3,4,1,0,4,0,0,"M.C.G.",34471,"Richmond","Port Adelaide",48,90
13100,"Seth","Campbell","Richmond",44,"5","2026-04-04",8,2,10,3,0,0,0,3,0,3,0,1,1,0,0,2,8,0,0,0,0,1,"M.C.G.",34471,"Richmond","Port Adelaide",48,90
13214,"Jonty","Faull","Richmond",8,"5","2026-04-04",3,3,6,2,0,1,2,1,0,1,0,1,1,0,0,4,3,0,1,3,0,0,"M.C.G.",34471,"Richmond","Port Adelaide",48,90
13200,"Liam","Fawcett","Richmond",43,"5","2026-04-04",6,2,8,5,2,0,0,3,0,2,0,6,1,1,0,4,4,1,4,1,0,0,"M.C.G.",34471,"Richmond","Port Adelaide",48,90
13218,"Campbell","Gray","Richmond",50,"5","2026-04-04",8,6,14,7,0,0,0,5,3,1,0,6,4,3,0,5,10,0,0,5,1,0,"M.C.G.",34471,"Richmond","Port Adelaide",48,90
13145,"Steely","Green","Richmond",48,"5","2026-04-04",12,2,14,3,0,2,0,6,0,4,0,2,2,0,0,7,7,0,1,1,0,1,"M.C.G.",34471,"Richmond","Port Adelaide",48,90
NA,"Sam","Grlj","Richmond",24,"5","2026-04-04",11,8,19,5,0,0,0,2,1,4,2,2,2,0,0,5,13,0,0,1,2,0,"M.C.G.",34471,"Richmond","Port Adelaide",48,90
12440,"Jacob","Hopper","Richmond",2,"5","2026-04-04",7,15,22,2,0,0,0,0,1,2,8,5,2,2,0,11,13,0,0,1,0,0,"M.C.G.",34471,"Richmond","Port Adelaide",48,90
13190,"Sam","Lalor","Richmond",4,"5","2026-04-04",6,6,12,5,2,0,0,1,1,1,1,0,1,0,0,7,5,2,2,0,0,0,"M.C.G.",34471,"Richmond","Port Adelaide",48,90
13113,"Mykelti","Lefau","Richmond",42,"5","2026-04-04",4,0,4,4,0,1,4,2,0,2,0,3,0,1,0,2,3,1,1,3,0,0,"M.C.G.",34471,"Richmond","Port Adelaide",48,90
13117,"Kane","McAuliffe","Richmond",28,"5","2026-04-04",11,5,16,5,0,0,0,4,2,2,1,4,1,0,0,7,8,1,0,0,0,0,"M.C.G.",34471,"Richmond","Port Adelaide",48,90
12941,"Ben","Miller","Richmond",12,"5","2026-04-04",13,6,19,11,0,0,0,1,3,1,0,2,0,0,0,3,16,0,0,7,2,1,"M.C.G.",34471,"Richmond","Port Adelaide",48,90
11917,"Dion","Prestia","Richmond",3,"5","2026-04-04",16,8,24,6,0,0,0,3,2,4,3,7,2,0,0,6,17,0,1,2,0,0,"M.C.G.",34471,"Richmond","Port Adelaide",48,90
12935,"Maurice","Rioli","Richmond",17,"5","2026-04-04",5,5,10,2,1,0,0,2,0,1,1,0,1,0,0,6,4,2,1,1,0,0,"M.C.G.",34471,"Richmond","Port Adelaide",48,90
12712,"Jack","Ross","Richmond",5,"5","2026-04-04",5,10,15,2,0,3,0,6,0,2,2,5,2,2,0,7,9,1,1,0,1,0,"M.C.G.",34471,"Richmond","Port Adelaide",48,90
12918,"Samson","Ryan","Richmond",32,"5","2026-04-04",2,7,9,2,0,0,21,0,0,2,2,4,2,3,0,5,4,1,0,2,0,0,"M.C.G.",34471,"Richmond","Port Adelaide",48,90
12418,"Jayden","Short","Richmond",15,"5","2026-04-04",19,3,22,6,0,2,0,3,5,4,2,2,3,0,0,7,13,0,1,3,1,0,"M.C.G.",34471,"Richmond","Port Adelaide",48,90
13014,"Tyler","Sonsie","Richmond",40,"5","2026-04-04",14,6,20,6,0,0,0,1,3,3,0,1,1,0,0,4,15,0,0,0,0,0,"M.C.G.",34471,"Richmond","Port Adelaide",48,90
12504,"Tim","Taranto","Richmond",14,"5","2026-04-04",6,14,20,2,0,0,0,4,1,3,6,0,0,0,0,9,11,0,0,1,0,0,"M.C.G.",34471,"Richmond","Port Adelaide",48,90
13191,"Luke","Trainor","Richmond",11,"5","2026-04-04",11,3,14,5,0,0,0,2,2,3,0,2,0,0,0,2,11,0,0,1,1,1,"M.C.G.",34471,"Richmond","Port Adelaide",48,90
12174,"Nick","Vlastuin","Richmond",1,"5","2026-04-04",4,7,11,0,0,0,0,2,0,0,0,1,0,0,0,3,6,0,0,1,0,0,"M.C.G.",34471,"Richmond","Port Adelaide",48,90
12433,"Aliir","Aliir","Port Adelaide",21,"5","2026-04-04",15,8,23,8,0,0,0,0,4,0,0,7,0,2,0,14,6,6,0,5,1,0,"M.C.G.",34471,"Richmond","Port Adelaide",48,90
12867,"Miles","Bergman","Port Adelaide",14,"5","2026-04-04",9,4,13,5,0,0,0,1,2,1,0,3,0,1,0,2,10,0,0,3,0,1,"M.C.G.",34471,"Richmond","Port Adelaide",48,90
13188,"Joe","Berry","Port Adelaide",5,"5","2026-04-04",5,7,12,4,0,1,0,2,0,2,1,3,2,1,0,4,8,0,0,0,0,0,"M.C.G.",34471,"Richmond","Port Adelaide",48,90
13007,"Jase","Burgoyne","Port Adelaide",7,"5","2026-04-04",9,14,23,4,0,0,0,1,4,1,2,1,0,0,0,9,14,0,0,2,0,1,"M.C.G.",34471,"Richmond","Port Adelaide",48,90
12698,"Zak","Butters","Port Adelaide",9,"5","2026-04-04",16,14,30,4,0,0,0,0,0,3,6,4,2,2,0,10,19,0,0,0,3,0,"M.C.G.",34471,"Richmond","Port Adelaide",48,90
12422,"Darcy","Byrne-Jones","Port Adelaide",33,"5","2026-04-04",16,10,26,10,0,0,0,2,3,2,0,3,1,0,0,6,19,0,0,2,0,1,"M.C.G.",34471,"Richmond","Port Adelaide",48,90
12695,"Willem","Drew","Port Adelaide",28,"5","2026-04-04",5,6,11,2,1,0,0,6,1,1,5,2,1,2,0,5,4,0,0,1,0,0,"M.C.G.",34471,"Richmond","Port Adelaide",48,90
12936,"Corey","Durdin","Port Adelaide",44,"5","2026-04-04",5,2,7,4,1,1,0,1,0,3,0,1,0,0,0,3,4,0,1,1,1,2,"M.C.G.",34471,"Richmond","Port Adelaide",48,90
13156,"Logan","Evans","Port Adelaide",22,"5","2026-04-04",11,2,13,5,0,0,0,0,4,0,0,1,0,1,0,2,9,0,0,4,0,0,"M.C.G.",34471,"Richmond","Port Adelaide",48,90
12664,"Kane","Farrell","Port Adelaide",6,"5","2026-04-04",20,4,24,3,0,2,0,2,6,6,1,6,1,3,0,6,15,0,0,3,4,0,"M.C.G.",34471,"Richmond","Port Adelaide",48,90
12766,"Mitch","Georgiades","Port Adelaide",19,"5","2026-04-04",6,6,12,6,2,1,0,1,0,2,0,2,0,2,0,4,8,2,3,2,0,0,"M.C.G.",34471,"Richmond","Port Adelaide",48,90
12956,"Jason","Horne-Francis","Port Adelaide",18,"5","2026-04-04",15,3,18,7,2,0,0,2,1,7,4,8,1,4,0,7,13,0,1,2,3,1,"M.C.G.",34471,"Richmond","Port Adelaide",48,90
12882,"Lachie","Jones","Port Adelaide",34,"5","2026-04-04",7,6,13,3,0,0,0,2,4,1,0,5,0,1,0,4,6,0,0,2,0,0,"M.C.G.",34471,"Richmond","Port Adelaide",48,90
NA,"Josh","Lai","Port Adelaide",43,"5","2026-04-04",8,6,14,5,0,0,0,1,5,1,0,4,0,1,0,2,13,0,0,5,0,0,"M.C.G.",34471,"Richmond","Port Adelaide",48,90
12704,"Jack","Lukosius","Port Adelaide",12,"5","2026-04-04",10,3,13,6,2,1,0,1,2,2,0,1,0,0,0,5,8,2,2,1,0,0,"M.C.G.",34471,"Richmond","Port Adelaide",48,90
13269,"Ewan","Mackinlay","Port Adelaide",31,"5","2026-04-04",5,4,9,1,0,0,0,2,1,2,0,4,0,1,0,0,9,0,0,0,0,0,"M.C.G.",34471,"Richmond","Port Adelaide",48,90
13139,"Joe","Richards","Port Adelaide",35,"5","2026-04-04",11,7,18,4,1,0,0,3,2,1,1,1,0,0,0,2,17,0,1,0,0,0,"M.C.G.",34471,"Richmond","Port Adelaide",48,90
12890,"Jordon","Sweet","Port Adelaide",24,"5","2026-04-04",8,7,15,5,1,0,25,4,2,2,5,4,4,2,0,10,6,0,0,3,0,2,"M.C.G.",34471,"Richmond","Port Adelaide",48,90
NA,"Jack","Watkins","Port Adelaide",37,"5","2026-04-04",5,3,8,0,0,0,0,0,0,1,0,3,0,0,0,2,5,0,0,0,0,0,"M.C.G.",34471,"Richmond","Port Adelaide",48,90
12991,"Jacob","Wehr","Port Adelaide",15,"5","2026-04-04",10,3,13,1,1,1,0,2,1,5,0,1,1,1,0,4,9,0,0,0,0,0,"M.C.G.",34471,"Richmond","Port Adelaide",48,90
13259,"Jack","Whitlock","Port Adelaide",17,"5","2026-04-04",7,4,11,5,2,2,4,0,0,2,1,0,1,0,0,4,7,0,2,1,0,0,"M.C.G.",34471,"Richmond","Port Adelaide",48,90
12150,"Ollie","Wines","Port Adelaide",16,"5","2026-04-04",2,9,11,3,0,0,0,2,0,1,1,2,0,2,0,5,7,0,1,0,0,0,"M.C.G.",34471,"Richmond","Port Adelaide",48,90
NA,"Mitch","Zadow","Port Adelaide",39,"5","2026-04-04",2,1,3,2,0,0,0,5,0,0,0,2,0,1,0,1,3,0,0,0,0,0,"M.C.G.",34471,"Richmond","Port Adelaide",48,90
13221,"Bo","Allan","West Coast",26,"5","2026-04-04",6,8,14,0,0,0,0,1,1,3,2,5,1,2,0,7,8,0,0,0,1,1,"Perth Stadium",50723,"West Coast","Sydney",35,163
12661,"Liam","Baker","West Coast",3,"5","2026-04-04",7,7,14,5,1,0,0,1,2,1,1,2,1,0,0,2,12,0,0,3,0,0,"Perth Stadium",50723,"West Coast","Sydney",35,163
13209,"Sandy","Brock","West Coast",41,"5","2026-04-04",5,3,8,4,0,0,0,2,0,2,0,2,0,1,0,1,8,0,0,3,0,0,"Perth Stadium",50723,"West Coast","Sydney",35,163
13250,"Malakai","Champion","West Coast",37,"5","2026-04-04",3,2,5,2,0,0,0,4,0,3,0,2,0,0,0,3,2,1,0,0,1,0,"Perth Stadium",50723,"West Coast","Sydney",35,163
11937,"Jamie","Cripps","West Coast",15,"5","2026-04-04",3,6,9,1,0,0,0,1,1,1,0,1,1,1,0,4,4,0,0,0,0,0,"Perth Stadium",50723,"West Coast","Sydney",35,163
13210,"Hamish","Davis","West Coast",38,"5","2026-04-04",7,6,13,6,0,0,0,0,1,3,2,1,0,0,0,3,10,0,0,1,0,0,"Perth Stadium",50723,"West Coast","Sydney",35,163
NA,"Cooper","Duff-Tytler","West Coast",21,"5","2026-04-04",2,7,9,1,0,0,1,3,0,1,1,1,1,1,0,4,6,0,1,1,0,0,"Perth Stadium",50723,"West Coast","Sydney",35,163
12334,"Liam","Duggan","West Coast",14,"5","2026-04-04",13,6,19,7,0,0,0,0,5,2,0,3,2,0,0,5,12,0,0,2,0,0,"Perth Stadium",50723,"West Coast","Sydney",35,163
NA,"Willem","Duursma","West Coast",1,"5","2026-04-04",9,7,16,3,2,1,0,0,0,3,2,2,0,0,0,5,10,1,1,1,2,0,"Perth Stadium",50723,"West Coast","Sydney",35,163
12870,"Matt","Flynn","West Coast",25,"5","2026-04-04",4,5,9,0,0,0,11,1,1,2,6,4,2,3,0,7,2,0,0,2,0,0,"Perth Stadium",50723,"West Coast","Sydney",35,163
13038,"Reuben","Ginbey","West Coast",7,"5","2026-04-04",7,4,11,2,0,0,0,0,4,0,0,2,0,1,0,4,4,0,0,3,1,0,"Perth Stadium",50723,"West Coast","Sydney",35,163
12576,"Jack","Graham","West Coast",17,"5","2026-04-04",12,7,19,3,0,0,0,3,2,5,2,8,2,5,0,7,15,0,0,0,0,0,"Perth Stadium",50723,"West Coast","Sydney",35,163
12957,"Brady","Hough","West Coast",19,"5","2026-04-04",11,10,21,10,0,1,0,0,4,1,0,2,0,1,0,3,18,0,0,3,0,0,"Perth Stadium",50723,"West Coast","Sydney",35,163
12595,"Tim","Kelly","West Coast",11,"5","2026-04-04",12,12,24,5,0,0,0,3,1,4,4,2,0,0,0,8,15,0,0,1,0,1,"Perth Stadium",50723,"West Coast","Sydney",35,163
NA,"Josh","Lindsay","West Coast",5,"5","2026-04-04",13,4,17,4,0,0,0,2,7,1,0,6,0,4,0,0,12,0,0,1,0,0,"Perth Stadium",50723,"West Coast","Sydney",35,163
13240,"Tom","McCarthy","West Coast",18,"5","2026-04-04",15,4,19,5,0,1,0,2,4,4,4,1,0,0,0,5,9,0,0,0,0,0,"Perth Stadium",50723,"West Coast","Sydney",35,163
12839,"Matthew","Owies","West Coast",16,"5","2026-04-04",5,0,5,2,0,0,0,4,0,4,0,2,2,1,0,2,4,0,0,0,0,1,"Perth Stadium",50723,"West Coast","Sydney",35,163
13196,"Archer","Reid","West Coast",22,"5","2026-04-04",3,5,8,3,0,2,6,1,0,1,2,0,1,0,0,4,4,1,2,0,0,0,"Perth Stadium",50723,"West Coast","Sydney",35,163
13111,"Harley","Reid","West Coast",9,"5","2026-04-04",8,9,17,1,0,0,0,0,1,1,1,4,2,2,0,5,9,0,0,1,2,0,"Perth Stadium",50723,"West Coast","Sydney",35,163
12813,"Harry","Schoenberg","West Coast",48,"5","2026-04-04",2,6,8,0,0,0,0,3,0,1,1,2,0,2,0,6,3,0,0,0,0,0,"Perth Stadium",50723,"West Coast","Sydney",35,163
13247,"Jobe","Shanahan","West Coast",35,"5","2026-04-04",6,3,9,6,0,0,0,2,2,0,0,2,1,0,0,3,7,1,1,1,0,0,"Perth Stadium",50723,"West Coast","Sydney",35,163
12601,"Jake","Waterman","West Coast",2,"5","2026-04-04",6,1,7,3,1,2,0,0,0,1,0,4,1,2,0,3,6,0,2,2,0,0,"Perth Stadium",50723,"West Coast","Sydney",35,163
13043,"Tylar","Young","West Coast",20,"5","2026-04-04",7,1,8,3,0,0,0,1,1,1,0,1,0,1,0,1,6,0,0,3,0,0,"Perth Stadium",50723,"West Coast","Sydney",35,163
12844,"Joel","Amartey","Sydney",36,"5","2026-04-04",5,5,10,7,2,2,2,1,0,0,0,0,1,0,0,6,4,4,4,0,0,1,"Perth Stadium",50723,"West Coast","Sydney",35,163
13195,"Riley","Bice","Sydney",26,"5","2026-04-04",17,10,27,9,0,0,0,2,6,1,0,3,2,0,0,4,19,0,0,2,3,1,"Perth Stadium",50723,"West Coast","Sydney",35,163
12699,"Nick","Blakey","Sydney",22,"5","2026-04-04",13,7,20,1,1,0,0,0,4,4,3,1,0,1,0,5,11,0,0,3,2,2,"Perth Stadium",50723,"West Coast","Sydney",35,163
12015,"Harry","Cunningham","Sydney",7,"5","2026-04-04",10,2,12,5,1,1,0,0,1,2,1,3,0,1,0,2,10,0,0,1,0,0,"Perth Stadium",50723,"West Coast","Sydney",35,163
12421,"Charlie","Curnow","Sydney",35,"5","2026-04-04",9,1,10,6,4,2,0,0,0,2,0,3,1,1,0,5,4,3,5,3,0,0,"Perth Stadium",50723,"West Coast","Sydney",35,163
12217,"Brodie","Grundy","Sydney",4,"5","2026-04-04",13,15,28,4,1,1,33,5,1,2,9,7,2,2,0,18,11,1,0,4,0,0,"Perth Stadium",50723,"West Coast","Sydney",35,163
12326,"Isaac","Heeney","Sydney",5,"5","2026-04-04",16,10,26,8,4,1,0,2,2,4,4,4,1,0,0,10,17,1,3,1,1,0,"Perth Stadium",50723,"West Coast","Sydney",35,163
12860,"James","Jordon","Sydney",17,"5","2026-04-04",10,7,17,4,1,0,0,6,0,4,0,1,1,0,0,2,14,0,1,0,0,2,"Perth Stadium",50723,"West Coast","Sydney",35,163
12268,"Jake","Lloyd","Sydney",44,"5","2026-04-04",11,8,19,6,3,0,0,3,1,2,2,3,1,0,0,5,15,0,3,2,1,1,"Perth Stadium",50723,"West Coast","Sydney",35,163
12627,"Tom","McCartin","Sydney",30,"5","2026-04-04",6,10,16,7,0,0,0,1,3,0,0,1,1,1,0,4,12,1,0,2,0,0,"Perth Stadium",50723,"West Coast","Sydney",35,163
12861,"Logan","McDonald","Sydney",6,"5","2026-04-04",7,3,10,6,0,2,0,2,0,1,0,1,0,0,0,2,7,1,2,1,0,2,"Perth Stadium",50723,"West Coast","Sydney",35,163
12711,"Justin","McInerney","Sydney",27,"5","2026-04-04",13,11,24,7,1,2,0,3,2,3,3,4,3,3,0,7,19,0,1,1,0,2,"Perth Stadium",50723,"West Coast","Sydney",35,163
12526,"Lewis","Melican","Sydney",43,"5","2026-04-04",4,4,8,3,0,0,0,1,2,1,0,3,1,1,0,6,1,2,0,4,0,0,"Perth Stadium",50723,"West Coast","Sydney",35,163
12413,"Callum","Mills","Sydney",14,"5","2026-04-04",10,8,18,8,0,0,0,2,2,1,0,1,0,1,0,3,14,0,0,1,0,0,"Perth Stadium",50723,"West Coast","Sydney",35,163
12412,"Tom","Papley","Sydney",11,"5","2026-04-04",17,7,24,10,2,4,0,2,0,7,3,5,2,1,0,7,16,0,5,0,1,3,"Perth Stadium",50723,"West Coast","Sydney",35,163
12140,"Dane","Rampe","Sydney",24,"5","2026-04-04",8,4,12,2,0,0,0,1,5,0,0,2,2,0,0,4,9,0,0,7,0,0,"Perth Stadium",50723,"West Coast","Sydney",35,163
12994,"Matt","Roberts","Sydney",34,"5","2026-04-04",10,7,17,5,0,0,0,0,2,2,3,1,0,1,0,4,13,0,0,1,0,3,"Perth Stadium",50723,"West Coast","Sydney",35,163
12714,"James","Rowbottom","Sydney",8,"5","2026-04-04",10,10,20,4,0,0,0,4,1,3,0,1,4,0,0,5,15,0,0,0,0,0,"Perth Stadium",50723,"West Coast","Sydney",35,163
13022,"Jai","Serong","Sydney",13,"5","2026-04-04",16,11,27,10,1,0,0,1,2,4,0,4,1,2,0,7,20,1,0,2,0,0,"Perth Stadium",50723,"West Coast","Sydney",35,163
12951,"Angus","Sheldrick","Sydney",12,"5","2026-04-04",11,14,25,5,0,0,0,4,1,4,3,4,1,0,0,9,15,0,0,0,1,2,"Perth Stadium",50723,"West Coast","Sydney",35,163
12797,"Chad","Warner","Sydney",1,"5","2026-04-04",12,12,24,3,2,2,0,1,0,9,8,4,1,1,0,9,14,0,0,1,4,0,"Perth Stadium",50723,"West Coast","Sydney",35,163
13053,"Corey","Warner","Sydney",37,"5","2026-04-04",5,7,12,0,0,0,0,3,0,2,0,3,1,0,0,3,10,0,0,1,1,1,"Perth Stadium",50723,"West Coast","Sydney",35,163
12818,"Sam","Wicks","Sydney",15,"5","2026-04-04",12,9,21,3,1,0,0,2,6,3,2,2,1,1,0,8,13,2,0,1,3,0,"Perth Stadium",50723,"West Coast","Sydney",35,163
12756,"Kade","Chandler","Melbourne",37,"5","2026-04-05",7,9,16,2,0,1,0,6,1,2,3,4,0,1,0,9,6,0,1,0,0,0,"M.C.G.",24287,"Melbourne","Gold Coast",109,89
13015,"Jai","Culley","Melbourne",13,"5","2026-04-05",7,2,9,4,0,2,0,1,2,2,1,0,0,0,0,5,4,1,2,1,0,0,"M.C.G.",24287,"Melbourne","Gold Coast",109,89
11966,"Max","Gawn","Melbourne",11,"5","2026-04-05",11,11,22,5,1,0,32,3,2,2,4,2,4,1,0,16,9,1,1,2,0,0,"M.C.G.",24287,"Melbourne","Gold Coast",109,89
13098,"Blake","Howes","Melbourne",22,"5","2026-04-05",5,7,12,3,0,0,0,2,1,1,0,2,1,2,0,5,7,0,0,4,0,0,"M.C.G.",24287,"Melbourne","Gold Coast",109,89
12393,"Ed","Langdon","Melbourne",15,"5","2026-04-05",11,4,15,7,0,1,0,0,0,1,0,2,0,1,0,3,12,0,2,0,0,1,"M.C.G.",24287,"Melbourne","Gold Coast",109,89
13184,"Harvey","Langford","Melbourne",4,"5","2026-04-05",5,5,10,4,2,0,0,0,0,0,1,0,0,0,0,4,6,2,2,0,0,0,"M.C.G.",24287,"Melbourne","Gold Coast",109,89
13032,"Bailey","Laurie","Melbourne",16,"5","2026-04-05",7,5,12,0,0,0,0,2,1,3,2,3,0,0,0,4,8,0,0,0,1,0,"M.C.G.",24287,"Melbourne","Gold Coast",109,89
12351,"Jake","Lever","Melbourne",8,"5","2026-04-05",14,1,15,9,0,0,0,0,1,2,0,1,3,0,0,3,11,0,0,3,0,1,"M.C.G.",24287,"Melbourne","Gold Coast",109,89
13185,"Xavier","Lindsay","Melbourne",5,"5","2026-04-05",10,6,16,2,1,0,0,0,5,2,0,1,0,0,0,5,6,0,0,1,0,0,"M.C.G.",24287,"Melbourne","Gold Coast",109,89
12009,"Tom","McDonald","Melbourne",25,"5","2026-04-05",7,4,11,5,0,0,0,0,5,0,0,4,0,1,0,2,9,1,0,2,0,0,"M.C.G.",24287,"Melbourne","Gold Coast",109,89
11820,"Jake","Melksham","Melbourne",18,"5","2026-04-05",7,4,11,5,4,0,0,0,0,1,0,5,0,2,0,3,8,1,3,0,2,1,"M.C.G.",24287,"Melbourne","Gold Coast",109,89
12639,"Brody","Mihocek","Melbourne",28,"5","2026-04-05",6,0,6,2,2,1,1,2,0,2,0,1,1,0,0,3,3,1,2,0,0,1,"M.C.G.",24287,"Melbourne","Gold Coast",109,89
12653,"Harry","Petty","Melbourne",35,"5","2026-04-05",4,2,6,4,0,1,8,2,0,1,0,2,0,1,0,3,3,2,1,3,0,0,"M.C.G.",24287,"Melbourne","Gold Coast",109,89
12771,"Kysaiah","Pickett","Melbourne",36,"5","2026-04-05",18,7,25,2,1,0,0,5,2,10,6,3,1,1,0,10,15,0,0,2,6,2,"M.C.G.",24287,"Melbourne","Gold Coast",109,89
NA,"Latrelle","Pickett","Melbourne",33,"5","2026-04-05",10,3,13,2,1,2,0,0,0,4,2,2,1,2,0,5,7,0,0,3,1,1,"M.C.G.",24287,"Melbourne","Gold Coast",109,89
12272,"Christian","Salem","Melbourne",3,"5","2026-04-05",15,7,22,4,1,0,0,1,4,2,1,4,0,2,0,7,13,0,0,2,0,1,"M.C.G.",24287,"Melbourne","Gold Coast",109,89
12864,"Harry","Sharp","Melbourne",30,"5","2026-04-05",10,6,16,6,1,1,0,5,1,4,2,6,1,2,0,3,12,0,2,0,5,1,"M.C.G.",24287,"Melbourne","Gold Coast",109,89
12693,"Tom","Sparrow","Melbourne",32,"5","2026-04-05",11,10,21,2,0,1,0,10,1,6,4,2,2,0,0,7,12,0,0,0,0,1,"M.C.G.",24287,"Melbourne","Gold Coast",109,89
12368,"Jack","Steele","Melbourne",9,"5","2026-04-05",10,16,26,5,0,0,0,8,0,4,11,0,3,0,0,18,11,0,0,2,0,1,"M.C.G.",24287,"Melbourne","Gold Coast",109,89
13123,"Koltyn","Tholstrup","Melbourne",12,"5","2026-04-05",8,7,15,4,1,0,0,1,2,1,0,2,1,0,0,5,10,0,1,1,0,0,"M.C.G.",24287,"Melbourne","Gold Coast",109,89
12996,"Daniel","Turner","Melbourne",10,"5","2026-04-05",8,3,11,6,0,0,0,2,1,0,0,0,0,0,0,3,7,1,0,5,0,0,"M.C.G.",24287,"Melbourne","Gold Coast",109,89
13048,"Jacob","van Rooyen","Melbourne",2,"5","2026-04-05",8,6,14,6,1,1,1,2,0,4,0,1,0,0,0,7,6,1,2,3,0,0,"M.C.G.",24287,"Melbourne","Gold Coast",109,89
13099,"Caleb","Windsor","Melbourne",6,"5","2026-04-05",11,6,17,0,0,0,0,7,1,5,2,5,1,1,0,8,8,0,0,0,0,0,"M.C.G.",24287,"Melbourne","Gold Coast",109,89
12767,"Noah","Anderson","Gold Coast",15,"5","2026-04-05",13,9,22,5,0,1,0,1,3,5,7,2,0,0,0,7,14,0,1,0,0,2,"M.C.G.",24287,"Melbourne","Gold Coast",109,89
13019,"Mac","Andrew","Gold Coast",1,"5","2026-04-05",7,5,12,4,0,0,2,3,3,1,0,0,1,0,0,4,9,0,0,6,0,1,"M.C.G.",24287,"Melbourne","Gold Coast",109,89
12625,"Charlie","Ballard","Gold Coast",10,"5","2026-04-05",6,4,10,2,0,0,0,1,0,1,0,0,1,0,0,4,5,2,0,0,0,0,"M.C.G.",24287,"Melbourne","Gold Coast",109,89
13119,"Sam","Clohesy","Gold Coast",33,"5","2026-04-05",12,5,17,5,0,0,0,3,2,4,2,1,2,0,0,6,11,0,0,1,0,0,"M.C.G.",24287,"Melbourne","Gold Coast",109,89
12444,"Sam","Collins","Gold Coast",25,"5","2026-04-05",5,9,14,5,0,0,0,0,1,1,0,0,1,0,0,6,7,0,0,1,0,0,"M.C.G.",24287,"Melbourne","Gold Coast",109,89
13120,"Will","Graham","Gold Coast",26,"5","2026-04-05",7,8,15,5,1,0,0,6,0,4,4,2,2,2,0,5,10,0,1,0,0,1,"M.C.G.",24287,"Melbourne","Gold Coast",109,89
13272,"Lachlan","Gulbin","Gold Coast",39,"5","2026-04-05",11,11,22,8,1,0,0,0,0,5,0,3,0,0,0,7,16,0,1,1,0,2,"M.C.G.",24287,"Melbourne","Gold Coast",109,89
12933,"Joel","Jeffrey","Gold Coast",16,"5","2026-04-05",12,4,16,6,1,0,0,0,1,2,3,1,0,0,0,5,9,0,1,2,2,2,"M.C.G.",24287,"Melbourne","Gold Coast",109,89
12728,"Ben","King","Gold Coast",34,"5","2026-04-05",6,4,10,6,3,1,0,0,0,2,0,4,0,1,0,7,5,3,4,1,0,0,"M.C.G.",24287,"Melbourne","Gold Coast",109,89
13232,"Leo","Lombard","Gold Coast",8,"5","2026-04-05",4,14,18,3,0,0,0,1,0,3,1,7,0,2,0,8,12,0,1,0,0,3,"M.C.G.",24287,"Melbourne","Gold Coast",109,89
12521,"Ben","Long","Gold Coast",22,"5","2026-04-05",2,6,8,2,0,0,0,2,0,1,0,5,0,2,0,2,5,0,0,1,0,0,"M.C.G.",24287,"Melbourne","Gold Coast",109,89
12331,"Touk","Miller","Gold Coast",11,"5","2026-04-05",11,10,21,2,0,1,0,3,2,1,2,1,0,1,0,5,17,0,1,1,0,1,"M.C.G.",24287,"Melbourne","Gold Coast",109,89
12743,"John","Noble","Gold Coast",2,"5","2026-04-05",16,10,26,5,0,0,0,3,7,2,0,2,2,1,0,3,19,0,0,2,0,1,"M.C.G.",24287,"Melbourne","Gold Coast",109,89
12652,"Wil","Powell","Gold Coast",27,"5","2026-04-05",10,5,15,5,1,0,0,7,2,2,0,1,0,0,0,5,8,0,0,1,0,0,"M.C.G.",24287,"Melbourne","Gold Coast",109,89
13121,"Ethan","Read","Gold Coast",20,"5","2026-04-05",4,5,9,2,3,0,0,2,0,1,0,2,1,1,0,2,7,0,0,2,0,0,"M.C.G.",24287,"Melbourne","Gold Coast",109,89
12403,"Daniel","Rioli","Gold Coast",17,"5","2026-04-05",11,12,23,6,0,0,0,3,6,4,1,4,0,2,0,1,22,0,0,2,4,0,"M.C.G.",24287,"Melbourne","Gold Coast",109,89
13126,"Jake","Rogers","Gold Coast",29,"5","2026-04-05",4,4,8,0,0,0,0,5,0,1,0,3,2,1,0,4,5,0,0,0,0,0,"M.C.G.",24287,"Melbourne","Gold Coast",109,89
12768,"Matt","Rowell","Gold Coast",18,"5","2026-04-05",5,8,13,2,0,0,0,3,0,1,4,3,0,2,0,7,6,0,0,0,0,0,"M.C.G.",24287,"Melbourne","Gold Coast",109,89
13041,"Bodhi","Uwland","Gold Coast",6,"5","2026-04-05",13,11,24,5,0,0,0,2,6,1,1,2,1,0,0,8,11,0,0,7,0,0,"M.C.G.",24287,"Melbourne","Gold Coast",109,89
13278,"Zeke","Uwland","Gold Coast",32,"5","2026-04-05",8,8,16,3,2,0,0,1,2,0,0,1,0,0,0,4,12,0,0,0,1,0,"M.C.G.",24287,"Melbourne","Gold Coast",109,89
13114,"Jed","Walter","Gold Coast",4,"5","2026-04-05",7,3,10,7,2,1,4,1,1,2,1,1,2,0,0,7,3,4,4,2,0,0,"M.C.G.",24287,"Melbourne","Gold Coast",109,89
12385,"Lachie","Weller","Gold Coast",14,"5","2026-04-05",11,3,14,1,0,0,0,5,4,1,0,2,1,0,0,3,11,0,0,1,3,1,"M.C.G.",24287,"Melbourne","Gold Coast",109,89
12177,"Jarrod","Witts","Gold Coast",28,"5","2026-04-05",3,5,8,1,0,0,21,2,2,0,2,5,1,4,0,6,2,0,0,3,0,0,"M.C.G.",24287,"Melbourne","Gold Coast",109,89
12723,"Oskar","Baker","Western Bulldogs",13,"5","2026-04-05",11,13,24,9,0,0,0,2,0,4,1,3,0,0,0,6,17,0,0,1,1,0,"Docklands",38786,"Western Bulldogs","Essendon",99,65
12269,"Marcus","Bontempelli","Western Bulldogs",4,"5","2026-04-05",15,20,35,8,1,0,1,3,0,6,7,3,2,0,0,10,24,0,1,3,0,1,"Docklands",38786,"Western Bulldogs","Essendon",99,65
12916,"Lachlan","Bramble","Western Bulldogs",29,"5","2026-04-05",10,7,17,4,1,1,0,2,0,4,0,2,0,1,0,3,14,0,1,1,1,3,"Docklands",38786,"Western Bulldogs","Essendon",99,65
12769,"Connor","Budarick","Western Bulldogs",19,"5","2026-04-05",16,5,21,6,0,0,0,2,5,5,2,4,2,1,0,4,17,0,0,0,1,0,"Docklands",38786,"Western Bulldogs","Essendon",99,65
13265,"Jordan","Croft","Western Bulldogs",16,"5","2026-04-05",3,5,8,0,0,0,6,2,0,1,1,2,1,2,0,5,3,0,0,2,0,2,"Docklands",38786,"Western Bulldogs","Essendon",99,65
12354,"Bailey","Dale","Western Bulldogs",31,"5","2026-04-05",17,5,22,3,0,0,0,1,4,0,0,1,0,1,0,2,15,0,0,2,1,0,"Docklands",38786,"Western Bulldogs","Essendon",99,65
13021,"Sam","Darcy","Western Bulldogs",10,"5","2026-04-05",10,5,15,5,3,3,2,3,0,2,1,2,4,0,0,10,5,3,3,1,0,1,"Docklands",38786,"Western Bulldogs","Essendon",99,65
13178,"Sam","Davidson","Western Bulldogs",42,"5","2026-04-05",8,3,11,5,0,0,0,1,1,1,0,1,0,1,0,2,12,0,0,2,0,1,"Docklands",38786,"Western Bulldogs","Essendon",99,65
13179,"Josh","Dolan","Western Bulldogs",26,"5","2026-04-05",7,9,16,3,1,1,0,1,0,4,0,1,0,0,0,3,13,0,2,1,1,2,"Docklands",38786,"Western Bulldogs","Essendon",99,65
12537,"Tim","English","Western Bulldogs",44,"5","2026-04-05",6,2,8,3,0,0,16,1,2,4,3,0,0,0,0,3,5,0,0,4,0,0,"Docklands",38786,"Western Bulldogs","Essendon",99,65
13140,"Joel","Freijah","Western Bulldogs",27,"5","2026-04-05",13,13,26,3,0,0,0,6,1,6,3,6,1,1,0,8,17,0,0,3,1,0,"Docklands",38786,"Western Bulldogs","Essendon",99,65
13275,"Lachie","Jaques","Western Bulldogs",11,"5","2026-04-05",10,7,17,4,0,1,0,3,2,1,1,3,1,1,0,4,13,0,0,2,0,0,"Docklands",38786,"Western Bulldogs","Essendon",99,65
13046,"Arthur","Jones","Western Bulldogs",32,"5","2026-04-05",6,4,10,4,3,1,0,1,0,2,0,1,1,0,0,3,7,1,3,0,0,0,"Docklands",38786,"Western Bulldogs","Essendon",99,65
12455,"Matthew","Kennedy","Western Bulldogs",8,"5","2026-04-05",14,22,36,5,1,0,0,1,0,4,11,6,1,1,0,18,18,0,0,0,1,0,"Docklands",38786,"Western Bulldogs","Essendon",99,65
12900,"Buku","Khamis","Western Bulldogs",24,"5","2026-04-05",9,3,12,4,0,0,0,2,2,1,0,1,2,1,0,4,7,0,0,7,0,0,"Docklands",38786,"Western Bulldogs","Essendon",99,65
12282,"Rory","Lobb","Western Bulldogs",7,"5","2026-04-05",13,2,15,10,0,0,3,0,3,1,0,3,0,0,0,3,13,2,0,5,1,0,"Docklands",38786,"Western Bulldogs","Essendon",99,65
12854,"Lachlan","McNeil","Western Bulldogs",30,"5","2026-04-05",2,6,8,0,0,1,0,0,1,0,0,2,1,0,0,6,3,0,0,0,0,0,"Docklands",38786,"Western Bulldogs","Essendon",99,65
12594,"Aaron","Naughton","Western Bulldogs",33,"5","2026-04-05",7,3,10,6,3,3,0,0,0,1,0,2,1,0,0,3,7,0,3,2,1,0,"Docklands",38786,"Western Bulldogs","Essendon",99,65
13061,"James","ODonnell","Western Bulldogs",18,"5","2026-04-05",5,6,11,4,0,0,0,2,3,1,0,3,0,2,0,4,9,0,0,11,0,0,"Docklands",38786,"Western Bulldogs","Essendon",99,65
13103,"Ryley","Sanders","Western Bulldogs",9,"5","2026-04-05",10,24,34,6,0,0,0,5,1,3,5,5,2,3,0,13,23,0,0,2,0,0,"Docklands",38786,"Western Bulldogs","Essendon",99,65
13276,"Michael","Sellwood","Western Bulldogs",37,"5","2026-04-05",2,5,7,4,0,0,0,1,0,0,0,4,0,2,0,3,4,1,0,3,0,0,"Docklands",38786,"Western Bulldogs","Essendon",99,65
12748,"Rhylee","West","Western Bulldogs",14,"5","2026-04-05",6,13,19,3,0,2,0,1,1,1,2,1,1,1,0,6,13,0,0,1,1,0,"Docklands",38786,"Western Bulldogs","Essendon",99,65
12441,"Bailey","Williams","Western Bulldogs",34,"5","2026-04-05",11,9,20,8,1,0,0,2,0,2,1,3,1,1,0,6,14,0,1,1,0,1,"Docklands",38786,"Western Bulldogs","Essendon",99,65
13237,"Lachlan","Blakiston","Essendon",46,"5","2026-04-05",2,4,6,0,0,0,13,2,2,0,1,2,1,1,0,3,4,0,0,3,0,0,"Docklands",38786,"Western Bulldogs","Essendon",99,65
12755,"Jye","Caldwell","Essendon",6,"5","2026-04-05",6,13,19,3,1,0,0,5,1,1,7,8,1,3,0,9,10,0,0,0,2,1,"Docklands",38786,"Western Bulldogs","Essendon",99,65
13223,"Archer","Day-Wicks","Essendon",44,"5","2026-04-05",6,4,10,3,0,1,0,6,0,3,1,6,1,1,0,3,7,0,1,1,0,0,"Docklands",38786,"Western Bulldogs","Essendon",99,65
12925,"Sam","Durham","Essendon",22,"5","2026-04-05",5,7,12,2,0,0,0,6,3,1,1,5,2,3,0,6,9,1,0,2,0,0,"Docklands",38786,"Western Bulldogs","Essendon",99,65
12696,"Xavier","Duursma","Essendon",28,"5","2026-04-05",8,7,15,3,0,1,0,1,1,0,1,3,1,1,0,2,11,0,0,0,1,0,"Docklands",38786,"Western Bulldogs","Essendon",99,65
13198,"Tom","Edwards","Essendon",45,"5","2026-04-05",8,2,10,3,2,2,0,0,0,1,0,3,1,0,0,7,3,0,2,3,0,1,"Docklands",38786,"Western Bulldogs","Essendon",99,65
13203,"Saad","El-Hawli","Essendon",41,"5","2026-04-05",10,3,13,4,0,1,0,0,2,2,0,0,2,0,0,3,9,0,0,1,0,0,"Docklands",38786,"Western Bulldogs","Essendon",99,65
NA,"Jacob","Farrow","Essendon",2,"5","2026-04-05",15,6,21,12,0,0,0,2,3,2,0,1,0,0,0,3,18,1,0,1,1,0,"Docklands",38786,"Western Bulldogs","Essendon",99,65
12415,"Jade","Gresham","Essendon",11,"5","2026-04-05",7,4,11,1,3,0,0,2,0,2,0,1,1,1,0,3,9,0,0,0,0,1,"Docklands",38786,"Western Bulldogs","Essendon",99,65
12612,"Matt","Guelfi","Essendon",35,"5","2026-04-05",3,2,5,0,0,1,0,1,0,1,0,1,0,0,0,3,1,0,0,3,0,0,"Docklands",38786,"Western Bulldogs","Essendon",99,65
13231,"Zak","Johnson","Essendon",40,"5","2026-04-05",11,12,23,9,0,0,0,1,1,0,0,1,0,0,0,4,17,0,0,1,1,0,"Docklands",38786,"Western Bulldogs","Essendon",99,65
13177,"Isaac","Kako","Essendon",10,"5","2026-04-05",4,3,7,2,0,0,0,0,0,2,2,3,0,2,0,4,3,0,0,0,0,0,"Docklands",38786,"Western Bulldogs","Essendon",99,65
12349,"Kyle","Langford","Essendon",4,"5","2026-04-05",7,5,12,3,0,0,0,2,1,3,2,1,0,1,0,6,7,1,0,3,0,1,"Docklands",38786,"Western Bulldogs","Essendon",99,65
13238,"Archie","May","Essendon",26,"5","2026-04-05",5,1,6,4,2,1,4,0,0,2,0,0,1,0,0,5,1,3,3,1,0,0,"Docklands",38786,"Western Bulldogs","Essendon",99,65
12491,"Andrew","McGrath","Essendon",1,"5","2026-04-05",10,13,23,6,0,0,0,2,3,1,0,3,1,1,0,9,14,1,0,2,1,0,"Docklands",38786,"Western Bulldogs","Essendon",99,65
12580,"Ben","McKay","Essendon",32,"5","2026-04-05",2,2,4,3,0,0,0,2,2,0,0,3,0,2,0,2,2,1,0,2,0,0,"Docklands",38786,"Western Bulldogs","Essendon",99,65
12241,"Zach","Merrett","Essendon",7,"5","2026-04-05",15,15,30,5,0,0,0,7,4,3,7,2,4,0,0,11,18,0,0,0,0,0,"Docklands",38786,"Western Bulldogs","Essendon",99,65
12406,"Darcy","Parish","Essendon",3,"5","2026-04-05",8,11,19,2,0,0,0,1,0,5,2,1,0,0,0,6,12,0,0,0,0,0,"Docklands",38786,"Western Bulldogs","Essendon",99,65
12879,"Archie","Perkins","Essendon",16,"5","2026-04-05",5,3,8,3,0,0,0,2,1,1,0,1,0,0,0,2,6,0,0,0,0,0,"Docklands",38786,"Western Bulldogs","Essendon",99,65
12874,"Jaxon","Prior","Essendon",25,"5","2026-04-05",16,6,22,7,0,0,0,1,4,3,0,3,0,1,0,3,19,0,0,3,1,0,"Docklands",38786,"Western Bulldogs","Essendon",99,65
12889,"Zach","Reid","Essendon",31,"5","2026-04-05",14,5,19,11,0,0,0,4,2,0,0,3,1,1,0,6,12,0,0,0,0,0,"Docklands",38786,"Western Bulldogs","Essendon",99,65
13168,"Archie","Roberts","Essendon",21,"5","2026-04-05",29,8,37,12,0,0,0,0,9,3,0,2,0,1,0,4,28,0,0,2,1,1,"Docklands",38786,"Western Bulldogs","Essendon",99,65
12366,"Peter","Wright","Essendon",20,"5","2026-04-05",7,3,10,5,1,2,21,1,0,0,0,6,2,2,0,6,4,2,3,3,0,0,"Docklands",38786,"Western Bulldogs","Essendon",99,65
12383,"Tom","Barrass","Hawthorn",37,"5","2026-04-06",12,5,17,4,0,0,0,3,5,1,0,3,2,0,0,8,9,0,0,5,0,0,"M.C.G.",84712,"Hawthorn","Geelong",92,91
12558,"Josh","Battle","Hawthorn",24,"5","2026-04-06",11,4,15,2,0,0,0,2,4,2,0,5,2,1,0,8,6,1,0,4,2,0,"M.C.G.",84712,"Hawthorn","Geelong",92,91
12988,"Sam","Butler","Hawthorn",30,"5","2026-04-06",14,5,19,3,0,0,0,4,1,7,1,3,0,0,0,4,13,0,0,0,0,1,"M.C.G.",84712,"Hawthorn","Geelong",92,91
12485,"Mabior","Chol","Hawthorn",18,"5","2026-04-06",8,4,12,6,2,3,0,0,0,2,0,2,0,0,0,5,8,2,4,3,0,0,"M.C.G.",84712,"Hawthorn","Geelong",92,91
NA,"Jack","Dalton","Hawthorn",34,"5","2026-04-06",5,5,10,1,0,1,0,1,0,1,1,2,0,1,0,5,6,0,0,1,2,0,"M.C.G.",84712,"Hawthorn","Geelong",92,91
12998,"Massimo","DAmbrosio","Hawthorn",16,"5","2026-04-06",14,9,23,7,0,0,0,6,2,3,2,4,1,3,0,6,16,0,0,1,0,0,"M.C.G.",84712,"Hawthorn","Geelong",92,91
12927,"Jack","Ginnivan","Hawthorn",33,"5","2026-04-06",15,4,19,7,2,0,0,1,4,2,2,5,0,0,0,6,12,0,1,1,0,1,"M.C.G.",84712,"Hawthorn","Geelong",92,91
11845,"Jack","Gunston","Hawthorn",19,"5","2026-04-06",12,2,14,6,3,4,0,1,0,2,0,3,0,2,0,4,9,1,5,2,0,1,"M.C.G.",84712,"Hawthorn","Geelong",92,91
12469,"Blake","Hardwick","Hawthorn",15,"5","2026-04-06",12,3,15,3,0,0,0,4,6,0,2,2,1,1,0,2,10,0,0,2,0,0,"M.C.G.",84712,"Hawthorn","Geelong",92,91
12237,"Jarman","Impey","Hawthorn",4,"5","2026-04-06",16,10,26,5,0,0,0,1,4,4,2,3,0,0,0,6,16,1,0,0,4,1,"M.C.G.",84712,"Hawthorn","Geelong",92,91
12636,"Mitch","Lewis","Hawthorn",2,"5","2026-04-06",7,4,11,8,2,1,0,2,0,1,0,4,0,2,0,2,9,2,5,1,0,1,"M.C.G.",84712,"Hawthorn","Geelong",92,91
12954,"Connor","Macdonald","Hawthorn",9,"5","2026-04-06",18,8,26,8,0,0,0,3,2,5,2,1,0,0,0,8,16,0,0,0,0,1,"M.C.G.",84712,"Hawthorn","Geelong",92,91
12856,"Lloyd","Meek","Hawthorn",17,"5","2026-04-06",4,5,9,5,0,0,16,4,1,1,1,4,0,2,0,2,6,0,0,1,0,0,"M.C.G.",84712,"Hawthorn","Geelong",92,91
12710,"Dylan","Moore","Hawthorn",8,"5","2026-04-06",9,9,18,6,0,2,0,3,0,1,1,4,1,0,0,7,11,0,0,1,0,0,"M.C.G.",84712,"Hawthorn","Geelong",92,91
12670,"Conor","Nash","Hawthorn",11,"5","2026-04-06",10,7,17,2,0,0,0,8,0,3,3,6,1,3,0,5,11,0,0,2,0,0,"M.C.G.",84712,"Hawthorn","Geelong",92,91
12915,"Jai","Newcombe","Hawthorn",3,"5","2026-04-06",11,14,25,1,0,0,0,4,0,5,6,4,2,2,0,14,12,0,0,1,0,1,"M.C.G.",84712,"Hawthorn","Geelong",92,91
12841,"Flynn","Perez","Hawthorn",39,"5","2026-04-06",6,7,13,1,0,0,0,6,1,1,1,2,2,1,0,5,9,0,0,1,0,0,"M.C.G.",84712,"Hawthorn","Geelong",92,91
12906,"Ned","Reeves","Hawthorn",7,"5","2026-04-06",5,5,10,1,0,1,28,1,0,2,3,2,0,1,0,5,4,0,1,1,0,1,"M.C.G.",84712,"Hawthorn","Geelong",92,91
12565,"Jack","Scrimshaw","Hawthorn",14,"5","2026-04-06",4,9,13,3,0,0,0,0,0,0,1,3,0,1,0,3,8,0,0,4,0,0,"M.C.G.",84712,"Hawthorn","Geelong",92,91
12332,"James","Sicily","Hawthorn",6,"5","2026-04-06",14,6,20,5,0,0,0,0,7,0,0,1,0,1,0,3,12,2,0,5,0,0,"M.C.G.",84712,"Hawthorn","Geelong",92,91
12955,"Josh","Ward","Hawthorn",25,"5","2026-04-06",14,15,29,3,0,0,0,6,1,5,3,6,0,0,0,10,19,0,0,2,0,0,"M.C.G.",84712,"Hawthorn","Geelong",92,91
13105,"Nick","Watson","Hawthorn",5,"5","2026-04-06",6,7,13,2,3,0,0,3,0,2,2,2,1,2,0,9,5,0,1,0,1,1,"M.C.G.",84712,"Hawthorn","Geelong",92,91
13057,"Josh","Weddle","Hawthorn",23,"5","2026-04-06",5,8,13,1,1,0,0,0,2,3,0,1,0,1,0,2,11,0,1,1,2,1,"M.C.G.",84712,"Hawthorn","Geelong",92,91
12690,"Tom","Atkins","Geelong",30,"5","2026-04-06",1,11,12,1,0,0,0,3,0,1,1,3,0,3,0,8,4,0,0,0,0,1,"M.C.G.",84712,"Hawthorn","Geelong",92,91
12153,"Mark","Blicavs","Geelong",46,"5","2026-04-06",9,5,14,3,1,1,5,4,0,3,3,2,0,0,0,7,7,1,0,2,0,0,"M.C.G.",84712,"Hawthorn","Geelong",92,91
12499,"Jack","Bowes","Geelong",12,"5","2026-04-06",9,4,13,3,2,0,0,4,0,4,1,2,1,0,0,3,10,0,0,0,0,3,"M.C.G.",84712,"Hawthorn","Geelong",92,91
12871,"Tanner","Bruhn","Geelong",4,"5","2026-04-06",14,12,26,6,0,0,0,1,2,3,2,2,1,0,0,5,19,0,0,0,2,0,"M.C.G.",84712,"Hawthorn","Geelong",92,91
12017,"Jeremy","Cameron","Geelong",5,"5","2026-04-06",12,4,16,7,1,2,0,3,0,3,0,6,2,1,0,5,11,0,3,1,0,0,"M.C.G.",84712,"Hawthorn","Geelong",92,91
12806,"Brad","Close","Geelong",45,"5","2026-04-06",3,6,9,2,0,1,0,2,0,1,0,1,1,1,0,1,6,0,0,2,0,1,"M.C.G.",84712,"Hawthorn","Geelong",92,91
12891,"Sam","De Koning","Geelong",16,"5","2026-04-06",4,6,10,4,0,0,0,2,3,0,0,1,0,0,0,6,4,2,0,8,0,0,"M.C.G.",84712,"Hawthorn","Geelong",92,91
12974,"Oliver","Dempsey","Geelong",28,"5","2026-04-06",4,8,12,4,1,0,0,1,0,2,1,0,0,0,0,2,10,0,2,0,0,0,"M.C.G.",84712,"Hawthorn","Geelong",92,91
NA,"Mitchell","Edwards","Geelong",11,"5","2026-04-06",4,6,10,1,0,0,18,2,0,3,6,3,4,0,0,10,0,1,0,1,0,0,"M.C.G.",84712,"Hawthorn","Geelong",92,91
12551,"Zach","Guthrie","Geelong",39,"5","2026-04-06",9,10,19,5,0,0,0,5,4,0,2,1,1,0,0,8,10,0,0,1,0,0,"M.C.G.",84712,"Hawthorn","Geelong",92,91
12607,"Jack","Henry","Geelong",38,"5","2026-04-06",7,0,7,4,0,0,0,1,1,0,0,1,0,1,0,2,6,0,0,3,0,0,"M.C.G.",84712,"Hawthorn","Geelong",92,91
12851,"Oliver","Henry","Geelong",36,"5","2026-04-06",6,1,7,3,3,0,0,0,0,1,0,1,1,0,0,4,4,0,3,3,0,2,"M.C.G.",84712,"Hawthorn","Geelong",92,91
12881,"Max","Holmes","Geelong",9,"5","2026-04-06",21,6,27,6,0,0,0,4,4,8,1,6,2,1,0,6,18,0,0,1,0,3,"M.C.G.",84712,"Hawthorn","Geelong",92,91
13160,"Lawson","Humphries","Geelong",17,"5","2026-04-06",17,3,20,8,0,0,0,4,5,2,2,3,1,0,0,4,12,0,1,4,2,0,"M.C.G.",84712,"Hawthorn","Geelong",92,91
13104,"Shaun","Mannagh","Geelong",7,"5","2026-04-06",6,0,6,3,0,0,0,1,0,3,0,1,0,0,0,1,4,0,0,1,0,0,"M.C.G.",84712,"Hawthorn","Geelong",92,91
12236,"Jack","Martin","Geelong",19,"5","2026-04-06",8,3,11,5,1,0,0,3,0,2,0,3,1,1,0,2,9,0,2,0,0,0,"M.C.G.",84712,"Hawthorn","Geelong",92,91
12689,"Gryan","Miers","Geelong",32,"5","2026-04-06",12,10,22,6,0,1,0,2,2,5,0,3,2,0,0,3,19,0,0,0,0,0,"M.C.G.",84712,"Hawthorn","Geelong",92,91
13066,"Oisin","Mullin","Geelong",34,"5","2026-04-06",6,10,16,3,0,0,0,2,4,0,2,1,2,0,0,7,10,0,0,0,0,0,"M.C.G.",84712,"Hawthorn","Geelong",92,91
12992,"Shannon","Neale","Geelong",33,"5","2026-04-06",5,1,6,4,4,0,3,4,0,1,0,5,0,3,0,4,4,3,4,1,0,0,"M.C.G.",84712,"Hawthorn","Geelong",92,91
13122,"Connor","OSullivan","Geelong",14,"5","2026-04-06",11,2,13,6,0,0,0,2,3,2,0,1,2,1,0,3,8,0,0,5,0,0,"M.C.G.",84712,"Hawthorn","Geelong",92,91
12692,"Bailey","Smith","Geelong",3,"5","2026-04-06",22,11,33,5,0,0,0,5,4,8,6,4,1,0,0,14,19,0,0,2,0,0,"M.C.G.",84712,"Hawthorn","Geelong",92,91
12505,"Tom","Stewart","Geelong",44,"5","2026-04-06",20,2,22,9,0,0,0,0,7,0,1,1,2,0,0,5,12,0,0,4,0,0,"M.C.G.",84712,"Hawthorn","Geelong",92,91
13217,"Oliver","Wiltshire","Geelong",21,"5","2026-04-06",7,4,11,3,1,1,0,0,1,2,0,2,0,1,0,2,10,0,1,0,4,0,"M.C.G.",84712,"Hawthorn","Geelong",92,91
12849,"Sam","Berry","Adelaide",3,"6","2026-04-09",9,20,29,1,0,0,0,6,1,5,4,4,2,1,0,18,13,0,0,4,0,1,"Adelaide Oval",49184,"Adelaide","Carlton",114,86
13086,"James","Borlase","Adelaide",35,"6","2026-04-09",5,2,7,1,0,0,0,3,3,1,0,0,1,0,0,3,3,0,0,16,0,0,"Adelaide Oval",49184,"Adelaide","Carlton",114,86
12932,"Brayden","Cook","Adelaide",15,"6","2026-04-09",8,10,18,4,0,0,0,0,2,0,1,3,1,0,0,8,9,0,0,4,0,1,"Adelaide Oval",49184,"Adelaide","Carlton",114,86
12629,"Isaac","Cumming","Adelaide",44,"6","2026-04-09",11,10,21,1,1,0,0,4,1,2,1,8,2,2,0,13,9,0,0,2,0,0,"Adelaide Oval",49184,"Adelaide","Carlton",114,86
12516,"Jordan","Dawson","Adelaide",12,"6","2026-04-09",18,8,26,1,1,0,0,3,2,4,6,6,0,2,0,10,15,0,0,3,0,0,"Adelaide Oval",49184,"Adelaide","Carlton",114,86
12727,"Mitch","Hinge","Adelaide",20,"6","2026-04-09",6,4,10,1,0,0,0,1,1,1,1,0,1,0,0,4,4,0,0,1,0,0,"Adelaide Oval",49184,"Adelaide","Carlton",114,86
12434,"Ben","Keays","Adelaide",2,"6","2026-04-09",12,4,16,2,3,0,0,4,0,4,1,6,0,2,0,5,7,0,1,1,0,1,"Adelaide Oval",49184,"Adelaide","Carlton",114,86
12165,"Rory","Laird","Adelaide",29,"6","2026-04-09",10,14,24,4,0,0,0,0,4,1,0,4,0,0,0,6,18,0,0,3,0,1,"Adelaide Oval",49184,"Adelaide","Carlton",114,86
13219,"Finnbar","Maley","Adelaide",36,"6","2026-04-09",3,4,7,3,1,1,9,2,0,1,0,2,1,2,0,6,3,1,1,2,0,0,"Adelaide Oval",49184,"Adelaide","Carlton",114,86
13065,"Lachlan","McAndrew","Adelaide",42,"6","2026-04-09",6,4,10,3,0,1,35,5,0,2,5,3,2,3,0,6,2,1,0,2,0,1,"Adelaide Oval",49184,"Adelaide","Carlton",114,86
13027,"Max","Michalanney","Adelaide",16,"6","2026-04-09",7,9,16,2,0,0,0,3,5,0,2,6,0,1,0,7,9,0,0,1,0,0,"Adelaide Oval",49184,"Adelaide","Carlton",114,86
12405,"Wayne","Milera","Adelaide",30,"6","2026-04-09",16,9,25,1,0,0,0,4,7,3,1,1,0,0,0,7,13,0,0,1,0,0,"Adelaide Oval",49184,"Adelaide","Carlton",114,86
12872,"Nick","Murray","Adelaide",9,"6","2026-04-09",4,4,8,1,0,0,0,1,3,1,0,0,0,0,0,3,3,1,0,10,0,0,"Adelaide Oval",49184,"Adelaide","Carlton",114,86
13081,"Luke","Nankervis","Adelaide",27,"6","2026-04-09",8,12,20,2,0,1,0,2,1,1,2,2,1,0,0,4,14,0,0,1,0,0,"Adelaide Oval",49184,"Adelaide","Carlton",114,86
12367,"Alex","Neal-Bullen","Adelaide",28,"6","2026-04-09",12,4,16,2,2,0,0,6,2,4,0,6,1,1,0,6,9,0,1,1,0,1,"Adelaide Oval",49184,"Adelaide","Carlton",114,86
12934,"James","Peatling","Adelaide",25,"6","2026-04-09",11,9,20,1,0,0,0,4,2,2,6,4,2,2,0,11,9,0,0,0,0,0,"Adelaide Oval",49184,"Adelaide","Carlton",114,86
12953,"Josh","Rachele","Adelaide",8,"6","2026-04-09",17,9,26,2,4,0,0,5,2,6,6,4,5,0,0,13,11,0,0,1,1,0,"Adelaide Oval",49184,"Adelaide","Carlton",114,86
12798,"Izak","Rankine","Adelaide",23,"6","2026-04-09",15,7,22,3,2,1,0,7,2,4,2,5,2,0,0,9,11,0,1,0,1,1,"Adelaide Oval",49184,"Adelaide","Carlton",114,86
12952,"Jake","Soligo","Adelaide",14,"6","2026-04-09",6,6,12,2,1,0,0,2,0,3,0,1,2,1,0,5,5,0,0,1,0,2,"Adelaide Oval",49184,"Adelaide","Carlton",114,86
13159,"Zac","Taylor","Adelaide",19,"6","2026-04-09",5,6,11,3,0,0,0,3,2,2,1,1,1,0,0,6,6,0,0,2,0,0,"Adelaide Oval",49184,"Adelaide","Carlton",114,86
12892,"Riley","Thilthorpe","Adelaide",7,"6","2026-04-09",10,4,14,6,1,4,1,1,0,2,0,3,2,0,0,6,10,2,4,4,0,1,"Adelaide Oval",49184,"Adelaide","Carlton",114,86
11713,"Taylor","Walker","Adelaide",13,"6","2026-04-09",8,6,14,6,1,1,0,3,0,6,0,4,1,2,0,9,7,2,2,3,0,2,"Adelaide Oval",49184,"Adelaide","Carlton",114,86
12912,"Josh","Worrell","Adelaide",24,"6","2026-04-09",13,8,21,3,0,0,0,2,7,1,1,9,1,4,0,8,10,0,0,6,1,0,"Adelaide Oval",49184,"Adelaide","Carlton",114,86
12498,"Ben","Ainsworth","Carlton",12,"6","2026-04-09",8,5,13,3,2,0,0,1,0,2,1,0,0,0,0,4,9,0,0,0,0,1,"Adelaide Oval",49184,"Adelaide","Carlton",114,86
12965,"Jordan","Boyd","Carlton",37,"6","2026-04-09",12,1,13,3,0,0,0,1,1,2,0,2,0,0,0,3,8,0,0,4,0,0,"Adelaide Oval",49184,"Adelaide","Carlton",114,86
NA,"Talor","Byrne","Carlton",39,"6","2026-04-09",5,4,9,3,0,0,0,0,0,3,0,1,0,0,0,5,4,0,0,2,0,0,"Adelaide Oval",49184,"Adelaide","Carlton",114,86
13212,"Matt","Carroll","Carlton",32,"6","2026-04-09",8,5,13,2,1,0,0,1,0,3,0,2,1,1,0,7,5,1,1,3,0,2,"Adelaide Oval",49184,"Adelaide","Carlton",114,86
12603,"Adam","Cerra","Carlton",5,"6","2026-04-09",7,16,23,0,1,0,0,7,0,4,7,4,2,3,0,14,11,0,0,0,0,0,"Adelaide Oval",49184,"Adelaide","Carlton",114,86
13028,"Lachlan","Cowan","Carlton",2,"6","2026-04-09",14,4,18,3,0,0,0,2,3,3,1,4,0,1,0,4,11,0,0,1,0,0,"Adelaide Oval",49184,"Adelaide","Carlton",114,86
12261,"Patrick","Cripps","Carlton",9,"6","2026-04-09",13,16,29,2,0,2,0,9,1,4,7,10,2,4,0,16,13,1,1,1,0,1,"Adelaide Oval",49184,"Adelaide","Carlton",114,86
NA,"Wade","Derksen","Carlton",47,"6","2026-04-09",7,3,10,4,0,0,0,1,3,0,0,6,0,3,0,2,7,0,0,8,0,0,"Adelaide Oval",49184,"Adelaide","Carlton",114,86
12873,"Francis","Evans","Carlton",44,"6","2026-04-09",8,7,15,1,1,1,0,6,0,5,1,1,0,1,0,8,6,0,0,1,1,0,"Adelaide Oval",49184,"Adelaide","Carlton",114,86
12497,"Oliver","Florent","Carlton",14,"6","2026-04-09",16,9,25,3,1,0,0,4,5,5,2,4,0,0,0,10,12,0,0,1,0,0,"Adelaide Oval",49184,"Adelaide","Carlton",114,86
12091,"Nick","Haynes","Carlton",26,"6","2026-04-09",14,4,18,8,0,0,0,4,3,3,1,5,0,2,0,4,13,0,0,6,0,0,"Adelaide Oval",49184,"Adelaide","Carlton",114,86
13016,"Elijah","Hollands","Carlton",20,"6","2026-04-09",10,6,16,2,1,0,0,5,2,3,1,1,3,0,0,7,8,1,1,0,0,0,"Adelaide Oval",49184,"Adelaide","Carlton",114,86
13029,"Oliver","Hollands","Carlton",4,"6","2026-04-09",10,5,15,4,1,1,0,5,4,2,2,7,3,3,0,6,9,0,0,2,0,1,"Adelaide Oval",49184,"Adelaide","Carlton",114,86
12937,"Brodie","Kemp","Carlton",17,"6","2026-04-09",4,5,9,2,0,0,0,4,0,3,0,0,0,0,0,2,7,0,1,0,0,2,"Adelaide Oval",49184,"Adelaide","Carlton",114,86
12404,"Mitch","McGovern","Carlton",11,"6","2026-04-09",8,2,10,3,2,1,0,4,1,2,0,2,2,1,0,4,6,1,1,3,0,0,"Adelaide Oval",49184,"Adelaide","Carlton",114,86
12566,"Harry","McKay","Carlton",10,"6","2026-04-09",5,2,7,3,1,0,0,4,0,1,0,4,1,2,0,7,1,2,1,1,0,0,"Adelaide Oval",49184,"Adelaide","Carlton",114,86
12508,"Nic","Newman","Carlton",24,"6","2026-04-09",16,3,19,1,0,0,0,3,8,1,2,0,1,0,0,4,7,0,0,1,1,0,"Adelaide Oval",49184,"Adelaide","Carlton",114,86
13233,"Hudson","OKeeffe","Carlton",40,"6","2026-04-09",4,3,7,0,0,0,10,1,0,2,1,2,0,1,0,6,2,0,0,4,0,0,"Adelaide Oval",49184,"Adelaide","Carlton",114,86
12417,"Marc","Pittonet","Carlton",27,"6","2026-04-09",8,8,16,0,0,0,33,7,2,1,10,5,6,1,0,11,4,0,0,5,0,0,"Adelaide Oval",49184,"Adelaide","Carlton",114,86
13274,"Jagga","Smith","Carlton",7,"6","2026-04-09",10,9,19,0,0,0,0,3,2,4,5,3,0,1,0,10,10,0,0,0,0,0,"Adelaide Oval",49184,"Adelaide","Carlton",114,86
12684,"Sam","Walsh","Carlton",18,"6","2026-04-09",8,21,29,2,0,0,0,8,1,5,0,4,1,2,0,14,16,0,0,4,1,0,"Adelaide Oval",49184,"Adelaide","Carlton",114,86
12175,"Zac","Williams","Carlton",6,"6","2026-04-09",6,9,15,0,1,0,0,6,0,1,4,2,1,1,0,10,5,0,0,0,0,0,"Adelaide Oval",49184,"Adelaide","Carlton",114,86
12559,"Lewis","Young","Carlton",33,"6","2026-04-09",4,6,10,1,0,0,0,1,2,1,0,1,0,1,0,4,3,1,0,15,0,0,"Adelaide Oval",49184,"Adelaide","Carlton",114,86
NA,"Angus","Anderson","Collingwood",41,"6","2026-04-10",15,1,16,5,1,0,0,6,1,3,2,3,0,0,0,6,10,0,1,0,0,0,"Adelaide Oval",47275,"Collingwood","Fremantle",39,45
12660,"Darcy","Cameron","Collingwood",14,"6","2026-04-10",10,8,18,3,0,0,24,7,1,3,4,4,4,1,0,14,3,1,0,0,0,0,"Adelaide Oval",47275,"Collingwood","Fremantle",39,45
12061,"Jack","Crisp","Collingwood",25,"6","2026-04-10",14,9,23,6,1,0,0,3,3,2,0,4,1,0,0,12,11,1,1,2,0,0,"Adelaide Oval",47275,"Collingwood","Fremantle",39,45
12573,"Josh","Daicos","Collingwood",7,"6","2026-04-10",11,12,23,3,0,0,0,3,3,2,2,4,1,1,0,11,12,0,0,2,0,0,"Adelaide Oval",47275,"Collingwood","Fremantle",39,45
12943,"Nick","Daicos","Collingwood",35,"6","2026-04-10",19,12,31,4,0,1,0,1,5,7,5,5,1,1,0,10,20,1,0,0,1,1,"Adelaide Oval",47275,"Collingwood","Fremantle",39,45
12318,"Jordan","de Goey","Collingwood",2,"6","2026-04-10",2,4,6,1,0,0,0,0,0,2,0,1,0,0,0,3,4,1,0,0,0,0,"Adelaide Oval",47275,"Collingwood","Fremantle",39,45
12083,"Jamie","Elliott","Collingwood",5,"6","2026-04-10",6,9,15,1,0,0,0,3,0,3,1,2,1,1,0,4,10,0,0,0,0,0,"Adelaide Oval",47275,"Collingwood","Fremantle",39,45
12676,"Billy","Frampton","Collingwood",17,"6","2026-04-10",11,4,15,8,0,0,0,1,2,1,0,2,0,1,0,5,10,1,0,9,0,0,"Adelaide Oval",47275,"Collingwood","Fremantle",39,45
12495,"Dan","Houston","Collingwood",9,"6","2026-04-10",8,6,14,7,0,0,0,2,1,1,0,3,0,2,0,3,11,1,0,2,0,0,"Adelaide Oval",47275,"Collingwood","Fremantle",39,45
11967,"Jeremy","Howe","Collingwood",38,"6","2026-04-10",12,2,14,8,0,0,0,3,3,0,0,1,1,0,0,4,9,0,0,12,0,0,"Adelaide Oval",47275,"Collingwood","Fremantle",39,45
12578,"Patrick","Lipinski","Collingwood",1,"6","2026-04-10",7,10,17,1,0,0,0,4,2,2,3,0,1,0,0,5,11,0,0,1,0,0,"Adelaide Oval",47275,"Collingwood","Fremantle",39,45
13023,"Ned","Long","Collingwood",44,"6","2026-04-10",7,6,13,1,1,1,0,5,1,4,2,2,1,1,0,4,8,0,0,1,0,0,"Adelaide Oval",47275,"Collingwood","Fremantle",39,45
12371,"Brayden","Maynard","Collingwood",4,"6","2026-04-10",16,1,17,9,0,0,0,6,6,4,0,3,0,0,0,4,13,2,0,5,0,1,"Adelaide Oval",47275,"Collingwood","Fremantle",39,45
12876,"Beau","McCreery","Collingwood",31,"6","2026-04-10",8,5,13,4,0,0,0,7,1,4,0,0,0,0,0,1,10,0,0,1,0,1,"Adelaide Oval",47275,"Collingwood","Fremantle",39,45
12291,"Daniel","McStay","Collingwood",11,"6","2026-04-10",5,3,8,5,1,1,1,6,0,3,0,1,1,1,0,4,4,2,2,2,0,1,"Adelaide Oval",47275,"Collingwood","Fremantle",39,45
12300,"Tim","Membrey","Collingwood",28,"6","2026-04-10",9,4,13,7,1,2,0,2,0,2,0,1,0,0,0,2,11,0,3,1,0,0,"Adelaide Oval",47275,"Collingwood","Fremantle",39,45
4182,"Scott","Pendlebury","Collingwood",10,"6","2026-04-10",9,13,22,4,0,0,0,4,0,4,4,1,0,0,0,10,13,1,0,1,0,1,"Adelaide Oval",47275,"Collingwood","Fremantle",39,45
12536,"Harry","Perryman","Collingwood",12,"6","2026-04-10",10,6,16,7,0,0,0,4,2,3,1,0,1,0,0,7,9,0,0,2,0,0,"Adelaide Oval",47275,"Collingwood","Fremantle",39,45
12740,"Isaac","Quaynor","Collingwood",3,"6","2026-04-10",16,5,21,10,0,0,0,6,3,1,1,1,1,1,0,6,16,0,0,5,0,0,"Adelaide Oval",47275,"Collingwood","Fremantle",39,45
12700,"Lachie","Schultz","Collingwood",8,"6","2026-04-10",10,8,18,5,0,3,0,8,0,4,0,3,1,3,0,8,12,0,3,0,0,0,"Adelaide Oval",47275,"Collingwood","Fremantle",39,45
11751,"Steele","Sidebottom","Collingwood",22,"6","2026-04-10",7,7,14,1,0,0,0,4,2,2,4,4,1,1,0,5,7,0,0,1,0,0,"Adelaide Oval",47275,"Collingwood","Fremantle",39,45
13248,"Roan","Steele","Collingwood",45,"6","2026-04-10",9,4,13,1,0,0,0,4,1,4,1,1,1,0,0,7,5,0,0,2,0,0,"Adelaide Oval",47275,"Collingwood","Fremantle",39,45
NA,"Oscar","Steene","Collingwood",21,"6","2026-04-10",1,3,4,0,0,0,2,3,0,0,0,1,2,0,0,3,1,0,0,2,0,0,"Adelaide Oval",47275,"Collingwood","Fremantle",39,45
12983,"Jye","Amiss","Fremantle",24,"6","2026-04-10",10,2,12,7,2,0,0,0,0,3,0,0,1,0,0,5,8,1,2,3,1,0,"Adelaide Oval",47275,"Collingwood","Fremantle",39,45
12535,"Shai","Bolton","Fremantle",10,"6","2026-04-10",14,3,17,1,1,0,0,3,0,5,3,4,1,2,0,9,11,0,0,0,2,0,"Adelaide Oval",47275,"Collingwood","Fremantle",39,45
12589,"Andrew","Brayshaw","Fremantle",8,"6","2026-04-10",10,9,19,0,0,2,0,9,3,4,5,5,3,1,0,9,11,0,0,3,0,1,"Adelaide Oval",47275,"Collingwood","Fremantle",39,45
12875,"Heath","Chapman","Fremantle",5,"6","2026-04-10",11,6,17,3,0,0,0,1,7,3,0,3,1,1,0,3,13,0,0,3,0,0,"Adelaide Oval",47275,"Collingwood","Fremantle",39,45
12688,"Jordan","Clark","Fremantle",6,"6","2026-04-10",15,12,27,5,0,0,0,3,8,2,3,4,0,1,0,11,14,0,0,3,0,0,"Adelaide Oval",47275,"Collingwood","Fremantle",39,45
12544,"Brennan","Cox","Fremantle",36,"6","2026-04-10",6,7,13,3,0,0,0,2,4,0,1,1,0,1,0,4,8,0,0,13,0,0,"Adelaide Oval",47275,"Collingwood","Fremantle",39,45
12547,"Sean","Darcy","Fremantle",4,"6","2026-04-10",0,5,5,0,0,0,9,0,0,1,1,2,1,1,0,5,0,0,0,0,0,0,"Adelaide Oval",47275,"Collingwood","Fremantle",39,45
13204,"Isaiah","Dudley","Fremantle",43,"6","2026-04-10",6,2,8,2,2,0,0,4,1,0,1,4,1,1,0,3,3,0,1,1,0,0,"Adelaide Oval",47275,"Collingwood","Fremantle",39,45
12966,"Neil","Erasmus","Fremantle",28,"6","2026-04-10",10,8,18,4,0,0,0,1,5,2,0,3,0,1,0,3,15,0,0,0,0,0,"Adelaide Oval",47275,"Collingwood","Fremantle",39,45
12779,"Luke","Jackson","Fremantle",9,"6","2026-04-10",8,9,17,5,0,0,38,9,0,1,5,1,0,0,0,9,7,1,0,3,0,0,"Adelaide Oval",47275,"Collingwood","Fremantle",39,45
13047,"Matthew","Johnson","Fremantle",44,"6","2026-04-10",8,2,10,1,1,0,0,5,0,5,1,4,0,2,0,3,7,0,0,0,0,2,"Adelaide Oval",47275,"Collingwood","Fremantle",39,45
13033,"Judd","McVee","Fremantle",17,"6","2026-04-10",7,3,10,3,0,0,0,0,3,1,0,0,0,0,0,6,5,1,0,3,0,0,"Adelaide Oval",47275,"Collingwood","Fremantle",39,45
12141,"Jaeger","OMeara","Fremantle",2,"6","2026-04-10",12,9,21,5,0,0,0,2,4,0,1,2,0,0,0,5,17,0,0,1,0,0,"Adelaide Oval",47275,"Collingwood","Fremantle",39,45
12352,"Alex","Pearce","Fremantle",25,"6","2026-04-10",7,7,14,5,0,0,0,2,1,2,0,1,1,0,0,11,4,4,0,6,0,0,"Adelaide Oval",47275,"Collingwood","Fremantle",39,45
13180,"Murphy","Reid","Fremantle",16,"6","2026-04-10",11,11,22,4,0,0,0,1,0,4,0,3,0,0,0,9,13,0,0,1,0,2,"Adelaide Oval",47275,"Collingwood","Fremantle",39,45
12542,"Luke","Ryan","Fremantle",13,"6","2026-04-10",23,2,25,10,0,0,0,4,10,0,1,1,2,0,0,6,14,1,0,2,0,0,"Adelaide Oval",47275,"Collingwood","Fremantle",39,45
NA,"Chris","Scerri","Fremantle",45,"6","2026-04-10",0,7,7,0,0,0,0,1,0,0,0,3,0,3,0,3,5,0,0,0,0,0,"Adelaide Oval",47275,"Collingwood","Fremantle",39,45
12786,"Caleb","Serong","Fremantle",3,"6","2026-04-10",13,11,24,4,0,0,0,3,2,2,8,2,0,0,0,11,11,0,0,1,0,0,"Adelaide Oval",47275,"Collingwood","Fremantle",39,45
12672,"Sam","Switkowski","Fremantle",39,"6","2026-04-10",8,9,17,3,1,0,0,0,0,3,1,3,1,0,0,10,6,1,1,1,0,0,"Adelaide Oval",47275,"Collingwood","Fremantle",39,45
12887,"Josh","Treacy","Fremantle",35,"6","2026-04-10",7,7,14,4,0,0,0,4,0,3,0,3,1,2,0,7,7,3,0,1,0,0,"Adelaide Oval",47275,"Collingwood","Fremantle",39,45
13129,"Patrick","Voss","Fremantle",20,"6","2026-04-10",4,2,6,3,0,1,0,2,0,0,0,3,0,1,0,1,5,0,1,0,0,0,"Adelaide Oval",47275,"Collingwood","Fremantle",39,45
12453,"Corey","Wagner","Fremantle",34,"6","2026-04-10",10,6,16,2,0,0,0,3,3,2,3,0,0,0,0,7,9,0,0,2,1,1,"Adelaide Oval",47275,"Collingwood","Fremantle",39,45
13075,"Karl","Worner","Fremantle",23,"6","2026-04-10",12,7,19,7,0,0,0,4,4,2,0,2,1,2,0,7,11,0,0,5,0,0,"Adelaide Oval",47275,"Collingwood","Fremantle",39,45
13256,"Zac","Banch","North Melbourne",45,"6","2026-04-11",4,1,5,1,1,1,0,2,0,2,1,5,1,4,0,1,4,0,0,3,0,1,"Barossa Park",10613,"North Melbourne","Brisbane Lions",66,92
NA,"Tom","Blamires","North Melbourne",39,"6","2026-04-11",11,9,20,4,1,0,0,0,0,6,4,2,0,0,0,5,15,0,1,0,0,0,"Barossa Park",10613,"North Melbourne","Brisbane Lions",66,92
12730,"Callum","Coleman-Jones","North Melbourne",21,"6","2026-04-11",3,4,7,0,0,0,23,2,2,1,1,2,0,2,0,3,5,0,0,2,0,1,"Barossa Park",10613,"North Melbourne","Brisbane Lions",66,92
12938,"Charlie","Comben","North Melbourne",30,"6","2026-04-11",7,2,9,3,0,0,0,2,2,0,0,2,0,1,0,2,8,1,0,5,0,0,"Barossa Park",10613,"North Melbourne","Brisbane Lions",66,92
12181,"Aidan","Corr","North Melbourne",4,"6","2026-04-11",9,2,11,3,0,0,0,2,3,0,0,3,1,1,0,3,7,0,0,1,0,0,"Barossa Park",10613,"North Melbourne","Brisbane Lions",66,92
12975,"Paul","Curtis","North Melbourne",25,"6","2026-04-11",10,8,18,4,1,3,0,4,0,5,0,3,1,1,0,8,11,0,1,2,0,1,"Barossa Park",10613,"North Melbourne","Brisbane Lions",66,92
12373,"Caleb","Daniel","North Melbourne",5,"6","2026-04-11",8,10,18,2,0,0,0,3,5,0,1,4,0,2,0,6,9,0,0,1,2,0,"Barossa Park",10613,"North Melbourne","Brisbane Lions",66,92
11905,"Jack","Darling","North Melbourne",27,"6","2026-04-11",7,5,12,2,1,1,3,4,2,1,1,3,1,0,0,7,3,1,0,2,0,1,"Barossa Park",10613,"North Melbourne","Brisbane Lions",66,92
12590,"Luke","Davies-Uniacke","North Melbourne",9,"6","2026-04-11",12,15,27,3,1,0,0,8,2,4,7,2,1,1,0,10,18,0,1,0,1,0,"Barossa Park",10613,"North Melbourne","Brisbane Lions",66,92
13106,"Zane","Duursma","North Melbourne",7,"6","2026-04-11",1,3,4,1,0,1,0,1,0,0,0,0,1,0,0,2,3,0,1,1,0,0,"Barossa Park",10613,"North Melbourne","Brisbane Lions",66,92
12563,"Nick","Larkey","North Melbourne",20,"6","2026-04-11",8,2,10,5,1,3,0,2,0,1,0,0,2,0,0,5,6,1,3,1,0,0,"Barossa Park",10613,"North Melbourne","Brisbane Lions",66,92
12511,"Griffin","Logue","North Melbourne",19,"6","2026-04-11",9,9,18,8,0,0,0,1,3,1,1,1,0,0,0,9,9,2,0,5,0,0,"Barossa Park",10613,"North Melbourne","Brisbane Lions",66,92
12246,"Luke","McDonald","North Melbourne",11,"6","2026-04-11",11,4,15,5,0,0,0,3,6,0,0,2,2,1,0,7,8,1,0,3,0,0,"Barossa Park",10613,"North Melbourne","Brisbane Lions",66,92
13107,"Colby","McKercher","North Melbourne",10,"6","2026-04-11",17,5,22,2,0,0,0,3,6,2,0,5,0,1,0,2,13,0,0,0,3,0,"Barossa Park",10613,"North Melbourne","Brisbane Lions",66,92
11953,"Luke","Parker","North Melbourne",26,"6","2026-04-11",15,10,25,9,0,0,0,0,4,2,2,3,1,1,0,9,15,2,0,3,0,0,"Barossa Park",10613,"North Melbourne","Brisbane Lions",66,92
12866,"Tom","Powell","North Melbourne",24,"6","2026-04-11",6,6,12,4,1,0,0,1,2,2,1,3,0,0,0,2,9,0,0,0,0,0,"Barossa Park",10613,"North Melbourne","Brisbane Lions",66,92
13034,"Harry","Sheezel","North Melbourne",3,"6","2026-04-11",13,17,30,6,0,1,0,4,3,3,6,4,0,1,0,13,17,0,1,0,0,1,"Barossa Park",10613,"North Melbourne","Brisbane Lions",66,92
12502,"Jy","Simpkin","North Melbourne",12,"6","2026-04-11",17,10,27,4,0,0,0,4,3,5,5,3,2,1,0,11,16,0,1,0,1,1,"Barossa Park",10613,"North Melbourne","Brisbane Lions",66,92
12622,"Charlie","Spargo","North Melbourne",13,"6","2026-04-11",3,4,7,1,0,0,0,2,0,2,1,2,0,2,0,1,8,0,1,1,0,0,"Barossa Park",10613,"North Melbourne","Brisbane Lions",66,92
12796,"Dylan","Stephens","North Melbourne",15,"6","2026-04-11",10,3,13,3,0,0,0,2,1,2,1,2,1,1,0,2,13,0,1,0,1,0,"Barossa Park",10613,"North Melbourne","Brisbane Lions",66,92
13263,"Cooper","Trembath","North Melbourne",47,"6","2026-04-11",6,6,12,8,2,1,5,3,0,1,2,1,0,0,0,8,4,5,3,2,0,0,"Barossa Park",10613,"North Melbourne","Brisbane Lions",66,92
13064,"George","Wardlaw","North Melbourne",6,"6","2026-04-11",10,7,17,2,0,0,0,5,1,3,3,1,1,0,0,11,8,0,0,4,0,0,"Barossa Park",10613,"North Melbourne","Brisbane Lions",66,92
12557,"Cameron","Zurhaar","North Melbourne",44,"6","2026-04-11",3,8,11,3,0,0,0,1,0,1,1,0,0,0,0,8,5,0,0,0,0,0,"Barossa Park",10613,"North Melbourne","Brisbane Lions",66,92
12655,"Oscar","Allen","Brisbane Lions",4,"6","2026-04-11",7,1,8,4,3,2,5,1,0,1,2,0,2,0,0,3,6,0,1,0,0,0,"Barossa Park",10613,"North Melbourne","Brisbane Lions",66,92
12340,"Harris","Andrews","Brisbane Lions",31,"6","2026-04-11",9,6,15,6,0,0,0,0,1,1,0,1,0,0,0,6,8,1,0,4,0,0,"Barossa Park",10613,"North Melbourne","Brisbane Lions",66,92
13197,"Levi","Ashcroft","Brisbane Lions",10,"6","2026-04-11",12,4,16,5,0,0,0,2,1,1,2,1,1,0,0,7,10,0,0,2,0,0,"Barossa Park",10613,"North Melbourne","Brisbane Lions",66,92
13040,"Will","Ashcroft","Brisbane Lions",8,"6","2026-04-11",11,8,19,1,0,0,0,6,3,3,5,7,1,3,0,6,13,0,0,0,0,0,"Barossa Park",10613,"North Melbourne","Brisbane Lions",66,92
12610,"Zac","Bailey","Brisbane Lions",33,"6","2026-04-11",14,7,21,4,2,0,0,5,3,4,1,2,0,0,0,6,14,0,0,1,1,2,"Barossa Park",10613,"North Melbourne","Brisbane Lions",66,92
12519,"Jarrod","Berry","Brisbane Lions",7,"6","2026-04-11",10,8,18,3,0,0,0,7,1,5,3,4,1,2,0,10,9,0,0,0,0,0,"Barossa Park",10613,"North Melbourne","Brisbane Lions",66,92
12277,"Charlie","Cameron","Brisbane Lions",23,"6","2026-04-11",8,1,9,2,1,0,0,3,1,1,1,5,2,2,0,3,3,0,0,1,0,1,"Barossa Park",10613,"North Melbourne","Brisbane Lions",66,92
12838,"Keidean","Coleman","Brisbane Lions",18,"6","2026-04-11",8,5,13,5,1,0,0,1,2,1,0,0,0,0,0,1,10,0,1,3,1,0,"Barossa Park",10613,"North Melbourne","Brisbane Lions",66,92
12810,"Sam","Draper","Brisbane Lions",2,"6","2026-04-11",11,1,12,3,2,0,20,0,1,1,5,2,2,1,0,10,2,1,0,4,0,1,"Barossa Park",10613,"North Melbourne","Brisbane Lions",66,92
12408,"Josh","Dunkley","Brisbane Lions",5,"6","2026-04-11",5,8,13,4,0,0,0,4,0,3,1,0,0,0,0,8,5,3,0,0,0,0,"Barossa Park",10613,"North Melbourne","Brisbane Lions",66,92
13072,"Jaspa","Fletcher","Brisbane Lions",3,"6","2026-04-11",9,3,12,5,0,0,0,5,2,3,0,2,1,1,0,4,7,0,0,1,0,0,"Barossa Park",10613,"North Melbourne","Brisbane Lions",66,92
12724,"Darcy","Fort","Brisbane Lions",32,"6","2026-04-11",3,1,4,2,0,0,24,3,1,1,2,1,0,1,0,3,2,0,0,4,0,0,"Barossa Park",10613,"North Melbourne","Brisbane Lions",66,92
13235,"Ty","Gallop","Brisbane Lions",22,"6","2026-04-11",6,0,6,3,0,0,0,2,1,3,0,1,1,0,0,3,3,1,0,6,0,0,"Barossa Park",10613,"North Melbourne","Brisbane Lions",66,92
11894,"Ryan","Lester","Brisbane Lions",35,"6","2026-04-11",9,3,12,6,0,0,0,1,3,1,1,1,0,0,0,1,12,0,0,5,0,0,"Barossa Park",10613,"North Melbourne","Brisbane Lions",66,92
12968,"Kai","Lohmann","Brisbane Lions",1,"6","2026-04-11",7,4,11,3,1,2,0,3,0,4,1,3,1,2,0,5,5,1,2,0,1,1,"Barossa Park",10613,"North Melbourne","Brisbane Lions",66,92
12090,"Lincoln","McCarthy","Brisbane Lions",11,"6","2026-04-11",7,5,12,3,2,1,0,1,1,1,1,2,1,0,0,2,8,0,2,2,0,0,"Barossa Park",10613,"North Melbourne","Brisbane Lions",66,92
12518,"Hugh","McCluggage","Brisbane Lions",6,"6","2026-04-11",12,8,20,6,0,1,0,5,2,4,1,2,0,0,0,6,14,0,0,1,0,0,"Barossa Park",10613,"North Melbourne","Brisbane Lions",66,92
13137,"Logan","Morris","Brisbane Lions",13,"6","2026-04-11",6,1,7,4,0,3,0,2,0,2,0,4,2,1,0,2,5,0,2,1,0,2,"Barossa Park",10613,"North Melbourne","Brisbane Lions",66,92
12055,"Lachie","Neale","Brisbane Lions",9,"6","2026-04-11",14,16,30,4,0,0,0,3,0,7,10,1,1,0,0,20,10,1,0,2,1,0,"Barossa Park",10613,"North Melbourne","Brisbane Lions",66,92
12592,"Cam","Rayner","Brisbane Lions",16,"6","2026-04-11",10,7,17,2,1,1,0,4,0,6,3,3,1,0,0,13,4,0,0,2,0,0,"Barossa Park",10613,"North Melbourne","Brisbane Lions",66,92
13138,"Bruce","Reville","Brisbane Lions",38,"6","2026-04-11",7,5,12,3,0,1,0,1,2,2,1,2,0,1,0,4,8,0,1,3,0,0,"Barossa Park",10613,"North Melbourne","Brisbane Lions",66,92
13026,"Darcy","Wilmot","Brisbane Lions",44,"6","2026-04-11",9,5,14,2,0,0,0,2,3,2,1,1,1,1,0,6,5,0,0,3,1,0,"Barossa Park",10613,"North Melbourne","Brisbane Lions",66,92
12076,"Dayne","Zorko","Brisbane Lions",15,"6","2026-04-11",7,1,8,0,0,0,0,1,5,1,0,1,2,0,0,2,3,0,0,0,0,1,"Barossa Park",10613,"North Melbourne","Brisbane Lions",66,92
13237,"Lachlan","Blakiston","Essendon",46,"6","2026-04-11",4,4,8,3,0,0,7,2,2,0,1,3,0,1,0,4,5,0,0,3,0,0,"Adelaide Oval",38006,"Essendon","Melbourne",113,68
13148,"Nate","Caddy","Essendon",30,"6","2026-04-11",9,3,12,3,2,3,0,1,0,3,0,2,1,0,0,4,8,0,3,0,0,1,"Adelaide Oval",38006,"Essendon","Melbourne",113,68
12755,"Jye","Caldwell","Essendon",6,"6","2026-04-11",9,7,16,0,0,0,0,4,1,3,6,2,0,0,0,8,8,0,0,0,0,1,"Adelaide Oval",38006,"Essendon","Melbourne",113,68
13223,"Archer","Day-Wicks","Essendon",44,"6","2026-04-11",7,8,15,3,1,0,0,3,1,2,0,5,1,1,0,5,10,0,0,1,0,0,"Adelaide Oval",38006,"Essendon","Melbourne",113,68
12925,"Sam","Durham","Essendon",22,"6","2026-04-11",11,5,16,6,1,0,0,1,1,4,0,2,0,1,0,5,13,1,0,1,1,1,"Adelaide Oval",38006,"Essendon","Melbourne",113,68
12696,"Xavier","Duursma","Essendon",28,"6","2026-04-11",11,10,21,7,2,0,0,2,0,2,1,1,1,0,0,10,12,1,1,1,0,1,"Adelaide Oval",38006,"Essendon","Melbourne",113,68
13198,"Tom","Edwards","Essendon",45,"6","2026-04-11",7,1,8,3,2,1,0,6,0,4,0,4,1,3,0,1,7,0,1,1,0,0,"Adelaide Oval",38006,"Essendon","Melbourne",113,68
NA,"Jacob","Farrow","Essendon",2,"6","2026-04-11",16,6,22,12,0,1,0,1,2,2,1,2,1,0,0,3,19,0,0,0,1,1,"Adelaide Oval",38006,"Essendon","Melbourne",113,68
12415,"Jade","Gresham","Essendon",11,"6","2026-04-11",10,3,13,4,1,1,0,1,0,2,1,1,2,1,0,5,6,0,1,0,0,0,"Adelaide Oval",38006,"Essendon","Melbourne",113,68
13177,"Isaac","Kako","Essendon",10,"6","2026-04-11",6,13,19,2,2,0,0,3,1,3,0,2,0,0,0,8,10,0,1,2,3,2,"Adelaide Oval",38006,"Essendon","Melbourne",113,68
12349,"Kyle","Langford","Essendon",4,"6","2026-04-11",16,11,27,8,0,1,0,2,5,2,2,3,0,0,0,10,17,2,0,1,0,0,"Adelaide Oval",38006,"Essendon","Melbourne",113,68
13238,"Archie","May","Essendon",26,"6","2026-04-11",4,0,4,4,2,1,0,2,0,0,0,3,0,2,0,2,2,2,3,3,0,0,"Adelaide Oval",38006,"Essendon","Melbourne",113,68
12491,"Andrew","McGrath","Essendon",1,"6","2026-04-11",6,7,13,1,0,0,0,2,2,2,3,0,1,0,0,5,8,0,0,1,0,1,"Adelaide Oval",38006,"Essendon","Melbourne",113,68
12580,"Ben","McKay","Essendon",32,"6","2026-04-11",14,9,23,11,0,0,0,2,3,0,0,4,0,1,0,7,13,3,0,1,0,0,"Adelaide Oval",38006,"Essendon","Melbourne",113,68
12241,"Zach","Merrett","Essendon",7,"6","2026-04-11",17,14,31,5,1,0,0,2,2,5,5,1,1,0,0,9,21,0,0,1,2,1,"Adelaide Oval",38006,"Essendon","Melbourne",113,68
12406,"Darcy","Parish","Essendon",3,"6","2026-04-11",18,16,34,6,0,0,0,1,0,8,7,2,1,1,0,11,24,0,0,1,0,3,"Adelaide Oval",38006,"Essendon","Melbourne",113,68
12874,"Jaxon","Prior","Essendon",25,"6","2026-04-11",12,5,17,10,0,0,0,3,6,1,0,2,1,0,0,3,15,0,0,3,0,0,"Adelaide Oval",38006,"Essendon","Melbourne",113,68
12889,"Zach","Reid","Essendon",31,"6","2026-04-11",15,3,18,11,0,0,0,0,1,0,1,1,1,0,0,2,14,0,0,5,0,0,"Adelaide Oval",38006,"Essendon","Melbourne",113,68
12631,"Jordan","Ridley","Essendon",14,"6","2026-04-11",17,9,26,11,0,0,0,1,1,1,1,0,0,0,0,6,19,0,0,2,0,0,"Adelaide Oval",38006,"Essendon","Melbourne",113,68
13168,"Archie","Roberts","Essendon",21,"6","2026-04-11",32,10,42,15,1,0,0,0,9,3,2,5,0,1,0,10,28,0,0,0,1,0,"Adelaide Oval",38006,"Essendon","Melbourne",113,68
NA,"Sullivan","Robey","Essendon",9,"6","2026-04-11",4,5,9,3,0,0,0,2,0,2,0,2,0,1,0,2,7,0,0,0,0,0,"Adelaide Oval",38006,"Essendon","Melbourne",113,68
13087,"Elijah","Tsatas","Essendon",5,"6","2026-04-11",12,17,29,3,1,0,0,0,2,3,1,1,0,0,0,8,21,0,0,0,0,0,"Adelaide Oval",38006,"Essendon","Melbourne",113,68
12366,"Peter","Wright","Essendon",20,"6","2026-04-11",15,3,18,8,1,0,14,4,0,2,8,2,3,2,0,14,9,2,1,5,0,0,"Adelaide Oval",38006,"Essendon","Melbourne",113,68
12756,"Kade","Chandler","Melbourne",37,"6","2026-04-11",4,10,14,3,1,0,0,1,0,2,2,2,0,0,0,6,8,0,1,0,0,1,"Adelaide Oval",38006,"Essendon","Melbourne",113,68
13015,"Jai","Culley","Melbourne",13,"6","2026-04-11",3,7,10,1,0,0,0,2,1,1,1,0,0,0,0,5,5,0,0,0,0,0,"Adelaide Oval",38006,"Essendon","Melbourne",113,68
12598,"Bayley","Fritsch","Melbourne",31,"6","2026-04-11",7,6,13,2,1,0,0,2,0,1,1,2,0,0,0,4,9,0,1,0,0,1,"Adelaide Oval",38006,"Essendon","Melbourne",113,68
11966,"Max","Gawn","Melbourne",11,"6","2026-04-11",14,8,22,1,1,0,34,2,3,4,11,6,5,2,0,19,7,0,0,5,0,0,"Adelaide Oval",38006,"Essendon","Melbourne",113,68
13098,"Blake","Howes","Melbourne",22,"6","2026-04-11",8,6,14,3,0,0,0,3,2,0,1,2,1,0,0,2,11,0,0,3,0,0,"Adelaide Oval",38006,"Essendon","Melbourne",113,68
12393,"Ed","Langdon","Melbourne",15,"6","2026-04-11",5,8,13,3,0,0,0,3,1,3,0,1,0,0,0,3,9,0,0,0,0,1,"Adelaide Oval",38006,"Essendon","Melbourne",113,68
13184,"Harvey","Langford","Melbourne",4,"6","2026-04-11",8,9,17,4,1,0,0,3,1,3,1,3,1,1,0,5,12,0,0,1,3,0,"Adelaide Oval",38006,"Essendon","Melbourne",113,68
12351,"Jake","Lever","Melbourne",8,"6","2026-04-11",16,2,18,10,0,0,0,2,7,0,0,4,0,2,0,1,14,0,0,1,0,0,"Adelaide Oval",38006,"Essendon","Melbourne",113,68
13185,"Xavier","Lindsay","Melbourne",5,"6","2026-04-11",13,3,16,0,0,0,0,2,4,2,0,2,1,0,0,4,9,0,0,1,0,1,"Adelaide Oval",38006,"Essendon","Melbourne",113,68
12009,"Tom","McDonald","Melbourne",25,"6","2026-04-11",12,3,15,10,0,0,0,2,2,3,0,5,0,2,0,2,12,0,0,6,1,0,"Adelaide Oval",38006,"Essendon","Melbourne",113,68
11820,"Jake","Melksham","Melbourne",18,"6","2026-04-11",2,3,5,1,0,0,0,1,0,1,0,1,0,1,0,0,4,0,0,3,0,0,"Adelaide Oval",38006,"Essendon","Melbourne",113,68
12639,"Brody","Mihocek","Melbourne",28,"6","2026-04-11",4,2,6,3,1,0,2,0,0,2,1,1,0,1,0,3,3,2,1,0,0,0,"Adelaide Oval",38006,"Essendon","Melbourne",113,68
12653,"Harry","Petty","Melbourne",35,"6","2026-04-11",4,3,7,5,0,1,3,1,1,1,1,1,0,0,0,4,2,3,1,0,0,0,"Adelaide Oval",38006,"Essendon","Melbourne",113,68
12771,"Kysaiah","Pickett","Melbourne",36,"6","2026-04-11",19,9,28,4,2,1,0,8,1,6,2,11,1,3,0,7,19,0,1,1,0,0,"Adelaide Oval",38006,"Essendon","Melbourne",113,68
NA,"Latrelle","Pickett","Melbourne",33,"6","2026-04-11",5,2,7,2,1,0,0,1,0,2,1,5,0,0,0,3,4,0,0,2,2,1,"Adelaide Oval",38006,"Essendon","Melbourne",113,68
12272,"Christian","Salem","Melbourne",3,"6","2026-04-11",11,1,12,1,0,0,0,2,3,3,0,1,0,0,0,3,6,0,0,0,0,0,"Adelaide Oval",38006,"Essendon","Melbourne",113,68
12864,"Harry","Sharp","Melbourne",30,"6","2026-04-11",9,5,14,3,1,1,0,2,0,6,0,1,1,0,0,6,8,0,0,0,0,0,"Adelaide Oval",38006,"Essendon","Melbourne",113,68
12693,"Tom","Sparrow","Melbourne",32,"6","2026-04-11",8,10,18,1,1,0,0,6,1,2,3,2,1,0,0,7,8,0,1,1,0,0,"Adelaide Oval",38006,"Essendon","Melbourne",113,68
12368,"Jack","Steele","Melbourne",9,"6","2026-04-11",12,16,28,5,0,1,0,5,1,3,6,5,1,1,0,12,15,0,1,1,0,0,"Adelaide Oval",38006,"Essendon","Melbourne",113,68
13123,"Koltyn","Tholstrup","Melbourne",12,"6","2026-04-11",13,9,22,3,0,0,0,1,4,2,0,5,2,2,0,5,14,0,0,1,0,0,"Adelaide Oval",38006,"Essendon","Melbourne",113,68
12996,"Daniel","Turner","Melbourne",10,"6","2026-04-11",10,7,17,7,0,0,0,2,5,2,0,4,1,0,0,9,8,1,0,8,0,1,"Adelaide Oval",38006,"Essendon","Melbourne",113,68
13048,"Jacob","van Rooyen","Melbourne",2,"6","2026-04-11",3,6,9,2,0,2,0,0,0,0,0,1,0,0,0,3,6,1,2,4,0,2,"Adelaide Oval",38006,"Essendon","Melbourne",113,68
13099,"Caleb","Windsor","Melbourne",6,"6","2026-04-11",7,0,7,4,0,0,0,3,0,3,1,2,0,0,0,2,4,0,0,2,1,0,"Adelaide Oval",38006,"Essendon","Melbourne",113,68
12844,"Joel","Amartey","Sydney",36,"6","2026-04-11",5,2,7,5,0,3,1,2,0,1,1,1,1,0,0,3,5,1,3,3,0,1,"Norwood Oval",9228,"Sydney","Gold Coast",100,68
13195,"Riley","Bice","Sydney",26,"6","2026-04-11",12,6,18,4,1,0,0,1,4,2,0,3,0,1,0,1,12,0,1,1,1,0,"Norwood Oval",9228,"Sydney","Gold Coast",100,68
12699,"Nick","Blakey","Sydney",22,"6","2026-04-11",17,7,24,2,0,0,0,2,7,6,0,5,1,3,0,5,13,0,0,5,4,0,"Norwood Oval",9228,"Sydney","Gold Coast",100,68
12015,"Harry","Cunningham","Sydney",7,"6","2026-04-11",7,6,13,3,1,1,0,4,0,1,1,0,1,0,0,2,11,0,2,3,0,0,"Norwood Oval",9228,"Sydney","Gold Coast",100,68
12421,"Charlie","Curnow","Sydney",35,"6","2026-04-11",10,1,11,5,0,4,0,0,0,2,1,6,2,3,0,9,4,3,3,4,0,0,"Norwood Oval",9228,"Sydney","Gold Coast",100,68
12217,"Brodie","Grundy","Sydney",4,"6","2026-04-11",5,15,20,4,0,1,36,12,1,0,7,9,3,5,0,10,10,0,1,2,1,0,"Norwood Oval",9228,"Sydney","Gold Coast",100,68
12359,"Joel","Hamling","Sydney",29,"6","2026-04-11",6,8,14,3,0,0,0,3,4,0,0,1,2,1,0,7,7,0,0,4,0,0,"Norwood Oval",9228,"Sydney","Gold Coast",100,68
12326,"Isaac","Heeney","Sydney",5,"6","2026-04-11",17,16,33,2,2,0,0,11,2,7,10,4,3,1,0,18,14,1,2,2,0,2,"Norwood Oval",9228,"Sydney","Gold Coast",100,68
12860,"James","Jordon","Sydney",17,"6","2026-04-11",3,11,14,0,0,0,0,5,1,2,2,3,3,2,0,8,6,0,0,0,0,1,"Norwood Oval",9228,"Sydney","Gold Coast",100,68
12268,"Jake","Lloyd","Sydney",44,"6","2026-04-11",8,3,11,2,0,0,0,3,0,3,1,3,1,0,0,5,6,0,0,0,0,0,"Norwood Oval",9228,"Sydney","Gold Coast",100,68
12627,"Tom","McCartin","Sydney",30,"6","2026-04-11",11,13,24,7,0,0,0,0,7,1,0,3,4,1,0,11,13,2,0,6,0,0,"Norwood Oval",9228,"Sydney","Gold Coast",100,68
12861,"Logan","McDonald","Sydney",6,"6","2026-04-11",5,4,9,4,1,2,2,0,2,0,0,1,0,0,0,3,5,2,3,0,0,0,"Norwood Oval",9228,"Sydney","Gold Coast",100,68
12711,"Justin","McInerney","Sydney",27,"6","2026-04-11",12,15,27,5,1,1,0,2,4,6,6,5,1,1,0,8,18,0,1,2,0,2,"Norwood Oval",9228,"Sydney","Gold Coast",100,68
12413,"Callum","Mills","Sydney",14,"6","2026-04-11",11,14,25,3,0,0,0,7,5,4,0,7,3,1,0,9,14,0,0,6,0,0,"Norwood Oval",9228,"Sydney","Gold Coast",100,68
12412,"Tom","Papley","Sydney",11,"6","2026-04-11",11,6,17,2,3,3,0,7,0,3,1,2,2,0,0,8,8,0,0,2,0,0,"Norwood Oval",9228,"Sydney","Gold Coast",100,68
12140,"Dane","Rampe","Sydney",24,"6","2026-04-11",9,8,17,2,0,0,0,3,5,2,1,3,1,0,0,5,10,0,0,5,0,1,"Norwood Oval",9228,"Sydney","Gold Coast",100,68
12994,"Matt","Roberts","Sydney",34,"6","2026-04-11",16,9,25,4,0,0,0,3,2,2,2,5,1,1,0,9,16,0,0,0,0,0,"Norwood Oval",9228,"Sydney","Gold Coast",100,68
12903,"Malcolm","Rosas","Sydney",10,"6","2026-04-11",7,5,12,1,2,0,0,3,0,2,0,0,0,0,0,3,8,0,0,1,3,1,"Norwood Oval",9228,"Sydney","Gold Coast",100,68
12714,"James","Rowbottom","Sydney",8,"6","2026-04-11",6,9,15,0,0,0,0,10,0,3,3,2,2,1,0,6,9,0,0,0,0,0,"Norwood Oval",9228,"Sydney","Gold Coast",100,68
13022,"Jai","Serong","Sydney",13,"6","2026-04-11",7,5,12,4,0,0,0,7,1,3,1,2,2,0,0,6,8,1,0,2,0,1,"Norwood Oval",9228,"Sydney","Gold Coast",100,68
12797,"Chad","Warner","Sydney",1,"6","2026-04-11",12,10,22,1,2,0,0,6,0,9,6,9,2,2,0,13,9,0,0,1,0,0,"Norwood Oval",9228,"Sydney","Gold Coast",100,68
13053,"Corey","Warner","Sydney",37,"6","2026-04-11",5,1,6,1,1,0,0,2,1,2,0,0,0,0,0,0,6,0,0,0,0,0,"Norwood Oval",9228,"Sydney","Gold Coast",100,68
12818,"Sam","Wicks","Sydney",15,"6","2026-04-11",8,7,15,2,0,0,0,4,1,1,0,2,0,1,0,2,13,0,0,2,2,0,"Norwood Oval",9228,"Sydney","Gold Coast",100,68
12767,"Noah","Anderson","Gold Coast",15,"6","2026-04-11",11,9,20,1,0,0,0,3,2,4,5,5,1,4,0,10,10,0,0,0,0,0,"Norwood Oval",9228,"Sydney","Gold Coast",100,68
13019,"Mac","Andrew","Gold Coast",1,"6","2026-04-11",11,6,17,6,0,0,11,0,0,3,2,2,1,2,0,2,14,0,0,2,0,2,"Norwood Oval",9228,"Sydney","Gold Coast",100,68
12625,"Charlie","Ballard","Gold Coast",10,"6","2026-04-11",4,4,8,1,0,0,0,2,2,0,0,0,1,0,0,3,5,0,0,4,0,0,"Norwood Oval",9228,"Sydney","Gold Coast",100,68
13119,"Sam","Clohesy","Gold Coast",33,"6","2026-04-11",6,7,13,1,0,0,0,2,1,1,0,2,1,1,0,3,8,0,0,2,0,0,"Norwood Oval",9228,"Sydney","Gold Coast",100,68
12444,"Sam","Collins","Gold Coast",25,"6","2026-04-11",5,7,12,4,0,0,0,1,1,1,0,2,1,1,0,4,7,0,0,6,0,0,"Norwood Oval",9228,"Sydney","Gold Coast",100,68
12942,"Alex","Davies","Gold Coast",5,"6","2026-04-11",3,8,11,0,1,1,0,2,0,1,1,1,2,1,0,8,2,0,0,1,0,0,"Norwood Oval",9228,"Sydney","Gold Coast",100,68
13120,"Will","Graham","Gold Coast",26,"6","2026-04-11",8,9,17,3,1,1,0,5,1,5,2,3,1,1,0,11,8,0,0,0,0,1,"Norwood Oval",9228,"Sydney","Gold Coast",100,68
13272,"Lachlan","Gulbin","Gold Coast",39,"6","2026-04-11",3,3,6,0,0,0,0,4,0,1,0,3,1,0,0,7,1,0,0,2,0,1,"Norwood Oval",9228,"Sydney","Gold Coast",100,68
12933,"Joel","Jeffrey","Gold Coast",16,"6","2026-04-11",5,6,11,1,0,0,0,2,1,3,1,1,1,1,0,4,7,0,0,3,1,0,"Norwood Oval",9228,"Sydney","Gold Coast",100,68
12728,"Ben","King","Gold Coast",34,"6","2026-04-11",4,1,5,1,2,1,0,0,0,0,0,2,1,2,0,2,3,0,1,1,0,0,"Norwood Oval",9228,"Sydney","Gold Coast",100,68
13232,"Leo","Lombard","Gold Coast",8,"6","2026-04-11",5,7,12,1,0,1,0,2,0,2,2,3,1,1,0,6,8,0,0,1,0,0,"Norwood Oval",9228,"Sydney","Gold Coast",100,68
12521,"Ben","Long","Gold Coast",22,"6","2026-04-11",10,4,14,2,3,2,0,4,0,4,1,4,0,2,0,4,8,0,1,2,0,0,"Norwood Oval",9228,"Sydney","Gold Coast",100,68
12331,"Touk","Miller","Gold Coast",11,"6","2026-04-11",10,16,26,3,0,0,0,3,3,4,6,7,0,2,0,12,14,0,0,0,0,0,"Norwood Oval",9228,"Sydney","Gold Coast",100,68
12743,"John","Noble","Gold Coast",2,"6","2026-04-11",14,10,24,2,0,0,0,1,9,3,0,1,0,0,0,3,14,0,0,2,0,0,"Norwood Oval",9228,"Sydney","Gold Coast",100,68
12652,"Wil","Powell","Gold Coast",27,"6","2026-04-11",10,4,14,7,0,1,0,3,6,3,1,4,0,1,0,4,10,0,0,2,0,0,"Norwood Oval",9228,"Sydney","Gold Coast",100,68
13121,"Ethan","Read","Gold Coast",20,"6","2026-04-11",3,3,6,1,0,0,1,2,2,0,0,5,1,4,0,3,3,0,0,1,0,0,"Norwood Oval",9228,"Sydney","Gold Coast",100,68
12403,"Daniel","Rioli","Gold Coast",17,"6","2026-04-11",5,5,10,3,0,0,0,2,1,2,0,1,0,0,0,1,8,0,0,1,1,0,"Norwood Oval",9228,"Sydney","Gold Coast",100,68
12768,"Matt","Rowell","Gold Coast",18,"6","2026-04-11",16,16,32,3,0,0,0,7,2,8,8,7,2,5,0,17,14,0,0,0,0,1,"Norwood Oval",9228,"Sydney","Gold Coast",100,68
13041,"Bodhi","Uwland","Gold Coast",6,"6","2026-04-11",20,6,26,3,0,0,0,1,7,1,2,2,2,0,0,8,9,0,0,3,0,0,"Norwood Oval",9228,"Sydney","Gold Coast",100,68
13278,"Zeke","Uwland","Gold Coast",32,"6","2026-04-11",7,7,14,2,0,2,0,2,3,4,1,3,1,1,0,3,12,0,0,0,0,0,"Norwood Oval",9228,"Sydney","Gold Coast",100,68
13114,"Jed","Walter","Gold Coast",4,"6","2026-04-11",6,1,7,2,2,1,1,0,0,0,0,2,2,2,0,6,2,0,2,3,0,0,"Norwood Oval",9228,"Sydney","Gold Coast",100,68
12385,"Lachie","Weller","Gold Coast",14,"6","2026-04-11",6,9,15,3,0,0,0,2,4,3,1,2,1,1,0,5,7,0,0,2,2,0,"Norwood Oval",9228,"Sydney","Gold Coast",100,68
12177,"Jarrod","Witts","Gold Coast",28,"6","2026-04-11",8,5,13,0,0,0,30,2,3,3,6,4,3,3,0,9,5,0,0,3,0,0,"Norwood Oval",9228,"Sydney","Gold Coast",100,68
12357,"Karl","Amon","Hawthorn",10,"6","2026-04-11",17,7,24,7,0,0,0,0,7,1,0,1,0,0,0,3,15,0,0,0,3,0,"Adelaide Oval",48451,"Hawthorn","Western Bulldogs",104,64
12383,"Tom","Barrass","Hawthorn",37,"6","2026-04-11",10,2,12,9,0,0,0,2,1,1,0,4,1,3,0,6,7,3,0,6,0,0,"Adelaide Oval",48451,"Hawthorn","Western Bulldogs",104,64
12558,"Josh","Battle","Hawthorn",24,"6","2026-04-11",18,5,23,13,0,0,0,1,7,1,0,3,0,1,0,7,14,4,0,1,1,0,"Adelaide Oval",48451,"Hawthorn","Western Bulldogs",104,64
12988,"Sam","Butler","Hawthorn",30,"6","2026-04-11",7,2,9,4,0,0,0,7,1,2,0,4,0,1,0,4,7,0,0,0,0,0,"Adelaide Oval",48451,"Hawthorn","Western Bulldogs",104,64
12485,"Mabior","Chol","Hawthorn",18,"6","2026-04-11",1,0,1,0,0,0,0,1,0,0,0,0,0,0,0,1,0,0,0,1,0,0,"Adelaide Oval",48451,"Hawthorn","Western Bulldogs",104,64
12998,"Massimo","DAmbrosio","Hawthorn",16,"6","2026-04-11",20,1,21,8,0,0,0,4,3,8,2,0,0,0,0,1,19,0,0,1,2,0,"Adelaide Oval",48451,"Hawthorn","Western Bulldogs",104,64
12927,"Jack","Ginnivan","Hawthorn",33,"6","2026-04-11",19,9,28,9,1,1,0,1,2,6,4,3,0,0,0,11,18,1,0,2,0,5,"Adelaide Oval",48451,"Hawthorn","Western Bulldogs",104,64
11845,"Jack","Gunston","Hawthorn",19,"6","2026-04-11",6,2,8,4,3,2,0,1,0,0,0,0,1,0,0,3,4,1,4,0,0,0,"Adelaide Oval",48451,"Hawthorn","Western Bulldogs",104,64
12469,"Blake","Hardwick","Hawthorn",15,"6","2026-04-11",19,6,25,10,0,0,0,6,3,3,0,0,2,0,0,6,17,0,0,6,1,0,"Adelaide Oval",48451,"Hawthorn","Western Bulldogs",104,64
12237,"Jarman","Impey","Hawthorn",4,"6","2026-04-11",17,9,26,10,0,0,0,0,5,2,0,6,0,1,0,2,20,0,0,0,0,0,"Adelaide Oval",48451,"Hawthorn","Western Bulldogs",104,64
12636,"Mitch","Lewis","Hawthorn",2,"6","2026-04-11",12,6,18,10,3,2,0,1,0,4,0,1,2,0,0,9,9,4,4,2,0,1,"Adelaide Oval",48451,"Hawthorn","Western Bulldogs",104,64
12954,"Connor","Macdonald","Hawthorn",9,"6","2026-04-11",15,8,23,6,1,1,0,3,1,6,6,2,1,1,0,8,14,0,2,0,1,0,"Adelaide Oval",48451,"Hawthorn","Western Bulldogs",104,64
13031,"Cam","Mackenzie","Hawthorn",28,"6","2026-04-11",9,8,17,3,0,1,0,4,0,1,3,2,2,1,0,6,12,0,0,0,0,1,"Adelaide Oval",48451,"Hawthorn","Western Bulldogs",104,64
12856,"Lloyd","Meek","Hawthorn",17,"6","2026-04-11",6,10,16,3,1,0,24,5,0,1,4,0,1,0,0,11,5,2,0,3,0,0,"Adelaide Oval",48451,"Hawthorn","Western Bulldogs",104,64
12710,"Dylan","Moore","Hawthorn",8,"6","2026-04-11",8,15,23,2,2,1,0,2,0,2,0,4,1,1,0,6,17,0,0,1,1,2,"Adelaide Oval",48451,"Hawthorn","Western Bulldogs",104,64
12670,"Conor","Nash","Hawthorn",11,"6","2026-04-11",7,11,18,4,0,0,0,4,2,2,5,3,0,2,0,10,8,0,0,1,0,0,"Adelaide Oval",48451,"Hawthorn","Western Bulldogs",104,64
12915,"Jai","Newcombe","Hawthorn",3,"6","2026-04-11",11,17,28,3,1,0,0,4,1,4,14,2,3,1,0,19,10,0,0,0,0,0,"Adelaide Oval",48451,"Hawthorn","Western Bulldogs",104,64
12841,"Flynn","Perez","Hawthorn",39,"6","2026-04-11",5,8,13,1,0,0,0,3,0,1,0,0,0,0,0,3,11,0,0,2,0,0,"Adelaide Oval",48451,"Hawthorn","Western Bulldogs",104,64
12906,"Ned","Reeves","Hawthorn",7,"6","2026-04-11",2,2,4,0,1,0,40,2,0,0,1,1,0,1,0,3,0,0,0,1,0,1,"Adelaide Oval",48451,"Hawthorn","Western Bulldogs",104,64
12332,"James","Sicily","Hawthorn",6,"6","2026-04-11",18,6,24,13,0,0,0,2,9,3,0,2,2,0,0,4,18,1,0,2,3,0,"Adelaide Oval",48451,"Hawthorn","Western Bulldogs",104,64
12955,"Josh","Ward","Hawthorn",25,"6","2026-04-11",8,6,14,2,0,0,0,1,1,1,1,1,1,0,0,6,8,0,0,0,0,0,"Adelaide Oval",48451,"Hawthorn","Western Bulldogs",104,64
13105,"Nick","Watson","Hawthorn",5,"6","2026-04-11",7,5,12,2,1,2,0,3,0,2,2,0,0,0,0,5,7,1,0,2,2,2,"Adelaide Oval",48451,"Hawthorn","Western Bulldogs",104,64
13057,"Josh","Weddle","Hawthorn",23,"6","2026-04-11",8,7,15,3,1,2,0,4,0,3,1,3,1,0,0,8,7,2,2,0,2,0,"Adelaide Oval",48451,"Hawthorn","Western Bulldogs",104,64
12723,"Oskar","Baker","Western Bulldogs",13,"6","2026-04-11",4,2,6,1,0,0,0,0,0,1,0,0,0,0,0,2,4,0,0,0,0,0,"Adelaide Oval",48451,"Hawthorn","Western Bulldogs",104,64
12269,"Marcus","Bontempelli","Western Bulldogs",4,"6","2026-04-11",17,9,26,5,0,1,0,4,6,7,2,5,1,0,0,9,16,1,1,2,0,1,"Adelaide Oval",48451,"Hawthorn","Western Bulldogs",104,64
12916,"Lachlan","Bramble","Western Bulldogs",29,"6","2026-04-11",5,8,13,2,0,0,0,3,3,0,0,0,0,0,0,3,7,0,0,0,0,0,"Adelaide Oval",48451,"Hawthorn","Western Bulldogs",104,64
12769,"Connor","Budarick","Western Bulldogs",19,"6","2026-04-11",9,6,15,4,0,0,0,3,0,0,1,1,1,0,0,5,8,0,0,4,0,0,"Adelaide Oval",48451,"Hawthorn","Western Bulldogs",104,64
13265,"Jordan","Croft","Western Bulldogs",16,"6","2026-04-11",5,5,10,4,1,1,1,2,0,3,2,0,1,0,0,7,3,1,2,0,0,1,"Adelaide Oval",48451,"Hawthorn","Western Bulldogs",104,64
12354,"Bailey","Dale","Western Bulldogs",31,"6","2026-04-11",18,2,20,6,0,0,0,1,8,0,0,4,0,0,0,2,10,1,0,1,1,0,"Adelaide Oval",48451,"Hawthorn","Western Bulldogs",104,64
13021,"Sam","Darcy","Western Bulldogs",10,"6","2026-04-11",8,3,11,5,2,2,0,0,0,1,0,2,3,2,0,6,5,2,4,3,0,1,"Adelaide Oval",48451,"Hawthorn","Western Bulldogs",104,64
13178,"Sam","Davidson","Western Bulldogs",42,"6","2026-04-11",10,1,11,3,0,2,0,4,0,4,0,0,0,0,0,2,9,0,0,1,0,1,"Adelaide Oval",48451,"Hawthorn","Western Bulldogs",104,64
13179,"Josh","Dolan","Western Bulldogs",26,"6","2026-04-11",5,5,10,4,1,1,0,0,0,2,0,1,0,0,0,4,6,0,1,0,0,0,"Adelaide Oval",48451,"Hawthorn","Western Bulldogs",104,64
NA,"Louis","Emmett","Western Bulldogs",25,"6","2026-04-11",2,6,8,0,0,0,5,1,1,1,4,1,1,1,0,4,3,0,0,2,0,0,"Adelaide Oval",48451,"Hawthorn","Western Bulldogs",104,64
13140,"Joel","Freijah","Western Bulldogs",27,"6","2026-04-11",6,11,17,2,1,0,0,2,2,0,3,2,0,2,0,4,13,0,1,0,1,0,"Adelaide Oval",48451,"Hawthorn","Western Bulldogs",104,64
13102,"Harvey","Gallagher","Western Bulldogs",12,"6","2026-04-11",6,4,10,1,1,0,0,0,0,3,0,2,1,0,0,4,6,0,0,0,0,0,"Adelaide Oval",48451,"Hawthorn","Western Bulldogs",104,64
13213,"Cooper","Hynes","Western Bulldogs",6,"6","2026-04-11",6,9,15,1,1,1,0,5,1,1,0,4,0,2,0,4,11,0,0,0,0,1,"Adelaide Oval",48451,"Hawthorn","Western Bulldogs",104,64
12455,"Matthew","Kennedy","Western Bulldogs",8,"6","2026-04-11",13,9,22,4,0,0,0,8,0,5,7,4,0,2,0,9,12,0,0,1,0,0,"Adelaide Oval",48451,"Hawthorn","Western Bulldogs",104,64
12900,"Buku","Khamis","Western Bulldogs",24,"6","2026-04-11",7,2,9,3,0,0,0,1,2,0,0,3,0,1,0,1,9,0,0,6,0,0,"Adelaide Oval",48451,"Hawthorn","Western Bulldogs",104,64
12282,"Rory","Lobb","Western Bulldogs",7,"6","2026-04-11",6,2,8,3,0,0,11,3,3,2,0,1,0,1,0,4,4,0,0,8,0,0,"Adelaide Oval",48451,"Hawthorn","Western Bulldogs",104,64
12594,"Aaron","Naughton","Western Bulldogs",33,"6","2026-04-11",6,1,7,3,1,3,0,1,0,2,0,1,1,0,0,5,2,1,2,1,0,0,"Adelaide Oval",48451,"Hawthorn","Western Bulldogs",104,64
13061,"James","ODonnell","Western Bulldogs",18,"6","2026-04-11",9,3,12,7,0,0,0,1,3,2,0,1,1,0,0,2,10,1,0,12,0,0,"Adelaide Oval",48451,"Hawthorn","Western Bulldogs",104,64
12605,"Ed","Richards","Western Bulldogs",20,"6","2026-04-11",13,9,22,4,0,0,0,7,0,7,3,2,0,2,0,9,14,0,0,0,2,1,"Adelaide Oval",48451,"Hawthorn","Western Bulldogs",104,64
13103,"Ryley","Sanders","Western Bulldogs",9,"6","2026-04-11",7,18,25,4,0,0,0,7,1,2,7,5,2,2,0,13,12,0,0,0,0,0,"Adelaide Oval",48451,"Hawthorn","Western Bulldogs",104,64
13276,"Michael","Sellwood","Western Bulldogs",37,"6","2026-04-11",10,7,17,5,0,0,0,2,4,4,0,3,0,0,0,9,7,1,0,1,0,0,"Adelaide Oval",48451,"Hawthorn","Western Bulldogs",104,64
12748,"Rhylee","West","Western Bulldogs",14,"6","2026-04-11",16,5,21,4,0,4,0,2,1,3,2,3,1,3,0,7,14,0,1,1,0,1,"Adelaide Oval",48451,"Hawthorn","Western Bulldogs",104,64
12441,"Bailey","Williams","Western Bulldogs",34,"6","2026-04-11",13,9,22,6,0,0,0,1,3,3,0,1,0,0,0,6,17,0,0,0,0,0,"Adelaide Oval",48451,"Hawthorn","Western Bulldogs",104,64
12690,"Tom","Atkins","Geelong",30,"6","2026-04-12",12,18,30,2,0,0,0,11,0,6,6,4,4,0,0,19,11,0,0,0,0,1,"Norwood Oval",9434,"Geelong","West Coast",122,76
12499,"Jack","Bowes","Geelong",12,"6","2026-04-12",11,8,19,5,1,0,0,3,1,5,2,1,0,0,0,6,12,0,0,2,1,0,"Norwood Oval",9434,"Geelong","West Coast",122,76
12871,"Tanner","Bruhn","Geelong",4,"6","2026-04-12",16,12,28,6,0,2,0,7,0,8,5,3,3,1,0,10,17,0,0,0,1,2,"Norwood Oval",9434,"Geelong","West Coast",122,76
12017,"Jeremy","Cameron","Geelong",5,"6","2026-04-12",9,4,13,6,3,1,0,4,0,2,0,3,0,1,0,7,6,3,4,0,0,0,"Norwood Oval",9434,"Geelong","West Coast",122,76
12806,"Brad","Close","Geelong",45,"6","2026-04-12",8,2,10,4,2,2,0,3,0,3,0,1,1,0,0,3,6,1,3,0,0,1,"Norwood Oval",9434,"Geelong","West Coast",122,76
12891,"Sam","De Koning","Geelong",16,"6","2026-04-12",4,8,12,3,1,0,12,3,2,1,1,2,0,2,0,5,6,1,0,4,0,0,"Norwood Oval",9434,"Geelong","West Coast",122,76
12974,"Oliver","Dempsey","Geelong",28,"6","2026-04-12",10,6,16,7,0,2,0,2,1,3,0,3,0,0,0,5,10,1,0,1,0,1,"Norwood Oval",9434,"Geelong","West Coast",122,76
NA,"Mitchell","Edwards","Geelong",11,"6","2026-04-12",1,7,8,1,0,1,20,3,0,0,3,6,2,4,0,8,2,1,0,3,0,0,"Norwood Oval",9434,"Geelong","West Coast",122,76
12551,"Zach","Guthrie","Geelong",39,"6","2026-04-12",9,4,13,3,0,0,0,2,0,0,0,0,0,0,0,4,11,0,0,8,0,0,"Norwood Oval",9434,"Geelong","West Coast",122,76
12851,"Oliver","Henry","Geelong",36,"6","2026-04-12",7,3,10,2,2,2,0,2,0,1,0,1,3,1,0,7,3,0,2,0,0,1,"Norwood Oval",9434,"Geelong","West Coast",122,76
12881,"Max","Holmes","Geelong",9,"6","2026-04-12",21,13,34,4,0,0,0,2,7,3,3,4,1,1,0,8,21,0,0,0,4,2,"Norwood Oval",9434,"Geelong","West Coast",122,76
13160,"Lawson","Humphries","Geelong",17,"6","2026-04-12",13,5,18,7,0,0,0,1,2,4,0,2,1,0,0,3,14,0,0,1,0,0,"Norwood Oval",9434,"Geelong","West Coast",122,76
12370,"Jake","Kolodjashnij","Geelong",8,"6","2026-04-12",8,4,12,5,0,0,0,0,1,1,0,6,0,2,0,3,9,2,0,4,0,0,"Norwood Oval",9434,"Geelong","West Coast",122,76
13104,"Shaun","Mannagh","Geelong",7,"6","2026-04-12",7,1,8,3,0,1,0,3,0,3,1,3,0,1,0,1,6,1,1,0,0,0,"Norwood Oval",9434,"Geelong","West Coast",122,76
12689,"Gryan","Miers","Geelong",32,"6","2026-04-12",9,10,19,3,0,0,0,1,0,1,1,0,0,0,0,6,13,0,0,1,0,0,"Norwood Oval",9434,"Geelong","West Coast",122,76
13066,"Oisin","Mullin","Geelong",34,"6","2026-04-12",5,7,12,5,0,0,0,3,1,1,0,1,0,0,0,2,10,0,0,0,0,0,"Norwood Oval",9434,"Geelong","West Coast",122,76
12992,"Shannon","Neale","Geelong",33,"6","2026-04-12",6,2,8,4,2,2,7,3,0,2,0,4,1,3,0,5,3,3,3,1,0,0,"Norwood Oval",9434,"Geelong","West Coast",122,76
12531,"Mark","OConnor","Geelong",42,"6","2026-04-12",7,7,14,3,3,0,0,3,0,3,1,2,0,1,0,4,9,0,1,0,0,1,"Norwood Oval",9434,"Geelong","West Coast",122,76
13122,"Connor","OSullivan","Geelong",14,"6","2026-04-12",14,5,19,12,0,1,0,1,7,0,0,5,1,0,0,5,15,0,0,6,0,0,"Norwood Oval",9434,"Geelong","West Coast",122,76
12692,"Bailey","Smith","Geelong",3,"6","2026-04-12",24,10,34,4,1,1,0,5,1,15,7,4,2,0,0,11,22,0,1,1,2,2,"Norwood Oval",9434,"Geelong","West Coast",122,76
12505,"Tom","Stewart","Geelong",44,"6","2026-04-12",12,2,14,2,0,0,0,2,5,1,0,6,1,3,0,4,7,0,0,7,0,0,"Norwood Oval",9434,"Geelong","West Coast",122,76
13217,"Oliver","Wiltshire","Geelong",21,"6","2026-04-12",6,2,8,3,1,1,0,2,1,2,1,1,1,0,0,4,4,1,1,0,0,0,"Norwood Oval",9434,"Geelong","West Coast",122,76
12619,"James","Worpel","Geelong",29,"6","2026-04-12",8,12,20,1,1,1,0,5,0,2,11,3,0,2,0,14,6,0,0,0,0,0,"Norwood Oval",9434,"Geelong","West Coast",122,76
13221,"Bo","Allan","West Coast",26,"6","2026-04-12",5,4,9,0,0,0,0,3,2,1,2,3,0,0,0,2,6,0,0,2,0,0,"Norwood Oval",9434,"Geelong","West Coast",122,76
12661,"Liam","Baker","West Coast",3,"6","2026-04-12",6,7,13,2,1,0,0,5,1,2,2,5,1,3,0,8,5,0,0,0,0,1,"Norwood Oval",9434,"Geelong","West Coast",122,76
13209,"Sandy","Brock","West Coast",41,"6","2026-04-12",5,5,10,1,0,0,0,0,3,0,0,5,1,3,0,6,7,1,0,1,0,0,"Norwood Oval",9434,"Geelong","West Coast",122,76
13210,"Hamish","Davis","West Coast",38,"6","2026-04-12",10,7,17,6,0,0,0,1,4,2,1,2,0,1,0,6,12,0,0,0,1,0,"Norwood Oval",9434,"Geelong","West Coast",122,76
NA,"Cooper","Duff-Tytler","West Coast",21,"6","2026-04-12",1,3,4,0,0,0,3,1,0,0,1,2,1,0,0,4,1,0,0,3,0,0,"Norwood Oval",9434,"Geelong","West Coast",122,76
12334,"Liam","Duggan","West Coast",14,"6","2026-04-12",16,6,22,2,0,1,0,4,9,2,1,6,1,1,0,4,15,0,0,6,0,0,"Norwood Oval",9434,"Geelong","West Coast",122,76
NA,"Willem","Duursma","West Coast",1,"6","2026-04-12",15,5,20,6,1,1,0,1,2,3,3,1,2,0,0,8,11,0,1,4,0,0,"Norwood Oval",9434,"Geelong","West Coast",122,76
13038,"Reuben","Ginbey","West Coast",7,"6","2026-04-12",8,8,16,7,0,0,0,1,2,0,2,0,0,0,0,6,10,0,0,3,0,0,"Norwood Oval",9434,"Geelong","West Coast",122,76
12576,"Jack","Graham","West Coast",17,"6","2026-04-12",5,9,14,0,1,0,0,6,1,2,2,4,1,3,0,6,7,0,0,0,0,0,"Norwood Oval",9434,"Geelong","West Coast",122,76
13044,"Elijah","Hewett","West Coast",8,"6","2026-04-12",6,8,14,5,0,1,0,4,1,1,0,4,1,0,0,4,10,1,0,0,0,0,"Norwood Oval",9434,"Geelong","West Coast",122,76
12957,"Brady","Hough","West Coast",19,"6","2026-04-12",6,3,9,4,0,0,0,1,2,3,0,2,0,0,0,1,8,0,0,2,0,1,"Norwood Oval",9434,"Geelong","West Coast",122,76
12595,"Tim","Kelly","West Coast",11,"6","2026-04-12",13,9,22,3,0,2,0,3,2,7,4,4,0,2,0,7,16,0,0,1,0,2,"Norwood Oval",9434,"Geelong","West Coast",122,76
NA,"Josh","Lindsay","West Coast",5,"6","2026-04-12",16,5,21,3,0,0,0,0,4,2,0,2,0,0,0,3,12,1,0,1,0,0,"Norwood Oval",9434,"Geelong","West Coast",122,76
13240,"Tom","McCarthy","West Coast",18,"6","2026-04-12",24,4,28,1,0,0,0,0,8,3,1,4,1,1,0,1,15,0,0,0,1,0,"Norwood Oval",9434,"Geelong","West Coast",122,76
12839,"Matthew","Owies","West Coast",16,"6","2026-04-12",4,3,7,2,1,0,0,4,0,1,0,1,0,0,0,3,3,0,1,0,0,0,"Norwood Oval",9434,"Geelong","West Coast",122,76
13196,"Archer","Reid","West Coast",22,"6","2026-04-12",1,1,2,2,0,0,3,4,0,1,0,2,0,1,0,0,2,0,0,0,0,0,"Norwood Oval",9434,"Geelong","West Coast",122,76
13111,"Harley","Reid","West Coast",9,"6","2026-04-12",10,12,22,3,1,0,0,2,1,3,6,11,2,5,0,12,8,0,1,3,3,1,"Norwood Oval",9434,"Geelong","West Coast",122,76
12774,"Deven","Robertson","West Coast",40,"6","2026-04-12",7,8,15,3,0,0,0,3,0,3,1,1,1,0,0,7,8,0,0,1,0,1,"Norwood Oval",9434,"Geelong","West Coast",122,76
12813,"Harry","Schoenberg","West Coast",48,"6","2026-04-12",6,5,11,2,1,1,0,3,0,0,1,4,1,0,0,5,5,0,1,0,0,0,"Norwood Oval",9434,"Geelong","West Coast",122,76
13247,"Jobe","Shanahan","West Coast",35,"6","2026-04-12",8,1,9,6,4,0,0,0,1,2,0,0,0,0,0,2,8,0,3,3,0,0,"Norwood Oval",9434,"Geelong","West Coast",122,76
12601,"Jake","Waterman","West Coast",2,"6","2026-04-12",10,2,12,6,1,3,0,1,0,4,0,0,2,0,0,3,9,0,2,2,0,1,"Norwood Oval",9434,"Geelong","West Coast",122,76
12836,"Bailey","Williams","West Coast",32,"6","2026-04-12",7,13,20,4,0,0,35,4,3,0,7,0,5,0,0,17,5,2,0,3,0,0,"Norwood Oval",9434,"Geelong","West Coast",122,76
13043,"Tylar","Young","West Coast",20,"6","2026-04-12",8,4,12,4,0,0,0,0,2,0,0,1,2,1,0,4,8,1,0,1,0,0,"Norwood Oval",9434,"Geelong","West Coast",122,76
13001,"Ryan","Angwin","Greater Western Sydney",9,"6","2026-04-12",7,7,14,0,2,0,0,1,1,1,0,1,0,1,0,4,12,0,0,1,0,0,"Barossa Park",10508,"Greater Western Sydney","Richmond",131,75
12782,"Lachie","Ash","Greater Western Sydney",7,"6","2026-04-12",22,13,35,4,0,0,0,0,8,2,4,4,1,0,0,8,23,0,0,1,2,0,"Barossa Park",10508,"Greater Western Sydney","Richmond",131,75
12772,"Toby","Bedford","Greater Western Sydney",14,"6","2026-04-12",7,6,13,5,2,1,0,3,0,0,0,1,2,0,0,4,9,0,1,0,0,1,"Barossa Park",10508,"Greater Western Sydney","Richmond",131,75
12846,"Jack","Buckley","Greater Western Sydney",44,"6","2026-04-12",11,2,13,6,0,0,0,0,6,1,0,1,2,0,0,4,8,1,0,7,0,0,"Barossa Park",10508,"Greater Western Sydney","Richmond",131,75
13054,"Aaron","Cadman","Greater Western Sydney",5,"6","2026-04-12",7,4,11,3,4,0,0,1,0,1,0,3,4,0,0,9,3,2,3,1,0,1,"Barossa Park",10508,"Greater Western Sydney","Richmond",131,75
12969,"Finn","Callaghan","Greater Western Sydney",17,"6","2026-04-12",14,23,37,4,0,0,0,5,4,5,6,9,3,4,0,17,23,0,0,0,0,1,"Barossa Park",10508,"Greater Western Sydney","Richmond",131,75
12028,"Stephen","Coniglio","Greater Western Sydney",3,"6","2026-04-12",3,4,7,1,0,0,0,2,0,1,1,1,0,1,0,1,7,0,0,0,0,0,"Barossa Park",10508,"Greater Western Sydney","Richmond",131,75
12656,"Brent","Daniels","Greater Western Sydney",16,"6","2026-04-12",9,5,14,4,3,0,0,0,0,4,1,3,1,1,0,7,8,0,0,1,0,1,"Barossa Park",10508,"Greater Western Sydney","Richmond",131,75
13164,"Joe","Fonti","Greater Western Sydney",37,"6","2026-04-12",8,6,14,4,0,0,0,4,5,0,0,5,1,2,0,2,10,0,0,3,2,0,"Barossa Park",10508,"Greater Western Sydney","Richmond",131,75
13279,"Phoenix","Gothard","Greater Western Sydney",11,"6","2026-04-12",8,10,18,3,1,0,0,3,0,2,0,2,2,2,0,3,16,0,1,1,2,3,"Barossa Park",10508,"Greater Western Sydney","Richmond",131,75
12025,"Toby","Greene","Greater Western Sydney",4,"6","2026-04-12",14,15,29,6,1,2,0,2,3,5,2,5,1,0,0,9,19,1,1,1,0,0,"Barossa Park",10508,"Greater Western Sydney","Richmond",131,75
NA,"Oliver","Hannaford","Greater Western Sydney",13,"6","2026-04-12",8,5,13,3,2,2,0,1,0,0,0,1,1,0,0,7,6,0,2,0,0,0,"Barossa Park",10508,"Greater Western Sydney","Richmond",131,75
12462,"Harry","Himmelberg","Greater Western Sydney",27,"6","2026-04-12",7,6,13,4,0,0,0,1,3,2,0,2,0,1,0,3,10,0,0,5,0,0,"Barossa Park",10508,"Greater Western Sydney","Richmond",131,75
12321,"Jesse","Hogan","Greater Western Sydney",23,"6","2026-04-12",9,0,9,6,2,2,0,1,0,4,0,1,2,0,0,4,5,2,3,1,0,1,"Barossa Park",10508,"Greater Western Sydney","Richmond",131,75
12750,"Connor","Idun","Greater Western Sydney",39,"6","2026-04-12",7,10,17,4,0,0,0,1,1,0,0,0,0,0,0,6,9,2,0,5,2,0,"Barossa Park",10508,"Greater Western Sydney","Richmond",131,75
12377,"Jayden","Laverde","Greater Western Sydney",25,"6","2026-04-12",9,11,20,7,0,0,0,0,2,0,0,2,0,1,0,5,15,2,0,7,0,0,"Barossa Park",10508,"Greater Western Sydney","Richmond",131,75
13236,"Nick","Madden","Greater Western Sydney",41,"6","2026-04-12",4,12,16,2,0,1,43,7,1,2,5,3,0,1,0,11,5,0,1,3,0,0,"Barossa Park",10508,"Greater Western Sydney","Richmond",131,75
12821,"Xavier","OHalloran","Greater Western Sydney",33,"6","2026-04-12",9,9,18,3,0,0,0,3,1,6,1,3,0,0,0,4,14,0,0,2,1,3,"Barossa Park",10508,"Greater Western Sydney","Richmond",131,75
12410,"Clayton","Oliver","Greater Western Sydney",10,"6","2026-04-12",10,21,31,1,0,0,0,5,6,3,8,3,0,2,0,15,15,0,0,1,0,1,"Barossa Park",10508,"Greater Western Sydney","Richmond",131,75
12834,"Jake","Riccardi","Greater Western Sydney",26,"6","2026-04-12",5,6,11,4,2,0,10,2,0,2,1,1,1,1,0,5,6,2,1,0,0,0,"Barossa Park",10508,"Greater Western Sydney","Richmond",131,75
12167,"Jake","Stringer","Greater Western Sydney",20,"6","2026-04-12",13,8,21,4,1,2,0,3,0,7,5,0,1,0,0,9,12,1,0,0,0,1,"Barossa Park",10508,"Greater Western Sydney","Richmond",131,75
13101,"Harvey","Thomas","Greater Western Sydney",1,"6","2026-04-12",9,11,20,3,0,0,0,4,3,3,0,2,2,0,0,9,11,0,0,2,1,0,"Barossa Park",10508,"Greater Western Sydney","Richmond",131,75
12143,"Lachie","Whitfield","Greater Western Sydney",6,"6","2026-04-12",14,17,31,9,0,0,0,3,4,3,1,4,0,2,0,6,20,0,0,0,0,0,"Barossa Park",10508,"Greater Western Sydney","Richmond",131,75
12686,"Noah","Balta","Richmond",21,"6","2026-04-12",9,5,14,8,0,1,0,3,2,2,0,4,0,1,0,4,10,2,0,5,0,0,"Barossa Park",10508,"Greater Western Sydney","Richmond",131,75
13078,"Sam","Banks","Richmond",6,"6","2026-04-12",9,8,17,3,0,0,0,2,2,3,1,0,0,0,0,5,12,0,0,2,0,0,"Barossa Park",10508,"Greater Western Sydney","Richmond",131,75
12456,"Nathan","Broad","Richmond",35,"6","2026-04-12",11,9,20,5,0,0,0,0,5,1,1,2,2,1,0,9,10,1,0,4,0,0,"Barossa Park",10508,"Greater Western Sydney","Richmond",131,75
13096,"Tom","Brown","Richmond",30,"6","2026-04-12",11,4,15,5,0,0,0,1,3,2,0,1,0,1,0,3,6,0,0,1,0,0,"Barossa Park",10508,"Greater Western Sydney","Richmond",131,75
13100,"Seth","Campbell","Richmond",44,"6","2026-04-12",12,4,16,4,1,1,0,2,0,5,2,3,1,1,0,8,8,1,1,2,0,1,"Barossa Park",10508,"Greater Western Sydney","Richmond",131,75
13214,"Jonty","Faull","Richmond",8,"6","2026-04-12",1,1,2,1,0,0,0,0,0,0,0,1,0,0,0,2,1,0,0,2,0,0,"Barossa Park",10508,"Greater Western Sydney","Richmond",131,75
13200,"Liam","Fawcett","Richmond",43,"6","2026-04-12",5,1,6,2,3,2,0,0,0,1,0,0,0,0,0,2,5,0,2,1,0,1,"Barossa Park",10508,"Greater Western Sydney","Richmond",131,75
13218,"Campbell","Gray","Richmond",50,"6","2026-04-12",1,4,5,1,1,0,4,1,0,0,1,1,0,1,0,2,3,1,1,1,0,0,"Barossa Park",10508,"Greater Western Sydney","Richmond",131,75
13145,"Steely","Green","Richmond",48,"6","2026-04-12",6,9,15,3,0,0,0,5,0,2,1,2,1,1,0,6,7,0,0,0,0,1,"Barossa Park",10508,"Greater Western Sydney","Richmond",131,75
NA,"Sam","Grlj","Richmond",24,"6","2026-04-12",6,8,14,1,0,0,0,5,1,1,0,2,1,0,0,4,10,0,0,0,1,0,"Barossa Park",10508,"Greater Western Sydney","Richmond",131,75
NA,"Oliver","Hayes-Brown","Richmond",47,"6","2026-04-12",3,7,10,1,0,0,15,1,1,3,4,1,1,0,0,8,2,0,0,1,0,0,"Barossa Park",10508,"Greater Western Sydney","Richmond",131,75
12440,"Jacob","Hopper","Richmond",2,"6","2026-04-12",12,14,26,2,0,2,0,2,1,3,9,8,2,0,0,18,8,0,0,0,0,0,"Barossa Park",10508,"Greater Western Sydney","Richmond",131,75
13190,"Sam","Lalor","Richmond",4,"6","2026-04-12",12,6,18,4,1,0,0,3,1,6,3,7,0,3,0,7,11,0,1,0,0,2,"Barossa Park",10508,"Greater Western Sydney","Richmond",131,75
13113,"Mykelti","Lefau","Richmond",42,"6","2026-04-12",4,2,6,2,4,0,0,5,0,3,0,2,2,1,0,6,2,1,2,3,0,0,"Barossa Park",10508,"Greater Western Sydney","Richmond",131,75
12941,"Ben","Miller","Richmond",12,"6","2026-04-12",12,3,15,9,0,0,0,0,5,1,0,2,1,2,0,5,10,0,0,12,0,0,"Barossa Park",10508,"Greater Western Sydney","Richmond",131,75
11917,"Dion","Prestia","Richmond",3,"6","2026-04-12",8,12,20,6,0,0,0,2,2,3,3,7,0,2,0,6,16,0,0,1,0,0,"Barossa Park",10508,"Greater Western Sydney","Richmond",131,75
12935,"Maurice","Rioli","Richmond",17,"6","2026-04-12",3,4,7,1,0,1,0,6,0,2,1,2,1,2,0,5,4,1,0,0,0,1,"Barossa Park",10508,"Greater Western Sydney","Richmond",131,75
12712,"Jack","Ross","Richmond",5,"6","2026-04-12",9,10,19,5,0,0,0,6,0,7,2,3,3,1,0,8,12,0,0,3,0,2,"Barossa Park",10508,"Greater Western Sydney","Richmond",131,75
12418,"Jayden","Short","Richmond",15,"6","2026-04-12",18,5,23,4,0,0,0,1,1,4,1,5,2,1,0,3,15,0,0,2,0,0,"Barossa Park",10508,"Greater Western Sydney","Richmond",131,75
13014,"Tyler","Sonsie","Richmond",40,"6","2026-04-12",12,5,17,5,0,0,0,0,3,4,0,2,0,1,0,3,15,0,0,0,0,0,"Barossa Park",10508,"Greater Western Sydney","Richmond",131,75
12504,"Tim","Taranto","Richmond",14,"6","2026-04-12",11,14,25,2,1,1,0,4,0,5,10,3,0,0,0,12,13,0,0,0,0,1,"Barossa Park",10508,"Greater Western Sydney","Richmond",131,75
13191,"Luke","Trainor","Richmond",11,"6","2026-04-12",6,6,12,0,0,0,0,3,1,1,0,8,1,4,0,5,7,0,0,2,0,0,"Barossa Park",10508,"Greater Western Sydney","Richmond",131,75
12174,"Nick","Vlastuin","Richmond",1,"6","2026-04-12",8,3,11,5,0,0,0,2,3,0,0,2,1,1,0,4,8,1,0,2,0,0,"Barossa Park",10508,"Greater Western Sydney","Richmond",131,75
12433,"Aliir","Aliir","Port Adelaide",21,"6","2026-04-12",15,1,16,11,0,0,0,3,1,2,0,3,2,0,0,6,8,3,0,5,0,0,"Adelaide Oval",47319,"Port Adelaide","St Kilda",67,81
12867,"Miles","Bergman","Port Adelaide",14,"6","2026-04-12",7,4,11,2,0,0,0,1,2,4,2,5,0,2,0,4,7,1,0,1,0,1,"Adelaide Oval",47319,"Port Adelaide","St Kilda",67,81
13188,"Joe","Berry","Port Adelaide",5,"6","2026-04-12",8,5,13,4,1,1,0,2,0,2,1,3,1,1,0,4,11,0,1,2,0,0,"Adelaide Oval",47319,"Port Adelaide","St Kilda",67,81
13007,"Jase","Burgoyne","Port Adelaide",7,"6","2026-04-12",13,2,15,5,0,1,0,2,2,3,2,3,1,2,0,8,7,1,1,0,0,0,"Adelaide Oval",47319,"Port Adelaide","St Kilda",67,81
12698,"Zak","Butters","Port Adelaide",9,"6","2026-04-12",18,13,31,2,1,1,0,6,0,10,5,4,1,0,0,16,15,0,0,4,1,0,"Adelaide Oval",47319,"Port Adelaide","St Kilda",67,81
12422,"Darcy","Byrne-Jones","Port Adelaide",33,"6","2026-04-12",14,7,21,6,1,0,0,0,3,2,1,3,0,0,0,6,14,1,1,3,0,0,"Adelaide Oval",47319,"Port Adelaide","St Kilda",67,81
12695,"Willem","Drew","Port Adelaide",28,"6","2026-04-12",9,10,19,3,0,0,0,8,0,8,5,6,1,3,0,14,5,1,0,4,0,1,"Adelaide Oval",47319,"Port Adelaide","St Kilda",67,81
12936,"Corey","Durdin","Port Adelaide",44,"6","2026-04-12",6,1,7,4,2,0,0,3,0,1,0,1,0,0,0,2,4,0,2,0,0,1,"Adelaide Oval",47319,"Port Adelaide","St Kilda",67,81
13156,"Logan","Evans","Port Adelaide",22,"6","2026-04-12",15,6,21,5,0,0,0,4,4,1,0,3,1,1,0,5,12,0,0,6,0,0,"Adelaide Oval",47319,"Port Adelaide","St Kilda",67,81
12664,"Kane","Farrell","Port Adelaide",6,"6","2026-04-12",17,3,20,9,0,0,0,4,3,0,0,7,0,1,0,5,13,0,0,2,0,0,"Adelaide Oval",47319,"Port Adelaide","St Kilda",67,81
12766,"Mitch","Georgiades","Port Adelaide",19,"6","2026-04-12",10,5,15,6,2,2,0,0,0,2,0,5,0,2,0,5,9,3,5,1,0,1,"Adelaide Oval",47319,"Port Adelaide","St Kilda",67,81
12956,"Jason","Horne-Francis","Port Adelaide",18,"6","2026-04-12",14,12,26,5,2,2,0,2,1,3,7,6,3,3,0,13,10,0,2,3,1,1,"Adelaide Oval",47319,"Port Adelaide","St Kilda",67,81
12882,"Lachie","Jones","Port Adelaide",34,"6","2026-04-12",12,6,18,9,0,0,0,2,3,2,0,2,0,0,0,4,11,0,0,6,0,1,"Adelaide Oval",47319,"Port Adelaide","St Kilda",67,81
NA,"Josh","Lai","Port Adelaide",43,"6","2026-04-12",6,3,9,4,0,0,0,0,1,0,1,1,1,1,0,4,6,1,0,2,0,0,"Adelaide Oval",47319,"Port Adelaide","St Kilda",67,81
12704,"Jack","Lukosius","Port Adelaide",12,"6","2026-04-12",10,2,12,5,0,1,0,1,0,5,1,3,0,0,0,2,10,0,0,2,0,0,"Adelaide Oval",47319,"Port Adelaide","St Kilda",67,81
13269,"Ewan","Mackinlay","Port Adelaide",31,"6","2026-04-12",9,6,15,5,0,1,0,7,0,0,0,0,2,0,0,4,11,0,0,0,0,0,"Adelaide Oval",47319,"Port Adelaide","St Kilda",67,81
12575,"Todd","Marshall","Port Adelaide",4,"6","2026-04-12",11,2,13,7,0,0,0,1,4,3,0,1,0,0,0,1,9,0,0,1,0,0,"Adelaide Oval",47319,"Port Adelaide","St Kilda",67,81
13139,"Joe","Richards","Port Adelaide",35,"6","2026-04-12",14,3,17,3,0,1,0,7,0,4,2,5,0,1,0,6,11,0,0,2,0,1,"Adelaide Oval",47319,"Port Adelaide","St Kilda",67,81
12890,"Jordon","Sweet","Port Adelaide",24,"6","2026-04-12",4,7,11,0,0,0,32,1,1,1,5,4,1,3,0,12,1,0,0,2,0,0,"Adelaide Oval",47319,"Port Adelaide","St Kilda",67,81
NA,"Jack","Watkins","Port Adelaide",37,"6","2026-04-12",8,5,13,1,0,0,0,1,1,2,0,4,0,0,0,4,7,0,0,0,0,0,"Adelaide Oval",47319,"Port Adelaide","St Kilda",67,81
12991,"Jacob","Wehr","Port Adelaide",15,"6","2026-04-12",6,3,9,2,0,0,0,7,0,1,0,1,0,0,0,0,8,0,1,1,0,0,"Adelaide Oval",47319,"Port Adelaide","St Kilda",67,81
13259,"Jack","Whitlock","Port Adelaide",17,"6","2026-04-12",4,2,6,4,0,1,2,2,0,1,0,2,0,0,0,1,6,0,0,1,0,0,"Adelaide Oval",47319,"Port Adelaide","St Kilda",67,81
12150,"Ollie","Wines","Port Adelaide",16,"6","2026-04-12",11,15,26,5,0,0,0,6,1,3,2,7,2,3,0,13,14,0,0,1,0,1,"Adelaide Oval",47319,"Port Adelaide","St Kilda",67,81
13220,"Hugh","Boxshall","St Kilda",38,"6","2026-04-12",8,1,9,2,0,0,0,9,1,1,1,2,2,1,0,5,3,0,0,1,0,0,"Adelaide Oval",47319,"Port Adelaide","St Kilda",67,81
12490,"Dan","Butler","St Kilda",16,"6","2026-04-12",5,4,9,2,0,0,0,7,1,1,0,2,1,2,0,5,5,1,0,0,0,0,"Adelaide Oval",47319,"Port Adelaide","St Kilda",67,81
12976,"Jack","Carroll","St Kilda",18,"6","2026-04-12",13,5,18,6,0,0,0,2,3,5,0,3,0,1,0,4,13,0,0,1,1,0,"Adelaide Oval",47319,"Port Adelaide","St Kilda",67,81
12591,"Hunter","Clark","St Kilda",11,"6","2026-04-12",13,2,15,7,0,0,0,3,5,1,1,1,0,0,0,2,14,0,0,1,0,0,"Adelaide Oval",47319,"Port Adelaide","St Kilda",67,81
12674,"Tom","De Koning","St Kilda",21,"6","2026-04-12",3,6,9,5,0,0,18,2,0,2,1,1,0,1,0,4,7,1,0,5,0,0,"Adelaide Oval",47319,"Port Adelaide","St Kilda",67,81
12824,"Sam","Flanders","St Kilda",9,"6","2026-04-12",10,8,18,3,0,0,0,7,4,1,2,5,2,0,0,8,10,0,0,0,2,0,"Adelaide Oval",47319,"Port Adelaide","St Kilda",67,81
13125,"Hugo","Garcia","St Kilda",34,"6","2026-04-12",18,8,26,4,1,0,0,4,3,2,10,4,2,0,0,14,12,0,0,1,0,0,"Adelaide Oval",47319,"Port Adelaide","St Kilda",67,81
13193,"Max","Hall","St Kilda",40,"6","2026-04-12",4,10,14,1,1,0,0,2,1,1,1,2,2,1,0,11,5,0,0,2,0,1,"Adelaide Oval",47319,"Port Adelaide","St Kilda",67,81
12609,"Jack","Higgins","St Kilda",1,"6","2026-04-12",4,3,7,2,0,1,0,2,0,0,0,2,0,1,0,1,6,0,0,1,0,0,"Adelaide Oval",47319,"Port Adelaide","St Kilda",67,81
12060,"Bradley","Hill","St Kilda",8,"6","2026-04-12",16,5,21,8,0,0,0,4,3,1,0,4,0,1,0,5,19,0,0,2,0,0,"Adelaide Oval",47319,"Port Adelaide","St Kilda",67,81
12564,"Rowan","Marshall","St Kilda",19,"6","2026-04-12",5,3,8,2,0,0,17,0,1,1,4,3,2,0,0,6,2,1,0,2,0,0,"Adelaide Oval",47319,"Port Adelaide","St Kilda",67,81
12948,"Mitch","Owens","St Kilda",10,"6","2026-04-12",4,5,9,1,2,0,0,4,0,0,1,3,1,2,0,8,3,1,0,3,0,0,"Adelaide Oval",47319,"Port Adelaide","St Kilda",67,81
13036,"Mattaes","Phillipou","St Kilda",25,"6","2026-04-12",7,8,15,2,2,3,0,5,0,2,2,1,0,0,0,3,12,0,2,0,0,0,"Adelaide Oval",47319,"Port Adelaide","St Kilda",67,81
12600,"Liam","Ryan","St Kilda",31,"6","2026-04-12",7,1,8,2,1,2,0,3,0,2,1,1,2,1,0,5,4,0,0,0,0,0,"Adelaide Oval",47319,"Port Adelaide","St Kilda",67,81
12929,"Cooper","Sharman","St Kilda",43,"6","2026-04-12",4,3,7,1,1,0,0,1,1,1,1,2,0,0,0,3,5,1,1,3,0,2,"Adelaide Oval",47319,"Port Adelaide","St Kilda",67,81
12458,"Jack","Silvagni","St Kilda",3,"6","2026-04-12",12,6,18,8,1,0,0,1,3,3,0,1,0,0,0,10,9,2,0,8,0,0,"Adelaide Oval",47319,"Port Adelaide","St Kilda",67,81
12325,"Jack","Sinclair","St Kilda",35,"6","2026-04-12",18,5,23,6,0,0,0,2,5,0,0,3,0,0,0,1,16,0,0,2,0,0,"Adelaide Oval",47319,"Port Adelaide","St Kilda",67,81
13243,"Alix","Tauru","St Kilda",26,"6","2026-04-12",6,7,13,4,0,0,0,4,2,3,1,2,2,1,0,4,8,0,0,8,0,1,"Adelaide Oval",47319,"Port Adelaide","St Kilda",67,81
12950,"Nasiah","Wanganeen-Milera","St Kilda",7,"6","2026-04-12",20,8,28,4,2,0,0,9,3,5,6,5,6,1,0,13,14,1,0,2,1,1,"Adelaide Oval",47319,"Port Adelaide","St Kilda",67,81
12703,"Callum","Wilkie","St Kilda",44,"6","2026-04-12",20,3,23,15,0,0,0,5,5,1,0,2,0,0,0,3,19,1,0,3,0,0,"Adelaide Oval",47319,"Port Adelaide","St Kilda",67,81
13110,"Darcy","Wilson","St Kilda",22,"6","2026-04-12",5,8,13,0,0,1,0,4,0,2,1,2,0,1,0,4,8,0,0,3,0,0,"Adelaide Oval",47319,"Port Adelaide","St Kilda",67,81
12967,"Marcus","Windhager","St Kilda",2,"6","2026-04-12",18,6,24,3,0,0,0,2,8,3,2,7,1,1,0,12,13,0,0,2,0,0,"Adelaide Oval",47319,"Port Adelaide","St Kilda",67,81
12312,"Mason","Wood","St Kilda",32,"6","2026-04-12",4,3,7,2,1,0,0,1,1,1,0,4,0,1,0,4,4,0,1,2,0,1,"Adelaide Oval",47319,"Port Adelaide","St Kilda",67,81
12498,"Ben","Ainsworth","Carlton",12,"7","2026-04-16",10,9,19,4,2,1,0,1,0,3,0,4,1,1,0,2,19,0,2,0,0,1,"M.C.G.",78058,"Carlton","Collingwood",83,88
NA,"Talor","Byrne","Carlton",39,"7","2026-04-16",5,3,8,4,0,2,0,3,0,1,2,3,3,0,0,4,6,1,1,3,1,0,"M.C.G.",78058,"Carlton","Collingwood",83,88
13212,"Matt","Carroll","Carlton",32,"7","2026-04-16",13,4,17,6,2,1,0,1,0,5,0,1,1,0,0,7,10,1,2,2,0,0,"M.C.G.",78058,"Carlton","Collingwood",83,88
12603,"Adam","Cerra","Carlton",5,"7","2026-04-16",11,11,22,4,0,1,0,4,3,1,1,4,0,0,0,9,13,0,0,0,0,0,"M.C.G.",78058,"Carlton","Collingwood",83,88
13028,"Lachlan","Cowan","Carlton",2,"7","2026-04-16",12,8,20,8,0,0,0,2,4,3,0,1,0,0,0,3,16,0,0,1,2,0,"M.C.G.",78058,"Carlton","Collingwood",83,88
12261,"Patrick","Cripps","Carlton",9,"7","2026-04-16",7,18,25,2,0,0,0,6,1,3,5,3,0,2,0,11,13,0,0,3,0,0,"M.C.G.",78058,"Carlton","Collingwood",83,88
13273,"Harry","Dean","Carlton",35,"7","2026-04-16",7,6,13,5,0,0,0,0,2,0,1,0,0,0,0,5,9,1,0,5,0,0,"M.C.G.",78058,"Carlton","Collingwood",83,88
12873,"Francis","Evans","Carlton",44,"7","2026-04-16",8,2,10,2,1,0,0,5,2,3,0,2,1,2,0,3,7,0,1,0,0,3,"M.C.G.",78058,"Carlton","Collingwood",83,88
12497,"Oliver","Florent","Carlton",14,"7","2026-04-16",17,6,23,3,0,0,0,4,6,2,2,2,0,1,0,6,13,0,0,2,0,0,"M.C.G.",78058,"Carlton","Collingwood",83,88
12091,"Nick","Haynes","Carlton",26,"7","2026-04-16",11,7,18,5,0,0,0,1,4,0,1,2,1,0,0,6,12,0,0,3,0,0,"M.C.G.",78058,"Carlton","Collingwood",83,88
12509,"Will","Hayward","Carlton",19,"7","2026-04-16",9,7,16,5,1,0,0,2,0,4,0,3,1,1,0,7,9,2,1,0,0,1,"M.C.G.",78058,"Carlton","Collingwood",83,88
13016,"Elijah","Hollands","Carlton",20,"7","2026-04-16",1,0,1,0,0,0,0,0,0,0,0,0,0,0,0,0,1,0,0,0,0,0,"M.C.G.",78058,"Carlton","Collingwood",83,88
13029,"Oliver","Hollands","Carlton",4,"7","2026-04-16",7,9,16,6,0,0,0,2,3,1,1,3,0,1,0,5,12,0,0,1,0,0,"M.C.G.",78058,"Carlton","Collingwood",83,88
12937,"Brodie","Kemp","Carlton",17,"7","2026-04-16",10,6,16,8,2,1,0,0,1,2,0,5,0,2,0,7,10,1,3,0,0,0,"M.C.G.",78058,"Carlton","Collingwood",83,88
12404,"Mitch","McGovern","Carlton",11,"7","2026-04-16",5,2,7,1,3,0,0,4,0,0,0,1,1,1,0,1,6,0,1,1,0,1,"M.C.G.",78058,"Carlton","Collingwood",83,88
12566,"Harry","McKay","Carlton",10,"7","2026-04-16",9,3,12,5,1,4,0,0,0,1,0,3,3,1,0,6,6,1,2,0,0,1,"M.C.G.",78058,"Carlton","Collingwood",83,88
12508,"Nic","Newman","Carlton",24,"7","2026-04-16",18,6,24,6,0,0,0,4,1,2,0,1,1,0,0,4,16,1,0,0,0,0,"M.C.G.",78058,"Carlton","Collingwood",83,88
12417,"Marc","Pittonet","Carlton",27,"7","2026-04-16",11,10,21,2,0,0,20,4,1,0,5,4,0,1,0,12,5,1,0,1,0,0,"M.C.G.",78058,"Carlton","Collingwood",83,88
13274,"Jagga","Smith","Carlton",7,"7","2026-04-16",9,11,20,1,0,0,0,3,1,2,4,1,0,0,0,7,13,0,0,2,0,0,"M.C.G.",78058,"Carlton","Collingwood",83,88
12684,"Sam","Walsh","Carlton",18,"7","2026-04-16",11,17,28,7,0,0,0,7,5,5,4,4,0,3,0,9,18,0,0,0,1,1,"M.C.G.",78058,"Carlton","Collingwood",83,88
12402,"Jacob","Weitering","Carlton",23,"7","2026-04-16",13,7,20,9,0,0,0,2,5,0,0,2,1,0,0,7,13,0,0,8,0,0,"M.C.G.",78058,"Carlton","Collingwood",83,88
12175,"Zac","Williams","Carlton",6,"7","2026-04-16",17,9,26,6,0,0,0,4,4,3,2,1,0,0,0,9,14,0,0,0,0,1,"M.C.G.",78058,"Carlton","Collingwood",83,88
12559,"Lewis","Young","Carlton",33,"7","2026-04-16",5,3,8,2,0,0,7,3,2,3,1,3,0,1,0,2,5,2,0,5,0,0,"M.C.G.",78058,"Carlton","Collingwood",83,88
13146,"Edward","Allan","Collingwood",16,"7","2026-04-16",6,4,10,4,0,0,0,4,1,1,0,1,1,0,0,4,6,0,0,0,0,0,"M.C.G.",78058,"Carlton","Collingwood",83,88
NA,"Angus","Anderson","Collingwood",41,"7","2026-04-16",12,5,17,3,0,0,0,5,1,6,2,4,3,0,0,5,10,0,0,1,0,2,"M.C.G.",78058,"Carlton","Collingwood",83,88
12660,"Darcy","Cameron","Collingwood",14,"7","2026-04-16",14,4,18,6,0,0,20,5,1,0,4,2,3,1,0,10,8,2,0,1,0,1,"M.C.G.",78058,"Carlton","Collingwood",83,88
12061,"Jack","Crisp","Collingwood",25,"7","2026-04-16",10,11,21,7,0,0,0,4,1,5,2,2,0,0,0,6,15,0,0,1,0,0,"M.C.G.",78058,"Carlton","Collingwood",83,88
12573,"Josh","Daicos","Collingwood",7,"7","2026-04-16",15,11,26,8,0,1,0,2,2,4,0,3,0,1,0,5,20,0,1,0,0,0,"M.C.G.",78058,"Carlton","Collingwood",83,88
12943,"Nick","Daicos","Collingwood",35,"7","2026-04-16",15,24,39,6,1,1,0,2,0,8,8,2,2,0,0,16,20,0,0,1,0,2,"M.C.G.",78058,"Carlton","Collingwood",83,88
12083,"Jamie","Elliott","Collingwood",5,"7","2026-04-16",11,7,18,2,3,1,0,1,0,2,1,5,0,2,0,4,11,0,2,3,0,1,"M.C.G.",78058,"Carlton","Collingwood",83,88
12676,"Billy","Frampton","Collingwood",17,"7","2026-04-16",10,4,14,10,0,0,0,1,3,0,0,2,2,1,0,3,11,0,0,6,0,0,"M.C.G.",78058,"Carlton","Collingwood",83,88
13228,"Will","Hayes","Collingwood",39,"7","2026-04-16",4,2,6,3,1,0,0,1,1,1,0,0,1,0,0,3,4,0,1,0,0,0,"M.C.G.",78058,"Carlton","Collingwood",83,88
12495,"Dan","Houston","Collingwood",9,"7","2026-04-16",18,7,25,12,0,1,0,2,3,3,1,2,0,1,0,2,23,0,0,0,0,0,"M.C.G.",78058,"Carlton","Collingwood",83,88
11967,"Jeremy","Howe","Collingwood",38,"7","2026-04-16",20,2,22,9,0,0,0,0,7,1,0,3,1,2,0,3,15,1,0,3,0,1,"M.C.G.",78058,"Carlton","Collingwood",83,88
12578,"Patrick","Lipinski","Collingwood",1,"7","2026-04-16",14,13,27,7,1,1,0,3,2,7,0,2,2,0,0,7,20,0,0,1,0,0,"M.C.G.",78058,"Carlton","Collingwood",83,88
13023,"Ned","Long","Collingwood",44,"7","2026-04-16",10,12,22,4,0,1,0,5,0,3,4,3,0,0,0,8,12,0,1,0,0,0,"M.C.G.",78058,"Carlton","Collingwood",83,88
12371,"Brayden","Maynard","Collingwood",4,"7","2026-04-16",14,4,18,6,0,0,0,4,3,1,0,1,1,0,0,5,10,0,0,5,0,0,"M.C.G.",78058,"Carlton","Collingwood",83,88
12876,"Beau","McCreery","Collingwood",31,"7","2026-04-16",9,6,15,1,1,0,0,7,1,4,3,2,1,1,0,8,7,0,0,1,1,0,"M.C.G.",78058,"Carlton","Collingwood",83,88
12291,"Daniel","McStay","Collingwood",11,"7","2026-04-16",5,2,7,5,2,0,0,0,0,1,0,6,0,2,0,1,6,0,2,1,0,0,"M.C.G.",78058,"Carlton","Collingwood",83,88
12300,"Tim","Membrey","Collingwood",28,"7","2026-04-16",6,3,9,4,2,0,0,1,0,2,0,0,0,0,0,1,8,0,0,1,0,2,"M.C.G.",78058,"Carlton","Collingwood",83,88
4182,"Scott","Pendlebury","Collingwood",10,"7","2026-04-16",10,14,24,6,0,0,0,3,1,0,4,0,0,0,0,5,19,0,0,3,0,0,"M.C.G.",78058,"Carlton","Collingwood",83,88
12536,"Harry","Perryman","Collingwood",12,"7","2026-04-16",17,10,27,11,0,1,0,3,1,3,0,3,0,1,0,6,19,1,0,4,1,1,"M.C.G.",78058,"Carlton","Collingwood",83,88
12740,"Isaac","Quaynor","Collingwood",3,"7","2026-04-16",7,4,11,4,0,0,0,0,0,0,0,1,0,1,0,2,8,0,0,3,1,0,"M.C.G.",78058,"Carlton","Collingwood",83,88
12700,"Lachie","Schultz","Collingwood",8,"7","2026-04-16",10,4,14,8,0,1,0,4,0,3,0,4,0,0,0,2,13,0,0,0,0,0,"M.C.G.",78058,"Carlton","Collingwood",83,88
13248,"Roan","Steele","Collingwood",45,"7","2026-04-16",11,7,18,6,0,1,0,2,2,2,2,3,0,1,0,4,12,0,0,1,0,0,"M.C.G.",78058,"Carlton","Collingwood",83,88
NA,"Oscar","Steene","Collingwood",21,"7","2026-04-16",4,4,8,4,2,0,15,3,0,1,0,1,1,0,0,3,4,2,3,0,0,0,"M.C.G.",78058,"Carlton","Collingwood",83,88
12690,"Tom","Atkins","Geelong",30,"7","2026-04-17",3,13,16,2,0,0,0,7,0,4,3,0,0,0,0,8,8,0,0,1,0,0,"Kardinia Park",33200,"Geelong","Western Bulldogs",131,56
12153,"Mark","Blicavs","Geelong",46,"7","2026-04-17",3,10,13,2,0,0,23,9,1,1,3,1,2,1,0,10,4,1,0,3,0,1,"Kardinia Park",33200,"Geelong","Western Bulldogs",131,56
12499,"Jack","Bowes","Geelong",12,"7","2026-04-17",13,10,23,6,0,3,0,2,0,5,0,5,1,1,0,5,17,0,2,0,0,2,"Kardinia Park",33200,"Geelong","Western Bulldogs",131,56
12871,"Tanner","Bruhn","Geelong",4,"7","2026-04-17",7,9,16,6,0,1,0,5,2,1,1,2,2,1,0,5,11,0,0,1,0,0,"Kardinia Park",33200,"Geelong","Western Bulldogs",131,56
12017,"Jeremy","Cameron","Geelong",5,"7","2026-04-17",16,2,18,10,10,1,0,0,0,2,0,3,1,1,0,4,13,2,7,2,0,0,"Kardinia Park",33200,"Geelong","Western Bulldogs",131,56
11700,"Patrick","Dangerfield","Geelong",35,"7","2026-04-17",10,9,19,6,2,3,0,1,0,2,3,4,1,1,0,8,11,1,5,0,0,1,"Kardinia Park",33200,"Geelong","Western Bulldogs",131,56
12891,"Sam","De Koning","Geelong",16,"7","2026-04-17",7,7,14,7,0,0,0,2,1,0,1,2,1,0,0,4,10,0,0,4,0,0,"Kardinia Park",33200,"Geelong","Western Bulldogs",131,56
12974,"Oliver","Dempsey","Geelong",28,"7","2026-04-17",14,13,27,5,1,0,0,2,4,3,1,2,1,1,0,2,22,0,0,1,0,0,"Kardinia Park",33200,"Geelong","Western Bulldogs",131,56
NA,"Mitchell","Edwards","Geelong",11,"7","2026-04-17",4,5,9,1,0,0,33,3,0,0,2,1,1,1,0,2,5,0,0,4,0,0,"Kardinia Park",33200,"Geelong","Western Bulldogs",131,56
12551,"Zach","Guthrie","Geelong",39,"7","2026-04-17",15,10,25,7,0,0,0,3,3,1,0,4,1,1,0,6,20,0,0,2,0,0,"Kardinia Park",33200,"Geelong","Western Bulldogs",131,56
12851,"Oliver","Henry","Geelong",36,"7","2026-04-17",5,4,9,1,1,0,0,1,0,3,0,4,0,2,0,2,8,0,0,0,0,0,"Kardinia Park",33200,"Geelong","Western Bulldogs",131,56
12881,"Max","Holmes","Geelong",9,"7","2026-04-17",18,10,28,7,0,0,0,1,4,5,1,2,0,1,0,5,22,0,0,0,1,2,"Kardinia Park",33200,"Geelong","Western Bulldogs",131,56
13160,"Lawson","Humphries","Geelong",17,"7","2026-04-17",19,5,24,8,1,0,0,3,2,4,0,4,1,1,0,10,14,1,0,1,0,0,"Kardinia Park",33200,"Geelong","Western Bulldogs",131,56
12370,"Jake","Kolodjashnij","Geelong",8,"7","2026-04-17",7,7,14,2,1,0,0,1,2,3,0,2,0,1,0,5,9,0,0,7,1,0,"Kardinia Park",33200,"Geelong","Western Bulldogs",131,56
13104,"Shaun","Mannagh","Geelong",7,"7","2026-04-17",17,4,21,1,0,0,0,4,1,8,5,3,2,0,0,10,11,0,0,0,1,1,"Kardinia Park",33200,"Geelong","Western Bulldogs",131,56
12236,"Jack","Martin","Geelong",19,"7","2026-04-17",12,6,18,9,1,2,0,2,1,2,1,4,1,1,0,5,13,0,4,0,0,3,"Kardinia Park",33200,"Geelong","Western Bulldogs",131,56
13066,"Oisin","Mullin","Geelong",34,"7","2026-04-17",10,3,13,5,0,2,0,5,1,4,0,3,0,1,0,1,12,0,1,0,0,1,"Kardinia Park",33200,"Geelong","Western Bulldogs",131,56
12992,"Shannon","Neale","Geelong",33,"7","2026-04-17",8,4,12,3,1,1,3,4,0,3,1,1,2,0,0,9,5,1,0,3,0,1,"Kardinia Park",33200,"Geelong","Western Bulldogs",131,56
13122,"Connor","OSullivan","Geelong",14,"7","2026-04-17",3,7,10,1,0,0,0,0,1,0,0,0,0,0,0,3,6,0,0,4,0,0,"Kardinia Park",33200,"Geelong","Western Bulldogs",131,56
12692,"Bailey","Smith","Geelong",3,"7","2026-04-17",24,9,33,8,1,0,0,7,2,6,11,6,3,2,0,16,15,0,2,2,0,1,"Kardinia Park",33200,"Geelong","Western Bulldogs",131,56
12505,"Tom","Stewart","Geelong",44,"7","2026-04-17",10,5,15,2,0,0,0,4,3,2,0,2,1,0,0,4,7,0,0,2,2,0,"Kardinia Park",33200,"Geelong","Western Bulldogs",131,56
13217,"Oliver","Wiltshire","Geelong",21,"7","2026-04-17",3,3,6,0,0,1,0,0,0,1,0,1,0,1,0,1,5,0,0,3,0,0,"Kardinia Park",33200,"Geelong","Western Bulldogs",131,56
12619,"James","Worpel","Geelong",29,"7","2026-04-17",9,7,16,4,0,0,0,7,3,7,2,3,0,3,0,7,9,0,0,0,0,1,"Kardinia Park",33200,"Geelong","Western Bulldogs",131,56
12723,"Oskar","Baker","Western Bulldogs",13,"7","2026-04-17",6,7,13,5,2,2,0,2,0,1,0,3,1,3,0,3,9,0,4,2,3,0,"Kardinia Park",33200,"Geelong","Western Bulldogs",131,56
12269,"Marcus","Bontempelli","Western Bulldogs",4,"7","2026-04-17",5,9,14,0,0,0,0,0,1,4,2,2,1,2,0,10,7,0,0,4,0,1,"Kardinia Park",33200,"Geelong","Western Bulldogs",131,56
12916,"Lachlan","Bramble","Western Bulldogs",29,"7","2026-04-17",8,3,11,1,0,0,0,0,2,1,0,2,0,1,0,2,5,0,0,0,0,0,"Kardinia Park",33200,"Geelong","Western Bulldogs",131,56
13265,"Jordan","Croft","Western Bulldogs",16,"7","2026-04-17",4,7,11,4,2,0,3,1,0,1,0,4,0,1,0,2,10,0,2,2,0,0,"Kardinia Park",33200,"Geelong","Western Bulldogs",131,56
12354,"Bailey","Dale","Western Bulldogs",31,"7","2026-04-17",21,8,29,4,0,0,0,3,7,4,1,3,0,0,0,5,14,0,0,1,2,1,"Kardinia Park",33200,"Geelong","Western Bulldogs",131,56
13021,"Sam","Darcy","Western Bulldogs",10,"7","2026-04-17",3,2,5,2,0,0,2,1,0,0,1,2,0,1,0,5,0,2,0,0,0,0,"Kardinia Park",33200,"Geelong","Western Bulldogs",131,56
13178,"Sam","Davidson","Western Bulldogs",42,"7","2026-04-17",12,7,19,3,0,1,0,1,3,2,1,1,3,1,0,8,12,1,1,1,0,0,"Kardinia Park",33200,"Geelong","Western Bulldogs",131,56
NA,"Louis","Emmett","Western Bulldogs",25,"7","2026-04-17",4,9,13,2,0,0,10,4,0,2,2,3,1,1,0,9,6,0,0,2,0,0,"Kardinia Park",33200,"Geelong","Western Bulldogs",131,56
13140,"Joel","Freijah","Western Bulldogs",27,"7","2026-04-17",9,7,16,7,0,0,0,2,0,3,2,4,0,1,0,6,12,0,0,3,1,0,"Kardinia Park",33200,"Geelong","Western Bulldogs",131,56
13213,"Cooper","Hynes","Western Bulldogs",6,"7","2026-04-17",7,6,13,4,0,0,0,4,2,3,1,2,1,0,0,7,8,0,1,3,0,0,"Kardinia Park",33200,"Geelong","Western Bulldogs",131,56
13275,"Lachie","Jaques","Western Bulldogs",11,"7","2026-04-17",7,3,10,2,0,0,0,4,0,2,0,1,0,1,0,1,7,0,0,1,0,1,"Kardinia Park",33200,"Geelong","Western Bulldogs",131,56
12455,"Matthew","Kennedy","Western Bulldogs",8,"7","2026-04-17",11,16,27,5,0,0,0,7,4,2,9,4,0,3,0,14,14,0,0,1,0,0,"Kardinia Park",33200,"Geelong","Western Bulldogs",131,56
12900,"Buku","Khamis","Western Bulldogs",24,"7","2026-04-17",5,3,8,4,0,0,0,3,2,0,1,3,1,1,0,1,8,0,0,5,0,0,"Kardinia Park",33200,"Geelong","Western Bulldogs",131,56
NA,"Will","Lewis","Western Bulldogs",28,"7","2026-04-17",6,4,10,4,1,0,0,2,0,4,1,4,2,0,0,3,7,0,1,1,0,2,"Kardinia Park",33200,"Geelong","Western Bulldogs",131,56
11898,"Tom","Liberatore","Western Bulldogs",21,"7","2026-04-17",7,6,13,2,0,0,0,5,3,3,1,0,0,0,0,2,10,0,0,1,0,0,"Kardinia Park",33200,"Geelong","Western Bulldogs",131,56
12282,"Rory","Lobb","Western Bulldogs",7,"7","2026-04-17",6,1,7,4,0,1,10,0,3,0,0,2,0,0,0,2,5,0,0,6,0,0,"Kardinia Park",33200,"Geelong","Western Bulldogs",131,56
12594,"Aaron","Naughton","Western Bulldogs",33,"7","2026-04-17",5,5,10,3,3,0,1,1,0,0,0,4,1,1,0,5,7,1,2,2,0,0,"Kardinia Park",33200,"Geelong","Western Bulldogs",131,56
13061,"James","ODonnell","Western Bulldogs",18,"7","2026-04-17",5,2,7,2,0,0,1,0,4,0,0,1,2,1,0,5,2,0,0,6,0,0,"Kardinia Park",33200,"Geelong","Western Bulldogs",131,56
12605,"Ed","Richards","Western Bulldogs",20,"7","2026-04-17",14,16,30,3,0,0,0,13,3,3,6,7,1,1,0,10,20,0,0,0,4,0,"Kardinia Park",33200,"Geelong","Western Bulldogs",131,56
13103,"Ryley","Sanders","Western Bulldogs",9,"7","2026-04-17",11,14,25,1,0,0,0,4,2,3,5,4,2,1,0,10,16,0,0,1,0,1,"Kardinia Park",33200,"Geelong","Western Bulldogs",131,56
13276,"Michael","Sellwood","Western Bulldogs",37,"7","2026-04-17",10,1,11,2,0,0,0,6,6,0,2,2,3,1,0,5,4,0,0,3,0,0,"Kardinia Park",33200,"Geelong","Western Bulldogs",131,56
12748,"Rhylee","West","Western Bulldogs",14,"7","2026-04-17",7,10,17,2,0,0,0,5,1,2,1,2,1,0,0,8,8,0,2,1,0,1,"Kardinia Park",33200,"Geelong","Western Bulldogs",131,56
12441,"Bailey","Williams","Western Bulldogs",34,"7","2026-04-17",15,11,26,8,0,0,0,3,5,1,1,3,1,0,0,5,20,0,0,1,0,0,"Kardinia Park",33200,"Geelong","Western Bulldogs",131,56
12844,"Joel","Amartey","Sydney",36,"7","2026-04-17",6,2,8,2,2,0,1,3,0,1,1,4,1,2,0,5,3,0,2,2,0,0,"S.C.G.",43986,"Sydney","Greater Western Sydney",107,66
13195,"Riley","Bice","Sydney",26,"7","2026-04-17",12,9,21,7,0,0,0,0,1,2,0,2,1,1,0,4,14,1,0,3,6,0,"S.C.G.",43986,"Sydney","Greater Western Sydney",107,66
12699,"Nick","Blakey","Sydney",22,"7","2026-04-17",22,12,34,4,1,1,0,3,8,6,2,7,2,1,0,8,23,0,0,6,12,1,"S.C.G.",43986,"Sydney","Greater Western Sydney",107,66
12015,"Harry","Cunningham","Sydney",7,"7","2026-04-17",7,6,13,3,0,0,0,5,0,4,0,1,1,0,0,3,9,1,0,2,0,2,"S.C.G.",43986,"Sydney","Greater Western Sydney",107,66
12421,"Charlie","Curnow","Sydney",35,"7","2026-04-17",7,3,10,3,3,0,0,0,0,3,0,1,1,0,0,6,5,1,1,3,0,1,"S.C.G.",43986,"Sydney","Greater Western Sydney",107,66
12217,"Brodie","Grundy","Sydney",4,"7","2026-04-17",10,17,27,4,0,1,37,6,3,4,7,8,1,3,0,11,15,1,0,4,1,1,"S.C.G.",43986,"Sydney","Greater Western Sydney",107,66
12359,"Joel","Hamling","Sydney",29,"7","2026-04-17",4,5,9,3,0,0,0,0,3,0,0,1,0,0,0,5,3,2,0,7,0,0,"S.C.G.",43986,"Sydney","Greater Western Sydney",107,66
12326,"Isaac","Heeney","Sydney",5,"7","2026-04-17",14,14,28,3,0,0,0,5,2,2,7,5,5,0,0,16,12,0,0,0,0,0,"S.C.G.",43986,"Sydney","Greater Western Sydney",107,66
12860,"James","Jordon","Sydney",17,"7","2026-04-17",8,10,18,2,2,0,0,2,0,6,4,1,0,0,0,9,11,1,1,2,0,0,"S.C.G.",43986,"Sydney","Greater Western Sydney",107,66
12268,"Jake","Lloyd","Sydney",44,"7","2026-04-17",6,5,11,4,1,0,0,2,1,1,0,2,1,1,0,4,7,0,1,0,1,0,"S.C.G.",43986,"Sydney","Greater Western Sydney",107,66
12627,"Tom","McCartin","Sydney",30,"7","2026-04-17",15,10,25,12,0,0,0,1,4,1,0,5,1,3,0,6,18,1,0,5,0,0,"S.C.G.",43986,"Sydney","Greater Western Sydney",107,66
12861,"Logan","McDonald","Sydney",6,"7","2026-04-17",4,5,9,2,2,0,3,2,0,2,0,2,1,1,0,2,7,0,1,1,0,1,"S.C.G.",43986,"Sydney","Greater Western Sydney",107,66
12711,"Justin","McInerney","Sydney",27,"7","2026-04-17",10,16,26,4,2,0,0,2,3,5,3,3,2,0,0,7,19,0,0,1,0,2,"S.C.G.",43986,"Sydney","Greater Western Sydney",107,66
12413,"Callum","Mills","Sydney",14,"7","2026-04-17",10,11,21,6,0,0,0,1,8,0,0,2,1,1,0,3,13,0,0,4,0,0,"S.C.G.",43986,"Sydney","Greater Western Sydney",107,66
12412,"Tom","Papley","Sydney",11,"7","2026-04-17",9,3,12,3,1,0,0,3,0,7,2,2,0,1,0,3,8,0,0,2,2,1,"S.C.G.",43986,"Sydney","Greater Western Sydney",107,66
12994,"Matt","Roberts","Sydney",34,"7","2026-04-17",14,9,23,3,0,1,0,0,4,4,4,1,4,0,0,13,10,0,1,2,1,0,"S.C.G.",43986,"Sydney","Greater Western Sydney",107,66
12903,"Malcolm","Rosas","Sydney",10,"7","2026-04-17",8,5,13,1,1,0,0,4,1,1,3,2,0,0,0,10,3,0,0,1,0,0,"S.C.G.",43986,"Sydney","Greater Western Sydney",107,66
12714,"James","Rowbottom","Sydney",8,"7","2026-04-17",9,7,16,3,0,0,0,6,3,3,3,4,1,1,0,4,12,0,1,0,0,1,"S.C.G.",43986,"Sydney","Greater Western Sydney",107,66
13022,"Jai","Serong","Sydney",13,"7","2026-04-17",6,7,13,5,0,0,0,3,1,2,3,0,0,0,0,3,11,0,0,1,0,0,"S.C.G.",43986,"Sydney","Greater Western Sydney",107,66
12951,"Angus","Sheldrick","Sydney",12,"7","2026-04-17",8,12,20,0,1,0,0,7,1,4,3,3,0,1,0,6,12,0,0,0,0,1,"S.C.G.",43986,"Sydney","Greater Western Sydney",107,66
12797,"Chad","Warner","Sydney",1,"7","2026-04-17",14,12,26,4,1,0,0,2,1,7,3,3,0,1,0,9,17,0,0,3,3,2,"S.C.G.",43986,"Sydney","Greater Western Sydney",107,66
13053,"Corey","Warner","Sydney",37,"7","2026-04-17",5,3,8,2,0,0,0,0,1,3,0,1,0,1,0,1,8,0,0,1,0,1,"S.C.G.",43986,"Sydney","Greater Western Sydney",107,66
12818,"Sam","Wicks","Sydney",15,"7","2026-04-17",11,10,21,5,0,0,0,3,5,2,1,4,1,1,0,8,14,0,0,1,1,0,"S.C.G.",43986,"Sydney","Greater Western Sydney",107,66
13020,"Leek","Aleer","Greater Western Sydney",21,"7","2026-04-17",6,8,14,4,1,1,10,2,0,4,1,1,2,0,0,11,4,2,1,6,0,0,"S.C.G.",43986,"Sydney","Greater Western Sydney",107,66
13001,"Ryan","Angwin","Greater Western Sydney",9,"7","2026-04-17",5,13,18,3,0,0,0,1,1,1,0,4,1,2,0,8,10,1,0,1,0,0,"S.C.G.",43986,"Sydney","Greater Western Sydney",107,66
12782,"Lachie","Ash","Greater Western Sydney",7,"7","2026-04-17",19,10,29,8,0,0,0,3,8,3,1,3,1,0,0,4,25,0,0,0,1,0,"S.C.G.",43986,"Sydney","Greater Western Sydney",107,66
12772,"Toby","Bedford","Greater Western Sydney",14,"7","2026-04-17",4,10,14,0,1,1,0,3,0,1,0,2,0,0,0,4,8,0,0,0,0,1,"S.C.G.",43986,"Sydney","Greater Western Sydney",107,66
12910,"Callum","Brown","Greater Western Sydney",46,"7","2026-04-17",1,3,4,1,0,0,1,3,0,3,0,2,0,2,0,2,2,0,0,1,0,0,"S.C.G.",43986,"Sydney","Greater Western Sydney",107,66
12846,"Jack","Buckley","Greater Western Sydney",44,"7","2026-04-17",8,3,11,2,0,0,0,2,2,0,0,4,2,1,0,3,7,0,0,8,0,0,"S.C.G.",43986,"Sydney","Greater Western Sydney",107,66
12969,"Finn","Callaghan","Greater Western Sydney",17,"7","2026-04-17",11,15,26,0,1,0,0,3,3,5,3,9,0,2,0,10,18,0,0,3,1,0,"S.C.G.",43986,"Sydney","Greater Western Sydney",107,66
13164,"Joe","Fonti","Greater Western Sydney",37,"7","2026-04-17",8,7,15,5,0,0,0,5,2,0,0,2,0,1,0,7,8,1,0,3,1,0,"S.C.G.",43986,"Sydney","Greater Western Sydney",107,66
13279,"Phoenix","Gothard","Greater Western Sydney",11,"7","2026-04-17",11,9,20,3,2,1,0,7,1,6,2,2,1,1,0,8,12,0,2,3,1,1,"S.C.G.",43986,"Sydney","Greater Western Sydney",107,66
12025,"Toby","Greene","Greater Western Sydney",4,"7","2026-04-17",19,8,27,2,0,5,0,0,2,8,3,9,2,4,0,12,16,0,1,0,0,1,"S.C.G.",43986,"Sydney","Greater Western Sydney",107,66
NA,"Oliver","Hannaford","Greater Western Sydney",13,"7","2026-04-17",7,4,11,4,0,1,0,1,1,2,0,4,0,1,0,1,10,0,1,0,0,0,"S.C.G.",43986,"Sydney","Greater Western Sydney",107,66
12462,"Harry","Himmelberg","Greater Western Sydney",27,"7","2026-04-17",7,16,23,2,0,0,0,1,3,0,1,3,0,0,0,12,10,1,0,3,0,0,"S.C.G.",43986,"Sydney","Greater Western Sydney",107,66
12750,"Connor","Idun","Greater Western Sydney",39,"7","2026-04-17",5,10,15,3,0,0,0,4,2,0,0,2,1,0,0,7,9,0,0,1,0,0,"S.C.G.",43986,"Sydney","Greater Western Sydney",107,66
12377,"Jayden","Laverde","Greater Western Sydney",25,"7","2026-04-17",13,7,20,4,0,0,0,6,5,0,0,3,1,1,0,7,10,1,0,7,0,0,"S.C.G.",43986,"Sydney","Greater Western Sydney",107,66
13236,"Nick","Madden","Greater Western Sydney",41,"7","2026-04-17",4,8,12,2,0,1,19,3,0,1,1,2,4,1,0,10,4,1,0,3,0,0,"S.C.G.",43986,"Sydney","Greater Western Sydney",107,66
13088,"Toby","McMullin","Greater Western Sydney",31,"7","2026-04-17",4,3,7,1,0,0,0,3,1,0,0,1,0,1,0,3,4,0,0,1,0,0,"S.C.G.",43986,"Sydney","Greater Western Sydney",107,66
12821,"Xavier","OHalloran","Greater Western Sydney",33,"7","2026-04-17",6,6,12,1,0,0,0,2,3,3,0,2,1,1,0,4,7,0,0,2,0,0,"S.C.G.",43986,"Sydney","Greater Western Sydney",107,66
12410,"Clayton","Oliver","Greater Western Sydney",10,"7","2026-04-17",13,24,37,4,0,0,0,5,4,5,9,3,0,2,0,18,19,0,0,2,0,0,"S.C.G.",43986,"Sydney","Greater Western Sydney",107,66
12834,"Jake","Riccardi","Greater Western Sydney",26,"7","2026-04-17",6,2,8,1,3,1,2,2,0,2,0,3,1,0,0,3,5,1,0,3,0,0,"S.C.G.",43986,"Sydney","Greater Western Sydney",107,66
13045,"Harry","Rowston","Greater Western Sydney",24,"7","2026-04-17",15,6,21,5,0,0,0,5,5,4,1,3,1,0,0,5,14,0,0,0,0,2,"S.C.G.",43986,"Sydney","Greater Western Sydney",107,66
12167,"Jake","Stringer","Greater Western Sydney",20,"7","2026-04-17",10,4,14,3,0,2,0,1,0,4,1,3,1,1,0,8,6,0,2,0,0,0,"S.C.G.",43986,"Sydney","Greater Western Sydney",107,66
13101,"Harvey","Thomas","Greater Western Sydney",1,"7","2026-04-17",11,8,19,4,0,1,0,1,2,4,1,2,0,2,0,7,11,1,0,1,0,0,"S.C.G.",43986,"Sydney","Greater Western Sydney",107,66
12143,"Lachie","Whitfield","Greater Western Sydney",6,"7","2026-04-17",17,12,29,7,0,0,0,2,7,3,1,1,0,1,0,5,21,0,0,3,0,0,"S.C.G.",43986,"Sydney","Greater Western Sydney",107,66
13251,"Oscar","Adams","Gold Coast",48,"7","2026-04-18",1,10,11,4,0,0,0,0,0,0,0,1,0,0,0,2,9,0,0,6,0,0,"Carrara",19039,"Gold Coast","Essendon",119,110
13019,"Mac","Andrew","Gold Coast",1,"7","2026-04-18",6,5,11,4,0,1,5,4,0,2,0,1,1,0,0,5,5,2,0,3,0,1,"Carrara",19039,"Gold Coast","Essendon",119,110
12625,"Charlie","Ballard","Gold Coast",10,"7","2026-04-18",5,1,6,5,0,0,0,0,1,0,0,3,0,1,0,3,4,2,0,4,0,0,"Carrara",19039,"Gold Coast","Essendon",119,110
12444,"Sam","Collins","Gold Coast",25,"7","2026-04-18",11,4,15,10,0,0,0,2,6,1,0,1,0,0,0,5,9,2,0,3,1,0,"Carrara",19039,"Gold Coast","Essendon",119,110
13120,"Will","Graham","Gold Coast",26,"7","2026-04-18",4,6,10,3,0,0,0,2,1,4,1,1,0,0,0,4,6,0,0,1,1,1,"Carrara",19039,"Gold Coast","Essendon",119,110
13049,"Bailey","Humphrey","Gold Coast",19,"7","2026-04-18",11,8,19,6,0,3,0,6,0,7,2,4,1,2,0,8,11,1,3,0,0,2,"Carrara",19039,"Gold Coast","Essendon",119,110
12933,"Joel","Jeffrey","Gold Coast",16,"7","2026-04-18",6,12,18,2,0,0,0,0,5,1,1,1,0,0,0,5,13,0,0,0,1,0,"Carrara",19039,"Gold Coast","Essendon",119,110
12728,"Ben","King","Gold Coast",34,"7","2026-04-18",7,1,8,6,3,2,0,0,0,1,0,1,1,1,0,1,7,0,5,1,0,0,"Carrara",19039,"Gold Coast","Essendon",119,110
13232,"Leo","Lombard","Gold Coast",8,"7","2026-04-18",2,8,10,3,0,0,0,0,0,4,0,1,0,0,0,5,6,0,0,1,1,0,"Carrara",19039,"Gold Coast","Essendon",119,110
12521,"Ben","Long","Gold Coast",22,"7","2026-04-18",10,2,12,5,2,1,0,2,0,3,0,2,0,2,0,4,10,0,2,1,0,4,"Carrara",19039,"Gold Coast","Essendon",119,110
12331,"Touk","Miller","Gold Coast",11,"7","2026-04-18",12,14,26,2,1,1,0,6,2,5,4,5,2,0,0,11,14,0,0,2,0,0,"Carrara",19039,"Gold Coast","Essendon",119,110
12743,"John","Noble","Gold Coast",2,"7","2026-04-18",13,12,25,1,0,0,0,1,5,1,1,4,2,2,0,5,17,0,0,0,0,0,"Carrara",19039,"Gold Coast","Essendon",119,110
12430,"Christian","Petracca","Gold Coast",3,"7","2026-04-18",10,15,25,4,3,1,0,3,1,3,6,6,0,2,0,12,13,0,3,0,1,2,"Carrara",19039,"Gold Coast","Essendon",119,110
12652,"Wil","Powell","Gold Coast",27,"7","2026-04-18",13,6,19,4,0,2,0,9,4,5,2,4,0,2,0,3,15,0,0,0,0,0,"Carrara",19039,"Gold Coast","Essendon",119,110
13121,"Ethan","Read","Gold Coast",20,"7","2026-04-18",9,7,16,5,2,2,2,1,0,1,2,2,0,1,0,7,10,2,3,1,0,0,"Carrara",19039,"Gold Coast","Essendon",119,110
12403,"Daniel","Rioli","Gold Coast",17,"7","2026-04-18",11,12,23,3,0,0,0,1,2,3,0,1,0,0,0,4,17,0,0,0,1,0,"Carrara",19039,"Gold Coast","Essendon",119,110
13126,"Jake","Rogers","Gold Coast",29,"7","2026-04-18",5,5,10,2,1,0,0,0,1,2,0,1,0,0,0,5,5,0,0,0,0,0,"Carrara",19039,"Gold Coast","Essendon",119,110
12768,"Matt","Rowell","Gold Coast",18,"7","2026-04-18",15,20,35,1,0,0,0,4,2,3,5,8,3,3,0,17,17,0,0,1,0,1,"Carrara",19039,"Gold Coast","Essendon",119,110
13041,"Bodhi","Uwland","Gold Coast",6,"7","2026-04-18",17,7,24,5,0,0,0,1,3,4,0,5,1,0,0,3,18,0,0,4,0,0,"Carrara",19039,"Gold Coast","Essendon",119,110
13278,"Zeke","Uwland","Gold Coast",32,"7","2026-04-18",8,6,14,4,1,0,0,1,2,2,0,2,0,1,0,2,13,0,0,1,0,0,"Carrara",19039,"Gold Coast","Essendon",119,110
13114,"Jed","Walter","Gold Coast",4,"7","2026-04-18",8,1,9,2,2,1,1,1,0,3,0,4,2,1,0,4,4,1,1,0,0,0,"Carrara",19039,"Gold Coast","Essendon",119,110
12385,"Lachie","Weller","Gold Coast",14,"7","2026-04-18",9,12,21,1,2,0,0,3,0,3,1,3,1,1,0,10,11,0,0,1,3,2,"Carrara",19039,"Gold Coast","Essendon",119,110
12177,"Jarrod","Witts","Gold Coast",28,"7","2026-04-18",6,8,14,4,0,0,36,4,2,2,4,2,1,1,0,8,7,0,0,0,0,0,"Carrara",19039,"Gold Coast","Essendon",119,110
13237,"Lachlan","Blakiston","Essendon",46,"7","2026-04-18",6,1,7,3,0,0,8,1,0,2,0,4,1,1,0,4,4,1,0,4,0,0,"Carrara",19039,"Gold Coast","Essendon",119,110
13148,"Nate","Caddy","Essendon",30,"7","2026-04-18",5,4,9,2,1,1,0,2,0,1,0,3,0,1,0,1,7,0,1,2,1,1,"Carrara",19039,"Gold Coast","Essendon",119,110
12755,"Jye","Caldwell","Essendon",6,"7","2026-04-18",15,8,23,7,1,2,0,6,1,4,4,4,1,2,0,11,14,0,1,2,0,0,"Carrara",19039,"Gold Coast","Essendon",119,110
13223,"Archer","Day-Wicks","Essendon",44,"7","2026-04-18",6,4,10,4,0,0,0,5,3,2,1,2,1,1,0,4,9,0,0,4,1,1,"Carrara",19039,"Gold Coast","Essendon",119,110
12925,"Sam","Durham","Essendon",22,"7","2026-04-18",8,9,17,1,0,0,0,5,0,5,1,0,2,0,0,7,9,0,0,0,0,1,"Carrara",19039,"Gold Coast","Essendon",119,110
12696,"Xavier","Duursma","Essendon",28,"7","2026-04-18",8,5,13,5,2,0,0,2,1,0,1,1,2,0,0,7,6,1,1,0,0,0,"Carrara",19039,"Gold Coast","Essendon",119,110
13198,"Tom","Edwards","Essendon",45,"7","2026-04-18",6,2,8,2,2,0,0,1,0,2,0,1,1,0,0,3,4,2,0,1,0,1,"Carrara",19039,"Gold Coast","Essendon",119,110
13203,"Saad","El-Hawli","Essendon",41,"7","2026-04-18",9,5,14,4,1,0,0,6,1,0,2,4,0,0,0,5,8,0,0,1,0,0,"Carrara",19039,"Gold Coast","Essendon",119,110
NA,"Jacob","Farrow","Essendon",2,"7","2026-04-18",12,5,17,4,0,0,0,0,7,1,0,1,0,0,0,4,9,0,0,0,0,0,"Carrara",19039,"Gold Coast","Essendon",119,110
12415,"Jade","Gresham","Essendon",11,"7","2026-04-18",7,3,10,5,1,1,0,3,0,0,0,0,0,0,0,1,8,0,1,0,0,1,"Carrara",19039,"Gold Coast","Essendon",119,110
13177,"Isaac","Kako","Essendon",10,"7","2026-04-18",6,7,13,1,2,0,0,3,0,3,0,4,1,1,0,6,8,0,1,2,1,0,"Carrara",19039,"Gold Coast","Essendon",119,110
12349,"Kyle","Langford","Essendon",4,"7","2026-04-18",14,7,21,5,0,0,0,1,5,1,1,4,1,1,0,5,12,0,0,3,1,0,"Carrara",19039,"Gold Coast","Essendon",119,110
13238,"Archie","May","Essendon",26,"7","2026-04-18",7,0,7,5,2,0,0,8,0,4,0,3,1,0,0,5,3,2,2,1,0,1,"Carrara",19039,"Gold Coast","Essendon",119,110
12491,"Andrew","McGrath","Essendon",1,"7","2026-04-18",10,9,19,2,1,0,0,5,0,6,3,0,1,0,0,9,10,0,0,0,2,2,"Carrara",19039,"Gold Coast","Essendon",119,110
12580,"Ben","McKay","Essendon",32,"7","2026-04-18",3,3,6,3,0,0,0,2,1,0,0,1,0,1,0,2,4,1,0,7,0,0,"Carrara",19039,"Gold Coast","Essendon",119,110
12241,"Zach","Merrett","Essendon",7,"7","2026-04-18",22,12,34,9,1,1,0,8,7,3,2,5,1,2,0,9,19,1,2,2,2,1,"Carrara",19039,"Gold Coast","Essendon",119,110
12406,"Darcy","Parish","Essendon",3,"7","2026-04-18",18,12,30,5,0,0,0,5,1,10,11,5,2,2,0,15,15,0,0,0,1,1,"Carrara",19039,"Gold Coast","Essendon",119,110
12889,"Zach","Reid","Essendon",31,"7","2026-04-18",10,2,12,6,0,0,0,0,2,0,0,1,1,1,0,2,8,0,0,4,0,0,"Carrara",19039,"Gold Coast","Essendon",119,110
12631,"Jordan","Ridley","Essendon",14,"7","2026-04-18",9,2,11,7,0,0,0,0,1,2,0,2,0,0,0,0,9,0,0,1,0,1,"Carrara",19039,"Gold Coast","Essendon",119,110
13168,"Archie","Roberts","Essendon",21,"7","2026-04-18",24,9,33,7,0,0,0,1,7,4,2,3,2,0,0,6,20,0,0,0,1,0,"Carrara",19039,"Gold Coast","Essendon",119,110
NA,"Sullivan","Robey","Essendon",9,"7","2026-04-18",7,4,11,2,2,0,0,4,0,3,1,4,1,0,0,3,11,0,1,1,0,0,"Carrara",19039,"Gold Coast","Essendon",119,110
13087,"Elijah","Tsatas","Essendon",5,"7","2026-04-18",9,16,25,7,0,0,0,3,1,2,7,1,0,1,0,10,15,0,0,0,0,1,"Carrara",19039,"Gold Coast","Essendon",119,110
12366,"Peter","Wright","Essendon",20,"7","2026-04-18",6,9,15,2,1,1,10,1,4,0,1,3,1,1,0,8,7,0,1,1,0,0,"Carrara",19039,"Gold Coast","Essendon",119,110
12357,"Karl","Amon","Hawthorn",10,"7","2026-04-18",12,5,17,4,0,0,0,1,2,1,0,1,0,0,0,0,13,0,0,0,1,0,"Docklands",37070,"Hawthorn","Port Adelaide",89,86
12383,"Tom","Barrass","Hawthorn",37,"7","2026-04-18",8,4,12,6,0,0,0,2,3,1,0,2,0,2,0,4,8,1,0,3,0,0,"Docklands",37070,"Hawthorn","Port Adelaide",89,86
12558,"Josh","Battle","Hawthorn",24,"7","2026-04-18",12,7,19,9,0,0,0,2,6,1,0,1,1,0,0,7,11,2,0,6,1,0,"Docklands",37070,"Hawthorn","Port Adelaide",89,86
12988,"Sam","Butler","Hawthorn",30,"7","2026-04-18",6,4,10,2,0,2,0,6,1,1,1,2,0,1,0,2,7,0,0,1,0,0,"Docklands",37070,"Hawthorn","Port Adelaide",89,86
12998,"Massimo","DAmbrosio","Hawthorn",16,"7","2026-04-18",9,5,14,8,0,1,0,1,3,2,0,0,1,0,0,6,10,3,1,0,1,1,"Docklands",37070,"Hawthorn","Port Adelaide",89,86
13135,"Calsher","Dear","Hawthorn",13,"7","2026-04-18",9,5,14,5,2,2,0,2,0,3,0,0,2,0,0,10,5,0,3,1,0,1,"Docklands",37070,"Hawthorn","Port Adelaide",89,86
12927,"Jack","Ginnivan","Hawthorn",33,"7","2026-04-18",15,5,20,5,1,1,0,1,0,4,1,3,1,1,0,7,13,0,0,0,0,1,"Docklands",37070,"Hawthorn","Port Adelaide",89,86
12469,"Blake","Hardwick","Hawthorn",15,"7","2026-04-18",12,7,19,8,0,0,0,3,4,2,0,2,1,1,0,4,14,1,0,3,0,0,"Docklands",37070,"Hawthorn","Port Adelaide",89,86
12237,"Jarman","Impey","Hawthorn",4,"7","2026-04-18",17,6,23,13,0,0,0,4,2,5,1,6,0,1,0,3,20,0,0,1,0,0,"Docklands",37070,"Hawthorn","Port Adelaide",89,86
12636,"Mitch","Lewis","Hawthorn",2,"7","2026-04-18",11,4,15,7,3,1,0,3,0,2,1,1,1,0,0,7,9,3,3,2,0,0,"Docklands",37070,"Hawthorn","Port Adelaide",89,86
12954,"Connor","Macdonald","Hawthorn",9,"7","2026-04-18",10,5,15,4,0,0,0,5,0,5,0,7,0,2,0,6,9,0,1,0,0,0,"Docklands",37070,"Hawthorn","Port Adelaide",89,86
13031,"Cam","Mackenzie","Hawthorn",28,"7","2026-04-18",5,9,14,3,0,0,0,3,1,3,2,0,0,0,0,6,9,0,0,1,0,1,"Docklands",37070,"Hawthorn","Port Adelaide",89,86
NA,"Will","McCabe","Hawthorn",27,"7","2026-04-18",4,2,6,4,1,1,0,0,0,2,0,0,0,0,0,0,6,0,1,0,0,0,"Docklands",37070,"Hawthorn","Port Adelaide",89,86
12856,"Lloyd","Meek","Hawthorn",17,"7","2026-04-18",2,5,7,1,0,0,25,2,1,2,3,3,0,2,0,3,5,0,0,0,0,0,"Docklands",37070,"Hawthorn","Port Adelaide",89,86
12710,"Dylan","Moore","Hawthorn",8,"7","2026-04-18",12,6,18,3,1,0,0,2,0,4,1,7,0,2,0,4,13,0,0,1,0,1,"Docklands",37070,"Hawthorn","Port Adelaide",89,86
12670,"Conor","Nash","Hawthorn",11,"7","2026-04-18",10,10,20,0,0,0,0,8,3,1,6,2,0,0,0,9,10,0,0,3,0,2,"Docklands",37070,"Hawthorn","Port Adelaide",89,86
12915,"Jai","Newcombe","Hawthorn",3,"7","2026-04-18",11,13,24,4,0,0,0,7,2,3,4,3,3,1,0,10,15,0,0,3,0,1,"Docklands",37070,"Hawthorn","Port Adelaide",89,86
12841,"Flynn","Perez","Hawthorn",39,"7","2026-04-18",6,3,9,3,0,0,0,4,0,2,0,1,2,0,0,4,7,0,0,2,0,1,"Docklands",37070,"Hawthorn","Port Adelaide",89,86
12906,"Ned","Reeves","Hawthorn",7,"7","2026-04-18",7,3,10,1,0,1,24,6,0,1,5,2,1,1,0,6,4,0,1,0,0,0,"Docklands",37070,"Hawthorn","Port Adelaide",89,86
12332,"James","Sicily","Hawthorn",6,"7","2026-04-18",10,7,17,4,0,0,0,4,3,1,1,4,1,2,0,7,11,0,0,1,0,0,"Docklands",37070,"Hawthorn","Port Adelaide",89,86
12955,"Josh","Ward","Hawthorn",25,"7","2026-04-18",7,7,14,2,0,0,0,2,0,0,4,1,1,0,0,6,7,0,1,0,0,0,"Docklands",37070,"Hawthorn","Port Adelaide",89,86
13105,"Nick","Watson","Hawthorn",5,"7","2026-04-18",8,5,13,2,5,0,0,0,0,1,0,2,4,1,0,7,6,0,0,0,1,0,"Docklands",37070,"Hawthorn","Port Adelaide",89,86
13057,"Josh","Weddle","Hawthorn",23,"7","2026-04-18",14,5,19,8,0,2,0,2,0,5,1,3,0,0,0,2,17,1,1,2,0,0,"Docklands",37070,"Hawthorn","Port Adelaide",89,86
12433,"Aliir","Aliir","Port Adelaide",21,"7","2026-04-18",6,8,14,5,0,0,0,1,2,0,0,3,0,1,0,7,8,0,0,4,0,0,"Docklands",37070,"Hawthorn","Port Adelaide",89,86
12867,"Miles","Bergman","Port Adelaide",14,"7","2026-04-18",13,6,19,9,0,0,0,2,3,2,0,3,2,1,0,6,12,1,0,1,1,0,"Docklands",37070,"Hawthorn","Port Adelaide",89,86
13188,"Joe","Berry","Port Adelaide",5,"7","2026-04-18",8,10,18,7,0,1,0,4,1,6,1,2,1,2,0,8,12,0,0,0,0,1,"Docklands",37070,"Hawthorn","Port Adelaide",89,86
13007,"Jase","Burgoyne","Port Adelaide",7,"7","2026-04-18",14,2,16,6,1,0,0,2,2,5,1,3,1,1,0,5,12,0,1,0,0,1,"Docklands",37070,"Hawthorn","Port Adelaide",89,86
12698,"Zak","Butters","Port Adelaide",9,"7","2026-04-18",17,18,35,4,1,0,0,5,1,2,5,4,3,1,0,16,19,1,0,0,1,0,"Docklands",37070,"Hawthorn","Port Adelaide",89,86
12422,"Darcy","Byrne-Jones","Port Adelaide",33,"7","2026-04-18",9,6,15,6,0,0,0,1,4,1,1,1,1,0,0,4,12,0,0,2,0,1,"Docklands",37070,"Hawthorn","Port Adelaide",89,86
12695,"Willem","Drew","Port Adelaide",28,"7","2026-04-18",8,11,19,4,0,0,0,5,1,3,9,2,0,0,0,11,9,0,0,2,0,0,"Docklands",37070,"Hawthorn","Port Adelaide",89,86
12936,"Corey","Durdin","Port Adelaide",44,"7","2026-04-18",5,0,5,3,1,0,0,3,0,2,0,1,1,0,0,1,4,0,1,2,0,2,"Docklands",37070,"Hawthorn","Port Adelaide",89,86
13156,"Logan","Evans","Port Adelaide",22,"7","2026-04-18",2,3,5,2,0,0,0,3,0,1,0,3,2,2,0,2,6,0,0,0,0,0,"Docklands",37070,"Hawthorn","Port Adelaide",89,86
12664,"Kane","Farrell","Port Adelaide",6,"7","2026-04-18",15,3,18,5,0,0,0,0,5,2,0,3,0,2,0,0,13,0,0,1,3,0,"Docklands",37070,"Hawthorn","Port Adelaide",89,86
12766,"Mitch","Georgiades","Port Adelaide",19,"7","2026-04-18",6,4,10,5,2,1,0,2,0,0,1,3,0,1,0,4,6,1,3,0,0,1,"Docklands",37070,"Hawthorn","Port Adelaide",89,86
12956,"Jason","Horne-Francis","Port Adelaide",18,"7","2026-04-18",20,8,28,7,2,2,0,5,3,4,3,6,1,2,0,5,22,1,3,0,1,1,"Docklands",37070,"Hawthorn","Port Adelaide",89,86
12882,"Lachie","Jones","Port Adelaide",34,"7","2026-04-18",9,3,12,2,1,0,0,0,3,1,0,4,1,2,0,4,8,0,0,4,0,0,"Docklands",37070,"Hawthorn","Port Adelaide",89,86
NA,"Josh","Lai","Port Adelaide",43,"7","2026-04-18",4,1,5,1,0,0,0,3,1,1,1,2,0,1,0,1,5,0,0,3,0,0,"Docklands",37070,"Hawthorn","Port Adelaide",89,86
13269,"Ewan","Mackinlay","Port Adelaide",31,"7","2026-04-18",10,2,12,4,2,0,0,1,1,3,1,0,1,0,0,4,8,1,0,2,2,0,"Docklands",37070,"Hawthorn","Port Adelaide",89,86
12575,"Todd","Marshall","Port Adelaide",4,"7","2026-04-18",14,4,18,8,0,0,0,1,9,1,0,2,0,0,0,4,9,1,0,1,1,0,"Docklands",37070,"Hawthorn","Port Adelaide",89,86
13199,"Christian","Moraes","Port Adelaide",11,"7","2026-04-18",5,6,11,2,0,0,0,1,1,0,2,1,0,0,0,3,7,0,0,0,0,0,"Docklands",37070,"Hawthorn","Port Adelaide",89,86
13139,"Joe","Richards","Port Adelaide",35,"7","2026-04-18",9,6,15,2,0,0,0,4,0,5,1,4,0,1,0,2,13,0,0,0,0,1,"Docklands",37070,"Hawthorn","Port Adelaide",89,86
12890,"Jordon","Sweet","Port Adelaide",24,"7","2026-04-18",6,4,10,1,0,2,21,2,0,1,5,1,1,0,0,4,5,0,0,7,0,0,"Docklands",37070,"Hawthorn","Port Adelaide",89,86
13073,"Dante","Visentini","Port Adelaide",38,"7","2026-04-18",1,1,2,0,0,0,14,4,0,0,1,2,0,1,0,2,0,0,0,6,0,0,"Docklands",37070,"Hawthorn","Port Adelaide",89,86
12991,"Jacob","Wehr","Port Adelaide",15,"7","2026-04-18",9,2,11,6,0,0,0,3,1,3,0,0,1,0,0,1,10,0,0,1,0,1,"Docklands",37070,"Hawthorn","Port Adelaide",89,86
13259,"Jack","Whitlock","Port Adelaide",17,"7","2026-04-18",5,3,8,4,2,1,0,4,0,0,0,2,1,1,0,5,3,2,3,3,0,0,"Docklands",37070,"Hawthorn","Port Adelaide",89,86
12150,"Ollie","Wines","Port Adelaide",16,"7","2026-04-18",8,11,19,4,1,0,0,3,0,2,3,1,0,0,0,6,12,0,1,2,0,2,"Docklands",37070,"Hawthorn","Port Adelaide",89,86
12849,"Sam","Berry","Adelaide",3,"7","2026-04-18",10,10,20,0,0,1,0,7,1,3,6,4,1,0,0,13,11,0,0,3,2,0,"Adelaide Oval",45854,"Adelaide","St Kilda",103,102
13165,"Hugh","Bond","Adelaide",21,"7","2026-04-18",11,4,15,5,0,0,0,0,1,1,0,1,0,0,0,3,12,0,0,2,0,0,"Adelaide Oval",45854,"Adelaide","St Kilda",103,102
12829,"Jordon","Butts","Adelaide",41,"7","2026-04-18",9,9,18,4,0,0,0,2,2,2,0,3,0,1,0,8,10,1,0,10,0,0,"Adelaide Oval",45854,"Adelaide","St Kilda",103,102
12932,"Brayden","Cook","Adelaide",15,"7","2026-04-18",14,5,19,7,1,0,0,1,1,7,1,2,0,1,0,3,17,0,0,2,2,2,"Adelaide Oval",45854,"Adelaide","St Kilda",103,102
12629,"Isaac","Cumming","Adelaide",44,"7","2026-04-18",1,4,5,0,0,0,0,2,0,2,3,0,0,0,0,5,1,0,0,4,0,0,"Adelaide Oval",45854,"Adelaide","St Kilda",103,102
NA,"Charlie","Edwards","Adelaide",11,"7","2026-04-18",12,6,18,4,0,1,0,2,0,3,5,5,0,3,0,6,14,0,0,1,1,1,"Adelaide Oval",45854,"Adelaide","St Kilda",103,102
12434,"Ben","Keays","Adelaide",2,"7","2026-04-18",8,2,10,1,2,1,0,6,0,2,1,2,1,1,0,5,4,0,1,0,1,1,"Adelaide Oval",45854,"Adelaide","St Kilda",103,102
12165,"Rory","Laird","Adelaide",29,"7","2026-04-18",17,9,26,5,0,0,0,2,4,3,2,2,0,0,0,6,17,0,0,0,0,0,"Adelaide Oval",45854,"Adelaide","St Kilda",103,102
13219,"Finnbar","Maley","Adelaide",36,"7","2026-04-18",2,5,7,3,1,0,6,3,0,0,0,1,0,0,0,2,5,1,2,2,0,0,"Adelaide Oval",45854,"Adelaide","St Kilda",103,102
13065,"Lachlan","McAndrew","Adelaide",42,"7","2026-04-18",4,5,9,1,0,0,29,3,0,2,6,1,2,1,0,7,1,0,0,0,0,0,"Adelaide Oval",45854,"Adelaide","St Kilda",103,102
13027,"Max","Michalanney","Adelaide",16,"7","2026-04-18",9,4,13,7,0,0,0,2,4,0,1,0,0,0,0,3,10,0,0,2,0,0,"Adelaide Oval",45854,"Adelaide","St Kilda",103,102
12405,"Wayne","Milera","Adelaide",30,"7","2026-04-18",20,9,29,9,0,0,0,3,5,0,1,2,0,0,0,5,20,1,0,0,0,0,"Adelaide Oval",45854,"Adelaide","St Kilda",103,102
12872,"Nick","Murray","Adelaide",9,"7","2026-04-18",10,3,13,6,0,0,0,1,3,1,0,1,1,0,0,5,8,0,0,8,0,1,"Adelaide Oval",45854,"Adelaide","St Kilda",103,102
13081,"Luke","Nankervis","Adelaide",27,"7","2026-04-18",4,2,6,2,0,0,0,2,1,0,0,3,0,2,0,3,4,0,0,2,0,0,"Adelaide Oval",45854,"Adelaide","St Kilda",103,102
12367,"Alex","Neal-Bullen","Adelaide",28,"7","2026-04-18",11,5,16,6,0,2,0,2,1,1,1,0,1,0,0,2,15,0,2,1,0,1,"Adelaide Oval",45854,"Adelaide","St Kilda",103,102
12934,"James","Peatling","Adelaide",25,"7","2026-04-18",16,8,24,5,1,0,0,8,1,5,3,1,2,0,0,8,15,0,0,1,1,1,"Adelaide Oval",45854,"Adelaide","St Kilda",103,102
12921,"Luke","Pedlar","Adelaide",10,"7","2026-04-18",7,6,13,3,0,1,0,0,1,2,1,0,2,0,0,4,8,0,1,0,0,0,"Adelaide Oval",45854,"Adelaide","St Kilda",103,102
12953,"Josh","Rachele","Adelaide",8,"7","2026-04-18",12,8,20,2,1,0,0,2,1,5,4,5,1,2,0,7,12,0,0,1,0,0,"Adelaide Oval",45854,"Adelaide","St Kilda",103,102
12798,"Izak","Rankine","Adelaide",23,"7","2026-04-18",13,7,20,2,1,3,0,1,1,4,4,4,1,1,0,12,8,1,1,1,1,1,"Adelaide Oval",45854,"Adelaide","St Kilda",103,102
13159,"Zac","Taylor","Adelaide",19,"7","2026-04-18",10,3,13,3,0,1,0,2,0,7,0,3,2,0,0,4,11,0,0,1,1,1,"Adelaide Oval",45854,"Adelaide","St Kilda",103,102
12892,"Riley","Thilthorpe","Adelaide",7,"7","2026-04-18",13,1,14,7,3,3,0,1,0,2,0,3,2,0,0,7,6,3,5,1,0,0,"Adelaide Oval",45854,"Adelaide","St Kilda",103,102
11713,"Taylor","Walker","Adelaide",13,"7","2026-04-18",11,1,12,7,5,0,0,4,0,1,0,5,2,1,0,5,8,1,3,5,0,0,"Adelaide Oval",45854,"Adelaide","St Kilda",103,102
12912,"Josh","Worrell","Adelaide",24,"7","2026-04-18",17,11,28,11,0,0,0,2,4,3,0,0,0,0,0,3,20,0,0,4,1,0,"Adelaide Oval",45854,"Adelaide","St Kilda",103,102
13220,"Hugh","Boxshall","St Kilda",38,"7","2026-04-18",3,9,12,1,0,0,0,2,2,1,2,3,0,0,0,7,5,0,0,3,0,0,"Adelaide Oval",45854,"Adelaide","St Kilda",103,102
12490,"Dan","Butler","St Kilda",16,"7","2026-04-18",5,3,8,1,2,0,0,0,0,0,1,1,0,0,0,2,5,0,1,0,0,0,"Adelaide Oval",45854,"Adelaide","St Kilda",103,102
12976,"Jack","Carroll","St Kilda",18,"7","2026-04-18",9,2,11,5,0,0,0,2,2,2,1,1,0,0,0,2,9,0,0,1,0,0,"Adelaide Oval",45854,"Adelaide","St Kilda",103,102
12591,"Hunter","Clark","St Kilda",11,"7","2026-04-18",11,7,18,5,0,0,0,1,3,1,0,1,0,1,0,4,14,1,0,2,0,0,"Adelaide Oval",45854,"Adelaide","St Kilda",103,102
12674,"Tom","De Koning","St Kilda",21,"7","2026-04-18",3,5,8,4,1,1,4,0,0,1,1,3,1,2,0,6,2,2,2,1,0,1,"Adelaide Oval",45854,"Adelaide","St Kilda",103,102
12824,"Sam","Flanders","St Kilda",9,"7","2026-04-18",17,13,30,5,0,0,0,2,2,3,4,2,2,1,0,7,23,0,0,2,3,0,"Adelaide Oval",45854,"Adelaide","St Kilda",103,102
13125,"Hugo","Garcia","St Kilda",34,"7","2026-04-18",13,11,24,6,0,0,0,5,1,4,7,4,0,2,0,12,12,0,0,2,0,0,"Adelaide Oval",45854,"Adelaide","St Kilda",103,102
13193,"Max","Hall","St Kilda",40,"7","2026-04-18",7,4,11,3,0,0,0,2,0,3,3,0,0,0,0,3,8,0,0,0,0,1,"Adelaide Oval",45854,"Adelaide","St Kilda",103,102
12609,"Jack","Higgins","St Kilda",1,"7","2026-04-18",5,3,8,3,4,0,0,1,0,0,0,0,0,0,0,5,5,0,3,2,0,0,"Adelaide Oval",45854,"Adelaide","St Kilda",103,102
12060,"Bradley","Hill","St Kilda",8,"7","2026-04-18",15,8,23,6,1,1,0,2,0,3,1,2,0,1,0,3,20,0,0,5,0,0,"Adelaide Oval",45854,"Adelaide","St Kilda",103,102
12564,"Rowan","Marshall","St Kilda",19,"7","2026-04-18",7,18,25,5,0,0,22,2,0,4,7,4,2,0,0,16,10,1,1,3,0,0,"Adelaide Oval",45854,"Adelaide","St Kilda",103,102
12948,"Mitch","Owens","St Kilda",10,"7","2026-04-18",5,5,10,2,2,2,0,4,0,1,2,2,0,0,0,4,5,1,1,0,0,0,"Adelaide Oval",45854,"Adelaide","St Kilda",103,102
13036,"Mattaes","Phillipou","St Kilda",25,"7","2026-04-18",5,5,10,1,0,1,0,3,0,1,1,2,0,0,0,7,3,1,0,1,0,0,"Adelaide Oval",45854,"Adelaide","St Kilda",103,102
12600,"Liam","Ryan","St Kilda",31,"7","2026-04-18",7,0,7,5,1,2,0,0,0,2,0,0,0,0,0,1,5,0,4,1,0,2,"Adelaide Oval",45854,"Adelaide","St Kilda",103,102
12929,"Cooper","Sharman","St Kilda",43,"7","2026-04-18",7,3,10,5,1,3,1,1,0,1,0,1,0,0,0,4,6,1,3,2,0,1,"Adelaide Oval",45854,"Adelaide","St Kilda",103,102
12458,"Jack","Silvagni","St Kilda",3,"7","2026-04-18",4,4,8,4,0,0,0,1,1,0,0,8,0,5,0,2,7,1,0,6,0,0,"Adelaide Oval",45854,"Adelaide","St Kilda",103,102
12325,"Jack","Sinclair","St Kilda",35,"7","2026-04-18",21,14,35,7,0,0,0,1,4,7,5,3,1,0,0,9,23,0,0,1,0,2,"Adelaide Oval",45854,"Adelaide","St Kilda",103,102
12721,"Liam","Stocker","St Kilda",14,"7","2026-04-18",4,5,9,5,0,0,0,1,1,0,0,4,0,1,0,1,8,0,0,3,0,0,"Adelaide Oval",45854,"Adelaide","St Kilda",103,102
12950,"Nasiah","Wanganeen-Milera","St Kilda",7,"7","2026-04-18",22,6,28,2,0,1,0,3,7,3,3,8,2,2,0,6,14,0,0,0,1,2,"Adelaide Oval",45854,"Adelaide","St Kilda",103,102
12703,"Callum","Wilkie","St Kilda",44,"7","2026-04-18",23,8,31,12,0,0,0,2,9,0,0,2,1,0,0,9,17,3,0,7,0,0,"Adelaide Oval",45854,"Adelaide","St Kilda",103,102
13110,"Darcy","Wilson","St Kilda",22,"7","2026-04-18",10,14,24,4,2,1,0,2,1,3,0,3,2,1,0,5,18,0,0,0,2,1,"Adelaide Oval",45854,"Adelaide","St Kilda",103,102
12967,"Marcus","Windhager","St Kilda",2,"7","2026-04-18",14,6,20,7,0,0,0,4,3,4,0,1,0,0,0,3,16,0,0,0,0,0,"Adelaide Oval",45854,"Adelaide","St Kilda",103,102
12312,"Mason","Wood","St Kilda",32,"7","2026-04-18",12,5,17,4,1,0,0,3,3,3,1,3,2,1,0,6,12,0,1,2,0,0,"Adelaide Oval",45854,"Adelaide","St Kilda",103,102
NA,"Tom","Blamires","North Melbourne",39,"7","2026-04-19",16,5,21,3,0,1,0,1,1,6,0,2,0,0,0,3,13,0,0,2,0,1,"Docklands",36584,"North Melbourne","Richmond",130,55
12730,"Callum","Coleman-Jones","North Melbourne",21,"7","2026-04-19",8,7,15,4,0,0,13,3,0,1,8,8,0,3,0,10,7,0,0,2,0,0,"Docklands",36584,"North Melbourne","Richmond",130,55
12938,"Charlie","Comben","North Melbourne",30,"7","2026-04-19",7,8,15,7,0,0,0,1,2,0,0,1,1,0,0,7,8,1,0,3,0,0,"Docklands",36584,"North Melbourne","Richmond",130,55
12181,"Aidan","Corr","North Melbourne",4,"7","2026-04-19",5,8,13,6,0,0,0,0,2,0,0,0,0,0,0,3,10,0,0,3,0,0,"Docklands",36584,"North Melbourne","Richmond",130,55
12975,"Paul","Curtis","North Melbourne",25,"7","2026-04-19",10,3,13,6,6,0,0,4,0,2,1,6,2,3,0,5,8,1,5,0,0,1,"Docklands",36584,"North Melbourne","Richmond",130,55
12373,"Caleb","Daniel","North Melbourne",5,"7","2026-04-19",20,12,32,3,0,0,0,0,3,2,1,3,0,2,0,3,23,0,0,0,1,1,"Docklands",36584,"North Melbourne","Richmond",130,55
11905,"Jack","Darling","North Melbourne",27,"7","2026-04-19",8,12,20,5,1,0,6,4,1,0,4,0,1,0,0,13,7,1,1,1,0,0,"Docklands",36584,"North Melbourne","Richmond",130,55
12590,"Luke","Davies-Uniacke","North Melbourne",9,"7","2026-04-19",12,14,26,3,1,0,0,3,2,10,4,2,1,0,0,8,20,0,0,1,1,3,"Docklands",36584,"North Melbourne","Richmond",130,55
NA,"Lachy","Dovaston","North Melbourne",1,"7","2026-04-19",4,2,6,2,0,1,0,1,0,3,2,2,0,1,0,2,4,0,1,0,0,1,"Docklands",36584,"North Melbourne","Richmond",130,55
13106,"Zane","Duursma","North Melbourne",7,"7","2026-04-19",4,0,4,1,2,1,0,0,0,0,1,3,1,2,0,2,3,0,1,3,0,0,"Docklands",36584,"North Melbourne","Richmond",130,55
12563,"Nick","Larkey","North Melbourne",20,"7","2026-04-19",5,2,7,3,2,1,0,2,0,3,0,2,1,0,0,4,3,2,1,1,0,0,"Docklands",36584,"North Melbourne","Richmond",130,55
12511,"Griffin","Logue","North Melbourne",19,"7","2026-04-19",5,5,10,5,0,0,0,2,0,0,0,1,0,0,0,4,6,1,0,4,0,0,"Docklands",36584,"North Melbourne","Richmond",130,55
12246,"Luke","McDonald","North Melbourne",11,"7","2026-04-19",16,9,25,9,0,0,0,2,7,2,0,1,0,0,0,2,22,0,0,2,0,1,"Docklands",36584,"North Melbourne","Richmond",130,55
13107,"Colby","McKercher","North Melbourne",10,"7","2026-04-19",14,12,26,4,1,0,0,3,3,4,0,6,0,2,0,2,23,0,0,0,10,1,"Docklands",36584,"North Melbourne","Richmond",130,55
11953,"Luke","Parker","North Melbourne",26,"7","2026-04-19",18,8,26,6,0,0,0,1,9,2,1,4,0,1,0,7,16,1,0,2,3,1,"Docklands",36584,"North Melbourne","Richmond",130,55
12866,"Tom","Powell","North Melbourne",24,"7","2026-04-19",9,9,18,9,1,1,0,2,1,1,1,1,0,0,0,2,15,0,1,1,0,0,"Docklands",36584,"North Melbourne","Richmond",130,55
13034,"Harry","Sheezel","North Melbourne",3,"7","2026-04-19",19,20,39,8,1,3,0,2,2,6,7,6,1,1,0,16,23,1,3,1,1,1,"Docklands",36584,"North Melbourne","Richmond",130,55
12502,"Jy","Simpkin","North Melbourne",12,"7","2026-04-19",13,11,24,3,0,0,0,4,1,4,3,6,0,3,0,4,20,0,1,1,1,2,"Docklands",36584,"North Melbourne","Richmond",130,55
12622,"Charlie","Spargo","North Melbourne",13,"7","2026-04-19",5,5,10,3,1,0,0,0,0,2,0,0,0,0,0,1,9,0,1,1,0,1,"Docklands",36584,"North Melbourne","Richmond",130,55
12796,"Dylan","Stephens","North Melbourne",15,"7","2026-04-19",13,8,21,6,1,0,0,3,3,4,2,3,1,1,0,5,14,0,1,1,2,0,"Docklands",36584,"North Melbourne","Richmond",130,55
13263,"Cooper","Trembath","North Melbourne",47,"7","2026-04-19",4,5,9,4,3,0,12,3,0,0,0,0,1,0,0,3,6,2,3,3,0,0,"Docklands",36584,"North Melbourne","Richmond",130,55
13064,"George","Wardlaw","North Melbourne",6,"7","2026-04-19",11,14,25,5,0,0,0,5,1,1,3,4,1,2,0,13,13,0,0,4,0,0,"Docklands",36584,"North Melbourne","Richmond",130,55
12557,"Cameron","Zurhaar","North Melbourne",44,"7","2026-04-19",18,5,23,11,0,0,0,4,4,5,0,2,0,0,0,4,17,1,0,2,2,2,"Docklands",36584,"North Melbourne","Richmond",130,55
12686,"Noah","Balta","Richmond",21,"7","2026-04-19",6,5,11,6,1,0,0,0,0,1,0,3,0,0,0,3,8,2,2,2,0,0,"Docklands",36584,"North Melbourne","Richmond",130,55
13078,"Sam","Banks","Richmond",6,"7","2026-04-19",0,0,0,0,0,0,0,1,0,0,0,1,0,1,0,0,1,0,0,0,0,0,"Docklands",36584,"North Melbourne","Richmond",130,55
12456,"Nathan","Broad","Richmond",35,"7","2026-04-19",12,6,18,8,0,0,0,0,5,1,0,2,1,0,0,4,12,1,0,5,1,0,"Docklands",36584,"North Melbourne","Richmond",130,55
13100,"Seth","Campbell","Richmond",44,"7","2026-04-19",9,5,14,6,2,2,0,1,2,0,1,2,1,0,0,4,10,1,3,1,0,0,"Docklands",36584,"North Melbourne","Richmond",130,55
13214,"Jonty","Faull","Richmond",8,"7","2026-04-19",3,2,5,0,0,0,2,0,1,0,0,3,0,0,0,1,4,0,0,3,0,0,"Docklands",36584,"North Melbourne","Richmond",130,55
13200,"Liam","Fawcett","Richmond",43,"7","2026-04-19",1,0,1,0,0,0,0,0,0,0,0,2,0,1,0,1,0,0,0,1,0,0,"Docklands",36584,"North Melbourne","Richmond",130,55
13218,"Campbell","Gray","Richmond",50,"7","2026-04-19",5,1,6,3,0,0,1,2,2,0,0,1,2,1,0,2,4,0,0,4,0,0,"Docklands",36584,"North Melbourne","Richmond",130,55
13145,"Steely","Green","Richmond",48,"7","2026-04-19",2,4,6,1,1,0,0,2,0,0,0,3,0,1,0,3,3,0,1,1,0,0,"Docklands",36584,"North Melbourne","Richmond",130,55
NA,"Sam","Grlj","Richmond",24,"7","2026-04-19",10,6,16,2,0,0,0,2,3,2,0,1,1,0,0,0,14,0,0,0,2,1,"Docklands",36584,"North Melbourne","Richmond",130,55
13190,"Sam","Lalor","Richmond",4,"7","2026-04-19",9,13,22,6,1,0,0,1,1,6,4,1,1,0,0,7,15,0,1,0,0,2,"Docklands",36584,"North Melbourne","Richmond",130,55
13113,"Mykelti","Lefau","Richmond",42,"7","2026-04-19",5,0,5,3,0,1,4,3,0,1,1,0,0,0,0,0,3,0,2,2,0,0,"Docklands",36584,"North Melbourne","Richmond",130,55
13117,"Kane","McAuliffe","Richmond",28,"7","2026-04-19",13,10,23,5,0,1,0,7,2,4,3,3,3,3,0,9,14,0,0,2,0,1,"Docklands",36584,"North Melbourne","Richmond",130,55
12941,"Ben","Miller","Richmond",12,"7","2026-04-19",5,1,6,2,0,0,0,2,5,0,0,2,0,1,0,1,4,0,0,10,1,0,"Docklands",36584,"North Melbourne","Richmond",130,55
11917,"Dion","Prestia","Richmond",3,"7","2026-04-19",8,14,22,4,0,1,0,5,0,5,2,4,0,1,0,10,14,0,0,0,0,1,"Docklands",36584,"North Melbourne","Richmond",130,55
12902,"Hugo","Ralphsmith","Richmond",13,"7","2026-04-19",9,3,12,3,0,1,0,1,1,4,2,2,0,0,0,2,9,0,0,3,0,0,"Docklands",36584,"North Melbourne","Richmond",130,55
NA,"Patrick","Retschko","Richmond",33,"7","2026-04-19",9,4,13,6,0,0,0,3,3,2,0,0,0,0,0,1,12,0,0,1,2,0,"Docklands",36584,"North Melbourne","Richmond",130,55
12935,"Maurice","Rioli","Richmond",17,"7","2026-04-19",1,1,2,1,0,1,0,2,0,0,0,0,0,0,0,0,2,0,1,0,0,0,"Docklands",36584,"North Melbourne","Richmond",130,55
12712,"Jack","Ross","Richmond",5,"7","2026-04-19",10,16,26,6,2,0,0,8,0,6,8,4,2,1,0,18,11,1,0,3,2,0,"Docklands",36584,"North Melbourne","Richmond",130,55
12918,"Samson","Ryan","Richmond",32,"7","2026-04-19",9,4,13,3,0,0,24,4,1,6,4,4,3,1,0,8,4,2,0,3,0,0,"Docklands",36584,"North Melbourne","Richmond",130,55
12418,"Jayden","Short","Richmond",15,"7","2026-04-19",19,7,26,8,0,1,0,0,5,5,1,0,3,0,0,5,18,0,0,0,0,0,"Docklands",36584,"North Melbourne","Richmond",130,55
13014,"Tyler","Sonsie","Richmond",40,"7","2026-04-19",7,3,10,6,0,1,0,2,1,2,0,1,1,0,0,4,7,0,1,1,0,0,"Docklands",36584,"North Melbourne","Richmond",130,55
12504,"Tim","Taranto","Richmond",14,"7","2026-04-19",4,6,10,1,0,1,0,0,0,2,3,1,2,0,0,9,1,1,0,0,0,0,"Docklands",36584,"North Melbourne","Richmond",130,55
12174,"Nick","Vlastuin","Richmond",1,"7","2026-04-19",9,4,13,2,0,1,0,4,2,2,1,2,1,0,0,7,4,0,0,4,1,0,"Docklands",36584,"North Melbourne","Richmond",130,55
12756,"Kade","Chandler","Melbourne",37,"7","2026-04-19",11,6,17,4,3,1,0,3,0,3,0,2,0,0,0,3,13,0,2,1,4,1,"M.C.G.",41629,"Melbourne","Brisbane Lions",104,102
13015,"Jai","Culley","Melbourne",13,"7","2026-04-19",11,7,18,6,0,0,0,4,0,3,1,2,1,0,0,8,10,1,0,2,1,2,"M.C.G.",41629,"Melbourne","Brisbane Lions",104,102
12598,"Bayley","Fritsch","Melbourne",31,"7","2026-04-19",8,7,15,4,2,0,0,0,0,4,1,1,0,0,0,1,12,0,3,0,0,1,"M.C.G.",41629,"Melbourne","Brisbane Lions",104,102
11966,"Max","Gawn","Melbourne",11,"7","2026-04-19",8,13,21,0,0,0,23,4,0,2,7,2,4,0,0,15,5,0,0,4,0,0,"M.C.G.",41629,"Melbourne","Brisbane Lions",104,102
13254,"Max","Heath","Melbourne",27,"7","2026-04-19",2,2,4,0,0,1,8,0,0,1,0,1,0,1,0,1,4,0,0,0,0,0,"M.C.G.",41629,"Melbourne","Brisbane Lions",104,102
13098,"Blake","Howes","Melbourne",22,"7","2026-04-19",8,7,15,4,0,0,0,1,1,0,0,1,0,1,0,6,9,0,0,1,0,0,"M.C.G.",41629,"Melbourne","Brisbane Lions",104,102
13182,"Matthew","Jefferson","Melbourne",21,"7","2026-04-19",3,4,7,4,0,0,0,2,0,1,0,3,0,2,0,3,4,2,1,1,0,1,"M.C.G.",41629,"Melbourne","Brisbane Lions",104,102
12393,"Ed","Langdon","Melbourne",15,"7","2026-04-19",16,12,28,9,0,0,0,1,10,3,2,2,0,0,0,4,22,0,0,1,0,0,"M.C.G.",41629,"Melbourne","Brisbane Lions",104,102
13184,"Harvey","Langford","Melbourne",4,"7","2026-04-19",14,13,27,4,3,0,0,0,0,5,3,6,1,0,0,7,20,0,1,0,2,2,"M.C.G.",41629,"Melbourne","Brisbane Lions",104,102
13032,"Bailey","Laurie","Melbourne",16,"7","2026-04-19",6,4,10,2,0,1,0,2,1,2,1,2,1,1,0,3,6,0,0,0,0,0,"M.C.G.",41629,"Melbourne","Brisbane Lions",104,102
12351,"Jake","Lever","Melbourne",8,"7","2026-04-19",8,4,12,5,0,0,0,2,0,0,0,5,3,2,0,3,9,0,0,5,0,0,"M.C.G.",41629,"Melbourne","Brisbane Lions",104,102
12639,"Brody","Mihocek","Melbourne",28,"7","2026-04-19",7,1,8,6,2,0,0,1,0,3,0,1,1,0,0,3,5,2,2,1,0,2,"M.C.G.",41629,"Melbourne","Brisbane Lions",104,102
12653,"Harry","Petty","Melbourne",35,"7","2026-04-19",6,5,11,4,0,0,0,2,2,0,0,3,1,1,0,4,6,0,0,6,0,0,"M.C.G.",41629,"Melbourne","Brisbane Lions",104,102
12771,"Kysaiah","Pickett","Melbourne",36,"7","2026-04-19",15,7,22,1,0,0,0,5,1,7,3,4,1,1,0,8,13,0,0,0,1,2,"M.C.G.",41629,"Melbourne","Brisbane Lions",104,102
NA,"Latrelle","Pickett","Melbourne",33,"7","2026-04-19",8,6,14,1,0,0,0,0,3,1,1,4,0,0,0,4,10,0,0,1,5,1,"M.C.G.",41629,"Melbourne","Brisbane Lions",104,102
12864,"Harry","Sharp","Melbourne",30,"7","2026-04-19",6,2,8,3,2,0,0,3,1,3,2,1,0,1,0,3,4,0,2,1,0,1,"M.C.G.",41629,"Melbourne","Brisbane Lions",104,102
12693,"Tom","Sparrow","Melbourne",32,"7","2026-04-19",10,6,16,4,0,0,0,2,1,5,3,1,1,0,0,5,10,0,0,1,0,0,"M.C.G.",41629,"Melbourne","Brisbane Lions",104,102
12368,"Jack","Steele","Melbourne",9,"7","2026-04-19",10,10,20,2,1,0,0,6,1,4,5,1,1,0,0,8,10,1,1,1,0,0,"M.C.G.",41629,"Melbourne","Brisbane Lions",104,102
NA,"Xavier","Taylor","Melbourne",19,"7","2026-04-19",3,2,5,1,0,0,0,5,1,1,0,0,0,0,0,2,3,0,0,1,0,0,"M.C.G.",41629,"Melbourne","Brisbane Lions",104,102
13123,"Koltyn","Tholstrup","Melbourne",12,"7","2026-04-19",17,9,26,2,0,0,0,0,10,1,0,2,1,1,0,8,9,0,0,3,1,0,"M.C.G.",41629,"Melbourne","Brisbane Lions",104,102
12996,"Daniel","Turner","Melbourne",10,"7","2026-04-19",11,4,15,9,0,0,0,3,3,2,0,1,1,0,0,4,11,1,0,4,0,0,"M.C.G.",41629,"Melbourne","Brisbane Lions",104,102
13048,"Jacob","van Rooyen","Melbourne",2,"7","2026-04-19",6,8,14,5,3,1,3,0,0,1,1,1,0,1,0,8,6,2,4,0,0,0,"M.C.G.",41629,"Melbourne","Brisbane Lions",104,102
13099,"Caleb","Windsor","Melbourne",6,"7","2026-04-19",6,6,12,0,0,0,0,4,1,2,0,2,2,0,0,6,4,0,0,1,0,0,"M.C.G.",41629,"Melbourne","Brisbane Lions",104,102
12655,"Oscar","Allen","Brisbane Lions",4,"7","2026-04-19",6,2,8,4,1,0,0,1,0,4,0,4,2,1,0,4,4,0,2,1,0,1,"M.C.G.",41629,"Melbourne","Brisbane Lions",104,102
12340,"Harris","Andrews","Brisbane Lions",31,"7","2026-04-19",14,8,22,12,0,0,0,2,5,0,0,1,0,0,0,10,13,3,0,12,0,0,"M.C.G.",41629,"Melbourne","Brisbane Lions",104,102
12718,"Noah","Answerth","Brisbane Lions",43,"7","2026-04-19",11,4,15,6,0,0,0,1,3,0,1,2,0,0,0,2,12,0,0,3,0,0,"M.C.G.",41629,"Melbourne","Brisbane Lions",104,102
13197,"Levi","Ashcroft","Brisbane Lions",10,"7","2026-04-19",16,4,20,11,0,1,0,1,3,2,0,2,0,0,0,5,15,1,0,0,0,0,"M.C.G.",41629,"Melbourne","Brisbane Lions",104,102
13040,"Will","Ashcroft","Brisbane Lions",8,"7","2026-04-19",15,11,26,8,1,0,0,3,5,2,3,5,0,3,0,6,19,0,1,0,2,0,"M.C.G.",41629,"Melbourne","Brisbane Lions",104,102
12610,"Zac","Bailey","Brisbane Lions",33,"7","2026-04-19",9,5,14,2,0,2,0,0,2,1,4,3,0,2,0,10,7,0,0,0,0,0,"M.C.G.",41629,"Melbourne","Brisbane Lions",104,102
12519,"Jarrod","Berry","Brisbane Lions",7,"7","2026-04-19",6,5,11,2,0,0,0,0,1,2,0,2,1,1,0,3,7,0,0,1,0,1,"M.C.G.",41629,"Melbourne","Brisbane Lions",104,102
12277,"Charlie","Cameron","Brisbane Lions",23,"7","2026-04-19",12,2,14,4,3,0,0,1,1,6,0,2,0,0,0,2,11,0,2,1,1,1,"M.C.G.",41629,"Melbourne","Brisbane Lions",104,102
12838,"Keidean","Coleman","Brisbane Lions",18,"7","2026-04-19",14,6,20,7,0,0,0,1,2,3,0,2,1,0,0,8,11,0,0,1,0,2,"M.C.G.",41629,"Melbourne","Brisbane Lions",104,102
12810,"Sam","Draper","Brisbane Lions",2,"7","2026-04-19",5,1,6,1,1,0,23,2,2,1,3,7,0,3,0,5,1,0,1,3,0,1,"M.C.G.",41629,"Melbourne","Brisbane Lions",104,102
12408,"Josh","Dunkley","Brisbane Lions",5,"7","2026-04-19",12,9,21,6,0,1,0,4,1,3,3,2,0,2,0,6,14,1,1,0,0,0,"M.C.G.",41629,"Melbourne","Brisbane Lions",104,102
13072,"Jaspa","Fletcher","Brisbane Lions",3,"7","2026-04-19",13,5,18,7,1,0,0,1,4,2,0,3,0,1,0,4,13,0,0,0,0,0,"M.C.G.",41629,"Melbourne","Brisbane Lions",104,102
13235,"Ty","Gallop","Brisbane Lions",22,"7","2026-04-19",7,1,8,4,0,0,0,1,2,1,1,2,2,1,0,2,6,0,0,7,0,0,"M.C.G.",41629,"Melbourne","Brisbane Lions",104,102
11894,"Ryan","Lester","Brisbane Lions",35,"7","2026-04-19",9,3,12,6,0,0,0,2,0,1,0,1,1,0,0,3,9,0,0,4,0,0,"M.C.G.",41629,"Melbourne","Brisbane Lions",104,102
12968,"Kai","Lohmann","Brisbane Lions",1,"7","2026-04-19",6,5,11,2,1,0,0,3,0,1,2,3,0,1,0,4,7,0,0,1,0,2,"M.C.G.",41629,"Melbourne","Brisbane Lions",104,102
12090,"Lincoln","McCarthy","Brisbane Lions",11,"7","2026-04-19",10,2,12,9,1,0,0,1,0,5,0,2,0,1,0,3,9,0,1,0,0,2,"M.C.G.",41629,"Melbourne","Brisbane Lions",104,102
12518,"Hugh","McCluggage","Brisbane Lions",6,"7","2026-04-19",13,2,15,6,1,1,0,1,0,3,1,7,0,2,0,7,8,0,1,1,0,0,"M.C.G.",41629,"Melbourne","Brisbane Lions",104,102
13137,"Logan","Morris","Brisbane Lions",13,"7","2026-04-19",9,3,12,7,3,1,0,1,0,2,0,1,2,1,0,6,6,2,5,2,0,0,"M.C.G.",41629,"Melbourne","Brisbane Lions",104,102
12055,"Lachie","Neale","Brisbane Lions",9,"7","2026-04-19",13,18,31,6,0,0,0,1,0,4,10,2,0,0,0,16,16,1,0,1,0,0,"M.C.G.",41629,"Melbourne","Brisbane Lions",104,102
12592,"Cam","Rayner","Brisbane Lions",16,"7","2026-04-19",8,3,11,6,2,3,0,1,2,2,1,1,1,0,0,3,9,0,3,1,0,0,"M.C.G.",41629,"Melbourne","Brisbane Lions",104,102
13138,"Bruce","Reville","Brisbane Lions",38,"7","2026-04-19",16,4,20,9,0,1,0,0,2,4,1,0,0,0,0,4,15,0,1,0,0,1,"M.C.G.",41629,"Melbourne","Brisbane Lions",104,102
13026,"Darcy","Wilmot","Brisbane Lions",44,"7","2026-04-19",20,7,27,9,0,0,0,1,3,3,4,2,0,0,0,4,19,0,0,0,0,0,"M.C.G.",41629,"Melbourne","Brisbane Lions",104,102
13277,"Zane","Zakostelsky","Brisbane Lions",21,"7","2026-04-19",3,1,4,3,0,0,6,2,0,0,1,0,2,0,0,2,3,0,0,2,0,0,"M.C.G.",41629,"Melbourne","Brisbane Lions",104,102
13221,"Bo","Allan","West Coast",26,"7","2026-04-19",10,7,17,7,0,1,0,1,1,4,2,4,0,1,0,5,11,1,0,0,0,0,"Perth Stadium",54232,"West Coast","Fremantle",41,97
12661,"Liam","Baker","West Coast",3,"7","2026-04-19",8,7,15,3,2,1,0,3,1,1,0,7,1,3,0,8,8,0,2,1,0,0,"Perth Stadium",54232,"West Coast","Fremantle",41,97
13209,"Sandy","Brock","West Coast",41,"7","2026-04-19",7,3,10,6,0,0,0,0,5,0,1,1,0,0,0,4,7,0,0,8,0,0,"Perth Stadium",54232,"West Coast","Fremantle",41,97
11937,"Jamie","Cripps","West Coast",15,"7","2026-04-19",7,2,9,4,0,1,0,3,0,3,0,1,1,0,0,4,5,0,0,2,0,0,"Perth Stadium",54232,"West Coast","Fremantle",41,97
13210,"Hamish","Davis","West Coast",38,"7","2026-04-19",6,6,12,5,0,0,0,2,2,2,0,2,0,1,0,5,7,1,0,1,0,1,"Perth Stadium",54232,"West Coast","Fremantle",41,97
NA,"Cooper","Duff-Tytler","West Coast",21,"7","2026-04-19",6,4,10,3,0,0,2,2,0,4,2,2,3,0,0,5,5,0,0,2,0,0,"Perth Stadium",54232,"West Coast","Fremantle",41,97
12334,"Liam","Duggan","West Coast",14,"7","2026-04-19",18,3,21,8,0,0,0,0,4,5,1,2,0,0,0,4,17,0,0,1,0,0,"Perth Stadium",54232,"West Coast","Fremantle",41,97
NA,"Willem","Duursma","West Coast",1,"7","2026-04-19",11,9,20,6,0,0,0,4,0,4,1,4,0,0,0,7,14,0,0,0,0,1,"Perth Stadium",54232,"West Coast","Fremantle",41,97
13038,"Reuben","Ginbey","West Coast",7,"7","2026-04-19",12,2,14,7,0,0,0,1,7,0,0,2,1,1,0,5,9,1,0,3,0,0,"Perth Stadium",54232,"West Coast","Fremantle",41,97
13044,"Elijah","Hewett","West Coast",8,"7","2026-04-19",1,2,3,1,0,0,0,3,0,0,1,1,0,1,0,2,1,0,0,0,0,0,"Perth Stadium",54232,"West Coast","Fremantle",41,97
12957,"Brady","Hough","West Coast",19,"7","2026-04-19",8,3,11,7,0,0,0,5,3,0,1,1,0,0,0,1,10,0,0,0,0,0,"Perth Stadium",54232,"West Coast","Fremantle",41,97
12595,"Tim","Kelly","West Coast",11,"7","2026-04-19",7,17,24,3,0,0,0,1,0,2,4,5,2,1,0,14,9,0,0,0,0,0,"Perth Stadium",54232,"West Coast","Fremantle",41,97
NA,"Josh","Lindsay","West Coast",5,"7","2026-04-19",15,4,19,1,1,0,0,0,2,1,0,1,0,0,0,3,10,0,0,2,0,0,"Perth Stadium",54232,"West Coast","Fremantle",41,97
13240,"Tom","McCarthy","West Coast",18,"7","2026-04-19",21,7,28,9,0,0,0,3,5,3,1,4,0,1,0,7,16,1,0,2,2,1,"Perth Stadium",54232,"West Coast","Fremantle",41,97
NA,"Milan","Murdock","West Coast",47,"7","2026-04-19",9,10,19,1,0,2,0,8,1,2,2,1,2,0,0,10,9,0,0,0,0,0,"Perth Stadium",54232,"West Coast","Fremantle",41,97
13196,"Archer","Reid","West Coast",22,"7","2026-04-19",2,2,4,0,0,0,3,0,0,0,0,0,1,0,0,3,1,0,0,4,0,1,"Perth Stadium",54232,"West Coast","Fremantle",41,97
13111,"Harley","Reid","West Coast",9,"7","2026-04-19",13,7,20,2,0,1,0,3,0,6,3,6,3,2,0,9,10,1,0,0,0,1,"Perth Stadium",54232,"West Coast","Fremantle",41,97
12813,"Harry","Schoenberg","West Coast",48,"7","2026-04-19",9,7,16,5,0,0,0,1,1,3,0,0,0,0,0,1,15,0,0,1,0,0,"Perth Stadium",54232,"West Coast","Fremantle",41,97
13247,"Jobe","Shanahan","West Coast",35,"7","2026-04-19",4,2,6,3,0,0,0,2,1,0,0,0,1,0,0,3,3,1,0,0,0,0,"Perth Stadium",54232,"West Coast","Fremantle",41,97
12601,"Jake","Waterman","West Coast",2,"7","2026-04-19",11,4,15,11,1,4,0,2,0,2,0,0,0,0,0,8,8,4,5,2,0,0,"Perth Stadium",54232,"West Coast","Fremantle",41,97
12836,"Bailey","Williams","West Coast",32,"7","2026-04-19",6,1,7,2,0,0,13,1,1,4,3,1,1,0,0,6,2,1,0,4,0,0,"Perth Stadium",54232,"West Coast","Fremantle",41,97
12087,"Elliot","Yeo","West Coast",6,"7","2026-04-19",8,13,21,0,1,0,0,7,0,3,4,4,1,0,0,8,12,0,0,1,1,0,"Perth Stadium",54232,"West Coast","Fremantle",41,97
13043,"Tylar","Young","West Coast",20,"7","2026-04-19",10,2,12,4,0,0,0,1,2,2,0,2,0,1,0,2,9,0,0,6,0,0,"Perth Stadium",54232,"West Coast","Fremantle",41,97
12983,"Jye","Amiss","Fremantle",24,"7","2026-04-19",11,2,13,10,5,4,0,0,0,0,0,1,0,0,0,3,10,2,9,2,0,1,"Perth Stadium",54232,"West Coast","Fremantle",41,97
12535,"Shai","Bolton","Fremantle",10,"7","2026-04-19",8,8,16,3,1,0,0,3,1,3,3,5,0,2,0,8,7,0,0,1,2,1,"Perth Stadium",54232,"West Coast","Fremantle",41,97
12589,"Andrew","Brayshaw","Fremantle",8,"7","2026-04-19",5,10,15,1,0,0,0,7,0,1,3,2,1,1,0,6,9,0,0,3,0,0,"Perth Stadium",54232,"West Coast","Fremantle",41,97
12875,"Heath","Chapman","Fremantle",5,"7","2026-04-19",15,10,25,7,0,0,0,2,2,4,0,2,1,0,0,7,16,2,0,3,0,0,"Perth Stadium",54232,"West Coast","Fremantle",41,97
12688,"Jordan","Clark","Fremantle",6,"7","2026-04-19",21,6,27,11,1,0,0,1,6,5,2,1,2,1,0,3,21,0,0,3,3,1,"Perth Stadium",54232,"West Coast","Fremantle",41,97
12544,"Brennan","Cox","Fremantle",36,"7","2026-04-19",9,1,10,10,0,0,0,0,3,0,0,4,0,1,0,1,10,1,0,3,0,0,"Perth Stadium",54232,"West Coast","Fremantle",41,97
12428,"Mason","Cox","Fremantle",18,"7","2026-04-19",4,0,4,2,0,1,13,2,1,0,3,2,0,1,0,4,0,2,1,4,0,0,"Perth Stadium",54232,"West Coast","Fremantle",41,97
13204,"Isaiah","Dudley","Fremantle",43,"7","2026-04-19",3,2,5,3,0,0,0,3,0,2,0,0,0,0,0,1,4,0,0,0,0,1,"Perth Stadium",54232,"West Coast","Fremantle",41,97
12966,"Neil","Erasmus","Fremantle",28,"7","2026-04-19",10,3,13,4,1,1,0,5,3,2,0,3,0,0,0,5,8,1,2,2,0,1,"Perth Stadium",54232,"West Coast","Fremantle",41,97
12801,"Michael","Frederick","Fremantle",32,"7","2026-04-19",4,3,7,3,0,0,0,2,0,1,0,1,1,0,0,1,6,0,1,1,0,0,"Perth Stadium",54232,"West Coast","Fremantle",41,97
12779,"Luke","Jackson","Fremantle",9,"7","2026-04-19",7,9,16,3,1,0,29,7,1,1,2,4,1,3,0,7,9,1,0,1,0,0,"Perth Stadium",54232,"West Coast","Fremantle",41,97
13047,"Matthew","Johnson","Fremantle",44,"7","2026-04-19",8,12,20,4,0,0,0,3,4,1,2,2,1,1,0,6,14,0,0,0,0,0,"Perth Stadium",54232,"West Coast","Fremantle",41,97
13033,"Judd","McVee","Fremantle",17,"7","2026-04-19",13,7,20,9,0,0,0,0,4,1,0,5,0,0,0,6,14,0,0,1,3,0,"Perth Stadium",54232,"West Coast","Fremantle",41,97
12352,"Alex","Pearce","Fremantle",25,"7","2026-04-19",4,3,7,3,0,0,0,0,1,1,0,0,0,0,0,2,5,1,0,4,0,0,"Perth Stadium",54232,"West Coast","Fremantle",41,97
13180,"Murphy","Reid","Fremantle",16,"7","2026-04-19",16,10,26,5,0,2,0,5,0,5,0,3,1,0,0,6,19,0,1,1,2,3,"Perth Stadium",54232,"West Coast","Fremantle",41,97
12542,"Luke","Ryan","Fremantle",13,"7","2026-04-19",19,7,26,8,0,1,0,0,5,4,0,4,0,2,0,7,16,1,1,7,0,0,"Perth Stadium",54232,"West Coast","Fremantle",41,97
12786,"Caleb","Serong","Fremantle",3,"7","2026-04-19",11,13,24,4,1,0,0,3,4,1,6,4,2,1,0,13,13,0,0,0,0,0,"Perth Stadium",54232,"West Coast","Fremantle",41,97
12672,"Sam","Switkowski","Fremantle",39,"7","2026-04-19",6,6,12,4,0,0,0,4,0,2,1,1,0,0,0,4,8,1,0,1,0,2,"Perth Stadium",54232,"West Coast","Fremantle",41,97
12887,"Josh","Treacy","Fremantle",35,"7","2026-04-19",4,6,10,3,1,1,0,2,0,2,0,1,1,1,0,6,4,2,1,2,0,1,"Perth Stadium",54232,"West Coast","Fremantle",41,97
13129,"Patrick","Voss","Fremantle",20,"7","2026-04-19",6,6,12,4,3,0,0,2,1,0,0,2,0,1,0,5,7,1,2,2,0,0,"Perth Stadium",54232,"West Coast","Fremantle",41,97
12453,"Corey","Wagner","Fremantle",34,"7","2026-04-19",18,3,21,6,0,0,0,1,3,5,1,4,0,1,0,7,16,0,1,3,0,0,"Perth Stadium",54232,"West Coast","Fremantle",41,97
13075,"Karl","Worner","Fremantle",23,"7","2026-04-19",8,5,13,5,0,0,0,2,3,1,1,2,1,0,0,4,9,0,0,0,0,0,"Perth Stadium",54232,"West Coast","Fremantle",41,97
12777,"Hayden","Young","Fremantle",26,"7","2026-04-19",16,7,23,8,0,1,0,2,1,8,4,3,0,1,0,7,15,0,0,0,1,1,"Perth Stadium",54232,"West Coast","Fremantle",41,97
12723,"Oskar","Baker","Western Bulldogs",13,"8","2026-04-23",10,5,15,5,1,0,0,0,2,1,1,3,0,1,0,2,12,0,2,0,0,0,"Docklands",29523,"Western Bulldogs","Sydney",60,126
12269,"Marcus","Bontempelli","Western Bulldogs",4,"8","2026-04-23",15,14,29,3,2,0,0,5,5,7,6,5,0,0,0,12,17,0,0,4,0,3,"Docklands",29523,"Western Bulldogs","Sydney",60,126
12916,"Lachlan","Bramble","Western Bulldogs",29,"8","2026-04-23",13,9,22,4,0,0,0,3,6,4,0,2,0,0,0,3,13,0,0,1,1,0,"Docklands",29523,"Western Bulldogs","Sydney",60,126
13216,"Jedd","Busslinger","Western Bulldogs",5,"8","2026-04-23",14,5,19,5,0,0,0,1,5,2,1,2,1,1,0,7,13,0,0,13,0,0,"Docklands",29523,"Western Bulldogs","Sydney",60,126
12354,"Bailey","Dale","Western Bulldogs",31,"8","2026-04-23",25,6,31,4,0,0,0,2,7,1,2,4,2,0,0,10,14,0,0,3,2,0,"Docklands",29523,"Western Bulldogs","Sydney",60,126
13178,"Sam","Davidson","Western Bulldogs",42,"8","2026-04-23",10,4,14,5,0,0,0,3,1,1,0,3,0,1,0,3,13,1,0,3,1,0,"Docklands",29523,"Western Bulldogs","Sydney",60,126
13179,"Josh","Dolan","Western Bulldogs",26,"8","2026-04-23",6,7,13,4,1,1,0,2,0,3,0,2,1,1,0,3,10,0,1,0,0,1,"Docklands",29523,"Western Bulldogs","Sydney",60,126
NA,"Louis","Emmett","Western Bulldogs",25,"8","2026-04-23",5,3,8,4,0,1,9,4,0,2,1,1,2,0,0,4,4,0,2,2,0,0,"Docklands",29523,"Western Bulldogs","Sydney",60,126
13140,"Joel","Freijah","Western Bulldogs",27,"8","2026-04-23",6,9,15,5,0,1,0,6,1,2,1,5,0,4,0,7,11,0,1,2,0,1,"Docklands",29523,"Western Bulldogs","Sydney",60,126
12732,"Ryan","Gardner","Western Bulldogs",43,"8","2026-04-23",4,1,5,0,0,0,0,0,1,1,0,2,0,1,0,0,3,0,0,12,0,0,"Docklands",29523,"Western Bulldogs","Sydney",60,126
13213,"Cooper","Hynes","Western Bulldogs",6,"8","2026-04-23",5,3,8,2,1,0,0,3,1,0,0,1,0,0,0,2,6,0,0,1,0,0,"Docklands",29523,"Western Bulldogs","Sydney",60,126
13275,"Lachie","Jaques","Western Bulldogs",11,"8","2026-04-23",9,8,17,4,0,0,0,0,3,1,0,1,2,0,0,6,9,1,0,3,0,0,"Docklands",29523,"Western Bulldogs","Sydney",60,126
12455,"Matthew","Kennedy","Western Bulldogs",8,"8","2026-04-23",7,8,15,3,0,0,0,5,1,2,2,6,0,4,0,7,9,0,0,0,0,0,"Docklands",29523,"Western Bulldogs","Sydney",60,126
12900,"Buku","Khamis","Western Bulldogs",24,"8","2026-04-23",5,1,6,4,0,0,0,0,3,0,0,1,0,1,0,1,4,0,0,10,1,0,"Docklands",29523,"Western Bulldogs","Sydney",60,126
NA,"Will","Lewis","Western Bulldogs",28,"8","2026-04-23",4,4,8,1,1,1,0,1,0,1,0,5,1,4,0,3,5,0,1,1,0,1,"Docklands",29523,"Western Bulldogs","Sydney",60,126
12594,"Aaron","Naughton","Western Bulldogs",33,"8","2026-04-23",5,2,7,5,1,0,0,0,0,1,0,2,1,2,0,3,4,2,1,0,0,0,"Docklands",29523,"Western Bulldogs","Sydney",60,126
12605,"Ed","Richards","Western Bulldogs",20,"8","2026-04-23",11,7,18,1,1,0,0,5,1,3,5,4,1,1,0,12,7,0,0,1,0,1,"Docklands",29523,"Western Bulldogs","Sydney",60,126
13103,"Ryley","Sanders","Western Bulldogs",9,"8","2026-04-23",10,18,28,2,0,0,0,7,2,4,6,3,0,1,0,11,15,0,0,1,0,0,"Docklands",29523,"Western Bulldogs","Sydney",60,126
13276,"Michael","Sellwood","Western Bulldogs",37,"8","2026-04-23",11,6,17,5,0,0,0,3,6,2,0,5,0,3,0,6,13,0,0,1,0,0,"Docklands",29523,"Western Bulldogs","Sydney",60,126
NA,"Lachlan","Smith","Western Bulldogs",40,"8","2026-04-23",3,7,10,1,0,0,13,5,1,1,4,2,2,1,0,10,2,0,0,1,0,0,"Docklands",29523,"Western Bulldogs","Sydney",60,126
12054,"Adam","Treloar","Western Bulldogs",1,"8","2026-04-23",9,16,25,4,0,0,0,2,2,1,4,2,1,0,0,7,18,0,0,0,0,0,"Docklands",29523,"Western Bulldogs","Sydney",60,126
12748,"Rhylee","West","Western Bulldogs",14,"8","2026-04-23",4,5,9,3,0,0,0,1,0,2,0,3,0,0,0,3,7,0,0,1,0,1,"Docklands",29523,"Western Bulldogs","Sydney",60,126
12441,"Bailey","Williams","Western Bulldogs",34,"8","2026-04-23",17,6,23,10,1,2,0,2,1,4,1,2,1,1,0,4,20,0,1,0,0,0,"Docklands",29523,"Western Bulldogs","Sydney",60,126
12844,"Joel","Amartey","Sydney",36,"8","2026-04-23",5,3,8,3,3,2,1,1,0,1,0,2,0,2,0,2,6,1,3,0,0,0,"Docklands",29523,"Western Bulldogs","Sydney",60,126
13195,"Riley","Bice","Sydney",26,"8","2026-04-23",9,9,18,7,0,0,0,1,0,3,0,2,0,0,0,2,16,0,0,5,0,1,"Docklands",29523,"Western Bulldogs","Sydney",60,126
12699,"Nick","Blakey","Sydney",22,"8","2026-04-23",12,10,22,1,0,0,0,2,5,4,1,6,2,1,0,3,15,0,0,3,6,1,"Docklands",29523,"Western Bulldogs","Sydney",60,126
NA,"Billy","Cootee","Sydney",25,"8","2026-04-23",4,4,8,3,1,1,0,2,0,1,1,4,0,2,0,3,6,0,1,1,0,0,"Docklands",29523,"Western Bulldogs","Sydney",60,126
12015,"Harry","Cunningham","Sydney",7,"8","2026-04-23",5,6,11,3,0,0,0,2,1,1,0,1,0,0,0,2,9,0,0,3,2,0,"Docklands",29523,"Western Bulldogs","Sydney",60,126
12421,"Charlie","Curnow","Sydney",35,"8","2026-04-23",14,1,15,8,7,2,0,0,0,1,0,1,3,0,0,10,4,6,7,1,0,1,"Docklands",29523,"Western Bulldogs","Sydney",60,126
NA,"Will","Edwards","Sydney",28,"8","2026-04-23",7,5,12,3,0,0,0,2,1,0,0,5,3,1,0,5,8,0,0,4,0,0,"Docklands",29523,"Western Bulldogs","Sydney",60,126
12217,"Brodie","Grundy","Sydney",4,"8","2026-04-23",7,11,18,5,2,0,35,4,3,1,2,4,1,2,0,13,4,3,2,3,0,0,"Docklands",29523,"Western Bulldogs","Sydney",60,126
12860,"James","Jordon","Sydney",17,"8","2026-04-23",7,6,13,1,0,0,0,7,2,4,5,3,1,1,0,7,7,0,0,1,0,0,"Docklands",29523,"Western Bulldogs","Sydney",60,126
12268,"Jake","Lloyd","Sydney",44,"8","2026-04-23",14,9,23,8,1,1,0,3,1,8,0,0,0,0,0,3,14,0,1,0,0,1,"Docklands",29523,"Western Bulldogs","Sydney",60,126
12627,"Tom","McCartin","Sydney",30,"8","2026-04-23",12,11,23,8,0,0,0,3,7,1,0,4,3,2,0,9,13,3,0,6,1,0,"Docklands",29523,"Western Bulldogs","Sydney",60,126
12861,"Logan","McDonald","Sydney",6,"8","2026-04-23",3,2,5,2,0,1,6,0,0,3,0,0,0,0,0,1,3,0,1,0,0,0,"Docklands",29523,"Western Bulldogs","Sydney",60,126
12711,"Justin","McInerney","Sydney",27,"8","2026-04-23",9,15,24,2,0,1,0,3,2,2,5,2,2,1,0,11,13,0,0,1,0,0,"Docklands",29523,"Western Bulldogs","Sydney",60,126
12413,"Callum","Mills","Sydney",14,"8","2026-04-23",13,9,22,6,0,0,0,2,7,2,0,2,1,0,0,5,15,2,1,2,2,0,"Docklands",29523,"Western Bulldogs","Sydney",60,126
12412,"Tom","Papley","Sydney",11,"8","2026-04-23",10,13,23,5,1,0,0,4,0,7,1,8,1,1,0,9,14,0,3,0,0,3,"Docklands",29523,"Western Bulldogs","Sydney",60,126
12140,"Dane","Rampe","Sydney",24,"8","2026-04-23",4,11,15,2,0,0,0,0,2,0,0,0,0,0,0,5,10,0,0,4,0,0,"Docklands",29523,"Western Bulldogs","Sydney",60,126
12994,"Matt","Roberts","Sydney",34,"8","2026-04-23",16,11,27,5,0,0,0,1,1,4,1,4,3,0,0,4,21,0,0,4,0,0,"Docklands",29523,"Western Bulldogs","Sydney",60,126
12903,"Malcolm","Rosas","Sydney",10,"8","2026-04-23",5,7,12,1,0,1,0,5,1,2,2,1,0,0,0,8,5,0,0,2,2,1,"Docklands",29523,"Western Bulldogs","Sydney",60,126
12714,"James","Rowbottom","Sydney",8,"8","2026-04-23",10,6,16,2,0,0,0,4,1,1,4,3,1,0,0,10,6,0,1,2,0,0,"Docklands",29523,"Western Bulldogs","Sydney",60,126
13022,"Jai","Serong","Sydney",13,"8","2026-04-23",14,8,22,4,0,0,0,3,0,9,4,3,1,1,0,13,10,3,0,4,0,0,"Docklands",29523,"Western Bulldogs","Sydney",60,126
12951,"Angus","Sheldrick","Sydney",12,"8","2026-04-23",12,10,22,4,0,0,0,3,0,8,1,3,2,1,0,7,16,0,0,2,0,2,"Docklands",29523,"Western Bulldogs","Sydney",60,126
12797,"Chad","Warner","Sydney",1,"8","2026-04-23",17,3,20,4,3,3,0,7,1,3,2,3,3,0,0,8,13,0,3,0,1,2,"Docklands",29523,"Western Bulldogs","Sydney",60,126
12818,"Sam","Wicks","Sydney",15,"8","2026-04-23",6,14,20,4,0,0,0,1,2,3,0,0,0,0,0,5,16,0,0,2,1,1,"Docklands",29523,"Western Bulldogs","Sydney",60,126
12686,"Noah","Balta","Richmond",21,"8","2026-04-24",1,8,9,3,0,0,12,0,1,1,2,0,1,0,0,4,5,1,0,3,1,0,"M.C.G.",67364,"Richmond","Melbourne",72,126
12456,"Nathan","Broad","Richmond",35,"8","2026-04-24",7,4,11,4,0,0,0,1,3,0,0,3,0,1,0,1,9,0,0,3,0,0,"M.C.G.",67364,"Richmond","Melbourne",72,126
13096,"Tom","Brown","Richmond",30,"8","2026-04-24",18,6,24,7,0,0,0,3,7,2,0,2,1,2,0,8,12,2,0,0,0,1,"M.C.G.",67364,"Richmond","Melbourne",72,126
NA,"Tom","Burton","Richmond",45,"8","2026-04-24",4,8,12,1,0,1,0,1,0,2,0,1,1,0,0,3,10,0,1,1,0,0,"M.C.G.",67364,"Richmond","Melbourne",72,126
13100,"Seth","Campbell","Richmond",44,"8","2026-04-24",11,2,13,4,2,1,0,3,0,3,0,1,1,0,0,5,8,1,2,0,0,0,"M.C.G.",67364,"Richmond","Melbourne",72,126
NA,"Sam","Cumming","Richmond",22,"8","2026-04-24",7,6,13,3,1,1,0,3,0,5,5,2,0,1,0,8,5,1,2,0,0,1,"M.C.G.",67364,"Richmond","Melbourne",72,126
13214,"Jonty","Faull","Richmond",8,"8","2026-04-24",1,3,4,1,1,0,0,1,0,1,0,0,0,0,0,3,1,0,1,0,0,0,"M.C.G.",67364,"Richmond","Melbourne",72,126
13218,"Campbell","Gray","Richmond",50,"8","2026-04-24",5,1,6,4,0,0,0,1,2,0,0,2,0,1,0,4,3,1,0,9,0,0,"M.C.G.",67364,"Richmond","Melbourne",72,126
13145,"Steely","Green","Richmond",48,"8","2026-04-24",9,1,10,3,1,1,0,1,2,3,1,5,0,2,0,2,7,0,0,1,0,2,"M.C.G.",67364,"Richmond","Melbourne",72,126
NA,"Sam","Grlj","Richmond",24,"8","2026-04-24",9,12,21,2,0,0,0,1,2,1,0,2,0,0,0,5,16,0,0,1,2,0,"M.C.G.",67364,"Richmond","Melbourne",72,126
12440,"Jacob","Hopper","Richmond",2,"8","2026-04-24",8,14,22,3,0,0,0,2,2,4,4,4,0,2,0,9,13,0,0,2,0,2,"M.C.G.",67364,"Richmond","Melbourne",72,126
13190,"Sam","Lalor","Richmond",4,"8","2026-04-24",10,6,16,3,1,0,0,3,2,4,7,4,0,1,0,11,7,0,1,2,1,1,"M.C.G.",67364,"Richmond","Melbourne",72,126
13113,"Mykelti","Lefau","Richmond",42,"8","2026-04-24",5,3,8,4,2,0,1,3,0,2,0,3,1,0,0,5,4,1,1,1,2,1,"M.C.G.",67364,"Richmond","Melbourne",72,126
11948,"Tom","Lynch","Richmond",19,"8","2026-04-24",7,3,10,4,1,1,1,2,0,2,0,0,1,0,0,5,5,3,3,2,0,1,"M.C.G.",67364,"Richmond","Melbourne",72,126
13117,"Kane","McAuliffe","Richmond",28,"8","2026-04-24",11,10,21,4,1,0,0,2,2,1,1,2,4,0,0,12,10,0,0,1,0,0,"M.C.G.",67364,"Richmond","Melbourne",72,126
12941,"Ben","Miller","Richmond",12,"8","2026-04-24",12,1,13,6,0,0,0,1,5,1,0,3,0,2,0,1,11,0,0,9,0,0,"M.C.G.",67364,"Richmond","Melbourne",72,126
11917,"Dion","Prestia","Richmond",3,"8","2026-04-24",13,15,28,3,0,0,0,6,1,4,5,2,0,1,0,8,21,0,0,0,0,0,"M.C.G.",67364,"Richmond","Melbourne",72,126
12902,"Hugo","Ralphsmith","Richmond",13,"8","2026-04-24",8,9,17,2,1,0,0,0,2,1,0,4,0,3,0,4,13,0,0,0,0,0,"M.C.G.",67364,"Richmond","Melbourne",72,126
NA,"Patrick","Retschko","Richmond",33,"8","2026-04-24",15,11,26,4,0,0,0,3,3,4,1,2,0,0,0,6,19,1,0,0,1,0,"M.C.G.",67364,"Richmond","Melbourne",72,126
12712,"Jack","Ross","Richmond",5,"8","2026-04-24",4,23,27,3,0,0,0,2,0,4,4,7,0,2,0,12,15,0,0,0,1,0,"M.C.G.",67364,"Richmond","Melbourne",72,126
12918,"Samson","Ryan","Richmond",32,"8","2026-04-24",1,2,3,0,0,0,4,1,0,0,1,2,1,2,0,1,3,0,0,1,0,0,"M.C.G.",67364,"Richmond","Melbourne",72,126
13095,"James","Trezise","Richmond",36,"8","2026-04-24",6,9,15,2,0,0,0,5,1,2,1,3,1,1,0,7,8,1,0,1,0,0,"M.C.G.",67364,"Richmond","Melbourne",72,126
12174,"Nick","Vlastuin","Richmond",1,"8","2026-04-24",10,5,15,1,0,0,0,1,5,0,0,1,1,1,0,5,4,1,0,1,0,0,"M.C.G.",67364,"Richmond","Melbourne",72,126
12756,"Kade","Chandler","Melbourne",37,"8","2026-04-24",6,7,13,1,1,0,0,2,2,3,2,4,2,1,0,8,6,0,0,1,0,2,"M.C.G.",67364,"Richmond","Melbourne",72,126
13015,"Jai","Culley","Melbourne",13,"8","2026-04-24",4,4,8,2,0,0,0,0,0,2,1,1,1,1,0,4,5,1,0,1,0,2,"M.C.G.",67364,"Richmond","Melbourne",72,126
12598,"Bayley","Fritsch","Melbourne",31,"8","2026-04-24",11,4,15,2,2,1,0,6,0,1,1,0,2,0,0,7,7,1,1,1,0,1,"M.C.G.",67364,"Richmond","Melbourne",72,126
11966,"Max","Gawn","Melbourne",11,"8","2026-04-24",8,12,20,5,1,2,21,1,2,3,5,4,2,2,0,18,5,3,3,2,0,1,"M.C.G.",67364,"Richmond","Melbourne",72,126
13254,"Max","Heath","Melbourne",27,"8","2026-04-24",3,5,8,1,0,1,26,0,1,1,2,0,1,0,0,5,3,1,0,0,0,1,"M.C.G.",67364,"Richmond","Melbourne",72,126
13098,"Blake","Howes","Melbourne",22,"8","2026-04-24",11,9,20,6,0,0,0,1,3,2,0,2,0,1,0,7,12,0,0,2,0,0,"M.C.G.",67364,"Richmond","Melbourne",72,126
13182,"Matthew","Jefferson","Melbourne",21,"8","2026-04-24",5,5,10,2,2,1,0,1,0,0,0,1,2,0,0,6,4,0,1,1,0,0,"M.C.G.",67364,"Richmond","Melbourne",72,126
12752,"Changkuoth","Jiath","Melbourne",14,"8","2026-04-24",7,4,11,4,0,0,0,0,1,3,0,1,1,0,0,2,8,0,0,2,1,0,"M.C.G.",67364,"Richmond","Melbourne",72,126
12393,"Ed","Langdon","Melbourne",15,"8","2026-04-24",13,11,24,7,0,0,0,2,2,1,1,1,1,0,0,5,17,0,0,0,5,0,"M.C.G.",67364,"Richmond","Melbourne",72,126
13184,"Harvey","Langford","Melbourne",4,"8","2026-04-24",7,8,15,3,1,0,0,1,0,2,1,3,0,1,0,6,10,1,3,0,0,0,"M.C.G.",67364,"Richmond","Melbourne",72,126
13032,"Bailey","Laurie","Melbourne",16,"8","2026-04-24",9,8,17,2,1,0,0,1,0,5,1,2,0,0,0,6,11,0,0,0,1,1,"M.C.G.",67364,"Richmond","Melbourne",72,126
12351,"Jake","Lever","Melbourne",8,"8","2026-04-24",10,5,15,9,0,0,0,4,4,0,0,2,0,0,0,2,13,0,0,4,0,0,"M.C.G.",67364,"Richmond","Melbourne",72,126
12639,"Brody","Mihocek","Melbourne",28,"8","2026-04-24",6,3,9,6,3,1,0,2,0,1,0,2,0,0,0,5,4,3,4,0,0,0,"M.C.G.",67364,"Richmond","Melbourne",72,126
12771,"Kysaiah","Pickett","Melbourne",36,"8","2026-04-24",27,2,29,4,4,0,0,2,3,6,6,2,2,0,0,7,18,1,0,3,3,0,"M.C.G.",67364,"Richmond","Melbourne",72,126
NA,"Latrelle","Pickett","Melbourne",33,"8","2026-04-24",3,5,8,2,0,0,0,2,0,1,3,4,1,3,0,4,4,0,1,0,0,0,"M.C.G.",67364,"Richmond","Melbourne",72,126
12864,"Harry","Sharp","Melbourne",30,"8","2026-04-24",10,4,14,5,1,1,0,1,1,4,0,1,0,0,0,4,10,0,1,1,1,2,"M.C.G.",67364,"Richmond","Melbourne",72,126
12693,"Tom","Sparrow","Melbourne",32,"8","2026-04-24",16,12,28,3,1,0,0,8,2,7,9,5,3,1,0,12,15,0,1,4,1,1,"M.C.G.",67364,"Richmond","Melbourne",72,126
12368,"Jack","Steele","Melbourne",9,"8","2026-04-24",14,11,25,5,0,0,0,4,2,8,3,5,2,1,0,11,15,0,0,1,0,0,"M.C.G.",67364,"Richmond","Melbourne",72,126
NA,"Xavier","Taylor","Melbourne",19,"8","2026-04-24",3,7,10,1,0,0,0,0,4,1,1,1,0,1,0,7,6,1,0,6,0,0,"M.C.G.",67364,"Richmond","Melbourne",72,126
13123,"Koltyn","Tholstrup","Melbourne",12,"8","2026-04-24",8,3,11,0,0,1,0,3,3,1,0,0,0,0,0,2,5,0,0,4,1,0,"M.C.G.",67364,"Richmond","Melbourne",72,126
12996,"Daniel","Turner","Melbourne",10,"8","2026-04-24",8,6,14,4,0,0,0,0,4,2,0,4,0,1,0,8,4,3,0,8,0,1,"M.C.G.",67364,"Richmond","Melbourne",72,126
13048,"Jacob","van Rooyen","Melbourne",2,"8","2026-04-24",8,5,13,3,0,2,0,1,0,1,0,1,2,0,0,7,7,0,1,4,0,1,"M.C.G.",67364,"Richmond","Melbourne",72,126
13099,"Caleb","Windsor","Melbourne",6,"8","2026-04-24",15,10,25,1,2,0,0,2,1,6,2,2,0,0,0,7,18,0,0,0,1,0,"M.C.G.",67364,"Richmond","Melbourne",72,126
12357,"Karl","Amon","Hawthorn",10,"8","2026-04-25",20,11,31,8,0,1,0,3,8,2,0,2,0,0,0,3,24,0,0,2,3,0,"York Park",8263,"Hawthorn","Gold Coast",112,63
12383,"Tom","Barrass","Hawthorn",37,"8","2026-04-25",3,5,8,4,1,0,0,1,3,1,0,1,0,0,0,4,4,1,0,9,0,0,"York Park",8263,"Hawthorn","Gold Coast",112,63
12558,"Josh","Battle","Hawthorn",24,"8","2026-04-25",16,13,29,7,0,0,0,0,7,2,0,6,1,1,0,10,16,2,0,5,2,0,"York Park",8263,"Hawthorn","Gold Coast",112,63
NA,"Jack","Dalton","Hawthorn",34,"8","2026-04-25",3,7,10,3,0,1,0,6,1,1,0,1,0,0,0,2,8,0,0,0,0,0,"York Park",8263,"Hawthorn","Gold Coast",112,63
12998,"Massimo","DAmbrosio","Hawthorn",16,"8","2026-04-25",16,8,24,5,1,1,0,5,1,5,0,2,0,0,0,3,21,0,0,0,1,0,"York Park",8263,"Hawthorn","Gold Coast",112,63
13135,"Calsher","Dear","Hawthorn",13,"8","2026-04-25",4,4,8,2,0,0,0,5,1,1,0,2,0,1,0,4,3,0,0,3,0,0,"York Park",8263,"Hawthorn","Gold Coast",112,63
12927,"Jack","Ginnivan","Hawthorn",33,"8","2026-04-25",12,4,16,7,1,0,0,7,2,4,0,1,0,0,0,1,14,0,0,1,2,3,"York Park",8263,"Hawthorn","Gold Coast",112,63
11845,"Jack","Gunston","Hawthorn",19,"8","2026-04-25",13,2,15,9,5,4,0,0,0,2,1,2,0,1,0,4,11,0,7,0,0,0,"York Park",8263,"Hawthorn","Gold Coast",112,63
12469,"Blake","Hardwick","Hawthorn",15,"8","2026-04-25",16,6,22,4,0,0,0,1,5,1,1,1,0,0,0,3,16,0,0,6,0,0,"York Park",8263,"Hawthorn","Gold Coast",112,63
12237,"Jarman","Impey","Hawthorn",4,"8","2026-04-25",17,11,28,6,1,0,0,2,3,4,1,1,0,0,0,4,19,0,0,2,6,1,"York Park",8263,"Hawthorn","Gold Coast",112,63
12636,"Mitch","Lewis","Hawthorn",2,"8","2026-04-25",9,1,10,5,1,1,0,3,0,2,0,1,0,1,0,2,7,1,0,1,0,0,"York Park",8263,"Hawthorn","Gold Coast",112,63
12954,"Connor","Macdonald","Hawthorn",9,"8","2026-04-25",13,9,22,7,1,2,0,6,1,3,2,1,0,0,0,5,16,1,3,0,0,2,"York Park",8263,"Hawthorn","Gold Coast",112,63
13031,"Cam","Mackenzie","Hawthorn",28,"8","2026-04-25",11,11,22,1,0,0,0,4,0,2,3,6,2,3,0,9,14,0,0,0,0,0,"York Park",8263,"Hawthorn","Gold Coast",112,63
12843,"Finn","Maginness","Hawthorn",20,"8","2026-04-25",6,18,24,5,2,0,0,4,0,1,1,3,0,1,0,11,13,1,1,1,0,0,"York Park",8263,"Hawthorn","Gold Coast",112,63
12856,"Lloyd","Meek","Hawthorn",17,"8","2026-04-25",5,10,15,2,0,0,18,5,2,3,6,6,1,2,0,11,5,0,0,0,0,0,"York Park",8263,"Hawthorn","Gold Coast",112,63
12579,"Harry","Morrison","Hawthorn",1,"8","2026-04-25",9,11,20,4,0,0,0,4,2,2,1,6,2,2,0,7,13,0,0,0,1,0,"York Park",8263,"Hawthorn","Gold Coast",112,63
12670,"Conor","Nash","Hawthorn",11,"8","2026-04-25",7,14,21,2,1,0,0,5,1,1,4,4,2,0,0,10,11,0,0,0,0,0,"York Park",8263,"Hawthorn","Gold Coast",112,63
12915,"Jai","Newcombe","Hawthorn",3,"8","2026-04-25",11,19,30,3,0,1,0,6,3,3,12,3,4,2,0,20,11,0,0,0,0,2,"York Park",8263,"Hawthorn","Gold Coast",112,63
12906,"Ned","Reeves","Hawthorn",7,"8","2026-04-25",2,3,5,0,0,0,24,4,0,2,2,4,0,2,0,4,2,0,0,4,0,0,"York Park",8263,"Hawthorn","Gold Coast",112,63
12565,"Jack","Scrimshaw","Hawthorn",14,"8","2026-04-25",9,15,24,5,0,0,0,4,3,0,0,6,0,2,0,9,14,0,0,3,2,0,"York Park",8263,"Hawthorn","Gold Coast",112,63
12955,"Josh","Ward","Hawthorn",25,"8","2026-04-25",8,12,20,2,0,0,0,3,1,4,3,3,1,2,0,3,15,0,0,2,0,2,"York Park",8263,"Hawthorn","Gold Coast",112,63
13105,"Nick","Watson","Hawthorn",5,"8","2026-04-25",8,6,14,5,2,1,0,2,0,4,1,3,0,2,0,8,8,0,1,1,1,1,"York Park",8263,"Hawthorn","Gold Coast",112,63
13057,"Josh","Weddle","Hawthorn",23,"8","2026-04-25",9,10,19,3,0,1,0,2,5,4,2,3,0,0,0,4,16,0,0,1,0,1,"York Park",8263,"Hawthorn","Gold Coast",112,63
13251,"Oscar","Adams","Gold Coast",48,"8","2026-04-25",1,3,4,2,0,0,0,2,0,0,0,1,1,0,0,2,2,0,0,4,0,0,"York Park",8263,"Hawthorn","Gold Coast",112,63
12767,"Noah","Anderson","Gold Coast",15,"8","2026-04-25",16,15,31,4,0,1,0,3,5,5,5,4,0,1,0,10,22,0,0,1,0,2,"York Park",8263,"Hawthorn","Gold Coast",112,63
13019,"Mac","Andrew","Gold Coast",1,"8","2026-04-25",15,5,20,7,0,0,3,4,7,1,0,0,1,0,0,6,11,2,0,10,1,0,"York Park",8263,"Hawthorn","Gold Coast",112,63
12444,"Sam","Collins","Gold Coast",25,"8","2026-04-25",5,10,15,3,0,0,0,1,2,1,0,1,3,0,0,9,6,1,0,10,0,0,"York Park",8263,"Hawthorn","Gold Coast",112,63
13120,"Will","Graham","Gold Coast",26,"8","2026-04-25",7,13,20,2,0,1,0,2,1,4,2,5,2,3,0,9,12,0,0,0,1,0,"York Park",8263,"Hawthorn","Gold Coast",112,63
13049,"Bailey","Humphrey","Gold Coast",19,"8","2026-04-25",5,6,11,2,2,0,0,4,0,4,0,1,1,1,0,6,6,0,1,1,0,1,"York Park",8263,"Hawthorn","Gold Coast",112,63
12728,"Ben","King","Gold Coast",34,"8","2026-04-25",5,0,5,3,2,1,0,0,0,0,1,0,1,0,0,1,3,0,3,1,0,0,"York Park",8263,"Hawthorn","Gold Coast",112,63
13232,"Leo","Lombard","Gold Coast",8,"8","2026-04-25",6,7,13,3,0,2,0,4,0,2,0,2,0,1,0,5,7,0,1,1,3,0,"York Park",8263,"Hawthorn","Gold Coast",112,63
12521,"Ben","Long","Gold Coast",22,"8","2026-04-25",4,7,11,1,2,0,0,1,0,1,1,0,0,0,0,9,2,0,0,0,0,1,"York Park",8263,"Hawthorn","Gold Coast",112,63
12331,"Touk","Miller","Gold Coast",11,"8","2026-04-25",10,11,21,1,0,0,0,6,1,8,2,0,0,0,0,5,16,0,0,0,1,0,"York Park",8263,"Hawthorn","Gold Coast",112,63
12743,"John","Noble","Gold Coast",2,"8","2026-04-25",14,9,23,6,0,1,0,3,5,4,1,0,1,0,0,6,12,0,0,0,0,0,"York Park",8263,"Hawthorn","Gold Coast",112,63
12430,"Christian","Petracca","Gold Coast",3,"8","2026-04-25",14,14,28,5,0,0,0,5,2,7,10,2,1,0,0,12,14,0,2,1,0,0,"York Park",8263,"Hawthorn","Gold Coast",112,63
12652,"Wil","Powell","Gold Coast",27,"8","2026-04-25",10,5,15,4,0,0,0,4,5,3,0,1,0,0,0,6,7,0,0,2,0,1,"York Park",8263,"Hawthorn","Gold Coast",112,63
13121,"Ethan","Read","Gold Coast",20,"8","2026-04-25",5,6,11,1,0,0,2,0,0,1,2,5,4,0,0,9,2,1,0,2,0,0,"York Park",8263,"Hawthorn","Gold Coast",112,63
12403,"Daniel","Rioli","Gold Coast",17,"8","2026-04-25",9,12,21,2,0,1,0,4,1,2,0,1,2,0,0,5,15,0,0,0,1,0,"York Park",8263,"Hawthorn","Gold Coast",112,63
13126,"Jake","Rogers","Gold Coast",29,"8","2026-04-25",3,4,7,1,0,0,0,0,0,1,0,2,0,1,0,3,5,0,0,0,0,0,"York Park",8263,"Hawthorn","Gold Coast",112,63
12768,"Matt","Rowell","Gold Coast",18,"8","2026-04-25",9,9,18,1,0,0,0,10,2,2,5,9,3,2,0,10,9,1,0,0,0,0,"York Park",8263,"Hawthorn","Gold Coast",112,63
12923,"Jamarra","Ugle-Hagan","Gold Coast",9,"8","2026-04-25",6,1,7,5,1,0,0,1,0,3,0,4,1,0,0,2,4,1,2,0,0,1,"York Park",8263,"Hawthorn","Gold Coast",112,63
13041,"Bodhi","Uwland","Gold Coast",6,"8","2026-04-25",15,6,21,5,0,1,0,2,6,1,0,1,0,0,0,1,12,0,0,3,1,0,"York Park",8263,"Hawthorn","Gold Coast",112,63
13278,"Zeke","Uwland","Gold Coast",32,"8","2026-04-25",4,3,7,2,0,0,0,2,1,1,0,0,0,0,0,0,7,0,0,0,0,0,"York Park",8263,"Hawthorn","Gold Coast",112,63
13114,"Jed","Walter","Gold Coast",4,"8","2026-04-25",5,4,9,3,0,0,1,0,0,3,0,4,0,2,0,3,4,2,0,3,0,1,"York Park",8263,"Hawthorn","Gold Coast",112,63
12385,"Lachie","Weller","Gold Coast",14,"8","2026-04-25",8,9,17,4,2,0,0,4,0,3,2,3,0,1,0,5,13,0,1,0,1,0,"York Park",8263,"Hawthorn","Gold Coast",112,63
12177,"Jarrod","Witts","Gold Coast",28,"8","2026-04-25",8,2,10,0,0,0,26,2,0,3,6,5,1,1,0,8,1,0,0,1,0,1,"York Park",8263,"Hawthorn","Gold Coast",112,63
13237,"Lachlan","Blakiston","Essendon",46,"8","2026-04-25",2,6,8,0,0,0,11,2,1,1,5,3,1,1,0,7,2,0,0,3,1,0,"M.C.G.",92231,"Essendon","Collingwood",60,137
13148,"Nate","Caddy","Essendon",30,"8","2026-04-25",9,3,12,3,3,3,0,1,0,2,0,0,3,0,0,4,8,0,2,0,0,1,"M.C.G.",92231,"Essendon","Collingwood",60,137
12755,"Jye","Caldwell","Essendon",6,"8","2026-04-25",6,10,16,3,0,0,0,7,0,2,2,2,1,1,0,7,10,1,0,0,0,0,"M.C.G.",92231,"Essendon","Collingwood",60,137
13223,"Archer","Day-Wicks","Essendon",44,"8","2026-04-25",5,4,9,3,2,0,0,6,2,1,0,0,1,0,0,3,7,1,2,1,0,0,"M.C.G.",92231,"Essendon","Collingwood",60,137
12925,"Sam","Durham","Essendon",22,"8","2026-04-25",11,4,15,5,1,0,0,2,0,5,1,6,1,2,0,5,9,1,1,0,1,0,"M.C.G.",92231,"Essendon","Collingwood",60,137
12696,"Xavier","Duursma","Essendon",28,"8","2026-04-25",9,8,17,7,0,0,0,2,1,1,1,3,0,0,0,3,15,0,0,3,1,0,"M.C.G.",92231,"Essendon","Collingwood",60,137
13198,"Tom","Edwards","Essendon",45,"8","2026-04-25",6,4,10,3,0,0,0,1,0,1,1,0,1,0,0,4,6,1,0,0,0,1,"M.C.G.",92231,"Essendon","Collingwood",60,137
13203,"Saad","El-Hawli","Essendon",41,"8","2026-04-25",12,11,23,4,0,0,0,1,2,1,1,3,2,1,0,9,14,0,0,3,2,0,"M.C.G.",92231,"Essendon","Collingwood",60,137
NA,"Jacob","Farrow","Essendon",2,"8","2026-04-25",10,9,19,7,0,0,0,1,3,0,1,2,0,1,0,2,13,0,0,0,0,0,"M.C.G.",92231,"Essendon","Collingwood",60,137
13177,"Isaac","Kako","Essendon",10,"8","2026-04-25",4,6,10,2,1,0,0,0,1,3,1,3,0,2,0,6,4,0,0,2,0,0,"M.C.G.",92231,"Essendon","Collingwood",60,137
12349,"Kyle","Langford","Essendon",4,"8","2026-04-25",9,11,20,5,2,0,0,4,1,2,0,3,0,1,0,4,16,1,1,1,0,1,"M.C.G.",92231,"Essendon","Collingwood",60,137
13238,"Archie","May","Essendon",26,"8","2026-04-25",3,0,3,1,0,1,0,1,0,0,1,0,0,0,0,2,0,1,1,2,1,0,"M.C.G.",92231,"Essendon","Collingwood",60,137
12491,"Andrew","McGrath","Essendon",1,"8","2026-04-25",12,10,22,5,0,0,0,1,5,2,4,1,1,1,0,8,14,0,0,0,2,0,"M.C.G.",92231,"Essendon","Collingwood",60,137
12580,"Ben","McKay","Essendon",32,"8","2026-04-25",6,7,13,6,0,0,0,1,5,0,0,4,0,0,0,1,11,1,0,3,0,0,"M.C.G.",92231,"Essendon","Collingwood",60,137
12241,"Zach","Merrett","Essendon",7,"8","2026-04-25",10,12,22,1,0,0,0,2,1,4,2,2,0,1,0,8,16,0,0,1,2,0,"M.C.G.",92231,"Essendon","Collingwood",60,137
12406,"Darcy","Parish","Essendon",3,"8","2026-04-25",8,15,23,2,0,0,0,2,3,2,4,2,1,0,0,9,14,0,0,1,0,0,"M.C.G.",92231,"Essendon","Collingwood",60,137
12874,"Jaxon","Prior","Essendon",25,"8","2026-04-25",12,9,21,5,0,0,0,0,3,0,0,1,0,0,0,5,12,0,0,1,1,0,"M.C.G.",92231,"Essendon","Collingwood",60,137
12889,"Zach","Reid","Essendon",31,"8","2026-04-25",8,6,14,5,0,0,0,3,1,0,0,2,1,1,0,3,10,0,0,4,0,0,"M.C.G.",92231,"Essendon","Collingwood",60,137
13168,"Archie","Roberts","Essendon",21,"8","2026-04-25",28,14,42,9,0,0,0,1,9,2,1,6,0,3,0,5,29,1,0,2,4,0,"M.C.G.",92231,"Essendon","Collingwood",60,137
NA,"Sullivan","Robey","Essendon",9,"8","2026-04-25",3,6,9,1,0,0,0,1,0,2,0,4,0,2,0,5,4,0,0,0,0,1,"M.C.G.",92231,"Essendon","Collingwood",60,137
NA,"Dyson","Sharp","Essendon",15,"8","2026-04-25",5,5,10,4,0,0,0,1,0,0,0,1,1,0,0,1,10,0,1,2,0,0,"M.C.G.",92231,"Essendon","Collingwood",60,137
13087,"Elijah","Tsatas","Essendon",5,"8","2026-04-25",8,10,18,4,0,0,0,1,2,3,3,1,0,0,0,5,13,0,0,1,1,0,"M.C.G.",92231,"Essendon","Collingwood",60,137
12366,"Peter","Wright","Essendon",20,"8","2026-04-25",6,3,9,4,0,2,8,1,1,0,0,4,0,3,0,2,7,0,2,1,0,0,"M.C.G.",92231,"Essendon","Collingwood",60,137
NA,"Angus","Anderson","Collingwood",41,"8","2026-04-25",6,8,14,2,2,2,0,4,1,1,1,2,0,1,0,6,8,0,1,1,0,0,"M.C.G.",92231,"Essendon","Collingwood",60,137
12660,"Darcy","Cameron","Collingwood",14,"8","2026-04-25",8,7,15,3,0,0,17,1,0,1,2,4,3,2,0,9,4,2,0,1,0,1,"M.C.G.",92231,"Essendon","Collingwood",60,137
12061,"Jack","Crisp","Collingwood",25,"8","2026-04-25",16,12,28,12,1,1,0,3,0,6,0,3,0,0,0,5,23,0,1,1,1,1,"M.C.G.",92231,"Essendon","Collingwood",60,137
12573,"Josh","Daicos","Collingwood",7,"8","2026-04-25",22,13,35,8,0,0,0,1,5,2,3,2,1,0,0,6,28,0,0,2,0,0,"M.C.G.",92231,"Essendon","Collingwood",60,137
12943,"Nick","Daicos","Collingwood",35,"8","2026-04-25",22,20,42,8,0,4,0,1,1,8,8,6,0,1,0,14,26,0,1,0,4,1,"M.C.G.",92231,"Essendon","Collingwood",60,137
12318,"Jordan","de Goey","Collingwood",2,"8","2026-04-25",9,9,18,4,3,1,0,3,0,4,1,0,1,0,0,8,10,0,0,0,0,2,"M.C.G.",92231,"Essendon","Collingwood",60,137
12083,"Jamie","Elliott","Collingwood",5,"8","2026-04-25",10,4,14,5,2,2,0,0,0,3,1,5,1,1,0,7,7,0,3,0,0,1,"M.C.G.",92231,"Essendon","Collingwood",60,137
12676,"Billy","Frampton","Collingwood",17,"8","2026-04-25",10,7,17,8,0,0,0,1,2,1,0,0,1,0,0,2,15,1,0,1,0,0,"M.C.G.",92231,"Essendon","Collingwood",60,137
13228,"Will","Hayes","Collingwood",39,"8","2026-04-25",4,3,7,0,1,0,0,1,1,1,0,1,1,0,0,1,7,0,0,0,0,0,"M.C.G.",92231,"Essendon","Collingwood",60,137
12495,"Dan","Houston","Collingwood",9,"8","2026-04-25",14,13,27,8,0,1,0,2,3,4,1,0,2,0,0,8,18,0,0,3,0,1,"M.C.G.",92231,"Essendon","Collingwood",60,137
11967,"Jeremy","Howe","Collingwood",38,"8","2026-04-25",15,3,18,12,0,0,0,1,2,1,0,3,0,2,0,3,13,2,0,5,0,0,"M.C.G.",92231,"Essendon","Collingwood",60,137
12578,"Patrick","Lipinski","Collingwood",1,"8","2026-04-25",10,12,22,5,1,1,0,3,0,2,3,4,1,2,0,7,15,0,2,1,0,1,"M.C.G.",92231,"Essendon","Collingwood",60,137
12371,"Brayden","Maynard","Collingwood",4,"8","2026-04-25",13,5,18,5,0,0,0,1,2,4,0,3,0,1,0,3,15,0,0,3,0,1,"M.C.G.",92231,"Essendon","Collingwood",60,137
12876,"Beau","McCreery","Collingwood",31,"8","2026-04-25",8,7,15,3,2,1,0,3,0,2,1,2,1,1,0,5,11,0,2,1,1,1,"M.C.G.",92231,"Essendon","Collingwood",60,137
12291,"Daniel","McStay","Collingwood",11,"8","2026-04-25",7,4,11,7,2,3,0,0,0,3,0,1,0,0,0,5,7,2,5,1,0,0,"M.C.G.",92231,"Essendon","Collingwood",60,137
12300,"Tim","Membrey","Collingwood",28,"8","2026-04-25",3,8,11,4,0,0,0,0,0,1,0,2,0,1,0,5,7,0,0,0,0,0,"M.C.G.",92231,"Essendon","Collingwood",60,137
4182,"Scott","Pendlebury","Collingwood",10,"8","2026-04-25",18,25,43,10,2,0,0,1,1,6,4,5,3,0,0,15,26,0,0,1,0,2,"M.C.G.",92231,"Essendon","Collingwood",60,137
12536,"Harry","Perryman","Collingwood",12,"8","2026-04-25",10,10,20,4,0,0,0,2,1,1,0,2,0,1,0,2,17,0,0,1,0,0,"M.C.G.",92231,"Essendon","Collingwood",60,137
12740,"Isaac","Quaynor","Collingwood",3,"8","2026-04-25",13,10,23,9,0,0,0,3,5,1,0,3,1,0,0,7,16,1,0,0,0,0,"M.C.G.",92231,"Essendon","Collingwood",60,137
12700,"Lachie","Schultz","Collingwood",8,"8","2026-04-25",4,9,13,4,1,0,0,5,0,2,0,2,1,1,0,6,9,0,2,3,0,0,"M.C.G.",92231,"Essendon","Collingwood",60,137
11751,"Steele","Sidebottom","Collingwood",22,"8","2026-04-25",11,8,19,8,1,0,0,1,1,2,0,1,0,0,0,3,15,0,0,1,0,1,"M.C.G.",92231,"Essendon","Collingwood",60,137
13248,"Roan","Steele","Collingwood",45,"8","2026-04-25",9,9,18,4,2,0,0,1,0,5,1,1,1,0,0,6,12,0,1,1,0,0,"M.C.G.",92231,"Essendon","Collingwood",60,137
NA,"Oscar","Steene","Collingwood",21,"8","2026-04-25",2,8,10,1,0,0,12,0,0,1,3,4,2,0,0,8,2,1,0,0,0,0,"M.C.G.",92231,"Essendon","Collingwood",60,137
12433,"Aliir","Aliir","Port Adelaide",21,"8","2026-04-25",13,3,16,11,0,0,0,1,2,1,0,2,0,1,0,3,14,1,0,6,0,0,"Adelaide Oval",41164,"Port Adelaide","Geelong",95,65
12867,"Miles","Bergman","Port Adelaide",14,"8","2026-04-25",12,2,14,5,1,0,0,0,3,1,0,0,0,0,0,4,9,0,0,1,1,0,"Adelaide Oval",41164,"Port Adelaide","Geelong",95,65
13188,"Joe","Berry","Port Adelaide",5,"8","2026-04-25",9,3,12,2,0,0,0,7,1,3,1,1,3,0,0,5,7,0,0,0,0,1,"Adelaide Oval",41164,"Port Adelaide","Geelong",95,65
13007,"Jase","Burgoyne","Port Adelaide",7,"8","2026-04-25",17,10,27,9,1,0,0,2,2,6,3,3,0,0,0,7,16,0,1,1,0,1,"Adelaide Oval",41164,"Port Adelaide","Geelong",95,65
12698,"Zak","Butters","Port Adelaide",9,"8","2026-04-25",18,12,30,2,0,0,0,4,1,7,4,7,3,5,0,9,21,0,0,1,2,2,"Adelaide Oval",41164,"Port Adelaide","Geelong",95,65
12422,"Darcy","Byrne-Jones","Port Adelaide",33,"8","2026-04-25",13,4,17,8,0,0,0,2,1,1,0,2,0,1,0,3,14,0,0,0,0,0,"Adelaide Oval",41164,"Port Adelaide","Geelong",95,65
12695,"Willem","Drew","Port Adelaide",28,"8","2026-04-25",9,12,21,5,0,0,0,7,0,2,8,2,1,2,0,11,13,0,0,3,0,0,"Adelaide Oval",41164,"Port Adelaide","Geelong",95,65
12936,"Corey","Durdin","Port Adelaide",44,"8","2026-04-25",10,3,13,6,2,1,0,4,0,3,1,4,1,1,0,5,10,1,3,2,0,1,"Adelaide Oval",41164,"Port Adelaide","Geelong",95,65
13156,"Logan","Evans","Port Adelaide",22,"8","2026-04-25",12,3,15,6,0,0,0,1,4,3,0,1,0,1,0,2,12,0,0,0,2,1,"Adelaide Oval",41164,"Port Adelaide","Geelong",95,65
12664,"Kane","Farrell","Port Adelaide",6,"8","2026-04-25",18,6,24,9,1,0,0,1,2,6,0,1,1,1,0,3,17,0,0,1,1,0,"Adelaide Oval",41164,"Port Adelaide","Geelong",95,65
12766,"Mitch","Georgiades","Port Adelaide",19,"8","2026-04-25",14,5,19,10,4,6,0,1,0,1,1,5,0,0,0,3,15,1,7,2,0,1,"Adelaide Oval",41164,"Port Adelaide","Geelong",95,65
12956,"Jason","Horne-Francis","Port Adelaide",18,"8","2026-04-25",18,16,34,6,1,1,0,4,2,4,12,7,2,3,0,17,18,1,1,1,1,0,"Adelaide Oval",41164,"Port Adelaide","Geelong",95,65
12882,"Lachie","Jones","Port Adelaide",34,"8","2026-04-25",5,6,11,4,0,0,0,1,1,0,0,0,0,0,0,6,7,1,0,8,0,0,"Adelaide Oval",41164,"Port Adelaide","Geelong",95,65
NA,"Josh","Lai","Port Adelaide",43,"8","2026-04-25",9,6,15,6,0,0,0,1,2,1,0,1,1,0,0,6,10,0,0,4,0,0,"Adelaide Oval",41164,"Port Adelaide","Geelong",95,65
13269,"Ewan","Mackinlay","Port Adelaide",31,"8","2026-04-25",8,7,15,4,0,0,0,2,1,3,1,1,0,0,0,5,10,0,1,1,2,0,"Adelaide Oval",41164,"Port Adelaide","Geelong",95,65
13199,"Christian","Moraes","Port Adelaide",11,"8","2026-04-25",12,14,26,6,1,0,0,2,2,3,1,0,0,0,0,5,21,0,0,0,0,0,"Adelaide Oval",41164,"Port Adelaide","Geelong",95,65
13139,"Joe","Richards","Port Adelaide",35,"8","2026-04-25",11,9,20,9,1,1,0,5,0,1,2,1,1,0,0,4,15,0,1,2,0,1,"Adelaide Oval",41164,"Port Adelaide","Geelong",95,65
12890,"Jordon","Sweet","Port Adelaide",24,"8","2026-04-25",9,3,12,5,1,2,31,4,0,5,5,2,1,1,0,9,7,1,2,5,0,1,"Adelaide Oval",41164,"Port Adelaide","Geelong",95,65
13073,"Dante","Visentini","Port Adelaide",38,"8","2026-04-25",5,5,10,4,0,0,22,3,0,2,2,2,3,0,0,7,4,0,0,3,0,1,"Adelaide Oval",41164,"Port Adelaide","Geelong",95,65
NA,"Jack","Watkins","Port Adelaide",37,"8","2026-04-25",2,4,6,1,0,0,0,3,1,0,0,0,0,0,0,1,5,0,0,1,0,0,"Adelaide Oval",41164,"Port Adelaide","Geelong",95,65
12991,"Jacob","Wehr","Port Adelaide",15,"8","2026-04-25",8,4,12,2,0,0,0,4,0,2,0,4,0,2,0,1,10,0,0,1,0,0,"Adelaide Oval",41164,"Port Adelaide","Geelong",95,65
13259,"Jack","Whitlock","Port Adelaide",17,"8","2026-04-25",6,2,8,2,0,0,0,0,0,1,1,1,0,1,0,3,4,0,1,0,0,0,"Adelaide Oval",41164,"Port Adelaide","Geelong",95,65
12150,"Ollie","Wines","Port Adelaide",16,"8","2026-04-25",9,18,27,5,0,0,0,7,0,2,4,2,0,1,0,6,21,0,0,0,0,2,"Adelaide Oval",41164,"Port Adelaide","Geelong",95,65
12690,"Tom","Atkins","Geelong",30,"8","2026-04-25",7,8,15,1,0,0,0,9,0,3,1,3,3,2,0,8,8,0,0,0,0,1,"Adelaide Oval",41164,"Port Adelaide","Geelong",95,65
12153,"Mark","Blicavs","Geelong",46,"8","2026-04-25",1,0,1,0,0,0,3,2,1,0,1,0,0,0,0,1,0,0,0,0,0,0,"Adelaide Oval",41164,"Port Adelaide","Geelong",95,65
12499,"Jack","Bowes","Geelong",12,"8","2026-04-25",7,15,22,4,0,0,0,2,1,3,1,7,0,2,0,8,15,1,0,1,1,0,"Adelaide Oval",41164,"Port Adelaide","Geelong",95,65
12871,"Tanner","Bruhn","Geelong",4,"8","2026-04-25",17,7,24,8,0,1,0,4,4,3,2,3,0,0,0,2,20,0,0,0,1,1,"Adelaide Oval",41164,"Port Adelaide","Geelong",95,65
12017,"Jeremy","Cameron","Geelong",5,"8","2026-04-25",7,2,9,5,3,2,0,0,0,1,0,1,0,0,0,3,5,1,3,0,0,1,"Adelaide Oval",41164,"Port Adelaide","Geelong",95,65
12806,"Brad","Close","Geelong",45,"8","2026-04-25",3,3,6,1,1,0,0,2,0,2,1,2,1,2,0,4,4,1,1,2,0,1,"Adelaide Oval",41164,"Port Adelaide","Geelong",95,65
11700,"Patrick","Dangerfield","Geelong",35,"8","2026-04-25",1,3,4,1,1,0,0,1,0,0,0,1,1,0,0,4,1,0,1,0,0,1,"Adelaide Oval",41164,"Port Adelaide","Geelong",95,65
12974,"Oliver","Dempsey","Geelong",28,"8","2026-04-25",7,7,14,6,0,0,0,1,2,1,0,1,2,0,0,4,10,1,0,0,1,1,"Adelaide Oval",41164,"Port Adelaide","Geelong",95,65
NA,"Mitchell","Edwards","Geelong",11,"8","2026-04-25",1,4,5,0,0,0,14,0,1,0,1,5,1,2,0,2,3,0,0,1,0,0,"Adelaide Oval",41164,"Port Adelaide","Geelong",95,65
12551,"Zach","Guthrie","Geelong",39,"8","2026-04-25",10,3,13,3,0,0,0,3,2,1,1,2,1,1,0,6,6,0,0,4,1,0,"Adelaide Oval",41164,"Port Adelaide","Geelong",95,65
12607,"Jack","Henry","Geelong",38,"8","2026-04-25",8,3,11,7,0,0,0,2,2,0,0,0,0,0,0,5,7,2,0,9,0,0,"Adelaide Oval",41164,"Port Adelaide","Geelong",95,65
12851,"Oliver","Henry","Geelong",36,"8","2026-04-25",9,3,12,2,0,0,0,2,0,3,0,4,1,1,0,5,6,0,0,0,0,1,"Adelaide Oval",41164,"Port Adelaide","Geelong",95,65
12881,"Max","Holmes","Geelong",9,"8","2026-04-25",14,11,25,5,0,0,0,0,4,2,3,3,0,0,0,9,13,0,0,0,1,0,"Adelaide Oval",41164,"Port Adelaide","Geelong",95,65
13160,"Lawson","Humphries","Geelong",17,"8","2026-04-25",14,5,19,7,0,0,0,1,6,1,1,2,0,0,0,4,13,0,0,3,0,0,"Adelaide Oval",41164,"Port Adelaide","Geelong",95,65
13104,"Shaun","Mannagh","Geelong",7,"8","2026-04-25",9,4,13,0,1,0,0,1,1,3,0,4,2,0,0,3,11,0,0,1,1,0,"Adelaide Oval",41164,"Port Adelaide","Geelong",95,65
12236,"Jack","Martin","Geelong",19,"8","2026-04-25",6,2,8,5,1,0,0,4,1,0,1,3,1,1,0,4,4,1,2,0,0,0,"Adelaide Oval",41164,"Port Adelaide","Geelong",95,65
13066,"Oisin","Mullin","Geelong",34,"8","2026-04-25",6,8,14,5,0,0,0,6,1,2,7,2,3,1,0,9,6,0,0,2,0,0,"Adelaide Oval",41164,"Port Adelaide","Geelong",95,65
12992,"Shannon","Neale","Geelong",33,"8","2026-04-25",6,6,12,2,2,0,6,2,0,2,2,4,1,1,0,9,5,0,0,1,0,0,"Adelaide Oval",41164,"Port Adelaide","Geelong",95,65
12531,"Mark","OConnor","Geelong",42,"8","2026-04-25",8,7,15,3,0,0,0,4,2,1,1,2,0,0,0,8,8,0,0,3,0,0,"Adelaide Oval",41164,"Port Adelaide","Geelong",95,65
13122,"Connor","OSullivan","Geelong",14,"8","2026-04-25",10,11,21,8,0,0,0,2,4,0,0,2,2,1,0,8,13,1,0,5,0,0,"Adelaide Oval",41164,"Port Adelaide","Geelong",95,65
12692,"Bailey","Smith","Geelong",3,"8","2026-04-25",16,14,30,7,0,0,0,3,3,4,5,4,1,1,0,10,19,0,0,1,2,1,"Adelaide Oval",41164,"Port Adelaide","Geelong",95,65
12505,"Tom","Stewart","Geelong",44,"8","2026-04-25",22,5,27,6,0,0,0,0,9,0,0,4,0,0,0,5,12,0,0,3,1,0,"Adelaide Oval",41164,"Port Adelaide","Geelong",95,65
12619,"James","Worpel","Geelong",29,"8","2026-04-25",6,6,12,3,1,0,0,2,0,3,0,3,0,2,0,3,10,0,1,0,0,0,"Adelaide Oval",41164,"Port Adelaide","Geelong",95,65
12983,"Jye","Amiss","Fremantle",24,"8","2026-04-25",9,3,12,7,3,0,0,1,0,1,0,1,2,0,0,3,9,1,4,1,0,1,"Perth Stadium",54100,"Fremantle","Carlton",103,89
12535,"Shai","Bolton","Fremantle",10,"8","2026-04-25",16,17,33,4,2,2,0,8,2,9,4,4,1,1,0,11,23,0,0,2,1,3,"Perth Stadium",54100,"Fremantle","Carlton",103,89
12589,"Andrew","Brayshaw","Fremantle",8,"8","2026-04-25",11,15,26,2,0,0,0,10,1,2,5,3,1,1,0,11,16,0,0,2,1,0,"Perth Stadium",54100,"Fremantle","Carlton",103,89
12875,"Heath","Chapman","Fremantle",5,"8","2026-04-25",10,4,14,3,0,0,0,2,2,2,0,2,0,2,0,2,11,0,0,1,0,0,"Perth Stadium",54100,"Fremantle","Carlton",103,89
12688,"Jordan","Clark","Fremantle",6,"8","2026-04-25",16,9,25,6,0,0,0,0,4,3,0,3,1,0,0,2,19,0,0,2,0,2,"Perth Stadium",54100,"Fremantle","Carlton",103,89
12544,"Brennan","Cox","Fremantle",36,"8","2026-04-25",11,3,14,7,0,0,0,1,2,0,0,1,1,1,0,2,11,0,0,6,0,0,"Perth Stadium",54100,"Fremantle","Carlton",103,89
12428,"Mason","Cox","Fremantle",18,"8","2026-04-25",4,4,8,4,2,0,8,3,0,0,0,5,0,2,0,4,5,3,3,2,0,0,"Perth Stadium",54100,"Fremantle","Carlton",103,89
13204,"Isaiah","Dudley","Fremantle",43,"8","2026-04-25",4,2,6,1,0,1,0,2,0,1,1,1,0,1,0,3,3,0,1,0,0,1,"Perth Stadium",54100,"Fremantle","Carlton",103,89
12966,"Neil","Erasmus","Fremantle",28,"8","2026-04-25",8,7,15,6,0,0,0,0,2,3,5,4,1,2,0,8,9,0,0,2,0,1,"Perth Stadium",54100,"Fremantle","Carlton",103,89
12801,"Michael","Frederick","Fremantle",32,"8","2026-04-25",8,3,11,5,2,1,0,2,0,2,0,3,0,1,0,3,8,0,3,0,1,1,"Perth Stadium",54100,"Fremantle","Carlton",103,89
12779,"Luke","Jackson","Fremantle",9,"8","2026-04-25",8,13,21,5,2,1,31,6,0,2,3,3,2,0,0,9,14,2,0,4,0,0,"Perth Stadium",54100,"Fremantle","Carlton",103,89
13047,"Matthew","Johnson","Fremantle",44,"8","2026-04-25",4,10,14,1,0,0,0,3,2,2,2,3,1,2,0,3,11,0,0,4,0,1,"Perth Stadium",54100,"Fremantle","Carlton",103,89
13033,"Judd","McVee","Fremantle",17,"8","2026-04-25",11,11,22,7,0,0,0,2,5,0,0,2,0,1,0,5,16,1,0,0,1,0,"Perth Stadium",54100,"Fremantle","Carlton",103,89
12352,"Alex","Pearce","Fremantle",25,"8","2026-04-25",5,4,9,4,0,0,0,3,4,1,0,3,1,1,0,6,3,1,0,2,0,0,"Perth Stadium",54100,"Fremantle","Carlton",103,89
13180,"Murphy","Reid","Fremantle",16,"8","2026-04-25",11,12,23,5,0,0,0,1,0,3,3,1,0,0,0,5,18,0,0,0,2,1,"Perth Stadium",54100,"Fremantle","Carlton",103,89
12542,"Luke","Ryan","Fremantle",13,"8","2026-04-25",20,4,24,8,0,0,0,1,8,2,0,3,1,2,0,2,15,0,0,5,0,0,"Perth Stadium",54100,"Fremantle","Carlton",103,89
12786,"Caleb","Serong","Fremantle",3,"8","2026-04-25",12,10,22,0,0,0,0,3,2,5,5,5,1,1,0,14,9,0,0,1,0,1,"Perth Stadium",54100,"Fremantle","Carlton",103,89
12820,"Jeremy","Sharp","Fremantle",14,"8","2026-04-25",8,6,14,8,2,0,0,1,0,1,0,0,0,0,0,1,13,0,2,0,0,0,"Perth Stadium",54100,"Fremantle","Carlton",103,89
12672,"Sam","Switkowski","Fremantle",39,"8","2026-04-25",2,10,12,3,0,0,0,2,0,3,0,0,0,0,0,6,8,1,0,2,0,1,"Perth Stadium",54100,"Fremantle","Carlton",103,89
12887,"Josh","Treacy","Fremantle",35,"8","2026-04-25",6,2,8,5,3,0,0,2,0,1,0,2,1,2,0,3,5,1,3,1,0,1,"Perth Stadium",54100,"Fremantle","Carlton",103,89
12453,"Corey","Wagner","Fremantle",34,"8","2026-04-25",17,10,27,4,0,0,0,5,2,5,1,4,1,0,0,8,20,0,0,1,0,0,"Perth Stadium",54100,"Fremantle","Carlton",103,89
13075,"Karl","Worner","Fremantle",23,"8","2026-04-25",9,14,23,4,0,0,0,2,3,1,0,2,1,0,0,7,15,1,0,2,2,0,"Perth Stadium",54100,"Fremantle","Carlton",103,89
12777,"Hayden","Young","Fremantle",26,"8","2026-04-25",8,13,21,4,0,0,0,1,1,2,5,1,1,0,0,11,12,0,0,2,1,1,"Perth Stadium",54100,"Fremantle","Carlton",103,89
12498,"Ben","Ainsworth","Carlton",12,"8","2026-04-25",6,8,14,2,0,0,0,2,1,3,1,5,1,0,0,5,8,0,0,0,0,2,"Perth Stadium",54100,"Fremantle","Carlton",103,89
NA,"Talor","Byrne","Carlton",39,"8","2026-04-25",2,3,5,0,0,0,0,1,0,0,0,2,1,2,0,3,3,0,0,1,0,0,"Perth Stadium",54100,"Fremantle","Carlton",103,89
13212,"Matt","Carroll","Carlton",32,"8","2026-04-25",12,9,21,5,1,0,0,0,1,7,1,3,0,1,0,5,15,1,1,2,0,0,"Perth Stadium",54100,"Fremantle","Carlton",103,89
12603,"Adam","Cerra","Carlton",5,"8","2026-04-25",10,11,21,3,0,0,0,4,1,2,1,6,2,2,0,7,16,0,0,0,0,1,"Perth Stadium",54100,"Fremantle","Carlton",103,89
12822,"Matthew","Cottrell","Carlton",46,"8","2026-04-25",5,5,10,1,0,0,0,2,2,1,1,1,1,0,0,3,7,0,0,3,0,0,"Perth Stadium",54100,"Fremantle","Carlton",103,89
13028,"Lachlan","Cowan","Carlton",2,"8","2026-04-25",5,5,10,2,0,0,0,3,2,1,0,1,1,0,0,2,9,0,0,3,0,0,"Perth Stadium",54100,"Fremantle","Carlton",103,89
12261,"Patrick","Cripps","Carlton",9,"8","2026-04-25",8,23,31,1,1,1,0,7,0,5,11,8,2,3,0,24,11,0,0,2,0,0,"Perth Stadium",54100,"Fremantle","Carlton",103,89
13273,"Harry","Dean","Carlton",35,"8","2026-04-25",5,1,6,4,0,0,0,0,0,1,0,2,1,1,0,1,6,0,0,6,0,0,"Perth Stadium",54100,"Fremantle","Carlton",103,89
12873,"Francis","Evans","Carlton",44,"8","2026-04-25",4,4,8,2,1,1,0,5,0,0,0,3,0,1,0,4,4,0,1,1,0,0,"Perth Stadium",54100,"Fremantle","Carlton",103,89
12497,"Oliver","Florent","Carlton",14,"8","2026-04-25",11,9,20,5,0,0,0,1,3,4,1,4,0,0,0,7,12,0,0,0,2,0,"Perth Stadium",54100,"Fremantle","Carlton",103,89
12091,"Nick","Haynes","Carlton",26,"8","2026-04-25",14,5,19,7,0,0,0,0,7,1,0,3,0,2,0,5,13,1,0,0,2,1,"Perth Stadium",54100,"Fremantle","Carlton",103,89
12509,"Will","Hayward","Carlton",19,"8","2026-04-25",11,10,21,9,0,2,0,3,0,4,0,3,2,0,0,7,14,1,1,1,0,0,"Perth Stadium",54100,"Fremantle","Carlton",103,89
12937,"Brodie","Kemp","Carlton",17,"8","2026-04-25",8,0,8,7,4,1,0,1,0,2,0,2,1,1,0,2,6,2,5,0,0,0,"Perth Stadium",54100,"Fremantle","Carlton",103,89
13170,"Cooper","Lord","Carlton",36,"8","2026-04-25",8,10,18,0,0,1,0,6,1,2,2,2,1,1,0,8,10,0,0,0,0,1,"Perth Stadium",54100,"Fremantle","Carlton",103,89
12404,"Mitch","McGovern","Carlton",11,"8","2026-04-25",7,1,8,2,3,0,0,1,0,2,1,0,1,0,0,3,3,0,2,1,0,0,"Perth Stadium",54100,"Fremantle","Carlton",103,89
13171,"Ashton","Moir","Carlton",43,"8","2026-04-25",3,4,7,2,2,0,0,0,0,0,0,2,0,1,0,1,5,0,2,1,0,0,"Perth Stadium",54100,"Fremantle","Carlton",103,89
12508,"Nic","Newman","Carlton",24,"8","2026-04-25",15,7,22,7,0,0,0,2,5,1,1,1,0,0,0,3,15,0,0,0,0,0,"Perth Stadium",54100,"Fremantle","Carlton",103,89
13172,"Liam","Reidy","Carlton",25,"8","2026-04-25",4,11,15,2,0,0,22,4,2,2,3,1,0,1,0,7,9,0,0,3,0,0,"Perth Stadium",54100,"Fremantle","Carlton",103,89
13274,"Jagga","Smith","Carlton",7,"8","2026-04-25",8,11,19,8,0,0,0,5,0,4,0,1,2,1,0,3,17,0,0,0,0,0,"Perth Stadium",54100,"Fremantle","Carlton",103,89
12684,"Sam","Walsh","Carlton",18,"8","2026-04-25",19,13,32,5,1,1,0,7,2,8,4,3,2,0,0,12,19,0,0,2,1,1,"Perth Stadium",54100,"Fremantle","Carlton",103,89
12402,"Jacob","Weitering","Carlton",23,"8","2026-04-25",9,5,14,5,0,0,0,1,1,0,0,0,1,0,0,7,5,2,0,11,0,0,"Perth Stadium",54100,"Fremantle","Carlton",103,89
12175,"Zac","Williams","Carlton",6,"8","2026-04-25",12,5,17,2,0,1,0,5,4,2,2,1,1,0,0,6,11,0,0,2,2,0,"Perth Stadium",54100,"Fremantle","Carlton",103,89
12559,"Lewis","Young","Carlton",33,"8","2026-04-25",4,6,10,4,0,0,1,0,0,1,0,0,0,0,0,7,3,3,0,7,0,0,"Perth Stadium",54100,"Fremantle","Carlton",103,89
12490,"Dan","Butler","St Kilda",16,"8","2026-04-26",8,4,12,0,1,0,0,2,2,1,1,3,1,0,0,5,6,0,0,0,0,0,"Docklands",29070,"St Kilda","West Coast",143,42
13035,"Anthony","Caminiti","St Kilda",47,"8","2026-04-26",2,1,3,2,1,0,0,2,0,1,0,2,0,1,0,1,2,0,1,4,0,0,"Docklands",29070,"St Kilda","West Coast",143,42
12976,"Jack","Carroll","St Kilda",18,"8","2026-04-26",17,7,24,10,0,0,0,3,6,4,0,2,2,1,0,4,21,0,0,2,1,2,"Docklands",29070,"St Kilda","West Coast",143,42
12591,"Hunter","Clark","St Kilda",11,"8","2026-04-26",7,5,12,6,0,0,0,2,1,1,0,1,0,0,0,3,9,1,0,1,0,2,"Docklands",29070,"St Kilda","West Coast",143,42
12674,"Tom","De Koning","St Kilda",21,"8","2026-04-26",7,2,9,3,0,1,15,2,2,2,0,2,0,0,0,4,5,0,1,2,0,0,"Docklands",29070,"St Kilda","West Coast",143,42
12824,"Sam","Flanders","St Kilda",9,"8","2026-04-26",11,10,21,6,1,0,0,2,2,3,3,0,0,0,0,5,16,0,1,0,0,0,"Docklands",29070,"St Kilda","West Coast",143,42
13125,"Hugo","Garcia","St Kilda",34,"8","2026-04-26",9,23,32,3,2,0,0,5,1,3,9,6,1,1,0,15,16,0,1,0,0,0,"Docklands",29070,"St Kilda","West Coast",143,42
13193,"Max","Hall","St Kilda",40,"8","2026-04-26",10,5,15,5,2,0,0,3,0,5,2,3,0,1,0,4,12,0,2,1,0,2,"Docklands",29070,"St Kilda","West Coast",143,42
12609,"Jack","Higgins","St Kilda",1,"8","2026-04-26",7,7,14,3,5,0,0,1,1,1,1,1,1,0,0,7,7,0,2,2,0,1,"Docklands",29070,"St Kilda","West Coast",143,42
12060,"Bradley","Hill","St Kilda",8,"8","2026-04-26",18,11,29,7,0,0,0,1,2,7,2,1,1,0,0,3,25,0,0,1,1,1,"Docklands",29070,"St Kilda","West Coast",143,42
12420,"Dougal","Howard","St Kilda",20,"8","2026-04-26",15,1,16,11,0,0,0,0,1,0,0,4,0,2,0,1,13,1,0,2,0,0,"Docklands",29070,"St Kilda","West Coast",143,42
12564,"Rowan","Marshall","St Kilda",19,"8","2026-04-26",8,6,14,4,1,0,14,4,3,2,6,4,2,3,0,10,6,1,1,5,0,1,"Docklands",29070,"St Kilda","West Coast",143,42
12948,"Mitch","Owens","St Kilda",10,"8","2026-04-26",8,6,14,6,0,2,0,1,0,3,1,0,0,0,0,8,7,2,2,0,1,0,"Docklands",29070,"St Kilda","West Coast",143,42
13036,"Mattaes","Phillipou","St Kilda",25,"8","2026-04-26",10,8,18,7,2,2,0,5,0,3,1,0,2,0,0,5,14,0,2,0,0,1,"Docklands",29070,"St Kilda","West Coast",143,42
12600,"Liam","Ryan","St Kilda",31,"8","2026-04-26",6,0,6,2,3,2,0,0,0,0,0,2,2,0,0,4,2,0,2,1,0,0,"Docklands",29070,"St Kilda","West Coast",143,42
12929,"Cooper","Sharman","St Kilda",43,"8","2026-04-26",13,7,20,10,2,2,0,1,0,3,1,4,0,3,0,4,16,1,5,0,0,3,"Docklands",29070,"St Kilda","West Coast",143,42
12458,"Jack","Silvagni","St Kilda",3,"8","2026-04-26",11,6,17,9,0,0,0,1,6,1,0,1,0,0,0,4,12,0,0,3,1,0,"Docklands",29070,"St Kilda","West Coast",143,42
12325,"Jack","Sinclair","St Kilda",35,"8","2026-04-26",23,4,27,6,0,0,0,0,5,2,0,1,0,0,0,3,21,0,0,0,1,0,"Docklands",29070,"St Kilda","West Coast",143,42
12950,"Nasiah","Wanganeen-Milera","St Kilda",7,"8","2026-04-26",22,12,34,5,0,0,0,3,4,8,3,4,2,0,0,11,19,0,0,0,3,4,"Docklands",29070,"St Kilda","West Coast",143,42
12703,"Callum","Wilkie","St Kilda",44,"8","2026-04-26",20,5,25,16,0,0,0,1,2,0,0,1,1,0,0,7,16,2,0,5,0,0,"Docklands",29070,"St Kilda","West Coast",143,42
13110,"Darcy","Wilson","St Kilda",22,"8","2026-04-26",10,17,27,4,0,0,0,3,2,4,4,3,1,0,0,11,16,0,0,1,0,0,"Docklands",29070,"St Kilda","West Coast",143,42
12967,"Marcus","Windhager","St Kilda",2,"8","2026-04-26",16,9,25,11,2,0,0,1,3,4,2,5,2,1,0,6,20,0,1,1,0,0,"Docklands",29070,"St Kilda","West Coast",143,42
12312,"Mason","Wood","St Kilda",32,"8","2026-04-26",9,9,18,10,0,1,0,2,0,1,0,0,0,0,0,3,15,1,0,2,0,0,"Docklands",29070,"St Kilda","West Coast",143,42
13221,"Bo","Allan","West Coast",26,"8","2026-04-26",6,5,11,2,0,0,0,0,1,2,0,3,1,1,0,4,7,0,0,0,2,0,"Docklands",29070,"St Kilda","West Coast",143,42
12661,"Liam","Baker","West Coast",3,"8","2026-04-26",8,6,14,4,1,0,0,0,1,3,1,5,0,4,0,3,10,0,2,0,0,1,"Docklands",29070,"St Kilda","West Coast",143,42
13209,"Sandy","Brock","West Coast",41,"8","2026-04-26",5,2,7,4,0,0,0,1,1,0,0,0,0,0,0,3,4,1,0,6,0,0,"Docklands",29070,"St Kilda","West Coast",143,42
13250,"Malakai","Champion","West Coast",37,"8","2026-04-26",2,4,6,1,0,0,0,0,0,0,0,0,0,0,0,2,4,0,0,4,0,0,"Docklands",29070,"St Kilda","West Coast",143,42
13210,"Hamish","Davis","West Coast",38,"8","2026-04-26",3,9,12,2,0,0,0,3,0,1,0,1,0,0,0,6,6,0,0,2,0,0,"Docklands",29070,"St Kilda","West Coast",143,42
NA,"Cooper","Duff-Tytler","West Coast",21,"8","2026-04-26",6,2,8,2,0,1,3,3,0,3,1,4,2,1,0,5,2,0,0,1,0,0,"Docklands",29070,"St Kilda","West Coast",143,42
12334,"Liam","Duggan","West Coast",14,"8","2026-04-26",12,7,19,7,0,0,0,1,4,1,0,3,0,2,0,2,19,0,0,3,0,0,"Docklands",29070,"St Kilda","West Coast",143,42
NA,"Willem","Duursma","West Coast",1,"8","2026-04-26",21,4,25,11,0,0,0,0,5,5,3,5,2,1,0,7,18,1,1,1,2,0,"Docklands",29070,"St Kilda","West Coast",143,42
13038,"Reuben","Ginbey","West Coast",7,"8","2026-04-26",9,3,12,7,0,0,0,2,2,2,0,1,2,0,0,6,6,2,0,6,1,0,"Docklands",29070,"St Kilda","West Coast",143,42
13044,"Elijah","Hewett","West Coast",8,"8","2026-04-26",6,11,17,3,0,0,0,1,0,2,2,3,0,1,0,6,13,0,0,1,0,0,"Docklands",29070,"St Kilda","West Coast",143,42
12957,"Brady","Hough","West Coast",19,"8","2026-04-26",4,5,9,4,0,0,0,1,2,1,0,1,0,0,0,0,9,0,0,0,0,0,"Docklands",29070,"St Kilda","West Coast",143,42
12595,"Tim","Kelly","West Coast",11,"8","2026-04-26",10,9,19,3,0,0,0,2,0,5,2,5,0,0,0,6,13,0,0,1,2,0,"Docklands",29070,"St Kilda","West Coast",143,42
NA,"Josh","Lindsay","West Coast",5,"8","2026-04-26",20,11,31,5,0,0,0,0,7,2,0,1,0,0,0,10,14,0,0,3,0,0,"Docklands",29070,"St Kilda","West Coast",143,42
13070,"Ryan","Maric","West Coast",23,"8","2026-04-26",12,9,21,5,0,0,0,3,0,3,1,2,0,0,0,4,16,0,0,0,0,1,"Docklands",29070,"St Kilda","West Coast",143,42
13240,"Tom","McCarthy","West Coast",18,"8","2026-04-26",10,6,16,3,0,0,0,3,2,2,0,0,0,0,0,2,11,0,0,2,1,0,"Docklands",29070,"St Kilda","West Coast",143,42
NA,"Milan","Murdock","West Coast",47,"8","2026-04-26",9,11,20,7,0,0,0,2,2,2,1,3,0,1,0,2,17,0,0,0,1,0,"Docklands",29070,"St Kilda","West Coast",143,42
13111,"Harley","Reid","West Coast",9,"8","2026-04-26",8,19,27,2,1,1,0,1,0,5,7,5,1,1,0,16,11,0,0,2,1,0,"Docklands",29070,"St Kilda","West Coast",143,42
13247,"Jobe","Shanahan","West Coast",35,"8","2026-04-26",4,6,10,3,1,2,0,1,1,0,0,0,1,0,0,2,8,1,2,2,0,0,"Docklands",29070,"St Kilda","West Coast",143,42
12601,"Jake","Waterman","West Coast",2,"8","2026-04-26",5,4,9,5,1,1,0,1,0,1,0,1,0,0,0,1,8,0,1,0,0,0,"Docklands",29070,"St Kilda","West Coast",143,42
12836,"Bailey","Williams","West Coast",32,"8","2026-04-26",8,4,12,2,0,1,20,2,2,3,4,7,3,3,0,10,5,0,0,5,0,1,"Docklands",29070,"St Kilda","West Coast",143,42
12962,"Jack","Williams","West Coast",34,"8","2026-04-26",1,4,5,2,0,1,2,2,0,0,0,1,0,1,0,1,4,0,1,2,0,1,"Docklands",29070,"St Kilda","West Coast",143,42
12087,"Elliot","Yeo","West Coast",6,"8","2026-04-26",13,8,21,4,1,1,0,4,0,4,6,2,0,0,0,8,13,0,2,1,0,0,"Docklands",29070,"St Kilda","West Coast",143,42
13043,"Tylar","Young","West Coast",20,"8","2026-04-26",13,5,18,9,0,0,0,0,6,1,0,2,1,2,0,5,13,1,0,2,0,0,"Docklands",29070,"St Kilda","West Coast",143,42
12655,"Oscar","Allen","Brisbane Lions",4,"8","2026-04-26",5,3,8,3,1,0,0,2,0,0,0,4,0,2,0,2,6,1,1,0,0,1,"Gabba",32629,"Brisbane Lions","Adelaide",127,75
12340,"Harris","Andrews","Brisbane Lions",31,"8","2026-04-26",9,7,16,6,0,0,0,1,0,1,0,0,0,0,0,3,12,0,0,5,0,1,"Gabba",32629,"Brisbane Lions","Adelaide",127,75
13197,"Levi","Ashcroft","Brisbane Lions",10,"8","2026-04-26",11,11,22,5,0,2,0,1,0,2,0,1,0,1,0,5,16,0,0,2,1,1,"Gabba",32629,"Brisbane Lions","Adelaide",127,75
13040,"Will","Ashcroft","Brisbane Lions",8,"8","2026-04-26",23,13,36,8,1,1,0,2,1,8,3,6,0,1,0,7,28,0,1,0,1,2,"Gabba",32629,"Brisbane Lions","Adelaide",127,75
12610,"Zac","Bailey","Brisbane Lions",33,"8","2026-04-26",17,12,29,9,3,1,0,2,3,3,7,4,1,1,0,12,19,0,2,2,0,1,"Gabba",32629,"Brisbane Lions","Adelaide",127,75
12277,"Charlie","Cameron","Brisbane Lions",23,"8","2026-04-26",12,3,15,4,4,1,0,5,1,3,3,2,2,0,0,6,8,0,1,2,3,1,"Gabba",32629,"Brisbane Lions","Adelaide",127,75
12838,"Keidean","Coleman","Brisbane Lions",18,"8","2026-04-26",11,3,14,4,0,0,0,0,0,4,0,1,1,0,0,6,9,1,0,2,0,0,"Gabba",32629,"Brisbane Lions","Adelaide",127,75
12810,"Sam","Draper","Brisbane Lions",2,"8","2026-04-26",10,1,11,4,1,1,21,0,0,4,5,4,1,2,0,9,2,2,2,0,0,0,"Gabba",32629,"Brisbane Lions","Adelaide",127,75
12408,"Josh","Dunkley","Brisbane Lions",5,"8","2026-04-26",7,15,22,6,0,0,0,9,2,2,2,4,1,1,0,9,12,0,0,1,0,1,"Gabba",32629,"Brisbane Lions","Adelaide",127,75
13072,"Jaspa","Fletcher","Brisbane Lions",3,"8","2026-04-26",13,8,21,8,0,0,0,2,2,3,2,1,1,1,0,3,16,0,0,0,0,0,"Gabba",32629,"Brisbane Lions","Adelaide",127,75
12724,"Darcy","Fort","Brisbane Lions",32,"8","2026-04-26",9,5,14,5,1,0,9,1,2,2,4,4,1,3,0,11,3,3,1,2,0,0,"Gabba",32629,"Brisbane Lions","Adelaide",127,75
13235,"Ty","Gallop","Brisbane Lions",22,"8","2026-04-26",12,0,12,9,0,0,0,0,4,2,0,1,1,1,0,4,9,1,0,4,0,0,"Gabba",32629,"Brisbane Lions","Adelaide",127,75
11894,"Ryan","Lester","Brisbane Lions",35,"8","2026-04-26",12,5,17,12,0,0,0,1,2,3,0,2,0,0,0,2,15,0,0,2,0,1,"Gabba",32629,"Brisbane Lions","Adelaide",127,75
12968,"Kai","Lohmann","Brisbane Lions",1,"8","2026-04-26",3,2,5,3,1,1,0,2,0,1,1,3,0,1,0,2,5,0,2,2,0,1,"Gabba",32629,"Brisbane Lions","Adelaide",127,75
12090,"Lincoln","McCarthy","Brisbane Lions",11,"8","2026-04-26",20,3,23,12,0,0,0,5,4,4,1,4,2,2,0,7,15,1,0,0,0,0,"Gabba",32629,"Brisbane Lions","Adelaide",127,75
12518,"Hugh","McCluggage","Brisbane Lions",6,"8","2026-04-26",7,7,14,4,2,1,0,5,1,0,4,2,0,0,0,8,8,1,3,2,0,0,"Gabba",32629,"Brisbane Lions","Adelaide",127,75
12391,"Conor","McKenna","Brisbane Lions",26,"8","2026-04-26",8,3,11,1,2,1,0,0,2,4,1,0,1,0,0,7,4,0,0,1,1,1,"Gabba",32629,"Brisbane Lions","Adelaide",127,75
13137,"Logan","Morris","Brisbane Lions",13,"8","2026-04-26",8,2,10,2,2,1,0,0,0,1,0,0,2,0,0,7,3,2,2,0,0,1,"Gabba",32629,"Brisbane Lions","Adelaide",127,75
12055,"Lachie","Neale","Brisbane Lions",9,"8","2026-04-26",26,16,42,13,0,1,0,2,3,5,4,3,1,0,0,12,27,0,0,1,0,2,"Gabba",32629,"Brisbane Lions","Adelaide",127,75
12592,"Cam","Rayner","Brisbane Lions",16,"8","2026-04-26",7,4,11,3,1,0,0,3,1,4,2,0,2,0,0,5,7,0,1,2,0,1,"Gabba",32629,"Brisbane Lions","Adelaide",127,75
13138,"Bruce","Reville","Brisbane Lions",38,"8","2026-04-26",5,2,7,1,0,0,0,1,0,2,3,3,0,2,0,5,3,0,0,0,1,0,"Gabba",32629,"Brisbane Lions","Adelaide",127,75
13005,"James","Tunstill","Brisbane Lions",29,"8","2026-04-26",11,5,16,7,0,0,0,0,0,3,2,1,0,0,0,6,10,0,0,2,0,1,"Gabba",32629,"Brisbane Lions","Adelaide",127,75
13026,"Darcy","Wilmot","Brisbane Lions",44,"8","2026-04-26",15,6,21,2,0,0,0,1,2,3,1,0,1,0,0,5,11,0,0,1,0,0,"Gabba",32629,"Brisbane Lions","Adelaide",127,75
12849,"Sam","Berry","Adelaide",3,"8","2026-04-26",6,12,18,2,0,0,0,7,0,3,4,7,0,3,0,13,8,0,0,1,1,0,"Gabba",32629,"Brisbane Lions","Adelaide",127,75
13165,"Hugh","Bond","Adelaide",21,"8","2026-04-26",12,5,17,7,0,0,0,3,5,0,0,1,0,1,0,3,14,0,0,1,0,0,"Gabba",32629,"Brisbane Lions","Adelaide",127,75
12829,"Jordon","Butts","Adelaide",41,"8","2026-04-26",4,3,7,3,0,0,0,0,4,0,0,1,0,1,0,3,4,0,0,4,0,0,"Gabba",32629,"Brisbane Lions","Adelaide",127,75
12932,"Brayden","Cook","Adelaide",15,"8","2026-04-26",11,9,20,4,1,1,0,0,4,0,2,1,2,0,0,6,12,0,1,0,1,1,"Gabba",32629,"Brisbane Lions","Adelaide",127,75
12629,"Isaac","Cumming","Adelaide",44,"8","2026-04-26",11,7,18,6,0,0,0,6,4,2,0,1,2,0,0,5,13,0,0,0,0,0,"Gabba",32629,"Brisbane Lions","Adelaide",127,75
12516,"Jordan","Dawson","Adelaide",12,"8","2026-04-26",20,8,28,8,2,0,0,1,9,4,0,2,0,0,0,5,21,1,0,3,0,1,"Gabba",32629,"Brisbane Lions","Adelaide",127,75
NA,"Charlie","Edwards","Adelaide",11,"8","2026-04-26",8,4,12,2,0,0,0,2,0,2,0,3,0,0,0,5,9,0,0,3,0,0,"Gabba",32629,"Brisbane Lions","Adelaide",127,75
12434,"Ben","Keays","Adelaide",2,"8","2026-04-26",5,11,16,2,1,1,0,0,0,0,2,5,0,1,0,8,8,0,2,0,0,0,"Gabba",32629,"Brisbane Lions","Adelaide",127,75
12165,"Rory","Laird","Adelaide",29,"8","2026-04-26",16,13,29,7,0,0,0,2,3,1,0,4,0,1,0,5,21,0,0,2,1,1,"Gabba",32629,"Brisbane Lions","Adelaide",127,75
13219,"Finnbar","Maley","Adelaide",36,"8","2026-04-26",3,2,5,1,0,1,2,1,0,2,2,1,1,1,0,3,2,1,0,1,0,0,"Gabba",32629,"Brisbane Lions","Adelaide",127,75
13065,"Lachlan","McAndrew","Adelaide",42,"8","2026-04-26",6,5,11,0,0,0,30,6,1,4,6,4,5,1,0,10,2,0,0,0,0,0,"Gabba",32629,"Brisbane Lions","Adelaide",127,75
13027,"Max","Michalanney","Adelaide",16,"8","2026-04-26",11,10,21,9,0,0,0,4,2,1,0,3,0,2,0,4,17,2,1,3,0,1,"Gabba",32629,"Brisbane Lions","Adelaide",127,75
12405,"Wayne","Milera","Adelaide",30,"8","2026-04-26",16,6,22,5,0,0,0,0,5,2,2,3,0,2,0,6,14,1,0,1,0,0,"Gabba",32629,"Brisbane Lions","Adelaide",127,75
12872,"Nick","Murray","Adelaide",9,"8","2026-04-26",8,5,13,5,0,0,0,1,0,4,0,3,0,2,0,4,10,1,0,5,0,0,"Gabba",32629,"Brisbane Lions","Adelaide",127,75
NA,"Toby","Murray","Adelaide",39,"8","2026-04-26",9,2,11,5,0,0,6,0,1,0,0,2,2,0,0,4,7,0,2,1,0,0,"Gabba",32629,"Brisbane Lions","Adelaide",127,75
12934,"James","Peatling","Adelaide",25,"8","2026-04-26",9,7,16,1,0,2,0,9,0,3,6,0,2,0,0,9,7,0,0,0,0,1,"Gabba",32629,"Brisbane Lions","Adelaide",127,75
12921,"Luke","Pedlar","Adelaide",10,"8","2026-04-26",10,3,13,5,3,0,0,3,0,3,0,2,1,0,0,4,10,0,1,0,0,1,"Gabba",32629,"Brisbane Lions","Adelaide",127,75
12953,"Josh","Rachele","Adelaide",8,"8","2026-04-26",7,8,15,4,0,1,0,1,2,3,1,1,0,0,0,4,10,0,1,2,0,0,"Gabba",32629,"Brisbane Lions","Adelaide",127,75
12798,"Izak","Rankine","Adelaide",23,"8","2026-04-26",11,8,19,5,2,1,0,4,1,4,5,4,2,2,0,11,11,0,0,2,0,0,"Gabba",32629,"Brisbane Lions","Adelaide",127,75
13159,"Zac","Taylor","Adelaide",19,"8","2026-04-26",9,6,15,7,0,0,0,1,0,3,0,1,1,0,0,3,12,0,0,2,0,0,"Gabba",32629,"Brisbane Lions","Adelaide",127,75
12892,"Riley","Thilthorpe","Adelaide",7,"8","2026-04-26",7,1,8,4,1,1,0,1,0,2,0,2,0,0,0,3,5,2,2,1,0,1,"Gabba",32629,"Brisbane Lions","Adelaide",127,75
11713,"Taylor","Walker","Adelaide",13,"8","2026-04-26",1,1,2,1,1,0,0,0,0,0,0,1,0,1,0,0,2,0,1,1,0,1,"Gabba",32629,"Brisbane Lions","Adelaide",127,75
12912,"Josh","Worrell","Adelaide",24,"8","2026-04-26",8,9,17,4,0,0,0,2,3,0,0,1,0,0,0,3,11,0,0,4,1,0,"Gabba",32629,"Brisbane Lions","Adelaide",127,75
13020,"Leek","Aleer","Greater Western Sydney",21,"8","2026-04-26",4,2,6,1,1,2,12,8,0,2,0,1,2,1,0,5,1,1,0,0,0,0,"Manuka Oval",12597,"Greater Western Sydney","North Melbourne",105,98
13001,"Ryan","Angwin","Greater Western Sydney",9,"8","2026-04-26",11,11,22,1,0,1,0,5,2,6,2,4,1,2,0,8,14,0,0,3,0,1,"Manuka Oval",12597,"Greater Western Sydney","North Melbourne",105,98
12782,"Lachie","Ash","Greater Western Sydney",7,"8","2026-04-26",20,10,30,7,0,1,0,2,9,4,0,5,2,2,0,3,21,0,1,1,2,2,"Manuka Oval",12597,"Greater Western Sydney","North Melbourne",105,98
12772,"Toby","Bedford","Greater Western Sydney",14,"8","2026-04-26",2,4,6,2,0,1,0,2,0,0,0,0,0,0,0,2,4,0,0,1,0,0,"Manuka Oval",12597,"Greater Western Sydney","North Melbourne",105,98
12846,"Jack","Buckley","Greater Western Sydney",44,"8","2026-04-26",6,2,8,2,0,0,0,1,1,2,0,1,0,1,0,4,2,1,0,6,0,0,"Manuka Oval",12597,"Greater Western Sydney","North Melbourne",105,98
13054,"Aaron","Cadman","Greater Western Sydney",5,"8","2026-04-26",8,2,10,5,3,2,0,0,0,2,0,1,0,0,0,0,10,0,3,1,0,1,"Manuka Oval",12597,"Greater Western Sydney","North Melbourne",105,98
12969,"Finn","Callaghan","Greater Western Sydney",17,"8","2026-04-26",9,12,21,4,0,1,0,1,1,2,4,3,0,1,0,6,16,0,0,0,1,0,"Manuka Oval",12597,"Greater Western Sydney","North Melbourne",105,98
12028,"Stephen","Coniglio","Greater Western Sydney",3,"8","2026-04-26",5,8,13,6,0,0,0,0,1,2,0,1,0,0,0,4,7,2,1,2,0,2,"Manuka Oval",12597,"Greater Western Sydney","North Melbourne",105,98
12656,"Brent","Daniels","Greater Western Sydney",16,"8","2026-04-26",12,9,21,6,1,1,0,4,0,8,6,3,2,2,0,8,15,0,0,1,3,2,"Manuka Oval",12597,"Greater Western Sydney","North Melbourne",105,98
13279,"Phoenix","Gothard","Greater Western Sydney",11,"8","2026-04-26",6,4,10,1,1,1,0,0,0,1,1,0,0,0,0,5,5,0,0,0,0,0,"Manuka Oval",12597,"Greater Western Sydney","North Melbourne",105,98
12025,"Toby","Greene","Greater Western Sydney",4,"8","2026-04-26",18,10,28,3,2,0,0,4,3,5,8,3,1,1,0,12,16,1,1,2,1,1,"Manuka Oval",12597,"Greater Western Sydney","North Melbourne",105,98
NA,"Oliver","Hannaford","Greater Western Sydney",13,"8","2026-04-26",5,4,9,1,0,0,0,2,0,1,0,4,0,1,0,5,4,0,1,0,0,0,"Manuka Oval",12597,"Greater Western Sydney","North Melbourne",105,98
12462,"Harry","Himmelberg","Greater Western Sydney",27,"8","2026-04-26",6,9,15,4,0,0,0,3,1,1,0,3,0,1,0,0,13,0,0,6,0,0,"Manuka Oval",12597,"Greater Western Sydney","North Melbourne",105,98
12321,"Jesse","Hogan","Greater Western Sydney",23,"8","2026-04-26",8,7,15,6,2,0,0,0,0,1,1,2,1,0,0,4,12,0,4,1,0,0,"Manuka Oval",12597,"Greater Western Sydney","North Melbourne",105,98
12750,"Connor","Idun","Greater Western Sydney",39,"8","2026-04-26",10,14,24,4,0,0,0,1,9,0,1,4,0,1,0,8,15,0,0,4,0,0,"Manuka Oval",12597,"Greater Western Sydney","North Melbourne",105,98
12377,"Jayden","Laverde","Greater Western Sydney",25,"8","2026-04-26",8,2,10,4,0,0,0,0,5,1,0,2,1,2,0,2,8,0,0,5,0,0,"Manuka Oval",12597,"Greater Western Sydney","North Melbourne",105,98
13174,"James","Leake","Greater Western Sydney",30,"8","2026-04-26",6,7,13,2,0,0,0,3,1,0,0,1,0,0,0,3,10,1,0,4,0,0,"Manuka Oval",12597,"Greater Western Sydney","North Melbourne",105,98
13236,"Nick","Madden","Greater Western Sydney",41,"8","2026-04-26",2,8,10,2,0,0,24,3,1,1,1,5,2,1,0,6,6,1,0,3,0,0,"Manuka Oval",12597,"Greater Western Sydney","North Melbourne",105,98
12821,"Xavier","OHalloran","Greater Western Sydney",33,"8","2026-04-26",8,10,18,2,1,0,0,2,0,5,4,1,0,0,0,9,10,0,0,2,0,1,"Manuka Oval",12597,"Greater Western Sydney","North Melbourne",105,98
12410,"Clayton","Oliver","Greater Western Sydney",10,"8","2026-04-26",8,18,26,4,0,0,0,7,1,2,5,2,1,1,0,13,13,0,0,0,0,1,"Manuka Oval",12597,"Greater Western Sydney","North Melbourne",105,98
12167,"Jake","Stringer","Greater Western Sydney",20,"8","2026-04-26",9,4,13,3,3,1,0,1,1,3,1,3,2,1,0,8,5,0,2,0,0,0,"Manuka Oval",12597,"Greater Western Sydney","North Melbourne",105,98
13101,"Harvey","Thomas","Greater Western Sydney",1,"8","2026-04-26",7,9,16,2,1,2,0,7,0,2,0,3,1,2,0,10,7,0,1,3,0,0,"Manuka Oval",12597,"Greater Western Sydney","North Melbourne",105,98
12143,"Lachie","Whitfield","Greater Western Sydney",6,"8","2026-04-26",18,14,32,6,0,0,0,3,3,5,0,2,0,2,0,5,20,0,0,2,1,0,"Manuka Oval",12597,"Greater Western Sydney","North Melbourne",105,98
12181,"Aidan","Corr","North Melbourne",4,"8","2026-04-26",10,9,19,3,0,0,0,2,5,0,0,4,0,3,0,8,12,1,0,5,0,0,"Manuka Oval",12597,"Greater Western Sydney","North Melbourne",105,98
12975,"Paul","Curtis","North Melbourne",25,"8","2026-04-26",12,5,17,6,2,0,0,5,0,2,1,2,3,1,0,8,9,0,0,2,0,3,"Manuka Oval",12597,"Greater Western Sydney","North Melbourne",105,98
12373,"Caleb","Daniel","North Melbourne",5,"8","2026-04-26",17,13,30,6,0,0,0,2,3,7,2,3,1,0,0,6,23,0,0,3,0,0,"Manuka Oval",12597,"Greater Western Sydney","North Melbourne",105,98
11905,"Jack","Darling","North Melbourne",27,"8","2026-04-26",9,2,11,5,1,0,0,3,1,2,2,3,1,0,0,5,5,1,2,0,0,1,"Manuka Oval",12597,"Greater Western Sydney","North Melbourne",105,98
12590,"Luke","Davies-Uniacke","North Melbourne",9,"8","2026-04-26",9,11,20,4,0,0,0,3,1,4,5,4,1,2,0,7,14,0,0,0,2,0,"Manuka Oval",12597,"Greater Western Sydney","North Melbourne",105,98
NA,"Lachy","Dovaston","North Melbourne",1,"8","2026-04-26",7,3,10,3,1,1,0,2,0,1,0,0,1,0,0,3,6,0,1,0,1,0,"Manuka Oval",12597,"Greater Western Sydney","North Melbourne",105,98
13106,"Zane","Duursma","North Melbourne",7,"8","2026-04-26",5,1,6,2,0,1,0,1,0,2,0,0,1,0,0,5,1,2,0,0,0,1,"Manuka Oval",12597,"Greater Western Sydney","North Melbourne",105,98
12563,"Nick","Larkey","North Melbourne",20,"8","2026-04-26",11,5,16,6,4,1,0,1,0,4,0,1,3,0,0,8,8,1,2,1,0,1,"Manuka Oval",12597,"Greater Western Sydney","North Melbourne",105,98
12511,"Griffin","Logue","North Melbourne",19,"8","2026-04-26",5,6,11,5,0,0,0,0,1,0,0,1,0,1,0,5,5,2,0,5,0,0,"Manuka Oval",12597,"Greater Western Sydney","North Melbourne",105,98
12246,"Luke","McDonald","North Melbourne",11,"8","2026-04-26",7,7,14,4,0,0,0,3,5,1,0,0,0,0,0,2,12,0,0,2,0,0,"Manuka Oval",12597,"Greater Western Sydney","North Melbourne",105,98
13107,"Colby","McKercher","North Melbourne",10,"8","2026-04-26",11,6,17,4,0,0,0,3,2,1,0,1,0,0,0,1,13,0,0,1,0,0,"Manuka Oval",12597,"Greater Western Sydney","North Melbourne",105,98
13187,"Finn","OSullivan","North Melbourne",2,"8","2026-04-26",10,14,24,5,1,1,0,0,5,2,7,3,1,1,0,10,15,0,1,2,1,0,"Manuka Oval",12597,"Greater Western Sydney","North Melbourne",105,98
11953,"Luke","Parker","North Melbourne",26,"8","2026-04-26",18,11,29,3,1,0,0,2,5,2,1,2,1,0,0,7,16,0,1,4,2,1,"Manuka Oval",12597,"Greater Western Sydney","North Melbourne",105,98
13108,"Toby","Pink","North Melbourne",32,"8","2026-04-26",8,1,9,6,0,0,0,1,2,1,0,0,0,0,0,0,8,0,0,7,0,0,"Manuka Oval",12597,"Greater Western Sydney","North Melbourne",105,98
12866,"Tom","Powell","North Melbourne",24,"8","2026-04-26",7,5,12,2,0,1,0,3,2,1,2,3,1,1,0,5,8,0,0,1,0,0,"Manuka Oval",12597,"Greater Western Sydney","North Melbourne",105,98
13034,"Harry","Sheezel","North Melbourne",3,"8","2026-04-26",17,15,32,5,1,0,0,4,1,3,3,5,1,2,0,5,26,0,0,2,0,0,"Manuka Oval",12597,"Greater Western Sydney","North Melbourne",105,98
12502,"Jy","Simpkin","North Melbourne",12,"8","2026-04-26",12,4,16,4,1,2,0,3,1,4,0,3,0,0,0,3,12,0,0,0,0,0,"Manuka Oval",12597,"Greater Western Sydney","North Melbourne",105,98
12622,"Charlie","Spargo","North Melbourne",13,"8","2026-04-26",6,11,17,3,1,0,0,3,1,1,0,1,1,1,0,4,13,0,0,0,0,0,"Manuka Oval",12597,"Greater Western Sydney","North Melbourne",105,98
12796,"Dylan","Stephens","North Melbourne",15,"8","2026-04-26",12,13,25,4,0,0,0,0,1,5,0,1,1,0,0,8,15,1,0,2,0,0,"Manuka Oval",12597,"Greater Western Sydney","North Melbourne",105,98
13263,"Cooper","Trembath","North Melbourne",47,"8","2026-04-26",2,2,4,2,0,1,4,2,0,1,0,2,0,1,0,3,2,1,1,0,0,1,"Manuka Oval",12597,"Greater Western Sydney","North Melbourne",105,98
13064,"George","Wardlaw","North Melbourne",6,"8","2026-04-26",5,10,15,2,1,0,0,7,0,2,3,0,0,0,0,7,7,0,0,0,0,1,"Manuka Oval",12597,"Greater Western Sydney","North Melbourne",105,98
12788,"Tristan","Xerri","North Melbourne",38,"8","2026-04-26",9,16,25,5,0,0,25,12,0,5,10,4,4,2,0,18,7,2,0,4,0,0,"Manuka Oval",12597,"Greater Western Sydney","North Melbourne",105,98
12557,"Cameron","Zurhaar","North Melbourne",44,"8","2026-04-26",10,2,12,5,0,0,0,1,3,3,0,1,1,1,0,2,9,0,0,3,0,1,"Manuka Oval",12597,"Greater Western Sydney","North Melbourne",105,98
NA,"Angus","Anderson","Collingwood",41,"9","2026-04-30",5,3,8,2,1,0,0,3,0,2,0,7,0,5,0,2,5,0,1,0,0,1,"M.C.G.",76632,"Collingwood","Hawthorn",93,93
13071,"Jack","Buller","Collingwood",34,"9","2026-04-30",3,4,7,5,1,0,0,0,0,0,0,1,1,1,0,3,4,1,2,2,0,0,"M.C.G.",76632,"Collingwood","Hawthorn",93,93
12660,"Darcy","Cameron","Collingwood",14,"9","2026-04-30",8,6,14,4,0,0,12,0,1,1,3,3,5,2,0,6,6,0,0,0,0,0,"M.C.G.",76632,"Collingwood","Hawthorn",93,93
12061,"Jack","Crisp","Collingwood",25,"9","2026-04-30",16,8,24,7,0,0,0,2,4,2,2,1,1,0,0,8,17,0,0,2,0,0,"M.C.G.",76632,"Collingwood","Hawthorn",93,93
12573,"Josh","Daicos","Collingwood",7,"9","2026-04-30",13,10,23,5,0,0,0,2,8,0,0,0,0,0,0,2,14,0,0,0,0,1,"M.C.G.",76632,"Collingwood","Hawthorn",93,93
12943,"Nick","Daicos","Collingwood",35,"9","2026-04-30",18,16,34,4,1,0,0,5,3,8,4,9,0,0,0,10,21,0,0,1,1,0,"M.C.G.",76632,"Collingwood","Hawthorn",93,93
12318,"Jordan","de Goey","Collingwood",2,"9","2026-04-30",12,6,18,4,2,0,0,2,0,3,1,2,1,1,0,4,14,0,1,0,0,1,"M.C.G.",76632,"Collingwood","Hawthorn",93,93
12083,"Jamie","Elliott","Collingwood",5,"9","2026-04-30",3,5,8,4,3,0,0,1,0,0,0,0,1,0,0,1,7,0,3,0,0,1,"M.C.G.",76632,"Collingwood","Hawthorn",93,93
12676,"Billy","Frampton","Collingwood",17,"9","2026-04-30",6,2,8,6,0,0,0,0,1,1,0,2,1,1,0,4,5,2,0,9,0,0,"M.C.G.",76632,"Collingwood","Hawthorn",93,93
13228,"Will","Hayes","Collingwood",39,"9","2026-04-30",5,1,6,2,2,0,0,0,0,2,0,2,0,0,0,1,5,0,0,0,0,0,"M.C.G.",76632,"Collingwood","Hawthorn",93,93
12495,"Dan","Houston","Collingwood",9,"9","2026-04-30",19,13,32,7,0,2,0,3,9,1,1,1,0,0,0,5,21,0,0,3,0,1,"M.C.G.",76632,"Collingwood","Hawthorn",93,93
12578,"Patrick","Lipinski","Collingwood",1,"9","2026-04-30",7,12,19,4,0,0,0,3,2,2,4,4,1,2,0,5,14,0,0,0,0,0,"M.C.G.",76632,"Collingwood","Hawthorn",93,93
13023,"Ned","Long","Collingwood",44,"9","2026-04-30",10,12,22,4,0,0,0,9,3,2,5,9,1,4,0,12,10,0,1,2,0,2,"M.C.G.",76632,"Collingwood","Hawthorn",93,93
12371,"Brayden","Maynard","Collingwood",4,"9","2026-04-30",19,4,23,8,1,0,0,1,6,0,0,3,0,2,0,3,15,0,0,8,0,0,"M.C.G.",76632,"Collingwood","Hawthorn",93,93
12291,"Daniel","McStay","Collingwood",11,"9","2026-04-30",7,4,11,7,1,1,0,1,0,3,0,2,0,1,0,6,4,4,2,2,0,1,"M.C.G.",76632,"Collingwood","Hawthorn",93,93
12372,"Darcy","Moore","Collingwood",30,"9","2026-04-30",4,2,6,1,0,0,0,1,3,0,0,5,2,2,0,4,3,0,0,8,0,0,"M.C.G.",76632,"Collingwood","Hawthorn",93,93
13147,"Wil","Parker","Collingwood",15,"9","2026-04-30",3,5,8,2,0,0,0,1,2,0,0,2,0,0,0,2,6,0,0,2,0,0,"M.C.G.",76632,"Collingwood","Hawthorn",93,93
12536,"Harry","Perryman","Collingwood",12,"9","2026-04-30",9,1,10,3,0,0,0,2,4,0,0,2,1,0,0,2,8,0,0,0,0,0,"M.C.G.",76632,"Collingwood","Hawthorn",93,93
12740,"Isaac","Quaynor","Collingwood",3,"9","2026-04-30",12,6,18,8,0,0,0,5,3,2,1,2,1,0,0,5,13,0,0,2,0,0,"M.C.G.",76632,"Collingwood","Hawthorn",93,93
12700,"Lachie","Schultz","Collingwood",8,"9","2026-04-30",11,9,20,5,1,0,0,4,0,2,0,2,5,1,0,9,11,0,0,0,0,1,"M.C.G.",76632,"Collingwood","Hawthorn",93,93
11751,"Steele","Sidebottom","Collingwood",22,"9","2026-04-30",4,5,9,3,1,0,0,1,0,2,1,1,0,0,0,2,7,0,1,1,2,1,"M.C.G.",76632,"Collingwood","Hawthorn",93,93
13248,"Roan","Steele","Collingwood",45,"9","2026-04-30",4,6,10,4,0,0,0,2,0,0,0,1,0,0,0,4,6,0,0,1,0,0,"M.C.G.",76632,"Collingwood","Hawthorn",93,93
NA,"Oscar","Steene","Collingwood",21,"9","2026-04-30",2,5,7,1,1,0,10,5,0,1,1,7,2,4,0,5,2,1,0,1,0,1,"M.C.G.",76632,"Collingwood","Hawthorn",93,93
12357,"Karl","Amon","Hawthorn",10,"9","2026-04-30",20,10,30,7,0,0,0,3,3,2,1,1,0,0,0,4,24,0,0,0,1,0,"M.C.G.",76632,"Collingwood","Hawthorn",93,93
12383,"Tom","Barrass","Hawthorn",37,"9","2026-04-30",6,1,7,4,0,0,0,0,1,2,0,0,1,0,0,5,2,3,0,8,0,0,"M.C.G.",76632,"Collingwood","Hawthorn",93,93
12558,"Josh","Battle","Hawthorn",24,"9","2026-04-30",15,7,22,8,0,1,0,1,1,2,1,2,1,1,0,5,17,1,0,5,0,0,"M.C.G.",76632,"Collingwood","Hawthorn",93,93
12998,"Massimo","DAmbrosio","Hawthorn",16,"9","2026-04-30",14,9,23,6,1,1,0,3,2,4,2,3,0,0,0,6,18,0,0,2,1,0,"M.C.G.",76632,"Collingwood","Hawthorn",93,93
13135,"Calsher","Dear","Hawthorn",13,"9","2026-04-30",5,4,9,4,1,0,0,1,0,2,0,0,0,0,0,3,6,0,1,1,1,0,"M.C.G.",76632,"Collingwood","Hawthorn",93,93
12927,"Jack","Ginnivan","Hawthorn",33,"9","2026-04-30",12,12,24,6,1,0,0,2,1,3,1,4,0,1,0,6,19,0,1,0,1,1,"M.C.G.",76632,"Collingwood","Hawthorn",93,93
11845,"Jack","Gunston","Hawthorn",19,"9","2026-04-30",8,5,13,3,0,1,0,2,0,1,0,3,1,1,0,4,9,0,1,1,0,0,"M.C.G.",76632,"Collingwood","Hawthorn",93,93
12469,"Blake","Hardwick","Hawthorn",15,"9","2026-04-30",5,10,15,3,0,0,0,2,2,0,1,2,0,1,0,2,10,0,0,4,0,0,"M.C.G.",76632,"Collingwood","Hawthorn",93,93
12237,"Jarman","Impey","Hawthorn",4,"9","2026-04-30",19,8,27,9,0,0,0,2,0,3,0,1,0,1,0,1,24,0,0,2,0,0,"M.C.G.",76632,"Collingwood","Hawthorn",93,93
12636,"Mitch","Lewis","Hawthorn",2,"9","2026-04-30",7,7,14,7,2,2,0,2,0,2,0,2,0,1,0,7,7,2,4,2,0,0,"M.C.G.",76632,"Collingwood","Hawthorn",93,93
12954,"Connor","Macdonald","Hawthorn",9,"9","2026-04-30",15,13,28,7,3,0,0,1,0,6,4,3,0,0,0,11,18,0,0,0,0,1,"M.C.G.",76632,"Collingwood","Hawthorn",93,93
13031,"Cam","Mackenzie","Hawthorn",28,"9","2026-04-30",12,12,24,6,0,0,0,3,0,5,3,3,0,0,0,6,18,0,0,0,0,0,"M.C.G.",76632,"Collingwood","Hawthorn",93,93
12843,"Finn","Maginness","Hawthorn",20,"9","2026-04-30",5,10,15,1,0,1,0,0,1,1,0,4,1,0,0,8,8,0,0,0,0,0,"M.C.G.",76632,"Collingwood","Hawthorn",93,93
12856,"Lloyd","Meek","Hawthorn",17,"9","2026-04-30",6,4,10,2,0,0,17,2,1,1,4,4,3,3,0,7,4,0,0,0,0,1,"M.C.G.",76632,"Collingwood","Hawthorn",93,93
12710,"Dylan","Moore","Hawthorn",8,"9","2026-04-30",11,7,18,5,1,0,0,0,0,3,0,2,1,1,0,1,15,0,0,0,0,0,"M.C.G.",76632,"Collingwood","Hawthorn",93,93
12670,"Conor","Nash","Hawthorn",11,"9","2026-04-30",12,10,22,1,0,0,0,5,0,5,6,3,5,1,0,7,14,0,0,0,0,0,"M.C.G.",76632,"Collingwood","Hawthorn",93,93
12915,"Jai","Newcombe","Hawthorn",3,"9","2026-04-30",16,11,27,4,1,2,0,5,1,4,8,4,4,2,0,10,16,0,1,0,1,0,"M.C.G.",76632,"Collingwood","Hawthorn",93,93
12906,"Ned","Reeves","Hawthorn",7,"9","2026-04-30",9,7,16,4,1,1,24,1,1,2,5,5,5,3,0,12,3,2,1,2,0,0,"M.C.G.",76632,"Collingwood","Hawthorn",93,93
12565,"Jack","Scrimshaw","Hawthorn",14,"9","2026-04-30",4,5,9,1,0,0,0,0,1,0,1,2,0,2,0,2,7,0,0,2,0,0,"M.C.G.",76632,"Collingwood","Hawthorn",93,93
12332,"James","Sicily","Hawthorn",6,"9","2026-04-30",12,10,22,9,0,0,0,0,3,4,0,1,1,1,0,10,11,2,0,0,0,1,"M.C.G.",76632,"Collingwood","Hawthorn",93,93
12955,"Josh","Ward","Hawthorn",25,"9","2026-04-30",9,12,21,5,0,0,0,6,1,6,2,3,1,0,0,6,15,0,0,0,0,2,"M.C.G.",76632,"Collingwood","Hawthorn",93,93
13105,"Nick","Watson","Hawthorn",5,"9","2026-04-30",8,7,15,1,2,0,0,2,0,2,0,4,1,1,0,6,7,0,0,1,0,1,"M.C.G.",76632,"Collingwood","Hawthorn",93,93
13057,"Josh","Weddle","Hawthorn",23,"9","2026-04-30",6,3,9,6,0,2,0,2,0,2,0,5,1,3,0,5,6,2,3,2,0,0,"M.C.G.",76632,"Collingwood","Hawthorn",93,93
12269,"Marcus","Bontempelli","Western Bulldogs",4,"9","2026-05-01",16,17,33,4,2,1,0,2,3,6,6,6,0,3,0,7,27,0,1,2,0,2,"Docklands",23071,"Western Bulldogs","Fremantle",102,114
12916,"Lachlan","Bramble","Western Bulldogs",29,"9","2026-05-01",10,4,14,4,1,0,0,1,3,2,0,0,0,0,0,4,9,0,0,2,0,0,"Docklands",23071,"Western Bulldogs","Fremantle",102,114
13216,"Jedd","Busslinger","Western Bulldogs",5,"9","2026-05-01",10,3,13,6,0,0,0,0,4,1,0,2,2,2,0,5,9,0,0,18,1,0,"Docklands",23071,"Western Bulldogs","Fremantle",102,114
12608,"Nick","Coffield","Western Bulldogs",17,"9","2026-05-01",12,4,16,10,0,0,0,0,2,1,0,3,0,2,0,4,12,2,0,2,0,0,"Docklands",23071,"Western Bulldogs","Fremantle",102,114
12354,"Bailey","Dale","Western Bulldogs",31,"9","2026-05-01",23,9,32,7,0,0,0,5,9,2,2,1,1,0,0,4,20,0,0,3,1,2,"Docklands",23071,"Western Bulldogs","Fremantle",102,114
13178,"Sam","Davidson","Western Bulldogs",42,"9","2026-05-01",4,2,6,2,0,0,0,5,0,0,0,0,0,0,0,2,4,0,0,0,0,1,"Docklands",23071,"Western Bulldogs","Fremantle",102,114
13179,"Josh","Dolan","Western Bulldogs",26,"9","2026-05-01",2,5,7,1,0,0,0,3,0,1,0,1,0,0,0,1,6,0,0,0,0,0,"Docklands",23071,"Western Bulldogs","Fremantle",102,114
NA,"Louis","Emmett","Western Bulldogs",25,"9","2026-05-01",1,1,2,0,0,0,2,0,0,1,0,1,0,1,0,0,2,0,0,1,0,0,"Docklands",23071,"Western Bulldogs","Fremantle",102,114
12537,"Tim","English","Western Bulldogs",44,"9","2026-05-01",8,7,15,3,0,0,21,3,2,2,1,2,1,1,0,7,10,0,0,3,0,1,"Docklands",23071,"Western Bulldogs","Fremantle",102,114
13140,"Joel","Freijah","Western Bulldogs",27,"9","2026-05-01",10,9,19,4,0,1,0,5,1,4,6,2,1,0,0,11,9,0,0,2,0,2,"Docklands",23071,"Western Bulldogs","Fremantle",102,114
13102,"Harvey","Gallagher","Western Bulldogs",12,"9","2026-05-01",9,4,13,3,0,2,0,0,1,3,1,0,2,0,0,5,8,0,0,1,0,0,"Docklands",23071,"Western Bulldogs","Fremantle",102,114
13046,"Arthur","Jones","Western Bulldogs",32,"9","2026-05-01",6,9,15,3,1,2,0,1,0,2,0,1,3,1,0,7,9,1,1,0,0,2,"Docklands",23071,"Western Bulldogs","Fremantle",102,114
12455,"Matthew","Kennedy","Western Bulldogs",8,"9","2026-05-01",17,13,30,4,0,0,0,5,3,3,9,5,2,0,0,11,16,0,0,2,0,0,"Docklands",23071,"Western Bulldogs","Fremantle",102,114
12900,"Buku","Khamis","Western Bulldogs",24,"9","2026-05-01",9,9,18,8,0,0,0,1,6,0,0,0,1,0,0,5,13,0,0,6,1,1,"Docklands",23071,"Western Bulldogs","Fremantle",102,114
NA,"Will","Lewis","Western Bulldogs",28,"9","2026-05-01",5,6,11,1,2,1,0,1,0,0,0,2,4,2,0,6,5,0,1,1,0,0,"Docklands",23071,"Western Bulldogs","Fremantle",102,114
12854,"Lachlan","McNeil","Western Bulldogs",30,"9","2026-05-01",8,3,11,4,2,0,0,4,1,3,0,3,2,1,0,4,6,0,2,1,0,0,"Docklands",23071,"Western Bulldogs","Fremantle",102,114
12594,"Aaron","Naughton","Western Bulldogs",33,"9","2026-05-01",4,5,9,4,2,1,0,2,0,2,0,2,1,1,0,5,6,0,3,3,0,1,"Docklands",23071,"Western Bulldogs","Fremantle",102,114
12605,"Ed","Richards","Western Bulldogs",20,"9","2026-05-01",18,7,25,3,1,0,0,6,4,6,7,2,1,1,0,12,13,0,0,0,1,0,"Docklands",23071,"Western Bulldogs","Fremantle",102,114
13103,"Ryley","Sanders","Western Bulldogs",9,"9","2026-05-01",6,19,25,2,1,0,0,5,0,2,2,1,1,1,0,8,16,0,0,0,0,0,"Docklands",23071,"Western Bulldogs","Fremantle",102,114
13276,"Michael","Sellwood","Western Bulldogs",37,"9","2026-05-01",5,8,13,0,0,0,0,3,4,1,0,2,2,0,0,11,2,0,0,0,0,0,"Docklands",23071,"Western Bulldogs","Fremantle",102,114
12776,"Laitham","Vandermeer","Western Bulldogs",23,"9","2026-05-01",7,5,12,3,1,0,0,1,0,4,1,1,0,1,0,3,10,0,0,1,0,0,"Docklands",23071,"Western Bulldogs","Fremantle",102,114
12748,"Rhylee","West","Western Bulldogs",14,"9","2026-05-01",9,8,17,4,2,0,0,4,0,5,2,1,1,0,0,10,7,0,2,2,2,0,"Docklands",23071,"Western Bulldogs","Fremantle",102,114
12441,"Bailey","Williams","Western Bulldogs",34,"9","2026-05-01",8,7,15,1,0,0,0,1,1,1,0,5,2,0,0,3,12,0,0,1,0,0,"Docklands",23071,"Western Bulldogs","Fremantle",102,114
12983,"Jye","Amiss","Fremantle",24,"9","2026-05-01",8,4,12,4,0,3,0,3,0,0,0,1,0,0,0,1,11,0,3,0,0,1,"Docklands",23071,"Western Bulldogs","Fremantle",102,114
12535,"Shai","Bolton","Fremantle",10,"9","2026-05-01",14,16,30,2,1,1,0,3,1,8,9,3,0,2,0,15,16,0,0,1,1,2,"Docklands",23071,"Western Bulldogs","Fremantle",102,114
12589,"Andrew","Brayshaw","Fremantle",8,"9","2026-05-01",12,10,22,3,1,0,0,8,1,4,6,3,1,1,0,8,11,0,0,2,0,0,"Docklands",23071,"Western Bulldogs","Fremantle",102,114
12875,"Heath","Chapman","Fremantle",5,"9","2026-05-01",7,8,15,5,1,0,0,3,2,1,0,2,0,1,0,5,9,0,0,6,0,0,"Docklands",23071,"Western Bulldogs","Fremantle",102,114
12688,"Jordan","Clark","Fremantle",6,"9","2026-05-01",15,7,22,5,0,0,0,2,3,4,3,5,0,3,0,8,13,0,0,2,0,0,"Docklands",23071,"Western Bulldogs","Fremantle",102,114
12544,"Brennan","Cox","Fremantle",36,"9","2026-05-01",8,5,13,2,0,0,0,3,3,3,0,2,0,1,0,6,6,1,0,6,0,0,"Docklands",23071,"Western Bulldogs","Fremantle",102,114
12428,"Mason","Cox","Fremantle",18,"9","2026-05-01",7,1,8,2,0,2,25,3,1,0,2,0,2,0,0,5,3,1,1,0,0,0,"Docklands",23071,"Western Bulldogs","Fremantle",102,114
13204,"Isaiah","Dudley","Fremantle",43,"9","2026-05-01",2,4,6,0,1,0,0,2,0,0,1,2,1,1,0,3,4,0,0,1,0,2,"Docklands",23071,"Western Bulldogs","Fremantle",102,114
12966,"Neil","Erasmus","Fremantle",28,"9","2026-05-01",11,4,15,4,1,0,0,4,3,2,4,5,1,1,0,7,9,0,1,0,0,1,"Docklands",23071,"Western Bulldogs","Fremantle",102,114
12801,"Michael","Frederick","Fremantle",32,"9","2026-05-01",6,3,9,3,1,0,0,3,1,2,1,1,0,1,0,3,6,1,0,1,1,0,"Docklands",23071,"Western Bulldogs","Fremantle",102,114
12779,"Luke","Jackson","Fremantle",9,"9","2026-05-01",8,10,18,3,1,2,36,8,0,5,3,4,3,1,0,12,5,2,2,2,0,0,"Docklands",23071,"Western Bulldogs","Fremantle",102,114
13047,"Matthew","Johnson","Fremantle",44,"9","2026-05-01",2,9,11,0,0,0,0,1,2,2,2,6,0,4,0,4,9,0,0,2,0,0,"Docklands",23071,"Western Bulldogs","Fremantle",102,114
12352,"Alex","Pearce","Fremantle",25,"9","2026-05-01",3,4,7,4,0,0,0,3,1,0,0,2,0,2,0,1,6,0,0,3,0,0,"Docklands",23071,"Western Bulldogs","Fremantle",102,114
13180,"Murphy","Reid","Fremantle",16,"9","2026-05-01",10,12,22,3,1,0,0,3,1,4,3,2,1,0,0,4,16,0,0,1,2,1,"Docklands",23071,"Western Bulldogs","Fremantle",102,114
12542,"Luke","Ryan","Fremantle",13,"9","2026-05-01",20,2,22,8,0,0,0,3,4,2,0,1,2,1,0,5,13,1,0,4,0,0,"Docklands",23071,"Western Bulldogs","Fremantle",102,114
12786,"Caleb","Serong","Fremantle",3,"9","2026-05-01",11,6,17,0,0,0,0,8,1,5,4,3,1,1,0,6,10,0,0,0,0,0,"Docklands",23071,"Western Bulldogs","Fremantle",102,114
12820,"Jeremy","Sharp","Fremantle",14,"9","2026-05-01",7,3,10,4,0,0,0,1,0,3,0,2,0,0,0,3,10,0,0,1,0,0,"Docklands",23071,"Western Bulldogs","Fremantle",102,114
12672,"Sam","Switkowski","Fremantle",39,"9","2026-05-01",7,5,12,3,3,0,0,3,0,1,1,2,0,1,0,6,6,0,2,2,2,0,"Docklands",23071,"Western Bulldogs","Fremantle",102,114
12887,"Josh","Treacy","Fremantle",35,"9","2026-05-01",12,5,17,8,3,3,0,2,0,4,0,5,2,2,0,8,9,2,5,3,0,2,"Docklands",23071,"Western Bulldogs","Fremantle",102,114
13129,"Patrick","Voss","Fremantle",20,"9","2026-05-01",2,3,5,1,0,0,0,3,0,2,1,3,1,2,0,3,2,0,0,2,0,0,"Docklands",23071,"Western Bulldogs","Fremantle",102,114
12453,"Corey","Wagner","Fremantle",34,"9","2026-05-01",11,8,19,2,0,0,0,0,6,2,1,4,0,1,0,5,13,0,0,2,0,1,"Docklands",23071,"Western Bulldogs","Fremantle",102,114
13075,"Karl","Worner","Fremantle",23,"9","2026-05-01",16,5,21,8,0,0,0,2,5,6,1,1,2,0,0,4,14,1,0,1,1,0,"Docklands",23071,"Western Bulldogs","Fremantle",102,114
12777,"Hayden","Young","Fremantle",26,"9","2026-05-01",10,10,20,1,3,0,0,7,2,3,3,3,0,1,0,9,11,0,0,0,0,0,"Docklands",23071,"Western Bulldogs","Fremantle",102,114
12849,"Sam","Berry","Adelaide",3,"9","2026-05-01",18,11,29,3,0,0,0,19,2,7,5,5,1,2,0,17,14,1,0,1,0,0,"Adelaide Oval",53045,"Adelaide","Port Adelaide",76,75
13165,"Hugh","Bond","Adelaide",21,"9","2026-05-01",3,2,5,1,0,0,0,1,0,1,0,1,0,1,0,2,3,0,0,1,0,0,"Adelaide Oval",53045,"Adelaide","Port Adelaide",76,75
13086,"James","Borlase","Adelaide",35,"9","2026-05-01",7,2,9,4,0,0,0,1,3,0,0,0,2,0,0,4,5,1,0,4,0,0,"Adelaide Oval",53045,"Adelaide","Port Adelaide",76,75
12829,"Jordon","Butts","Adelaide",41,"9","2026-05-01",7,1,8,4,0,0,0,0,1,1,0,0,1,0,0,4,5,1,0,6,0,0,"Adelaide Oval",53045,"Adelaide","Port Adelaide",76,75
12932,"Brayden","Cook","Adelaide",15,"9","2026-05-01",13,8,21,7,1,0,0,3,0,4,4,4,1,1,0,7,15,1,0,0,3,1,"Adelaide Oval",53045,"Adelaide","Port Adelaide",76,75
12629,"Isaac","Cumming","Adelaide",44,"9","2026-05-01",3,8,11,1,0,0,0,1,1,1,1,1,0,1,0,5,8,0,0,3,0,1,"Adelaide Oval",53045,"Adelaide","Port Adelaide",76,75
13132,"Daniel","Curtin","Adelaide",6,"9","2026-05-01",6,3,9,4,0,1,0,1,0,2,0,3,0,0,0,3,6,0,1,0,0,3,"Adelaide Oval",53045,"Adelaide","Port Adelaide",76,75
12434,"Ben","Keays","Adelaide",2,"9","2026-05-01",10,8,18,6,3,0,0,5,1,3,0,3,0,2,0,9,13,0,1,1,0,1,"Adelaide Oval",53045,"Adelaide","Port Adelaide",76,75
12165,"Rory","Laird","Adelaide",29,"9","2026-05-01",7,9,16,0,0,0,0,4,1,3,0,1,1,1,0,4,10,0,0,3,0,0,"Adelaide Oval",53045,"Adelaide","Port Adelaide",76,75
13065,"Lachlan","McAndrew","Adelaide",42,"9","2026-05-01",6,5,11,2,0,0,33,4,1,3,3,2,1,1,0,8,3,1,1,2,0,0,"Adelaide Oval",53045,"Adelaide","Port Adelaide",76,75
13027,"Max","Michalanney","Adelaide",16,"9","2026-05-01",4,5,9,2,0,0,0,0,1,3,0,1,0,0,0,3,7,1,0,2,0,0,"Adelaide Oval",53045,"Adelaide","Port Adelaide",76,75
12405,"Wayne","Milera","Adelaide",30,"9","2026-05-01",16,13,29,6,0,0,0,4,6,1,3,0,2,0,0,11,14,1,0,0,0,0,"Adelaide Oval",53045,"Adelaide","Port Adelaide",76,75
NA,"Toby","Murray","Adelaide",39,"9","2026-05-01",9,1,10,9,2,0,3,1,0,3,0,2,1,1,0,2,8,1,2,3,0,0,"Adelaide Oval",53045,"Adelaide","Port Adelaide",76,75
12367,"Alex","Neal-Bullen","Adelaide",28,"9","2026-05-01",10,7,17,6,0,0,0,6,2,6,2,0,1,0,0,8,10,0,0,3,0,0,"Adelaide Oval",53045,"Adelaide","Port Adelaide",76,75
12934,"James","Peatling","Adelaide",25,"9","2026-05-01",13,12,25,2,0,0,0,5,2,6,4,4,2,1,0,12,14,0,0,0,0,0,"Adelaide Oval",53045,"Adelaide","Port Adelaide",76,75
12921,"Luke","Pedlar","Adelaide",10,"9","2026-05-01",4,8,12,3,1,0,0,4,0,2,0,4,0,1,0,4,8,0,1,2,3,0,"Adelaide Oval",53045,"Adelaide","Port Adelaide",76,75
12953,"Josh","Rachele","Adelaide",8,"9","2026-05-01",10,3,13,2,2,3,0,4,0,2,1,4,1,1,0,6,8,0,0,1,0,1,"Adelaide Oval",53045,"Adelaide","Port Adelaide",76,75
12798,"Izak","Rankine","Adelaide",23,"9","2026-05-01",15,8,23,3,1,0,0,5,2,3,5,7,1,2,0,12,12,0,0,2,3,0,"Adelaide Oval",53045,"Adelaide","Port Adelaide",76,75
12952,"Jake","Soligo","Adelaide",14,"9","2026-05-01",12,10,22,3,0,2,0,4,1,4,5,3,0,2,0,11,13,0,1,0,0,2,"Adelaide Oval",53045,"Adelaide","Port Adelaide",76,75
13159,"Zac","Taylor","Adelaide",19,"9","2026-05-01",6,4,10,4,0,1,0,4,0,1,0,2,0,2,0,2,8,0,0,0,0,1,"Adelaide Oval",53045,"Adelaide","Port Adelaide",76,75
12892,"Riley","Thilthorpe","Adelaide",7,"9","2026-05-01",5,5,10,2,1,2,2,2,0,2,1,2,2,1,0,6,4,1,1,1,0,0,"Adelaide Oval",53045,"Adelaide","Port Adelaide",76,75
11713,"Taylor","Walker","Adelaide",13,"9","2026-05-01",0,0,0,0,0,0,0,0,0,0,0,0,0,0,0,0,0,0,0,0,0,0,"Adelaide Oval",53045,"Adelaide","Port Adelaide",76,75
12912,"Josh","Worrell","Adelaide",24,"9","2026-05-01",14,8,22,4,0,0,0,3,4,1,1,3,3,1,0,10,8,1,0,0,1,0,"Adelaide Oval",53045,"Adelaide","Port Adelaide",76,75
12433,"Aliir","Aliir","Port Adelaide",21,"9","2026-05-01",16,5,21,14,0,0,0,0,6,0,0,6,0,2,0,10,11,4,0,5,0,0,"Adelaide Oval",53045,"Adelaide","Port Adelaide",76,75
12867,"Miles","Bergman","Port Adelaide",14,"9","2026-05-01",14,9,23,11,0,0,0,2,5,2,1,1,0,0,0,4,19,1,0,2,1,0,"Adelaide Oval",53045,"Adelaide","Port Adelaide",76,75
13188,"Joe","Berry","Port Adelaide",5,"9","2026-05-01",3,8,11,3,2,0,0,0,0,0,1,2,0,1,0,5,9,1,1,0,0,0,"Adelaide Oval",53045,"Adelaide","Port Adelaide",76,75
13007,"Jase","Burgoyne","Port Adelaide",7,"9","2026-05-01",10,4,14,3,0,0,0,2,2,3,2,1,2,1,0,5,9,0,0,1,0,1,"Adelaide Oval",53045,"Adelaide","Port Adelaide",76,75
12698,"Zak","Butters","Port Adelaide",9,"9","2026-05-01",15,15,30,3,1,0,0,6,3,5,3,7,1,1,0,13,19,0,0,5,1,0,"Adelaide Oval",53045,"Adelaide","Port Adelaide",76,75
12422,"Darcy","Byrne-Jones","Port Adelaide",33,"9","2026-05-01",15,7,22,8,0,0,0,2,6,0,0,2,1,0,0,6,13,0,0,2,1,0,"Adelaide Oval",53045,"Adelaide","Port Adelaide",76,75
12695,"Willem","Drew","Port Adelaide",28,"9","2026-05-01",14,6,20,4,0,0,0,6,2,3,4,5,1,1,0,8,10,0,0,1,0,1,"Adelaide Oval",53045,"Adelaide","Port Adelaide",76,75
12936,"Corey","Durdin","Port Adelaide",44,"9","2026-05-01",5,1,6,1,2,1,0,5,0,1,0,1,2,0,0,3,4,0,1,0,0,1,"Adelaide Oval",53045,"Adelaide","Port Adelaide",76,75
13156,"Logan","Evans","Port Adelaide",22,"9","2026-05-01",16,7,23,7,0,0,0,1,6,2,0,1,1,0,0,4,15,1,0,4,1,0,"Adelaide Oval",53045,"Adelaide","Port Adelaide",76,75
12664,"Kane","Farrell","Port Adelaide",6,"9","2026-05-01",11,1,12,6,0,0,0,2,4,1,1,3,1,1,0,4,7,0,0,1,0,1,"Adelaide Oval",53045,"Adelaide","Port Adelaide",76,75
12766,"Mitch","Georgiades","Port Adelaide",19,"9","2026-05-01",8,3,11,6,3,3,0,2,0,0,0,7,0,5,0,5,6,1,6,0,0,0,"Adelaide Oval",53045,"Adelaide","Port Adelaide",76,75
12956,"Jason","Horne-Francis","Port Adelaide",18,"9","2026-05-01",10,10,20,2,0,0,0,3,1,5,7,2,1,1,0,10,10,1,0,0,2,1,"Adelaide Oval",53045,"Adelaide","Port Adelaide",76,75
12882,"Lachie","Jones","Port Adelaide",34,"9","2026-05-01",4,4,8,2,0,0,0,5,2,0,0,0,3,0,0,5,3,0,0,6,1,0,"Adelaide Oval",53045,"Adelaide","Port Adelaide",76,75
NA,"Josh","Lai","Port Adelaide",43,"9","2026-05-01",13,2,15,5,0,0,0,1,3,1,0,0,2,0,0,4,10,1,0,3,0,0,"Adelaide Oval",53045,"Adelaide","Port Adelaide",76,75
13269,"Ewan","Mackinlay","Port Adelaide",31,"9","2026-05-01",2,3,5,2,0,0,0,5,0,1,1,1,0,0,0,2,3,1,0,1,0,0,"Adelaide Oval",53045,"Adelaide","Port Adelaide",76,75
12575,"Todd","Marshall","Port Adelaide",4,"9","2026-05-01",7,0,7,2,0,0,0,1,2,0,0,1,0,1,0,1,3,0,0,5,0,0,"Adelaide Oval",53045,"Adelaide","Port Adelaide",76,75
13199,"Christian","Moraes","Port Adelaide",11,"9","2026-05-01",7,8,15,4,0,0,0,6,1,1,1,2,1,0,0,5,11,0,0,0,0,0,"Adelaide Oval",53045,"Adelaide","Port Adelaide",76,75
13139,"Joe","Richards","Port Adelaide",35,"9","2026-05-01",7,3,10,2,0,1,0,6,2,3,2,1,0,0,0,2,8,0,0,1,3,0,"Adelaide Oval",53045,"Adelaide","Port Adelaide",76,75
12890,"Jordon","Sweet","Port Adelaide",24,"9","2026-05-01",8,9,17,3,0,1,36,4,1,2,5,4,2,2,0,14,4,2,1,3,0,0,"Adelaide Oval",53045,"Adelaide","Port Adelaide",76,75
13073,"Dante","Visentini","Port Adelaide",38,"9","2026-05-01",3,2,5,0,1,0,19,1,0,0,1,3,0,2,0,5,1,0,0,3,0,0,"Adelaide Oval",53045,"Adelaide","Port Adelaide",76,75
12991,"Jacob","Wehr","Port Adelaide",15,"9","2026-05-01",15,2,17,5,0,2,0,2,1,6,2,3,0,0,0,3,13,0,0,0,0,1,"Adelaide Oval",53045,"Adelaide","Port Adelaide",76,75
13259,"Jack","Whitlock","Port Adelaide",17,"9","2026-05-01",7,7,14,4,1,1,0,0,0,0,0,3,0,0,0,8,6,2,2,3,0,1,"Adelaide Oval",53045,"Adelaide","Port Adelaide",76,75
12150,"Ollie","Wines","Port Adelaide",16,"9","2026-05-01",9,21,30,6,1,0,0,7,1,3,7,5,3,2,0,18,13,1,1,0,0,1,"Adelaide Oval",53045,"Adelaide","Port Adelaide",76,75
13237,"Lachlan","Blakiston","Essendon",46,"9","2026-05-02",3,7,10,0,1,0,4,1,3,0,1,1,0,0,0,2,7,0,0,3,0,0,"Docklands",31595,"Essendon","Brisbane Lions",79,143
13148,"Nate","Caddy","Essendon",30,"9","2026-05-02",13,1,14,9,3,5,0,2,0,4,0,2,2,0,0,4,10,1,6,1,0,1,"Docklands",31595,"Essendon","Brisbane Lions",79,143
12755,"Jye","Caldwell","Essendon",6,"9","2026-05-02",5,10,15,0,0,0,0,2,0,2,6,2,1,1,0,7,9,0,0,1,0,0,"Docklands",31595,"Essendon","Brisbane Lions",79,143
12852,"Nik","Cox","Essendon",13,"9","2026-05-02",4,5,9,2,1,0,0,1,0,2,0,0,1,0,0,4,5,0,1,0,0,0,"Docklands",31595,"Essendon","Brisbane Lions",79,143
13223,"Archer","Day-Wicks","Essendon",44,"9","2026-05-02",7,7,14,1,0,0,0,1,0,5,1,1,0,1,0,3,9,0,0,0,0,1,"Docklands",31595,"Essendon","Brisbane Lions",79,143
12925,"Sam","Durham","Essendon",22,"9","2026-05-02",12,15,27,4,0,0,0,4,0,7,9,6,3,2,0,18,10,1,0,0,0,0,"Docklands",31595,"Essendon","Brisbane Lions",79,143
12696,"Xavier","Duursma","Essendon",28,"9","2026-05-02",6,10,16,2,0,0,0,3,1,4,2,2,0,0,0,4,11,0,0,0,0,1,"Docklands",31595,"Essendon","Brisbane Lions",79,143
13198,"Tom","Edwards","Essendon",45,"9","2026-05-02",5,4,9,3,1,0,0,1,1,3,0,1,0,0,0,2,7,0,1,1,0,1,"Docklands",31595,"Essendon","Brisbane Lions",79,143
13203,"Saad","El-Hawli","Essendon",41,"9","2026-05-02",11,6,17,4,0,0,0,2,5,2,0,3,1,0,0,5,11,0,0,0,3,0,"Docklands",31595,"Essendon","Brisbane Lions",79,143
NA,"Jacob","Farrow","Essendon",2,"9","2026-05-02",6,11,17,4,0,0,0,0,3,0,0,1,1,0,0,5,11,0,0,0,0,0,"Docklands",31595,"Essendon","Brisbane Lions",79,143
12415,"Jade","Gresham","Essendon",11,"9","2026-05-02",2,5,7,1,0,0,0,3,0,0,1,1,0,1,0,2,7,0,0,0,0,0,"Docklands",31595,"Essendon","Brisbane Lions",79,143
NA,"Max","Kondogiannis","Essendon",29,"9","2026-05-02",4,9,13,3,0,0,0,2,4,0,0,2,0,1,0,3,11,0,0,2,0,0,"Docklands",31595,"Essendon","Brisbane Lions",79,143
12349,"Kyle","Langford","Essendon",4,"9","2026-05-02",8,3,11,6,1,2,0,1,0,3,0,1,0,1,0,3,8,1,3,2,0,0,"Docklands",31595,"Essendon","Brisbane Lions",79,143
12491,"Andrew","McGrath","Essendon",1,"9","2026-05-02",10,5,15,4,0,0,0,0,8,0,0,3,0,1,0,2,11,0,0,6,0,0,"Docklands",31595,"Essendon","Brisbane Lions",79,143
12580,"Ben","McKay","Essendon",32,"9","2026-05-02",2,3,5,2,0,0,0,0,1,1,0,1,1,0,0,3,3,1,0,1,0,0,"Docklands",31595,"Essendon","Brisbane Lions",79,143
12241,"Zach","Merrett","Essendon",7,"9","2026-05-02",13,15,28,4,1,1,0,6,1,5,4,6,2,1,0,6,23,0,1,1,0,1,"Docklands",31595,"Essendon","Brisbane Lions",79,143
13258,"Jayden","Nguyen","Essendon",42,"9","2026-05-02",4,6,10,5,0,1,0,2,0,1,0,0,0,0,0,4,6,0,2,2,0,0,"Docklands",31595,"Essendon","Brisbane Lions",79,143
12874,"Jaxon","Prior","Essendon",25,"9","2026-05-02",9,3,12,1,0,0,0,2,1,1,0,2,2,0,0,5,6,0,0,0,1,1,"Docklands",31595,"Essendon","Brisbane Lions",79,143
12889,"Zach","Reid","Essendon",31,"9","2026-05-02",7,5,12,5,0,0,0,0,5,0,0,1,1,0,0,2,9,1,0,5,0,0,"Docklands",31595,"Essendon","Brisbane Lions",79,143
13168,"Archie","Roberts","Essendon",21,"9","2026-05-02",20,7,27,4,0,0,0,1,5,4,1,4,1,2,0,7,15,2,0,1,1,0,"Docklands",31595,"Essendon","Brisbane Lions",79,143
NA,"Sullivan","Robey","Essendon",9,"9","2026-05-02",8,9,17,3,1,0,0,3,0,3,6,7,1,1,0,11,9,0,0,0,1,1,"Docklands",31595,"Essendon","Brisbane Lions",79,143
NA,"Dyson","Sharp","Essendon",15,"9","2026-05-02",9,10,19,6,0,0,0,2,0,3,2,3,1,1,0,5,15,0,0,0,0,2,"Docklands",31595,"Essendon","Brisbane Lions",79,143
12366,"Peter","Wright","Essendon",20,"9","2026-05-02",14,12,26,5,2,1,27,1,4,3,4,3,2,2,0,7,19,1,1,2,0,1,"Docklands",31595,"Essendon","Brisbane Lions",79,143
12340,"Harris","Andrews","Brisbane Lions",31,"9","2026-05-02",11,5,16,11,0,0,0,1,2,0,0,1,0,0,0,5,11,3,0,6,0,0,"Docklands",31595,"Essendon","Brisbane Lions",79,143
13197,"Levi","Ashcroft","Brisbane Lions",10,"9","2026-05-02",10,8,18,3,0,0,0,3,1,2,2,3,1,1,0,5,11,0,0,0,1,0,"Docklands",31595,"Essendon","Brisbane Lions",79,143
13040,"Will","Ashcroft","Brisbane Lions",8,"9","2026-05-02",18,10,28,9,0,0,0,5,1,5,1,3,0,0,0,6,22,0,0,0,0,1,"Docklands",31595,"Essendon","Brisbane Lions",79,143
12610,"Zac","Bailey","Brisbane Lions",33,"9","2026-05-02",15,6,21,7,4,0,0,4,2,6,3,2,2,1,0,8,14,0,3,1,0,0,"Docklands",31595,"Essendon","Brisbane Lions",79,143
12277,"Charlie","Cameron","Brisbane Lions",23,"9","2026-05-02",12,2,14,6,2,1,0,0,0,3,1,2,0,0,0,5,10,2,4,2,1,4,"Docklands",31595,"Essendon","Brisbane Lions",79,143
12838,"Keidean","Coleman","Brisbane Lions",18,"9","2026-05-02",21,3,24,11,0,0,0,1,5,3,1,1,0,1,0,3,19,0,0,1,0,1,"Docklands",31595,"Essendon","Brisbane Lions",79,143
NA,"Cody","Curtin","Brisbane Lions",37,"9","2026-05-02",3,4,7,3,0,2,0,0,0,0,0,1,0,0,0,4,4,1,0,1,0,0,"Docklands",31595,"Essendon","Brisbane Lions",79,143
12810,"Sam","Draper","Brisbane Lions",2,"9","2026-05-02",4,5,9,2,0,0,22,0,1,4,1,3,0,1,0,6,2,1,0,1,0,1,"Docklands",31595,"Essendon","Brisbane Lions",79,143
12408,"Josh","Dunkley","Brisbane Lions",5,"9","2026-05-02",9,8,17,6,0,0,0,8,3,3,4,3,0,1,0,6,10,1,0,1,0,1,"Docklands",31595,"Essendon","Brisbane Lions",79,143
13072,"Jaspa","Fletcher","Brisbane Lions",3,"9","2026-05-02",8,11,19,8,0,0,0,1,2,0,1,1,0,1,0,5,14,0,0,1,1,0,"Docklands",31595,"Essendon","Brisbane Lions",79,143
12724,"Darcy","Fort","Brisbane Lions",32,"9","2026-05-02",8,4,12,6,0,0,11,2,0,2,3,1,3,1,0,6,6,3,1,2,0,1,"Docklands",31595,"Essendon","Brisbane Lions",79,143
13235,"Ty","Gallop","Brisbane Lions",22,"9","2026-05-02",8,1,9,5,0,0,0,1,1,3,0,4,0,2,0,4,5,1,0,6,0,0,"Docklands",31595,"Essendon","Brisbane Lions",79,143
11894,"Ryan","Lester","Brisbane Lions",35,"9","2026-05-02",14,9,23,10,0,0,0,3,3,0,2,2,2,0,0,8,13,2,0,4,0,0,"Docklands",31595,"Essendon","Brisbane Lions",79,143
12968,"Kai","Lohmann","Brisbane Lions",1,"9","2026-05-02",12,4,16,8,4,2,0,2,0,2,0,5,0,4,0,5,13,1,4,0,0,2,"Docklands",31595,"Essendon","Brisbane Lions",79,143
12090,"Lincoln","McCarthy","Brisbane Lions",11,"9","2026-05-02",8,3,11,3,0,0,0,3,0,0,0,3,0,0,0,4,6,0,0,2,0,0,"Docklands",31595,"Essendon","Brisbane Lions",79,143
12518,"Hugh","McCluggage","Brisbane Lions",6,"9","2026-05-02",17,8,25,8,1,2,0,3,2,7,9,4,1,1,0,12,15,0,1,2,0,1,"Docklands",31595,"Essendon","Brisbane Lions",79,143
12391,"Conor","McKenna","Brisbane Lions",26,"9","2026-05-02",11,1,12,3,2,0,0,2,0,6,0,5,1,2,0,2,8,0,1,1,0,2,"Docklands",31595,"Essendon","Brisbane Lions",79,143
13137,"Logan","Morris","Brisbane Lions",13,"9","2026-05-02",11,0,11,7,4,3,0,0,0,0,0,1,1,0,0,4,8,2,5,0,0,1,"Docklands",31595,"Essendon","Brisbane Lions",79,143
12055,"Lachie","Neale","Brisbane Lions",9,"9","2026-05-02",18,9,27,7,1,0,0,3,3,7,3,5,1,1,0,7,20,0,1,0,1,1,"Docklands",31595,"Essendon","Brisbane Lions",79,143
12592,"Cam","Rayner","Brisbane Lions",16,"9","2026-05-02",8,11,19,8,2,0,0,3,0,3,0,6,2,2,0,6,14,2,2,1,0,3,"Docklands",31595,"Essendon","Brisbane Lions",79,143
13138,"Bruce","Reville","Brisbane Lions",38,"9","2026-05-02",14,3,17,7,1,0,0,0,2,4,1,4,0,1,0,4,12,1,1,0,0,0,"Docklands",31595,"Essendon","Brisbane Lions",79,143
13026,"Darcy","Wilmot","Brisbane Lions",44,"9","2026-05-02",24,8,32,12,1,0,0,1,5,3,0,1,0,0,0,7,22,2,0,1,1,0,"Docklands",31595,"Essendon","Brisbane Lions",79,143
12076,"Dayne","Zorko","Brisbane Lions",15,"9","2026-05-02",21,6,27,13,0,0,0,2,7,0,1,2,1,0,0,3,17,0,0,1,0,0,"Docklands",31595,"Essendon","Brisbane Lions",79,143
12661,"Liam","Baker","West Coast",3,"9","2026-05-02",13,7,20,3,0,0,0,3,3,7,1,3,4,1,0,7,15,0,0,3,0,1,"Perth Stadium",46350,"West Coast","Richmond",88,99
13250,"Malakai","Champion","West Coast",37,"9","2026-05-02",3,5,8,0,1,0,0,2,0,2,0,3,0,1,0,5,6,0,0,1,0,0,"Perth Stadium",46350,"West Coast","Richmond",88,99
12446,"Tom","Cole","West Coast",28,"9","2026-05-02",4,3,7,5,0,0,0,0,0,0,0,0,0,0,0,2,5,0,0,1,0,0,"Perth Stadium",46350,"West Coast","Richmond",88,99
13210,"Hamish","Davis","West Coast",38,"9","2026-05-02",8,10,18,3,0,0,0,0,1,4,1,1,0,0,0,5,13,0,0,2,0,1,"Perth Stadium",46350,"West Coast","Richmond",88,99
NA,"Cooper","Duff-Tytler","West Coast",21,"9","2026-05-02",4,7,11,1,0,0,4,7,1,3,2,3,1,1,0,5,5,0,0,1,0,0,"Perth Stadium",46350,"West Coast","Richmond",88,99
12334,"Liam","Duggan","West Coast",14,"9","2026-05-02",7,7,14,7,0,0,0,3,3,0,0,2,1,2,0,2,11,0,0,2,0,0,"Perth Stadium",46350,"West Coast","Richmond",88,99
NA,"Willem","Duursma","West Coast",1,"9","2026-05-02",9,9,18,1,1,1,0,5,1,4,3,3,0,0,0,8,12,1,1,2,1,1,"Perth Stadium",46350,"West Coast","Richmond",88,99
13038,"Reuben","Ginbey","West Coast",7,"9","2026-05-02",6,5,11,3,0,0,0,3,1,2,1,2,0,0,0,4,7,0,0,6,0,0,"Perth Stadium",46350,"West Coast","Richmond",88,99
13044,"Elijah","Hewett","West Coast",8,"9","2026-05-02",3,5,8,0,0,0,0,2,0,2,1,3,0,2,0,4,3,0,0,0,0,1,"Perth Stadium",46350,"West Coast","Richmond",88,99
12957,"Brady","Hough","West Coast",19,"9","2026-05-02",7,5,12,6,0,0,0,2,3,0,0,1,0,0,0,4,9,0,0,7,0,0,"Perth Stadium",46350,"West Coast","Richmond",88,99
12595,"Tim","Kelly","West Coast",11,"9","2026-05-02",12,18,30,3,1,0,0,2,1,7,7,2,2,1,0,16,14,0,0,0,0,1,"Perth Stadium",46350,"West Coast","Richmond",88,99
NA,"Josh","Lindsay","West Coast",5,"9","2026-05-02",10,7,17,4,0,0,0,1,2,1,1,2,0,0,0,6,9,0,0,0,0,0,"Perth Stadium",46350,"West Coast","Richmond",88,99
13070,"Ryan","Maric","West Coast",23,"9","2026-05-02",12,6,18,6,1,0,0,3,0,3,0,1,0,0,0,3,15,0,0,2,1,0,"Perth Stadium",46350,"West Coast","Richmond",88,99
13240,"Tom","McCarthy","West Coast",18,"9","2026-05-02",18,5,23,10,0,0,0,1,5,0,1,2,0,0,0,4,16,0,0,2,0,0,"Perth Stadium",46350,"West Coast","Richmond",88,99
NA,"Milan","Murdock","West Coast",47,"9","2026-05-02",10,6,16,7,0,0,0,1,2,5,1,2,0,2,0,1,14,0,0,0,2,1,"Perth Stadium",46350,"West Coast","Richmond",88,99
12839,"Matthew","Owies","West Coast",16,"9","2026-05-02",9,3,12,6,1,2,0,2,0,2,0,3,1,1,0,7,7,3,3,3,0,0,"Perth Stadium",46350,"West Coast","Richmond",88,99
13111,"Harley","Reid","West Coast",9,"9","2026-05-02",12,14,26,2,2,1,0,4,1,4,10,11,0,5,0,20,9,0,0,2,4,0,"Perth Stadium",46350,"West Coast","Richmond",88,99
12813,"Harry","Schoenberg","West Coast",48,"9","2026-05-02",8,4,12,3,0,1,0,0,1,3,1,4,0,1,0,3,10,0,0,1,0,0,"Perth Stadium",46350,"West Coast","Richmond",88,99
13247,"Jobe","Shanahan","West Coast",35,"9","2026-05-02",4,0,4,4,1,1,0,0,0,2,0,0,0,0,0,2,2,2,2,2,0,0,"Perth Stadium",46350,"West Coast","Richmond",88,99
12601,"Jake","Waterman","West Coast",2,"9","2026-05-02",15,4,19,11,3,1,0,2,0,2,0,4,3,0,0,6,13,2,3,1,0,0,"Perth Stadium",46350,"West Coast","Richmond",88,99
12836,"Bailey","Williams","West Coast",32,"9","2026-05-02",6,6,12,0,1,0,28,4,1,4,2,5,1,4,0,8,4,0,0,3,0,0,"Perth Stadium",46350,"West Coast","Richmond",88,99
12087,"Elliot","Yeo","West Coast",6,"9","2026-05-02",10,10,20,1,1,1,0,11,1,5,7,4,3,1,0,10,10,1,1,0,0,1,"Perth Stadium",46350,"West Coast","Richmond",88,99
13043,"Tylar","Young","West Coast",20,"9","2026-05-02",12,2,14,9,0,0,0,0,4,2,0,2,0,1,0,5,9,2,0,5,0,0,"Perth Stadium",46350,"West Coast","Richmond",88,99
12686,"Noah","Balta","Richmond",21,"9","2026-05-02",14,6,20,6,3,0,20,2,2,3,6,3,4,1,0,18,5,4,3,3,0,0,"Perth Stadium",46350,"West Coast","Richmond",88,99
12456,"Nathan","Broad","Richmond",35,"9","2026-05-02",10,5,15,7,0,0,0,0,3,0,1,2,0,0,0,3,10,1,0,3,1,0,"Perth Stadium",46350,"West Coast","Richmond",88,99
13096,"Tom","Brown","Richmond",30,"9","2026-05-02",18,5,23,10,0,0,0,1,8,1,0,1,1,0,0,4,15,1,0,0,0,1,"Perth Stadium",46350,"West Coast","Richmond",88,99
NA,"Tom","Burton","Richmond",45,"9","2026-05-02",8,7,15,0,0,0,0,0,0,5,0,2,0,1,0,5,11,0,0,1,4,1,"Perth Stadium",46350,"West Coast","Richmond",88,99
13100,"Seth","Campbell","Richmond",44,"9","2026-05-02",10,7,17,4,3,2,0,5,0,4,1,0,0,0,0,8,8,0,3,1,1,1,"Perth Stadium",46350,"West Coast","Richmond",88,99
NA,"Sam","Cumming","Richmond",22,"9","2026-05-02",11,12,23,1,0,0,0,6,1,6,2,5,2,0,0,7,17,0,0,1,0,1,"Perth Stadium",46350,"West Coast","Richmond",88,99
13214,"Jonty","Faull","Richmond",8,"9","2026-05-02",7,0,7,4,3,0,0,2,0,1,0,0,0,0,0,3,4,3,2,0,0,0,"Perth Stadium",46350,"West Coast","Richmond",88,99
13218,"Campbell","Gray","Richmond",50,"9","2026-05-02",7,2,9,3,0,0,0,1,4,1,0,1,0,1,0,2,7,0,0,11,0,0,"Perth Stadium",46350,"West Coast","Richmond",88,99
13145,"Steely","Green","Richmond",48,"9","2026-05-02",7,3,10,3,2,0,0,2,0,3,1,3,1,2,0,4,4,0,1,0,0,1,"Perth Stadium",46350,"West Coast","Richmond",88,99
NA,"Sam","Grlj","Richmond",24,"9","2026-05-02",6,3,9,2,0,0,0,4,1,1,0,3,1,1,0,2,7,0,0,0,1,0,"Perth Stadium",46350,"West Coast","Richmond",88,99
NA,"Oliver","Hayes-Brown","Richmond",47,"9","2026-05-02",2,6,8,0,0,0,15,0,0,1,3,4,1,2,0,8,1,0,0,1,0,0,"Perth Stadium",46350,"West Coast","Richmond",88,99
12440,"Jacob","Hopper","Richmond",2,"9","2026-05-02",10,10,20,2,0,0,0,2,0,3,5,9,2,3,0,12,9,0,0,2,0,1,"Perth Stadium",46350,"West Coast","Richmond",88,99
13113,"Mykelti","Lefau","Richmond",42,"9","2026-05-02",6,5,11,5,1,2,0,0,0,2,0,3,3,0,0,6,5,1,1,4,0,0,"Perth Stadium",46350,"West Coast","Richmond",88,99
11948,"Tom","Lynch","Richmond",19,"9","2026-05-02",9,4,13,4,1,3,0,2,0,2,2,3,0,1,0,8,5,3,3,0,0,2,"Perth Stadium",46350,"West Coast","Richmond",88,99
13117,"Kane","McAuliffe","Richmond",28,"9","2026-05-02",18,10,28,3,1,0,0,4,5,6,4,9,0,2,0,9,18,0,0,0,0,1,"Perth Stadium",46350,"West Coast","Richmond",88,99
12941,"Ben","Miller","Richmond",12,"9","2026-05-02",5,1,6,2,0,0,0,3,2,0,0,1,1,1,0,1,5,0,0,8,1,0,"Perth Stadium",46350,"West Coast","Richmond",88,99
11917,"Dion","Prestia","Richmond",3,"9","2026-05-02",0,0,0,0,0,0,0,0,0,0,0,0,0,0,0,0,0,0,0,0,0,0,"Perth Stadium",46350,"West Coast","Richmond",88,99
NA,"Patrick","Retschko","Richmond",33,"9","2026-05-02",6,3,9,2,0,0,0,5,3,2,1,1,1,0,0,2,8,0,0,0,4,1,"Perth Stadium",46350,"West Coast","Richmond",88,99
12712,"Jack","Ross","Richmond",5,"9","2026-05-02",8,21,29,4,0,0,0,5,5,2,11,3,1,0,0,19,10,0,0,1,0,0,"Perth Stadium",46350,"West Coast","Richmond",88,99
12418,"Jayden","Short","Richmond",15,"9","2026-05-02",16,7,23,6,0,0,0,1,6,2,0,2,1,1,0,5,16,0,0,1,0,0,"Perth Stadium",46350,"West Coast","Richmond",88,99
13014,"Tyler","Sonsie","Richmond",40,"9","2026-05-02",9,7,16,5,1,1,0,1,0,2,1,1,1,0,0,7,9,1,2,1,0,0,"Perth Stadium",46350,"West Coast","Richmond",88,99
13095,"James","Trezise","Richmond",36,"9","2026-05-02",11,7,18,8,0,0,0,3,4,1,0,1,1,0,0,2,16,0,0,0,0,0,"Perth Stadium",46350,"West Coast","Richmond",88,99
12174,"Nick","Vlastuin","Richmond",1,"9","2026-05-02",12,7,19,9,0,0,0,0,6,0,0,2,2,0,0,6,12,2,0,0,0,0,"Perth Stadium",46350,"West Coast","Richmond",88,99
12690,"Tom","Atkins","Geelong",30,"9","2026-05-02",9,10,19,2,0,0,0,5,1,3,3,5,1,1,0,12,8,0,0,0,2,0,"Kardinia Park",32485,"Geelong","North Melbourne",135,86
12499,"Jack","Bowes","Geelong",12,"9","2026-05-02",6,8,14,2,1,0,0,1,1,1,1,3,3,1,0,5,9,0,0,0,0,0,"Kardinia Park",32485,"Geelong","North Melbourne",135,86
12871,"Tanner","Bruhn","Geelong",4,"9","2026-05-02",10,12,22,6,0,0,0,7,4,5,0,5,1,0,0,3,18,0,0,0,0,0,"Kardinia Park",32485,"Geelong","North Melbourne",135,86
12017,"Jeremy","Cameron","Geelong",5,"9","2026-05-02",15,4,19,8,3,3,0,1,0,3,1,7,1,3,0,4,15,0,3,3,0,4,"Kardinia Park",32485,"Geelong","North Melbourne",135,86
12806,"Brad","Close","Geelong",45,"9","2026-05-02",5,9,14,2,0,1,0,1,0,4,0,0,2,0,0,6,8,0,0,1,0,2,"Kardinia Park",32485,"Geelong","North Melbourne",135,86
11700,"Patrick","Dangerfield","Geelong",35,"9","2026-05-02",4,7,11,1,1,0,0,2,0,2,1,2,4,1,0,5,6,0,1,1,0,0,"Kardinia Park",32485,"Geelong","North Melbourne",135,86
12891,"Sam","De Koning","Geelong",16,"9","2026-05-02",5,8,13,3,0,0,14,0,0,2,3,5,1,1,0,7,5,1,0,4,0,0,"Kardinia Park",32485,"Geelong","North Melbourne",135,86
12974,"Oliver","Dempsey","Geelong",28,"9","2026-05-02",6,8,14,4,1,1,0,3,0,1,0,1,0,1,0,5,9,1,2,0,0,0,"Kardinia Park",32485,"Geelong","North Melbourne",135,86
NA,"Mitchell","Edwards","Geelong",11,"9","2026-05-02",4,4,8,0,0,0,20,2,1,1,2,4,0,4,0,3,4,0,0,0,0,0,"Kardinia Park",32485,"Geelong","North Melbourne",135,86
12551,"Zach","Guthrie","Geelong",39,"9","2026-05-02",13,9,22,4,1,0,0,1,4,3,1,2,0,1,0,4,18,1,0,3,0,0,"Kardinia Park",32485,"Geelong","North Melbourne",135,86
12851,"Oliver","Henry","Geelong",36,"9","2026-05-02",8,6,14,3,1,1,0,5,0,4,1,1,1,0,0,8,6,1,1,1,0,0,"Kardinia Park",32485,"Geelong","North Melbourne",135,86
12881,"Max","Holmes","Geelong",9,"9","2026-05-02",19,10,29,4,2,0,0,2,5,6,4,2,1,1,0,9,19,0,1,0,2,1,"Kardinia Park",32485,"Geelong","North Melbourne",135,86
13160,"Lawson","Humphries","Geelong",17,"9","2026-05-02",9,3,12,5,1,0,0,3,5,0,0,2,2,0,0,4,7,0,0,2,1,0,"Kardinia Park",32485,"Geelong","North Melbourne",135,86
12370,"Jake","Kolodjashnij","Geelong",8,"9","2026-05-02",8,6,14,5,0,0,0,0,1,1,0,2,1,0,0,3,11,0,0,10,0,0,"Kardinia Park",32485,"Geelong","North Melbourne",135,86
13104,"Shaun","Mannagh","Geelong",7,"9","2026-05-02",12,6,18,1,4,1,0,1,0,7,4,0,0,0,0,7,11,0,1,0,1,1,"Kardinia Park",32485,"Geelong","North Melbourne",135,86
12236,"Jack","Martin","Geelong",19,"9","2026-05-02",9,7,16,7,2,0,0,2,0,0,1,0,0,0,0,4,12,0,1,0,0,0,"Kardinia Park",32485,"Geelong","North Melbourne",135,86
13066,"Oisin","Mullin","Geelong",34,"9","2026-05-02",7,11,18,4,0,0,0,6,1,1,4,3,3,2,0,10,8,0,0,0,1,1,"Kardinia Park",32485,"Geelong","North Melbourne",135,86
12992,"Shannon","Neale","Geelong",33,"9","2026-05-02",7,3,10,5,3,0,6,4,0,1,1,1,0,0,0,3,7,1,2,1,0,1,"Kardinia Park",32485,"Geelong","North Melbourne",135,86
12531,"Mark","OConnor","Geelong",42,"9","2026-05-02",7,8,15,4,0,0,0,0,1,3,0,4,0,3,0,5,9,0,0,2,0,1,"Kardinia Park",32485,"Geelong","North Melbourne",135,86
13122,"Connor","OSullivan","Geelong",14,"9","2026-05-02",6,6,12,4,0,0,0,1,5,1,0,4,0,2,0,2,10,0,0,11,0,0,"Kardinia Park",32485,"Geelong","North Melbourne",135,86
12692,"Bailey","Smith","Geelong",3,"9","2026-05-02",14,12,26,0,0,1,0,1,4,3,6,2,3,1,0,10,14,0,0,1,0,1,"Kardinia Park",32485,"Geelong","North Melbourne",135,86
12505,"Tom","Stewart","Geelong",44,"9","2026-05-02",10,4,14,5,0,0,0,0,3,0,0,3,0,1,0,4,8,1,0,2,1,0,"Kardinia Park",32485,"Geelong","North Melbourne",135,86
12619,"James","Worpel","Geelong",29,"9","2026-05-02",10,7,17,2,1,0,0,5,1,8,6,5,3,3,0,10,8,0,1,0,0,0,"Kardinia Park",32485,"Geelong","North Melbourne",135,86
NA,"Tom","Blamires","North Melbourne",39,"9","2026-05-02",7,10,17,4,0,0,0,2,5,1,0,2,1,0,0,4,13,0,0,0,3,0,"Kardinia Park",32485,"Geelong","North Melbourne",135,86
12938,"Charlie","Comben","North Melbourne",30,"9","2026-05-02",8,6,14,6,0,0,0,0,5,1,1,4,0,2,0,5,9,2,0,6,0,0,"Kardinia Park",32485,"Geelong","North Melbourne",135,86
12181,"Aidan","Corr","North Melbourne",4,"9","2026-05-02",5,9,14,5,0,0,0,1,2,0,0,3,0,2,0,5,9,1,0,4,0,0,"Kardinia Park",32485,"Geelong","North Melbourne",135,86
12975,"Paul","Curtis","North Melbourne",25,"9","2026-05-02",9,8,17,3,1,2,0,5,1,3,1,4,1,0,0,8,8,0,2,2,0,1,"Kardinia Park",32485,"Geelong","North Melbourne",135,86
12373,"Caleb","Daniel","North Melbourne",5,"9","2026-05-02",9,10,19,1,0,0,0,6,4,1,2,2,0,1,0,4,13,0,0,1,0,0,"Kardinia Park",32485,"Geelong","North Melbourne",135,86
11905,"Jack","Darling","North Melbourne",27,"9","2026-05-02",6,9,15,2,3,0,1,0,1,2,2,3,1,1,0,9,6,2,1,1,0,1,"Kardinia Park",32485,"Geelong","North Melbourne",135,86
12590,"Luke","Davies-Uniacke","North Melbourne",9,"9","2026-05-02",12,12,24,2,0,0,0,5,2,9,6,4,2,3,0,11,15,0,0,1,3,1,"Kardinia Park",32485,"Geelong","North Melbourne",135,86
NA,"Lachy","Dovaston","North Melbourne",1,"9","2026-05-02",2,6,8,1,0,1,0,1,0,0,2,1,2,0,0,5,3,0,0,0,0,0,"Kardinia Park",32485,"Geelong","North Melbourne",135,86
13106,"Zane","Duursma","North Melbourne",7,"9","2026-05-02",4,4,8,2,3,0,0,2,0,1,0,1,1,0,0,2,6,0,1,0,0,0,"Kardinia Park",32485,"Geelong","North Melbourne",135,86
12563,"Nick","Larkey","North Melbourne",20,"9","2026-05-02",4,5,9,4,1,1,0,2,0,1,0,1,1,0,0,3,6,1,2,0,0,0,"Kardinia Park",32485,"Geelong","North Melbourne",135,86
12511,"Griffin","Logue","North Melbourne",19,"9","2026-05-02",6,7,13,2,0,0,0,2,4,0,0,1,0,0,0,3,10,0,0,5,0,0,"Kardinia Park",32485,"Geelong","North Melbourne",135,86
12246,"Luke","McDonald","North Melbourne",11,"9","2026-05-02",8,9,17,3,0,0,0,0,2,3,0,3,2,3,0,6,13,0,0,1,0,0,"Kardinia Park",32485,"Geelong","North Melbourne",135,86
13107,"Colby","McKercher","North Melbourne",10,"9","2026-05-02",15,8,23,5,2,0,0,2,2,3,0,4,0,2,0,0,24,0,2,0,0,1,"Kardinia Park",32485,"Geelong","North Melbourne",135,86
13187,"Finn","OSullivan","North Melbourne",2,"9","2026-05-02",9,12,21,1,0,0,0,6,0,4,4,3,0,0,0,6,15,0,0,0,0,2,"Kardinia Park",32485,"Geelong","North Melbourne",135,86
11953,"Luke","Parker","North Melbourne",26,"9","2026-05-02",12,7,19,6,0,0,0,0,3,1,1,1,2,1,0,5,13,0,0,0,0,0,"Kardinia Park",32485,"Geelong","North Melbourne",135,86
12866,"Tom","Powell","North Melbourne",24,"9","2026-05-02",4,4,8,3,0,0,0,5,0,1,0,0,0,0,0,4,5,0,0,2,0,0,"Kardinia Park",32485,"Geelong","North Melbourne",135,86
13034,"Harry","Sheezel","North Melbourne",3,"9","2026-05-02",10,10,20,5,1,0,0,4,0,2,3,4,2,3,0,6,15,0,1,0,0,0,"Kardinia Park",32485,"Geelong","North Melbourne",135,86
12502,"Jy","Simpkin","North Melbourne",12,"9","2026-05-02",14,7,21,2,2,0,0,1,0,6,3,6,1,2,0,6,16,0,1,1,0,1,"Kardinia Park",32485,"Geelong","North Melbourne",135,86
12622,"Charlie","Spargo","North Melbourne",13,"9","2026-05-02",2,7,9,1,0,0,0,1,1,1,0,2,0,0,0,4,5,0,0,1,0,1,"Kardinia Park",32485,"Geelong","North Melbourne",135,86
12796,"Dylan","Stephens","North Melbourne",15,"9","2026-05-02",10,6,16,3,0,0,0,0,2,3,2,4,1,2,0,4,11,0,0,1,0,1,"Kardinia Park",32485,"Geelong","North Melbourne",135,86
13263,"Cooper","Trembath","North Melbourne",47,"9","2026-05-02",5,4,9,4,0,1,4,1,0,1,0,4,0,2,0,3,6,1,0,0,0,0,"Kardinia Park",32485,"Geelong","North Melbourne",135,86
12788,"Tristan","Xerri","North Melbourne",38,"9","2026-05-02",14,16,30,1,0,1,23,7,2,5,14,5,8,2,0,26,4,1,0,3,0,1,"Kardinia Park",32485,"Geelong","North Melbourne",135,86
12557,"Cameron","Zurhaar","North Melbourne",44,"9","2026-05-02",8,8,16,2,0,0,0,2,1,1,0,1,1,0,0,9,7,0,0,2,2,0,"Kardinia Park",32485,"Geelong","North Melbourne",135,86
12498,"Ben","Ainsworth","Carlton",12,"9","2026-05-02",13,9,22,6,2,1,0,2,0,5,0,1,0,0,0,5,16,0,2,0,1,1,"Docklands",41062,"Carlton","St Kilda",69,108
13212,"Matt","Carroll","Carlton",32,"9","2026-05-02",9,3,12,5,1,0,0,0,0,4,0,4,0,2,0,4,9,1,1,3,0,0,"Docklands",41062,"Carlton","St Kilda",69,108
12603,"Adam","Cerra","Carlton",5,"9","2026-05-02",8,17,25,7,0,0,0,4,1,3,4,5,3,2,0,11,14,0,0,2,0,0,"Docklands",41062,"Carlton","St Kilda",69,108
12822,"Matthew","Cottrell","Carlton",46,"9","2026-05-02",9,3,12,4,0,0,0,2,1,2,1,0,1,0,0,3,8,0,0,1,0,0,"Docklands",41062,"Carlton","St Kilda",69,108
13028,"Lachlan","Cowan","Carlton",2,"9","2026-05-02",4,4,8,2,0,0,0,1,0,3,2,2,0,1,0,2,6,0,0,0,0,1,"Docklands",41062,"Carlton","St Kilda",69,108
12261,"Patrick","Cripps","Carlton",9,"9","2026-05-02",8,6,14,3,1,0,0,1,0,3,2,5,2,3,0,5,12,0,1,2,0,0,"Docklands",41062,"Carlton","St Kilda",69,108
13273,"Harry","Dean","Carlton",35,"9","2026-05-02",7,1,8,5,0,0,0,1,0,1,0,4,2,3,0,2,7,0,0,7,0,0,"Docklands",41062,"Carlton","St Kilda",69,108
12873,"Francis","Evans","Carlton",44,"9","2026-05-02",8,4,12,3,1,2,0,3,0,2,2,1,2,0,0,8,4,1,0,0,0,0,"Docklands",41062,"Carlton","St Kilda",69,108
12497,"Oliver","Florent","Carlton",14,"9","2026-05-02",17,13,30,9,0,0,0,1,6,2,2,6,0,1,0,10,19,0,0,3,0,0,"Docklands",41062,"Carlton","St Kilda",69,108
12091,"Nick","Haynes","Carlton",26,"9","2026-05-02",18,3,21,9,0,0,0,1,3,0,0,1,0,0,0,1,18,0,0,2,1,0,"Docklands",41062,"Carlton","St Kilda",69,108
12509,"Will","Hayward","Carlton",19,"9","2026-05-02",5,8,13,4,0,1,0,2,0,3,0,0,1,0,0,4,10,0,1,1,0,0,"Docklands",41062,"Carlton","St Kilda",69,108
13029,"Oliver","Hollands","Carlton",4,"9","2026-05-02",7,10,17,6,0,0,0,2,1,2,1,2,0,0,0,4,12,0,0,0,0,2,"Docklands",41062,"Carlton","St Kilda",69,108
12937,"Brodie","Kemp","Carlton",17,"9","2026-05-02",14,2,16,8,3,3,0,3,0,2,0,2,0,0,0,3,11,2,5,0,0,0,"Docklands",41062,"Carlton","St Kilda",69,108
12404,"Mitch","McGovern","Carlton",11,"9","2026-05-02",7,4,11,5,1,2,0,1,1,0,0,1,1,0,0,5,6,0,2,5,1,0,"Docklands",41062,"Carlton","St Kilda",69,108
12566,"Harry","McKay","Carlton",10,"9","2026-05-02",8,4,12,5,0,2,0,0,0,2,0,2,1,0,0,7,7,1,1,0,0,0,"Docklands",41062,"Carlton","St Kilda",69,108
12508,"Nic","Newman","Carlton",24,"9","2026-05-02",22,6,28,13,0,0,0,2,6,2,0,3,0,1,0,1,21,0,0,3,5,0,"Docklands",41062,"Carlton","St Kilda",69,108
12417,"Marc","Pittonet","Carlton",27,"9","2026-05-02",3,1,4,1,0,0,14,2,1,1,2,3,0,3,0,3,0,1,0,2,0,0,"Docklands",41062,"Carlton","St Kilda",69,108
13172,"Liam","Reidy","Carlton",25,"9","2026-05-02",3,3,6,0,0,0,8,2,0,1,1,1,1,1,0,2,3,0,0,0,0,1,"Docklands",41062,"Carlton","St Kilda",69,108
12330,"Adam","Saad","Carlton",42,"9","2026-05-02",13,3,16,3,0,0,0,3,1,4,0,1,0,0,0,4,10,0,0,5,3,0,"Docklands",41062,"Carlton","St Kilda",69,108
13274,"Jagga","Smith","Carlton",7,"9","2026-05-02",11,10,21,6,0,1,0,1,1,2,3,1,1,0,0,6,14,0,1,0,0,1,"Docklands",41062,"Carlton","St Kilda",69,108
12684,"Sam","Walsh","Carlton",18,"9","2026-05-02",10,14,24,2,0,0,0,5,0,4,4,7,1,1,0,8,15,0,0,1,0,0,"Docklands",41062,"Carlton","St Kilda",69,108
12402,"Jacob","Weitering","Carlton",23,"9","2026-05-02",9,4,13,8,0,0,0,0,2,0,0,2,0,2,0,3,10,1,0,8,0,0,"Docklands",41062,"Carlton","St Kilda",69,108
12175,"Zac","Williams","Carlton",6,"9","2026-05-02",13,5,18,4,0,1,0,1,4,2,0,1,1,1,0,5,11,0,1,1,1,0,"Docklands",41062,"Carlton","St Kilda",69,108
12490,"Dan","Butler","St Kilda",16,"9","2026-05-02",4,2,6,0,0,0,0,3,1,0,0,3,0,1,0,1,5,0,0,0,0,0,"Docklands",41062,"Carlton","St Kilda",69,108
13035,"Anthony","Caminiti","St Kilda",47,"9","2026-05-02",3,3,6,1,0,1,0,1,1,1,0,1,1,0,0,3,3,0,0,2,0,0,"Docklands",41062,"Carlton","St Kilda",69,108
12976,"Jack","Carroll","St Kilda",18,"9","2026-05-02",6,7,13,4,0,0,0,4,2,1,0,1,0,0,0,2,11,0,0,1,0,0,"Docklands",41062,"Carlton","St Kilda",69,108
12674,"Tom","De Koning","St Kilda",21,"9","2026-05-02",6,5,11,3,2,0,20,1,1,2,4,2,2,2,0,5,6,1,2,1,0,0,"Docklands",41062,"Carlton","St Kilda",69,108
12824,"Sam","Flanders","St Kilda",9,"9","2026-05-02",9,9,18,6,0,0,0,3,1,4,1,1,1,1,0,4,12,0,0,1,1,0,"Docklands",41062,"Carlton","St Kilda",69,108
13125,"Hugo","Garcia","St Kilda",34,"9","2026-05-02",7,9,16,2,0,1,0,3,2,3,4,3,1,1,0,8,9,0,0,1,0,3,"Docklands",41062,"Carlton","St Kilda",69,108
13193,"Max","Hall","St Kilda",40,"9","2026-05-02",13,10,23,6,0,0,0,2,1,2,4,3,1,0,0,8,16,0,0,0,1,0,"Docklands",41062,"Carlton","St Kilda",69,108
12831,"Liam","Henry","St Kilda",23,"9","2026-05-02",10,5,15,5,3,0,0,3,1,3,0,2,1,0,0,2,11,0,3,0,0,0,"Docklands",41062,"Carlton","St Kilda",69,108
12060,"Bradley","Hill","St Kilda",8,"9","2026-05-02",14,6,20,10,1,0,0,2,2,3,1,3,0,1,0,4,16,0,1,0,2,1,"Docklands",41062,"Carlton","St Kilda",69,108
12420,"Dougal","Howard","St Kilda",20,"9","2026-05-02",13,1,14,9,0,0,0,1,4,1,1,0,0,0,0,2,12,0,0,9,0,0,"Docklands",41062,"Carlton","St Kilda",69,108
12166,"Jack","Macrae","St Kilda",6,"9","2026-05-02",8,7,15,1,0,0,0,6,1,1,1,3,1,1,0,6,9,0,0,1,0,0,"Docklands",41062,"Carlton","St Kilda",69,108
12564,"Rowan","Marshall","St Kilda",19,"9","2026-05-02",14,8,22,9,3,0,10,3,1,3,4,3,2,1,0,9,12,2,3,1,0,0,"Docklands",41062,"Carlton","St Kilda",69,108
13194,"Liam","OConnell","St Kilda",45,"9","2026-05-02",5,5,10,4,0,0,0,4,0,0,2,2,0,0,0,5,5,0,1,4,0,0,"Docklands",41062,"Carlton","St Kilda",69,108
12948,"Mitch","Owens","St Kilda",10,"9","2026-05-02",11,6,17,7,3,2,0,0,0,2,0,2,4,0,0,8,9,1,4,3,0,2,"Docklands",41062,"Carlton","St Kilda",69,108
13036,"Mattaes","Phillipou","St Kilda",25,"9","2026-05-02",11,9,20,5,0,1,0,3,0,3,2,3,2,1,0,8,12,0,1,0,0,2,"Docklands",41062,"Carlton","St Kilda",69,108
12929,"Cooper","Sharman","St Kilda",43,"9","2026-05-02",14,3,17,9,2,3,0,1,0,4,0,3,0,1,0,6,11,2,6,4,0,3,"Docklands",41062,"Carlton","St Kilda",69,108
12458,"Jack","Silvagni","St Kilda",3,"9","2026-05-02",5,3,8,5,0,0,0,0,4,0,0,2,0,0,0,0,8,0,0,7,0,0,"Docklands",41062,"Carlton","St Kilda",69,108
12325,"Jack","Sinclair","St Kilda",35,"9","2026-05-02",20,9,29,8,0,0,0,1,4,1,2,4,0,1,0,6,17,0,0,0,3,0,"Docklands",41062,"Carlton","St Kilda",69,108
12721,"Liam","Stocker","St Kilda",14,"9","2026-05-02",2,2,4,0,0,0,0,0,0,0,0,1,0,1,0,0,3,0,0,1,0,0,"Docklands",41062,"Carlton","St Kilda",69,108
12950,"Nasiah","Wanganeen-Milera","St Kilda",7,"9","2026-05-02",22,9,31,3,1,1,0,1,5,5,5,6,3,1,0,8,17,0,1,0,5,0,"Docklands",41062,"Carlton","St Kilda",69,108
12703,"Callum","Wilkie","St Kilda",44,"9","2026-05-02",17,5,22,12,0,0,0,1,8,0,0,2,0,2,0,5,14,1,0,1,0,0,"Docklands",41062,"Carlton","St Kilda",69,108
12967,"Marcus","Windhager","St Kilda",2,"9","2026-05-02",9,7,16,2,0,0,0,3,0,2,3,4,1,1,0,5,8,0,0,1,0,0,"Docklands",41062,"Carlton","St Kilda",69,108
12312,"Mason","Wood","St Kilda",32,"9","2026-05-02",11,8,19,7,1,1,0,1,2,5,0,3,1,1,0,7,13,0,1,1,0,2,"Docklands",41062,"Carlton","St Kilda",69,108
12844,"Joel","Amartey","Sydney",36,"9","2026-05-03",7,7,14,6,4,1,0,2,0,2,0,4,1,1,0,4,10,0,5,1,0,1,"S.C.G.",40673,"Sydney","Melbourne",131,114
13195,"Riley","Bice","Sydney",26,"9","2026-05-03",10,7,17,6,0,0,0,2,2,0,1,2,0,0,0,2,13,0,0,3,2,0,"S.C.G.",40673,"Sydney","Melbourne",131,114
12699,"Nick","Blakey","Sydney",22,"9","2026-05-03",14,15,29,1,0,2,0,2,4,5,3,3,1,2,0,9,15,0,0,5,7,1,"S.C.G.",40673,"Sydney","Melbourne",131,114
NA,"Billy","Cootee","Sydney",25,"9","2026-05-03",5,6,11,1,0,0,0,2,0,4,4,1,1,0,0,4,6,0,0,0,1,0,"S.C.G.",40673,"Sydney","Melbourne",131,114
12421,"Charlie","Curnow","Sydney",35,"9","2026-05-03",7,1,8,2,1,4,0,0,0,0,0,3,0,1,0,3,3,0,2,1,0,0,"S.C.G.",40673,"Sydney","Melbourne",131,114
NA,"Will","Edwards","Sydney",28,"9","2026-05-03",4,6,10,3,0,0,0,2,1,0,0,3,1,2,0,6,4,1,0,9,0,0,"S.C.G.",40673,"Sydney","Melbourne",131,114
12217,"Brodie","Grundy","Sydney",4,"9","2026-05-03",12,14,26,2,1,1,45,4,4,3,11,8,2,4,0,15,8,0,0,1,0,0,"S.C.G.",40673,"Sydney","Melbourne",131,114
12326,"Isaac","Heeney","Sydney",5,"9","2026-05-03",11,22,33,4,0,0,0,5,3,6,3,3,1,0,0,16,17,1,0,1,1,2,"S.C.G.",40673,"Sydney","Melbourne",131,114
12860,"James","Jordon","Sydney",17,"9","2026-05-03",6,12,18,0,0,0,0,6,1,2,4,0,2,0,0,9,8,0,0,0,0,0,"S.C.G.",40673,"Sydney","Melbourne",131,114
12268,"Jake","Lloyd","Sydney",44,"9","2026-05-03",12,5,17,7,1,0,0,2,3,3,2,2,0,1,0,3,13,1,1,1,0,0,"S.C.G.",40673,"Sydney","Melbourne",131,114
12861,"Logan","McDonald","Sydney",6,"9","2026-05-03",5,2,7,4,3,0,1,2,0,0,0,1,1,1,0,4,3,2,1,1,0,0,"S.C.G.",40673,"Sydney","Melbourne",131,114
12711,"Justin","McInerney","Sydney",27,"9","2026-05-03",12,17,29,5,1,1,0,2,2,7,5,3,2,1,0,9,20,0,0,1,0,1,"S.C.G.",40673,"Sydney","Melbourne",131,114
12526,"Lewis","Melican","Sydney",43,"9","2026-05-03",7,6,13,5,0,0,0,0,3,2,0,1,0,0,0,2,10,0,0,4,0,0,"S.C.G.",40673,"Sydney","Melbourne",131,114
12413,"Callum","Mills","Sydney",14,"9","2026-05-03",14,12,26,11,0,0,0,3,3,1,0,0,0,0,0,4,18,1,0,2,0,0,"S.C.G.",40673,"Sydney","Melbourne",131,114
12412,"Tom","Papley","Sydney",11,"9","2026-05-03",9,5,14,2,1,1,0,4,0,4,1,1,1,1,0,5,10,0,2,4,0,2,"S.C.G.",40673,"Sydney","Melbourne",131,114
12140,"Dane","Rampe","Sydney",24,"9","2026-05-03",11,11,22,5,0,0,0,0,2,3,0,2,0,1,0,2,20,0,0,5,0,0,"S.C.G.",40673,"Sydney","Melbourne",131,114
12994,"Matt","Roberts","Sydney",34,"9","2026-05-03",10,8,18,8,0,1,0,4,3,4,1,1,2,0,0,4,15,0,0,2,1,0,"S.C.G.",40673,"Sydney","Melbourne",131,114
12903,"Malcolm","Rosas","Sydney",10,"9","2026-05-03",11,3,14,4,7,0,0,3,0,1,0,1,0,1,0,6,9,0,3,2,0,0,"S.C.G.",40673,"Sydney","Melbourne",131,114
12714,"James","Rowbottom","Sydney",8,"9","2026-05-03",8,11,19,3,0,0,0,6,1,2,4,5,2,1,0,8,12,0,1,0,0,1,"S.C.G.",40673,"Sydney","Melbourne",131,114
13022,"Jai","Serong","Sydney",13,"9","2026-05-03",8,8,16,6,0,0,0,3,2,1,0,5,1,2,0,2,14,0,0,1,0,0,"S.C.G.",40673,"Sydney","Melbourne",131,114
12951,"Angus","Sheldrick","Sydney",12,"9","2026-05-03",7,14,21,4,0,2,0,0,2,2,2,2,1,0,0,9,12,0,1,0,0,2,"S.C.G.",40673,"Sydney","Melbourne",131,114
12797,"Chad","Warner","Sydney",1,"9","2026-05-03",15,6,21,4,0,1,0,4,1,8,3,2,0,1,0,6,15,0,0,3,1,1,"S.C.G.",40673,"Sydney","Melbourne",131,114
12818,"Sam","Wicks","Sydney",15,"9","2026-05-03",15,7,22,2,0,0,0,3,4,3,0,1,1,0,0,7,14,0,0,0,0,1,"S.C.G.",40673,"Sydney","Melbourne",131,114
12756,"Kade","Chandler","Melbourne",37,"9","2026-05-03",6,8,14,0,1,0,0,7,1,3,0,3,1,1,0,5,8,0,0,0,0,1,"S.C.G.",40673,"Sydney","Melbourne",131,114
NA,"Paddy","Cross","Melbourne",41,"9","2026-05-03",7,2,9,0,0,0,0,2,2,2,1,1,0,1,0,4,6,0,0,4,0,0,"S.C.G.",40673,"Sydney","Melbourne",131,114
12598,"Bayley","Fritsch","Melbourne",31,"9","2026-05-03",5,7,12,2,0,1,0,2,0,1,1,2,0,1,0,4,8,0,1,0,0,1,"S.C.G.",40673,"Sydney","Melbourne",131,114
11966,"Max","Gawn","Melbourne",11,"9","2026-05-03",12,6,18,4,2,0,22,1,3,3,7,2,3,0,0,9,8,1,1,3,0,0,"S.C.G.",40673,"Sydney","Melbourne",131,114
13254,"Max","Heath","Melbourne",27,"9","2026-05-03",4,4,8,2,1,0,16,2,0,3,3,4,3,3,0,8,1,1,0,1,0,0,"S.C.G.",40673,"Sydney","Melbourne",131,114
13098,"Blake","Howes","Melbourne",22,"9","2026-05-03",6,10,16,3,0,0,0,2,4,1,0,1,0,0,0,4,12,0,0,1,0,0,"S.C.G.",40673,"Sydney","Melbourne",131,114
13182,"Matthew","Jefferson","Melbourne",21,"9","2026-05-03",4,8,12,2,1,0,0,2,0,3,0,2,1,1,0,8,4,2,1,1,0,1,"S.C.G.",40673,"Sydney","Melbourne",131,114
12752,"Changkuoth","Jiath","Melbourne",14,"9","2026-05-03",7,5,12,3,0,0,0,3,1,1,0,2,1,0,0,5,8,0,0,2,0,1,"S.C.G.",40673,"Sydney","Melbourne",131,114
12393,"Ed","Langdon","Melbourne",15,"9","2026-05-03",12,10,22,4,0,0,0,2,5,3,1,4,0,2,0,8,10,0,0,2,2,0,"S.C.G.",40673,"Sydney","Melbourne",131,114
13184,"Harvey","Langford","Melbourne",4,"9","2026-05-03",8,6,14,3,1,0,0,0,0,2,2,4,0,0,0,5,8,1,1,0,0,0,"S.C.G.",40673,"Sydney","Melbourne",131,114
13032,"Bailey","Laurie","Melbourne",16,"9","2026-05-03",5,12,17,1,1,1,0,1,0,2,0,2,0,0,0,5,12,0,0,0,0,2,"S.C.G.",40673,"Sydney","Melbourne",131,114
12351,"Jake","Lever","Melbourne",8,"9","2026-05-03",13,2,15,4,0,0,0,1,5,1,0,1,0,0,0,2,9,0,0,4,0,0,"S.C.G.",40673,"Sydney","Melbourne",131,114
12639,"Brody","Mihocek","Melbourne",28,"9","2026-05-03",1,2,3,1,0,1,0,0,0,0,0,0,0,0,0,3,0,1,1,0,0,0,"S.C.G.",40673,"Sydney","Melbourne",131,114
12653,"Harry","Petty","Melbourne",35,"9","2026-05-03",7,6,13,6,0,0,0,2,2,0,0,2,1,1,0,4,8,0,0,5,0,0,"S.C.G.",40673,"Sydney","Melbourne",131,114
12771,"Kysaiah","Pickett","Melbourne",36,"9","2026-05-03",17,5,22,1,2,1,0,6,3,2,8,5,1,2,0,11,10,0,0,4,0,1,"S.C.G.",40673,"Sydney","Melbourne",131,114
NA,"Latrelle","Pickett","Melbourne",33,"9","2026-05-03",5,8,13,4,1,2,0,0,0,2,0,7,0,2,0,8,10,1,1,3,3,0,"S.C.G.",40673,"Sydney","Melbourne",131,114
12864,"Harry","Sharp","Melbourne",30,"9","2026-05-03",11,7,18,4,2,2,0,2,0,8,3,2,2,1,0,7,12,0,1,0,0,1,"S.C.G.",40673,"Sydney","Melbourne",131,114
12693,"Tom","Sparrow","Melbourne",32,"9","2026-05-03",13,8,21,2,1,2,0,10,0,7,6,3,1,3,0,6,13,0,0,1,3,1,"S.C.G.",40673,"Sydney","Melbourne",131,114
12368,"Jack","Steele","Melbourne",9,"9","2026-05-03",4,15,19,2,0,0,0,4,0,3,6,1,1,0,0,11,8,0,0,0,0,1,"S.C.G.",40673,"Sydney","Melbourne",131,114
13123,"Koltyn","Tholstrup","Melbourne",12,"9","2026-05-03",15,7,22,0,0,0,0,2,10,3,1,2,1,0,0,8,7,0,0,0,0,0,"S.C.G.",40673,"Sydney","Melbourne",131,114
12996,"Daniel","Turner","Melbourne",10,"9","2026-05-03",9,7,16,6,1,0,0,2,6,1,0,4,0,2,0,5,9,0,0,5,0,0,"S.C.G.",40673,"Sydney","Melbourne",131,114
13048,"Jacob","van Rooyen","Melbourne",2,"9","2026-05-03",3,4,7,1,2,0,0,4,0,2,1,3,2,0,0,5,4,0,0,1,0,0,"S.C.G.",40673,"Sydney","Melbourne",131,114
13099,"Caleb","Windsor","Melbourne",6,"9","2026-05-03",11,4,15,1,1,1,0,5,1,6,5,1,2,0,0,10,10,0,0,2,1,0,"S.C.G.",40673,"Sydney","Melbourne",131,114
13251,"Oscar","Adams","Gold Coast",48,"9","2026-05-03",7,10,17,4,0,0,0,0,0,0,0,1,0,1,0,2,14,0,0,4,0,0,"Carrara",13537,"Gold Coast","Greater Western Sydney",83,63
12767,"Noah","Anderson","Gold Coast",15,"9","2026-05-03",17,10,27,6,1,0,0,0,5,2,2,3,0,1,0,5,22,1,1,0,1,0,"Carrara",13537,"Gold Coast","Greater Western Sydney",83,63
13019,"Mac","Andrew","Gold Coast",1,"9","2026-05-03",16,8,24,10,0,1,2,1,6,3,2,2,1,2,0,2,19,0,0,4,2,0,"Carrara",13537,"Gold Coast","Greater Western Sydney",83,63
13119,"Sam","Clohesy","Gold Coast",33,"9","2026-05-03",5,4,9,4,0,2,0,1,0,2,0,2,0,1,0,3,6,0,1,0,0,0,"Carrara",13537,"Gold Coast","Greater Western Sydney",83,63
12444,"Sam","Collins","Gold Coast",25,"9","2026-05-03",8,5,13,7,0,0,0,4,4,0,0,2,0,0,0,4,8,1,0,8,1,0,"Carrara",13537,"Gold Coast","Greater Western Sydney",83,63
12942,"Alex","Davies","Gold Coast",5,"9","2026-05-03",4,13,17,3,0,0,0,5,0,2,4,3,0,1,0,10,7,0,0,0,0,0,"Carrara",13537,"Gold Coast","Greater Western Sydney",83,63
13120,"Will","Graham","Gold Coast",26,"9","2026-05-03",2,6,8,1,0,0,0,2,0,0,0,0,1,0,0,4,5,1,0,0,0,0,"Carrara",13537,"Gold Coast","Greater Western Sydney",83,63
13272,"Lachlan","Gulbin","Gold Coast",39,"9","2026-05-03",4,8,12,4,0,0,0,2,3,2,0,2,0,0,0,3,8,0,0,1,1,0,"Carrara",13537,"Gold Coast","Greater Western Sydney",83,63
13049,"Bailey","Humphrey","Gold Coast",19,"9","2026-05-03",8,0,8,2,0,3,0,2,0,5,2,2,1,2,0,2,8,0,2,0,0,0,"Carrara",13537,"Gold Coast","Greater Western Sydney",83,63
12933,"Joel","Jeffrey","Gold Coast",16,"9","2026-05-03",15,8,23,10,1,0,0,3,3,2,1,1,0,0,0,3,18,0,1,0,0,0,"Carrara",13537,"Gold Coast","Greater Western Sydney",83,63
12728,"Ben","King","Gold Coast",34,"9","2026-05-03",6,2,8,2,2,1,0,1,0,2,0,0,2,0,0,2,5,0,1,0,0,0,"Carrara",13537,"Gold Coast","Greater Western Sydney",83,63
13232,"Leo","Lombard","Gold Coast",8,"9","2026-05-03",4,13,17,4,0,1,0,3,1,3,2,2,0,0,0,6,11,0,0,0,0,1,"Carrara",13537,"Gold Coast","Greater Western Sydney",83,63
12521,"Ben","Long","Gold Coast",22,"9","2026-05-03",8,2,10,4,0,0,0,5,1,4,1,5,0,3,0,2,6,0,0,1,0,0,"Carrara",13537,"Gold Coast","Greater Western Sydney",83,63
12331,"Touk","Miller","Gold Coast",11,"9","2026-05-03",10,13,23,3,0,0,0,5,1,3,5,1,1,0,0,10,13,0,0,1,0,0,"Carrara",13537,"Gold Coast","Greater Western Sydney",83,63
13050,"Ned","Moyle","Gold Coast",23,"9","2026-05-03",4,4,8,4,0,0,34,3,1,0,0,0,0,0,0,2,6,1,0,2,0,0,"Carrara",13537,"Gold Coast","Greater Western Sydney",83,63
12743,"John","Noble","Gold Coast",2,"9","2026-05-03",30,5,35,12,1,0,0,1,8,3,1,4,1,1,0,6,25,1,1,3,2,0,"Carrara",13537,"Gold Coast","Greater Western Sydney",83,63
12430,"Christian","Petracca","Gold Coast",3,"9","2026-05-03",19,10,29,4,2,1,0,4,0,8,6,2,2,1,0,13,15,0,0,0,0,2,"Carrara",13537,"Gold Coast","Greater Western Sydney",83,63
12652,"Wil","Powell","Gold Coast",27,"9","2026-05-03",14,7,21,10,1,1,0,4,3,4,0,0,0,0,0,4,16,0,0,0,0,1,"Carrara",13537,"Gold Coast","Greater Western Sydney",83,63
13121,"Ethan","Read","Gold Coast",20,"9","2026-05-03",6,3,9,4,0,1,2,1,0,2,1,2,1,0,0,6,3,2,1,0,0,0,"Carrara",13537,"Gold Coast","Greater Western Sydney",83,63
12403,"Daniel","Rioli","Gold Coast",17,"9","2026-05-03",15,8,23,6,0,0,0,3,2,3,0,3,1,1,0,4,19,1,0,0,2,0,"Carrara",13537,"Gold Coast","Greater Western Sydney",83,63
12923,"Jamarra","Ugle-Hagan","Gold Coast",9,"9","2026-05-03",6,0,6,1,3,1,0,1,0,0,0,3,2,0,0,4,2,0,1,1,0,0,"Carrara",13537,"Gold Coast","Greater Western Sydney",83,63
13041,"Bodhi","Uwland","Gold Coast",6,"9","2026-05-03",16,10,26,13,0,0,0,2,0,3,0,1,0,1,0,9,14,3,0,6,0,0,"Carrara",13537,"Gold Coast","Greater Western Sydney",83,63
12385,"Lachie","Weller","Gold Coast",14,"9","2026-05-03",14,10,24,8,0,0,0,3,2,5,2,3,0,0,0,7,16,1,0,1,0,2,"Carrara",13537,"Gold Coast","Greater Western Sydney",83,63
13020,"Leek","Aleer","Greater Western Sydney",21,"9","2026-05-03",4,6,10,2,0,2,9,3,1,1,2,1,1,1,0,6,4,0,0,3,0,0,"Carrara",13537,"Gold Coast","Greater Western Sydney",83,63
13001,"Ryan","Angwin","Greater Western Sydney",9,"9","2026-05-03",6,5,11,3,0,1,0,1,0,2,0,3,1,0,0,2,9,0,1,0,0,1,"Carrara",13537,"Gold Coast","Greater Western Sydney",83,63
12782,"Lachie","Ash","Greater Western Sydney",7,"9","2026-05-03",13,16,29,9,0,0,0,2,3,4,3,4,0,1,0,7,24,0,1,2,0,0,"Carrara",13537,"Gold Coast","Greater Western Sydney",83,63
12772,"Toby","Bedford","Greater Western Sydney",14,"9","2026-05-03",4,4,8,1,1,0,0,5,1,0,0,1,1,0,0,3,6,0,1,1,0,0,"Carrara",13537,"Gold Coast","Greater Western Sydney",83,63
12904,"Kieren","Briggs","Greater Western Sydney",32,"9","2026-05-03",1,2,3,0,0,0,18,1,0,1,2,2,0,0,0,4,1,0,0,4,0,0,"Carrara",13537,"Gold Coast","Greater Western Sydney",83,63
12846,"Jack","Buckley","Greater Western Sydney",44,"9","2026-05-03",5,7,12,0,0,0,0,4,0,0,1,1,1,1,0,5,8,0,0,9,0,0,"Carrara",13537,"Gold Coast","Greater Western Sydney",83,63
13054,"Aaron","Cadman","Greater Western Sydney",5,"9","2026-05-03",8,7,15,6,2,1,0,4,0,6,0,3,0,0,0,5,9,2,2,4,0,0,"Carrara",13537,"Gold Coast","Greater Western Sydney",83,63
12969,"Finn","Callaghan","Greater Western Sydney",17,"9","2026-05-03",12,16,28,2,0,0,0,6,6,4,7,5,2,0,0,10,17,0,0,4,0,1,"Carrara",13537,"Gold Coast","Greater Western Sydney",83,63
12028,"Stephen","Coniglio","Greater Western Sydney",3,"9","2026-05-03",14,7,21,2,0,1,0,1,1,2,1,4,0,1,0,4,12,0,1,0,0,0,"Carrara",13537,"Gold Coast","Greater Western Sydney",83,63
12656,"Brent","Daniels","Greater Western Sydney",16,"9","2026-05-03",9,9,18,2,0,0,0,0,2,3,3,0,0,0,0,11,7,0,0,3,0,0,"Carrara",13537,"Gold Coast","Greater Western Sydney",83,63
13164,"Joe","Fonti","Greater Western Sydney",37,"9","2026-05-03",10,7,17,5,0,0,0,4,2,3,2,2,0,0,0,7,9,0,0,5,0,0,"Carrara",13537,"Gold Coast","Greater Western Sydney",83,63
13279,"Phoenix","Gothard","Greater Western Sydney",11,"9","2026-05-03",3,8,11,2,2,0,0,1,0,1,0,1,0,1,0,2,10,0,1,1,1,0,"Carrara",13537,"Gold Coast","Greater Western Sydney",83,63
12025,"Toby","Greene","Greater Western Sydney",4,"9","2026-05-03",13,3,16,3,1,2,0,3,1,4,1,2,2,0,0,5,11,0,0,0,0,0,"Carrara",13537,"Gold Coast","Greater Western Sydney",83,63
12462,"Harry","Himmelberg","Greater Western Sydney",27,"9","2026-05-03",5,7,12,4,0,1,0,1,3,0,0,0,1,0,0,7,5,0,1,7,0,0,"Carrara",13537,"Gold Coast","Greater Western Sydney",83,63
12321,"Jesse","Hogan","Greater Western Sydney",23,"9","2026-05-03",7,1,8,6,1,3,0,0,0,1,0,3,0,0,0,2,7,1,3,2,0,0,"Carrara",13537,"Gold Coast","Greater Western Sydney",83,63
12750,"Connor","Idun","Greater Western Sydney",39,"9","2026-05-03",15,8,23,3,0,0,0,4,5,2,0,1,0,1,0,6,11,0,0,4,1,0,"Carrara",13537,"Gold Coast","Greater Western Sydney",83,63
12377,"Jayden","Laverde","Greater Western Sydney",25,"9","2026-05-03",5,2,7,3,0,0,0,1,4,1,0,5,0,2,0,2,5,0,0,5,0,0,"Carrara",13537,"Gold Coast","Greater Western Sydney",83,63
13174,"James","Leake","Greater Western Sydney",30,"9","2026-05-03",4,8,12,3,0,0,0,2,2,1,0,5,0,2,0,1,10,0,0,3,0,0,"Carrara",13537,"Gold Coast","Greater Western Sydney",83,63
12821,"Xavier","OHalloran","Greater Western Sydney",33,"9","2026-05-03",12,6,18,1,0,1,0,2,0,8,2,3,1,1,0,7,11,0,0,0,1,0,"Carrara",13537,"Gold Coast","Greater Western Sydney",83,63
12410,"Clayton","Oliver","Greater Western Sydney",10,"9","2026-05-03",12,20,32,5,0,1,0,4,3,3,9,5,2,2,0,13,19,0,0,1,0,1,"Carrara",13537,"Gold Coast","Greater Western Sydney",83,63
12167,"Jake","Stringer","Greater Western Sydney",20,"9","2026-05-03",9,5,14,1,1,0,0,2,0,1,1,3,0,0,0,7,4,0,0,1,0,2,"Carrara",13537,"Gold Coast","Greater Western Sydney",83,63
13101,"Harvey","Thomas","Greater Western Sydney",1,"9","2026-05-03",6,10,16,3,0,0,0,3,5,0,2,2,2,0,0,8,9,0,0,2,0,1,"Carrara",13537,"Gold Coast","Greater Western Sydney",83,63
12143,"Lachie","Whitfield","Greater Western Sydney",6,"9","2026-05-03",21,9,30,5,0,0,0,4,8,1,1,3,1,0,0,3,16,0,0,0,0,0,"Carrara",13537,"Gold Coast","Greater Western Sydney",83,63
12983,"Jye","Amiss","Fremantle",24,"10","2026-05-07",5,1,6,2,3,0,0,0,0,0,0,0,0,0,0,2,4,1,2,1,0,1,"Perth Stadium",54140,"Fremantle","Hawthorn",88,73
12535,"Shai","Bolton","Fremantle",10,"10","2026-05-07",5,17,22,1,0,0,0,3,0,2,5,2,1,2,0,9,14,0,0,0,0,1,"Perth Stadium",54140,"Fremantle","Hawthorn",88,73
12589,"Andrew","Brayshaw","Fremantle",8,"10","2026-05-07",14,10,24,4,0,0,0,4,0,5,6,2,1,2,0,6,19,0,0,2,0,1,"Perth Stadium",54140,"Fremantle","Hawthorn",88,73
12875,"Heath","Chapman","Fremantle",5,"10","2026-05-07",10,6,16,7,0,0,0,2,0,3,0,1,0,1,0,4,13,0,0,4,0,0,"Perth Stadium",54140,"Fremantle","Hawthorn",88,73
12688,"Jordan","Clark","Fremantle",6,"10","2026-05-07",12,7,19,4,0,0,0,1,3,2,1,5,0,0,0,3,15,0,0,1,2,0,"Perth Stadium",54140,"Fremantle","Hawthorn",88,73
12544,"Brennan","Cox","Fremantle",36,"10","2026-05-07",12,1,13,7,0,0,0,1,8,1,0,4,1,2,0,5,8,0,0,7,0,0,"Perth Stadium",54140,"Fremantle","Hawthorn",88,73
12428,"Mason","Cox","Fremantle",18,"10","2026-05-07",5,4,9,4,0,0,12,0,1,1,0,2,1,1,0,2,6,0,0,4,0,0,"Perth Stadium",54140,"Fremantle","Hawthorn",88,73
13204,"Isaiah","Dudley","Fremantle",43,"10","2026-05-07",3,0,3,1,1,1,0,3,0,1,0,1,2,0,0,3,1,0,1,0,0,0,"Perth Stadium",54140,"Fremantle","Hawthorn",88,73
12966,"Neil","Erasmus","Fremantle",28,"10","2026-05-07",9,5,14,4,0,0,0,1,3,3,0,2,0,0,0,2,12,0,0,0,0,0,"Perth Stadium",54140,"Fremantle","Hawthorn",88,73
12801,"Michael","Frederick","Fremantle",32,"10","2026-05-07",14,5,19,4,3,0,0,3,0,4,1,1,2,0,0,6,12,0,1,1,0,0,"Perth Stadium",54140,"Fremantle","Hawthorn",88,73
12779,"Luke","Jackson","Fremantle",9,"10","2026-05-07",12,10,22,4,0,1,22,10,2,5,7,5,3,2,0,18,5,2,1,4,0,0,"Perth Stadium",54140,"Fremantle","Hawthorn",88,73
13047,"Matthew","Johnson","Fremantle",44,"10","2026-05-07",2,4,6,1,0,0,0,2,0,2,1,1,0,1,0,1,6,0,0,0,0,1,"Perth Stadium",54140,"Fremantle","Hawthorn",88,73
13033,"Judd","McVee","Fremantle",17,"10","2026-05-07",4,5,9,2,0,0,0,0,1,2,1,0,0,0,0,5,6,0,0,1,1,0,"Perth Stadium",54140,"Fremantle","Hawthorn",88,73
12352,"Alex","Pearce","Fremantle",25,"10","2026-05-07",2,5,7,3,0,0,0,1,1,1,0,1,1,0,0,4,4,1,0,2,0,0,"Perth Stadium",54140,"Fremantle","Hawthorn",88,73
13180,"Murphy","Reid","Fremantle",16,"10","2026-05-07",13,7,20,1,1,2,0,1,1,9,4,1,0,1,0,4,17,0,0,1,0,1,"Perth Stadium",54140,"Fremantle","Hawthorn",88,73
12542,"Luke","Ryan","Fremantle",13,"10","2026-05-07",14,4,18,7,0,0,0,2,3,1,0,3,0,2,0,2,11,0,0,2,0,0,"Perth Stadium",54140,"Fremantle","Hawthorn",88,73
12786,"Caleb","Serong","Fremantle",3,"10","2026-05-07",18,10,28,3,0,0,0,5,1,8,8,3,1,0,0,11,15,0,0,1,0,1,"Perth Stadium",54140,"Fremantle","Hawthorn",88,73
12672,"Sam","Switkowski","Fremantle",39,"10","2026-05-07",2,3,5,0,0,1,0,5,0,1,0,3,0,1,0,2,2,0,0,0,0,0,"Perth Stadium",54140,"Fremantle","Hawthorn",88,73
12887,"Josh","Treacy","Fremantle",35,"10","2026-05-07",8,9,17,7,2,4,0,2,1,0,0,0,0,0,0,8,10,1,5,4,0,1,"Perth Stadium",54140,"Fremantle","Hawthorn",88,73
13129,"Patrick","Voss","Fremantle",20,"10","2026-05-07",4,4,8,4,1,2,0,2,0,2,0,2,0,1,0,2,6,0,3,0,0,3,"Perth Stadium",54140,"Fremantle","Hawthorn",88,73
12453,"Corey","Wagner","Fremantle",34,"10","2026-05-07",6,9,15,3,0,2,0,2,1,1,1,1,1,1,0,3,11,0,1,2,0,0,"Perth Stadium",54140,"Fremantle","Hawthorn",88,73
13075,"Karl","Worner","Fremantle",23,"10","2026-05-07",8,6,14,3,0,0,0,3,3,1,1,0,1,0,0,3,9,0,0,4,2,0,"Perth Stadium",54140,"Fremantle","Hawthorn",88,73
12777,"Hayden","Young","Fremantle",26,"10","2026-05-07",9,6,15,3,1,0,0,5,0,1,5,2,2,0,0,9,6,0,0,3,1,0,"Perth Stadium",54140,"Fremantle","Hawthorn",88,73
12357,"Karl","Amon","Hawthorn",10,"10","2026-05-07",23,8,31,7,0,0,0,2,8,4,0,3,0,0,0,5,18,0,0,0,0,1,"Perth Stadium",54140,"Fremantle","Hawthorn",88,73
12383,"Tom","Barrass","Hawthorn",37,"10","2026-05-07",0,1,1,0,0,0,0,0,0,0,0,0,0,0,0,1,0,0,0,2,0,0,"Perth Stadium",54140,"Fremantle","Hawthorn",88,73
12558,"Josh","Battle","Hawthorn",24,"10","2026-05-07",18,6,24,12,0,0,0,1,7,0,0,1,0,0,0,6,16,1,0,11,0,0,"Perth Stadium",54140,"Fremantle","Hawthorn",88,73
12988,"Sam","Butler","Hawthorn",30,"10","2026-05-07",6,6,12,3,1,0,0,6,0,1,0,2,1,1,0,3,9,0,0,1,0,0,"Perth Stadium",54140,"Fremantle","Hawthorn",88,73
12998,"Massimo","DAmbrosio","Hawthorn",16,"10","2026-05-07",10,6,16,2,0,0,0,1,2,1,1,5,0,1,0,6,9,1,0,0,0,0,"Perth Stadium",54140,"Fremantle","Hawthorn",88,73
12927,"Jack","Ginnivan","Hawthorn",33,"10","2026-05-07",11,3,14,5,0,0,0,2,1,4,0,2,1,1,0,1,13,0,0,0,0,2,"Perth Stadium",54140,"Fremantle","Hawthorn",88,73
11845,"Jack","Gunston","Hawthorn",19,"10","2026-05-07",9,2,11,9,6,2,0,1,0,1,0,1,0,0,0,2,9,1,8,0,0,0,"Perth Stadium",54140,"Fremantle","Hawthorn",88,73
12469,"Blake","Hardwick","Hawthorn",15,"10","2026-05-07",9,3,12,4,0,0,0,1,1,1,0,1,0,1,0,3,7,0,0,4,0,0,"Perth Stadium",54140,"Fremantle","Hawthorn",88,73
12237,"Jarman","Impey","Hawthorn",4,"10","2026-05-07",16,6,22,9,0,0,0,1,5,3,1,6,0,1,0,3,17,0,0,1,0,0,"Perth Stadium",54140,"Fremantle","Hawthorn",88,73
12636,"Mitch","Lewis","Hawthorn",2,"10","2026-05-07",9,8,17,6,1,1,0,0,0,4,0,1,2,0,0,9,8,2,1,1,0,0,"Perth Stadium",54140,"Fremantle","Hawthorn",88,73
12954,"Connor","Macdonald","Hawthorn",9,"10","2026-05-07",6,6,12,0,0,0,0,4,1,3,1,2,1,0,0,6,5,0,0,0,0,0,"Perth Stadium",54140,"Fremantle","Hawthorn",88,73
13031,"Cam","Mackenzie","Hawthorn",28,"10","2026-05-07",10,10,20,2,0,0,0,2,0,2,2,2,1,1,0,6,15,0,0,2,0,1,"Perth Stadium",54140,"Fremantle","Hawthorn",88,73
12856,"Lloyd","Meek","Hawthorn",17,"10","2026-05-07",4,8,12,2,0,1,22,2,2,0,3,3,3,1,0,7,6,0,0,6,0,0,"Perth Stadium",54140,"Fremantle","Hawthorn",88,73
12710,"Dylan","Moore","Hawthorn",8,"10","2026-05-07",4,10,14,1,0,0,0,5,0,1,1,4,0,0,0,5,9,0,0,0,0,0,"Perth Stadium",54140,"Fremantle","Hawthorn",88,73
12670,"Conor","Nash","Hawthorn",11,"10","2026-05-07",5,14,19,2,0,0,0,4,2,2,6,2,1,1,0,15,4,0,0,1,0,0,"Perth Stadium",54140,"Fremantle","Hawthorn",88,73
12915,"Jai","Newcombe","Hawthorn",3,"10","2026-05-07",14,12,26,1,0,0,0,2,2,4,8,7,1,2,0,14,15,0,0,1,1,1,"Perth Stadium",54140,"Fremantle","Hawthorn",88,73
13058,"Max","Ramsden","Hawthorn",38,"10","2026-05-07",3,4,7,4,0,1,0,0,0,1,1,3,1,1,0,5,2,2,0,4,0,0,"Perth Stadium",54140,"Fremantle","Hawthorn",88,73
12906,"Ned","Reeves","Hawthorn",7,"10","2026-05-07",5,0,5,0,0,0,19,0,0,0,2,3,0,2,0,2,1,0,0,4,0,0,"Perth Stadium",54140,"Fremantle","Hawthorn",88,73
NA,"Bodie","Ryan","Hawthorn",26,"10","2026-05-07",6,1,7,2,0,0,0,0,1,0,0,2,0,1,0,2,4,0,0,0,0,1,"Perth Stadium",54140,"Fremantle","Hawthorn",88,73
12332,"James","Sicily","Hawthorn",6,"10","2026-05-07",14,8,22,10,0,0,0,1,5,1,0,2,1,1,0,7,13,2,0,3,0,0,"Perth Stadium",54140,"Fremantle","Hawthorn",88,73
12955,"Josh","Ward","Hawthorn",25,"10","2026-05-07",11,10,21,5,0,0,0,4,2,2,3,3,1,1,0,7,14,0,0,1,0,2,"Perth Stadium",54140,"Fremantle","Hawthorn",88,73
13105,"Nick","Watson","Hawthorn",5,"10","2026-05-07",9,2,11,0,3,1,0,2,0,4,0,3,1,1,0,4,8,0,0,2,0,0,"Perth Stadium",54140,"Fremantle","Hawthorn",88,73
13057,"Josh","Weddle","Hawthorn",23,"10","2026-05-07",7,8,15,3,0,0,0,1,4,2,0,2,2,0,0,5,12,0,0,3,0,1,"Perth Stadium",54140,"Fremantle","Hawthorn",88,73
12340,"Harris","Andrews","Brisbane Lions",31,"10","2026-05-08",4,1,5,3,0,0,0,2,0,0,0,1,0,1,0,1,4,0,0,6,0,0,"Gabba",31147,"Brisbane Lions","Carlton",100,89
13197,"Levi","Ashcroft","Brisbane Lions",10,"10","2026-05-08",13,8,21,6,2,2,0,1,5,2,2,0,3,0,0,7,13,0,0,1,2,2,"Gabba",31147,"Brisbane Lions","Carlton",100,89
13040,"Will","Ashcroft","Brisbane Lions",8,"10","2026-05-08",11,12,23,3,0,0,0,3,2,3,6,3,1,0,0,6,15,0,0,0,2,2,"Gabba",31147,"Brisbane Lions","Carlton",100,89
12610,"Zac","Bailey","Brisbane Lions",33,"10","2026-05-08",9,5,14,7,0,2,0,1,1,1,0,2,0,1,0,5,8,1,2,0,2,1,"Gabba",31147,"Brisbane Lions","Carlton",100,89
12277,"Charlie","Cameron","Brisbane Lions",23,"10","2026-05-08",6,2,8,3,2,2,0,3,1,1,0,2,1,1,0,2,6,0,2,1,0,0,"Gabba",31147,"Brisbane Lions","Carlton",100,89
12838,"Keidean","Coleman","Brisbane Lions",18,"10","2026-05-08",16,3,19,7,0,0,0,0,9,0,1,5,0,1,0,4,12,0,0,5,0,0,"Gabba",31147,"Brisbane Lions","Carlton",100,89
NA,"Cody","Curtin","Brisbane Lions",37,"10","2026-05-08",2,4,6,0,0,0,0,1,1,1,0,2,0,1,0,0,4,0,0,2,0,0,"Gabba",31147,"Brisbane Lions","Carlton",100,89
12810,"Sam","Draper","Brisbane Lions",2,"10","2026-05-08",3,5,8,1,1,1,34,3,0,1,2,1,2,0,0,4,4,0,0,4,0,0,"Gabba",31147,"Brisbane Lions","Carlton",100,89
12408,"Josh","Dunkley","Brisbane Lions",5,"10","2026-05-08",11,9,20,5,0,1,0,9,2,3,3,4,1,1,0,6,13,0,0,3,0,0,"Gabba",31147,"Brisbane Lions","Carlton",100,89
13072,"Jaspa","Fletcher","Brisbane Lions",3,"10","2026-05-08",8,4,12,2,0,0,0,0,1,3,2,4,2,1,0,7,7,0,0,1,1,2,"Gabba",31147,"Brisbane Lions","Carlton",100,89
12724,"Darcy","Fort","Brisbane Lions",32,"10","2026-05-08",7,5,12,3,1,1,19,0,1,3,3,2,1,0,0,9,3,1,1,2,0,1,"Gabba",31147,"Brisbane Lions","Carlton",100,89
12654,"Darragh","Joyce","Brisbane Lions",41,"10","2026-05-08",10,2,12,6,0,0,0,1,2,0,0,1,0,0,0,2,10,1,0,4,0,0,"Gabba",31147,"Brisbane Lions","Carlton",100,89
11894,"Ryan","Lester","Brisbane Lions",35,"10","2026-05-08",13,7,20,11,0,0,0,4,2,2,0,2,1,0,0,7,13,3,0,9,0,0,"Gabba",31147,"Brisbane Lions","Carlton",100,89
12968,"Kai","Lohmann","Brisbane Lions",1,"10","2026-05-08",10,4,14,2,2,0,0,3,0,4,1,1,0,0,0,1,12,1,0,0,0,0,"Gabba",31147,"Brisbane Lions","Carlton",100,89
12090,"Lincoln","McCarthy","Brisbane Lions",11,"10","2026-05-08",5,3,8,2,0,0,0,0,0,2,0,4,0,1,0,2,6,0,0,0,0,0,"Gabba",31147,"Brisbane Lions","Carlton",100,89
12518,"Hugh","McCluggage","Brisbane Lions",6,"10","2026-05-08",11,14,25,3,1,0,0,5,3,5,10,4,0,1,0,13,12,0,0,1,0,0,"Gabba",31147,"Brisbane Lions","Carlton",100,89
12391,"Conor","McKenna","Brisbane Lions",26,"10","2026-05-08",9,3,12,4,0,0,0,0,1,7,0,1,0,0,0,0,11,0,0,0,2,3,"Gabba",31147,"Brisbane Lions","Carlton",100,89
13137,"Logan","Morris","Brisbane Lions",13,"10","2026-05-08",6,0,6,5,4,1,0,1,0,1,0,0,0,0,0,1,5,1,4,0,0,0,"Gabba",31147,"Brisbane Lions","Carlton",100,89
12055,"Lachie","Neale","Brisbane Lions",9,"10","2026-05-08",19,14,33,8,1,2,0,2,5,5,9,4,2,1,0,16,16,0,0,0,0,0,"Gabba",31147,"Brisbane Lions","Carlton",100,89
12592,"Cam","Rayner","Brisbane Lions",16,"10","2026-05-08",6,7,13,4,0,0,0,2,0,4,2,2,0,1,0,3,9,0,0,4,0,0,"Gabba",31147,"Brisbane Lions","Carlton",100,89
13138,"Bruce","Reville","Brisbane Lions",38,"10","2026-05-08",15,9,24,7,0,2,0,3,4,4,1,3,2,1,0,8,17,1,1,0,0,0,"Gabba",31147,"Brisbane Lions","Carlton",100,89
13026,"Darcy","Wilmot","Brisbane Lions",44,"10","2026-05-08",8,5,13,3,0,0,0,4,2,0,0,2,1,1,0,1,9,0,0,1,3,0,"Gabba",31147,"Brisbane Lions","Carlton",100,89
12076,"Dayne","Zorko","Brisbane Lions",15,"10","2026-05-08",16,3,19,4,0,0,0,2,3,2,1,0,2,0,0,3,10,0,0,2,0,0,"Gabba",31147,"Brisbane Lions","Carlton",100,89
12498,"Ben","Ainsworth","Carlton",12,"10","2026-05-08",13,8,21,7,2,1,0,1,1,3,1,4,1,1,0,6,15,0,2,0,3,0,"Gabba",31147,"Brisbane Lions","Carlton",100,89
13212,"Matt","Carroll","Carlton",32,"10","2026-05-08",9,3,12,3,0,0,0,0,1,3,1,2,0,1,0,5,8,1,0,1,0,2,"Gabba",31147,"Brisbane Lions","Carlton",100,89
12603,"Adam","Cerra","Carlton",5,"10","2026-05-08",12,11,23,5,0,0,0,2,1,3,2,3,0,0,0,6,15,1,0,0,0,0,"Gabba",31147,"Brisbane Lions","Carlton",100,89
13028,"Lachlan","Cowan","Carlton",2,"10","2026-05-08",9,7,16,4,0,0,0,1,4,2,1,1,0,0,0,4,13,1,0,1,0,1,"Gabba",31147,"Brisbane Lions","Carlton",100,89
12261,"Patrick","Cripps","Carlton",9,"10","2026-05-08",9,23,32,2,1,0,0,5,0,4,9,6,1,2,0,18,13,0,1,2,0,1,"Gabba",31147,"Brisbane Lions","Carlton",100,89
13273,"Harry","Dean","Carlton",35,"10","2026-05-08",3,5,8,3,0,0,0,1,1,0,0,0,0,0,0,2,6,0,0,4,0,0,"Gabba",31147,"Brisbane Lions","Carlton",100,89
12873,"Francis","Evans","Carlton",44,"10","2026-05-08",6,10,16,4,0,1,0,1,0,3,0,2,0,1,0,7,8,1,1,0,0,0,"Gabba",31147,"Brisbane Lions","Carlton",100,89
12497,"Oliver","Florent","Carlton",14,"10","2026-05-08",6,10,16,2,0,0,0,0,1,2,1,3,0,1,0,7,8,1,0,0,0,0,"Gabba",31147,"Brisbane Lions","Carlton",100,89
12091,"Nick","Haynes","Carlton",26,"10","2026-05-08",7,7,14,3,0,0,0,4,4,2,0,2,0,0,0,3,9,0,0,2,0,0,"Gabba",31147,"Brisbane Lions","Carlton",100,89
12509,"Will","Hayward","Carlton",19,"10","2026-05-08",11,11,22,10,3,2,0,2,1,3,1,5,0,2,0,10,13,3,4,1,0,0,"Gabba",31147,"Brisbane Lions","Carlton",100,89
12411,"George","Hewett","Carlton",29,"10","2026-05-08",12,8,20,4,0,0,0,4,2,6,4,2,1,0,0,5,15,0,0,2,0,2,"Gabba",31147,"Brisbane Lions","Carlton",100,89
13029,"Oliver","Hollands","Carlton",4,"10","2026-05-08",16,7,23,4,0,0,0,1,3,5,0,2,1,0,0,6,15,0,0,3,2,0,"Gabba",31147,"Brisbane Lions","Carlton",100,89
12937,"Brodie","Kemp","Carlton",17,"10","2026-05-08",6,3,9,5,0,1,0,1,0,0,0,4,0,0,0,2,7,1,4,0,0,1,"Gabba",31147,"Brisbane Lions","Carlton",100,89
12404,"Mitch","McGovern","Carlton",11,"10","2026-05-08",5,2,7,2,3,1,0,2,0,2,0,1,1,1,0,3,5,2,2,1,0,0,"Gabba",31147,"Brisbane Lions","Carlton",100,89
12566,"Harry","McKay","Carlton",10,"10","2026-05-08",11,10,21,10,3,2,2,2,0,3,1,1,1,1,0,10,10,4,5,3,0,1,"Gabba",31147,"Brisbane Lions","Carlton",100,89
12508,"Nic","Newman","Carlton",24,"10","2026-05-08",17,5,22,6,0,0,0,0,3,1,0,2,2,1,0,2,15,0,0,2,1,0,"Gabba",31147,"Brisbane Lions","Carlton",100,89
12417,"Marc","Pittonet","Carlton",27,"10","2026-05-08",1,9,10,1,0,0,28,1,0,0,2,2,0,1,0,6,3,0,0,4,0,0,"Gabba",31147,"Brisbane Lions","Carlton",100,89
12330,"Adam","Saad","Carlton",42,"10","2026-05-08",9,7,16,3,0,0,0,1,6,0,1,3,0,1,0,2,8,0,0,1,5,0,"Gabba",31147,"Brisbane Lions","Carlton",100,89
13274,"Jagga","Smith","Carlton",7,"10","2026-05-08",10,15,25,1,1,0,0,3,0,3,4,1,3,1,0,9,16,0,1,2,0,1,"Gabba",31147,"Brisbane Lions","Carlton",100,89
12684,"Sam","Walsh","Carlton",18,"10","2026-05-08",16,13,29,5,0,0,0,3,2,8,1,2,0,1,0,6,22,0,0,0,0,2,"Gabba",31147,"Brisbane Lions","Carlton",100,89
12402,"Jacob","Weitering","Carlton",23,"10","2026-05-08",7,3,10,6,0,0,0,1,5,0,0,1,1,1,0,2,7,1,0,11,0,0,"Gabba",31147,"Brisbane Lions","Carlton",100,89
12175,"Zac","Williams","Carlton",6,"10","2026-05-08",8,2,10,3,0,0,0,1,1,5,2,4,1,2,0,4,8,0,0,2,0,1,"Gabba",31147,"Brisbane Lions","Carlton",100,89
NA,"Billy","Wilson","Carlton",15,"10","2026-05-08",4,6,10,2,0,0,0,1,2,1,1,2,0,1,0,3,7,0,0,0,0,0,"Gabba",31147,"Brisbane Lions","Carlton",100,89
12433,"Aliir","Aliir","Port Adelaide",21,"10","2026-05-08",15,6,21,13,0,0,0,3,7,0,0,5,0,2,0,5,17,2,0,2,0,0,"Adelaide Oval",33883,"Port Adelaide","Western Bulldogs",72,74
12867,"Miles","Bergman","Port Adelaide",14,"10","2026-05-08",2,2,4,1,0,0,0,1,1,1,0,0,0,0,0,2,2,1,0,0,0,0,"Adelaide Oval",33883,"Port Adelaide","Western Bulldogs",72,74
13188,"Joe","Berry","Port Adelaide",5,"10","2026-05-08",9,6,15,6,0,0,0,1,0,4,0,0,1,0,0,3,12,0,0,0,0,1,"Adelaide Oval",33883,"Port Adelaide","Western Bulldogs",72,74
13007,"Jase","Burgoyne","Port Adelaide",7,"10","2026-05-08",12,9,21,6,0,1,0,5,1,1,5,2,1,0,0,10,10,0,1,3,0,0,"Adelaide Oval",33883,"Port Adelaide","Western Bulldogs",72,74
12698,"Zak","Butters","Port Adelaide",9,"10","2026-05-08",15,15,30,7,0,0,0,5,1,4,5,5,2,3,0,9,22,0,0,4,2,1,"Adelaide Oval",33883,"Port Adelaide","Western Bulldogs",72,74
12422,"Darcy","Byrne-Jones","Port Adelaide",33,"10","2026-05-08",7,10,17,5,0,0,0,0,2,0,0,2,0,0,0,7,9,0,0,1,0,0,"Adelaide Oval",33883,"Port Adelaide","Western Bulldogs",72,74
12695,"Willem","Drew","Port Adelaide",28,"10","2026-05-08",9,6,15,1,0,0,0,7,1,0,1,8,2,3,0,7,9,0,0,2,0,0,"Adelaide Oval",33883,"Port Adelaide","Western Bulldogs",72,74
12936,"Corey","Durdin","Port Adelaide",44,"10","2026-05-08",8,4,12,3,1,1,0,2,1,2,1,1,1,0,0,7,5,0,1,1,0,1,"Adelaide Oval",33883,"Port Adelaide","Western Bulldogs",72,74
13156,"Logan","Evans","Port Adelaide",22,"10","2026-05-08",19,3,22,11,1,0,0,3,6,0,0,4,0,1,0,2,17,0,1,1,0,0,"Adelaide Oval",33883,"Port Adelaide","Western Bulldogs",72,74
12664,"Kane","Farrell","Port Adelaide",6,"10","2026-05-08",23,4,27,10,0,1,0,3,3,2,1,2,2,0,0,6,13,1,0,1,1,0,"Adelaide Oval",33883,"Port Adelaide","Western Bulldogs",72,74
12766,"Mitch","Georgiades","Port Adelaide",19,"10","2026-05-08",10,2,12,5,4,4,0,0,0,0,0,0,3,0,0,5,6,1,5,0,0,0,"Adelaide Oval",33883,"Port Adelaide","Western Bulldogs",72,74
12956,"Jason","Horne-Francis","Port Adelaide",18,"10","2026-05-08",10,8,18,1,0,0,0,4,1,3,4,2,3,1,0,5,14,0,0,1,0,2,"Adelaide Oval",33883,"Port Adelaide","Western Bulldogs",72,74
12882,"Lachie","Jones","Port Adelaide",34,"10","2026-05-08",13,4,17,8,0,0,0,1,6,0,1,4,2,0,0,7,9,1,0,2,0,0,"Adelaide Oval",33883,"Port Adelaide","Western Bulldogs",72,74
NA,"Josh","Lai","Port Adelaide",43,"10","2026-05-08",11,2,13,8,0,0,0,1,5,2,0,4,1,0,0,3,12,0,0,7,0,0,"Adelaide Oval",33883,"Port Adelaide","Western Bulldogs",72,74
13269,"Ewan","Mackinlay","Port Adelaide",31,"10","2026-05-08",9,5,14,5,1,1,0,4,2,2,1,2,1,0,0,2,12,0,0,0,0,0,"Adelaide Oval",33883,"Port Adelaide","Western Bulldogs",72,74
13199,"Christian","Moraes","Port Adelaide",11,"10","2026-05-08",7,12,19,5,0,0,0,2,1,3,1,4,2,3,0,5,15,0,0,0,0,1,"Adelaide Oval",33883,"Port Adelaide","Western Bulldogs",72,74
13139,"Joe","Richards","Port Adelaide",35,"10","2026-05-08",9,4,13,2,0,0,0,1,2,1,2,4,0,1,0,3,10,0,0,2,0,0,"Adelaide Oval",33883,"Port Adelaide","Western Bulldogs",72,74
12890,"Jordon","Sweet","Port Adelaide",24,"10","2026-05-08",4,6,10,3,1,0,29,3,1,1,3,2,1,1,0,5,5,0,1,1,0,0,"Adelaide Oval",33883,"Port Adelaide","Western Bulldogs",72,74
13073,"Dante","Visentini","Port Adelaide",38,"10","2026-05-08",4,5,9,3,0,0,14,2,1,1,1,6,3,4,0,3,6,0,0,1,0,0,"Adelaide Oval",33883,"Port Adelaide","Western Bulldogs",72,74
NA,"Jack","Watkins","Port Adelaide",37,"10","2026-05-08",6,7,13,3,1,0,0,5,1,1,1,2,1,1,0,4,8,0,0,0,0,0,"Adelaide Oval",33883,"Port Adelaide","Western Bulldogs",72,74
12991,"Jacob","Wehr","Port Adelaide",15,"10","2026-05-08",12,3,15,4,0,1,0,1,3,2,1,3,1,0,0,3,12,0,1,0,0,0,"Adelaide Oval",33883,"Port Adelaide","Western Bulldogs",72,74
13259,"Jack","Whitlock","Port Adelaide",17,"10","2026-05-08",4,5,9,5,1,0,0,1,0,2,0,2,1,1,0,4,5,1,1,0,1,1,"Adelaide Oval",33883,"Port Adelaide","Western Bulldogs",72,74
12150,"Ollie","Wines","Port Adelaide",16,"10","2026-05-08",7,8,15,4,0,0,0,4,1,3,2,4,0,1,0,2,13,0,0,0,0,2,"Adelaide Oval",33883,"Port Adelaide","Western Bulldogs",72,74
12723,"Oskar","Baker","Western Bulldogs",13,"10","2026-05-08",6,4,10,5,0,0,0,0,0,1,0,3,0,1,0,2,8,0,0,0,1,0,"Adelaide Oval",33883,"Port Adelaide","Western Bulldogs",72,74
12269,"Marcus","Bontempelli","Western Bulldogs",4,"10","2026-05-08",14,16,30,7,1,0,0,10,1,8,7,2,2,0,0,9,19,0,0,2,0,0,"Adelaide Oval",33883,"Port Adelaide","Western Bulldogs",72,74
12916,"Lachlan","Bramble","Western Bulldogs",29,"10","2026-05-08",5,2,7,2,0,0,0,1,0,1,1,1,1,0,0,2,5,0,0,0,0,0,"Adelaide Oval",33883,"Port Adelaide","Western Bulldogs",72,74
12769,"Connor","Budarick","Western Bulldogs",19,"10","2026-05-08",17,6,23,10,0,1,0,5,3,3,0,0,0,0,0,2,20,0,0,1,0,1,"Adelaide Oval",33883,"Port Adelaide","Western Bulldogs",72,74
13216,"Jedd","Busslinger","Western Bulldogs",5,"10","2026-05-08",8,5,13,7,0,0,0,1,0,2,0,5,0,3,0,1,11,0,0,8,0,0,"Adelaide Oval",33883,"Port Adelaide","Western Bulldogs",72,74
12608,"Nick","Coffield","Western Bulldogs",17,"10","2026-05-08",12,1,13,7,0,0,0,2,2,3,0,1,2,0,0,2,10,0,0,1,0,0,"Adelaide Oval",33883,"Port Adelaide","Western Bulldogs",72,74
12354,"Bailey","Dale","Western Bulldogs",31,"10","2026-05-08",20,5,25,3,0,1,0,2,7,2,1,2,1,1,0,5,10,0,0,4,2,0,"Adelaide Oval",33883,"Port Adelaide","Western Bulldogs",72,74
12537,"Tim","English","Western Bulldogs",44,"10","2026-05-08",9,10,19,7,0,1,20,3,0,3,3,3,2,2,0,9,10,1,2,1,0,1,"Adelaide Oval",33883,"Port Adelaide","Western Bulldogs",72,74
13140,"Joel","Freijah","Western Bulldogs",27,"10","2026-05-08",14,12,26,4,1,0,0,6,4,3,7,7,2,3,0,11,16,0,1,1,0,3,"Adelaide Oval",33883,"Port Adelaide","Western Bulldogs",72,74
13102,"Harvey","Gallagher","Western Bulldogs",12,"10","2026-05-08",8,3,11,0,0,3,0,0,1,2,1,3,1,1,0,1,9,0,0,0,1,0,"Adelaide Oval",33883,"Port Adelaide","Western Bulldogs",72,74
13213,"Cooper","Hynes","Western Bulldogs",6,"10","2026-05-08",3,6,9,2,0,0,0,5,0,2,0,2,0,0,0,1,8,0,0,1,0,0,"Adelaide Oval",33883,"Port Adelaide","Western Bulldogs",72,74
13046,"Arthur","Jones","Western Bulldogs",32,"10","2026-05-08",5,11,16,5,1,2,0,2,0,3,0,5,0,2,0,5,12,2,2,0,1,0,"Adelaide Oval",33883,"Port Adelaide","Western Bulldogs",72,74
12455,"Matthew","Kennedy","Western Bulldogs",8,"10","2026-05-08",14,11,25,3,0,1,0,2,1,2,6,8,1,4,0,8,12,0,0,2,0,1,"Adelaide Oval",33883,"Port Adelaide","Western Bulldogs",72,74
12900,"Buku","Khamis","Western Bulldogs",24,"10","2026-05-08",7,3,10,5,0,0,0,1,0,0,0,2,0,2,0,3,7,0,0,3,0,0,"Adelaide Oval",33883,"Port Adelaide","Western Bulldogs",72,74
NA,"Will","Lewis","Western Bulldogs",28,"10","2026-05-08",5,4,9,5,2,1,0,3,0,1,0,3,1,2,0,5,5,3,3,0,0,1,"Adelaide Oval",33883,"Port Adelaide","Western Bulldogs",72,74
12854,"Lachlan","McNeil","Western Bulldogs",30,"10","2026-05-08",3,9,12,0,0,0,0,4,0,2,0,1,1,1,0,5,7,0,0,0,0,0,"Adelaide Oval",33883,"Port Adelaide","Western Bulldogs",72,74
12594,"Aaron","Naughton","Western Bulldogs",33,"10","2026-05-08",8,3,11,4,2,1,0,5,0,1,0,3,1,0,0,6,4,1,3,3,0,0,"Adelaide Oval",33883,"Port Adelaide","Western Bulldogs",72,74
12605,"Ed","Richards","Western Bulldogs",20,"10","2026-05-08",20,7,27,4,1,0,0,3,2,6,6,4,2,1,0,12,13,0,1,1,2,1,"Adelaide Oval",33883,"Port Adelaide","Western Bulldogs",72,74
13103,"Ryley","Sanders","Western Bulldogs",9,"10","2026-05-08",9,22,31,1,0,0,0,1,0,7,7,1,3,0,0,12,20,0,0,0,0,1,"Adelaide Oval",33883,"Port Adelaide","Western Bulldogs",72,74
13276,"Michael","Sellwood","Western Bulldogs",37,"10","2026-05-08",13,4,17,10,0,0,0,0,3,1,0,3,0,1,0,2,16,0,0,6,3,0,"Adelaide Oval",33883,"Port Adelaide","Western Bulldogs",72,74
NA,"Lachlan","Smith","Western Bulldogs",40,"10","2026-05-08",2,4,6,1,0,0,11,3,0,1,1,2,1,1,0,3,4,0,0,2,0,0,"Adelaide Oval",33883,"Port Adelaide","Western Bulldogs",72,74
12748,"Rhylee","West","Western Bulldogs",14,"10","2026-05-08",4,3,7,2,2,1,0,4,0,2,0,4,0,2,0,3,7,0,1,4,2,0,"Adelaide Oval",33883,"Port Adelaide","Western Bulldogs",72,74
12441,"Bailey","Williams","Western Bulldogs",34,"10","2026-05-08",12,9,21,8,0,1,0,1,1,3,1,3,1,1,0,3,17,0,1,1,0,0,"Adelaide Oval",33883,"Port Adelaide","Western Bulldogs",72,74
NA,"Tom","Blamires","North Melbourne",39,"10","2026-05-09",8,8,16,5,1,0,0,1,1,4,0,1,0,1,0,1,15,0,1,1,0,0,"Docklands",28156,"North Melbourne","Sydney",97,105
12938,"Charlie","Comben","North Melbourne",30,"10","2026-05-09",6,5,11,5,0,0,0,1,0,0,0,3,1,3,0,5,5,2,0,3,0,0,"Docklands",28156,"North Melbourne","Sydney",97,105
12975,"Paul","Curtis","North Melbourne",25,"10","2026-05-09",5,7,12,2,1,1,0,3,1,0,0,6,1,2,0,8,4,0,1,0,0,1,"Docklands",28156,"North Melbourne","Sydney",97,105
12373,"Caleb","Daniel","North Melbourne",5,"10","2026-05-09",19,6,25,9,0,0,0,2,6,3,1,1,0,0,0,2,20,0,0,1,0,0,"Docklands",28156,"North Melbourne","Sydney",97,105
11905,"Jack","Darling","North Melbourne",27,"10","2026-05-09",7,1,8,5,2,3,0,2,0,3,0,1,0,1,0,3,4,1,4,1,0,1,"Docklands",28156,"North Melbourne","Sydney",97,105
12590,"Luke","Davies-Uniacke","North Melbourne",9,"10","2026-05-09",16,18,34,5,0,0,0,5,2,6,6,5,3,2,0,12,24,0,0,2,1,2,"Docklands",28156,"North Melbourne","Sydney",97,105
13144,"Wil","Dawson","North Melbourne",18,"10","2026-05-09",5,6,11,1,0,0,13,4,0,4,0,4,3,1,0,6,4,0,0,3,0,0,"Docklands",28156,"North Melbourne","Sydney",97,105
13106,"Zane","Duursma","North Melbourne",7,"10","2026-05-09",7,2,9,5,2,1,0,0,0,1,0,0,0,0,0,3,6,1,2,0,0,0,"Docklands",28156,"North Melbourne","Sydney",97,105
13186,"Jacob","Konstanty","North Melbourne",41,"10","2026-05-09",3,8,11,3,1,1,0,2,0,2,1,4,1,2,0,5,7,1,0,1,0,0,"Docklands",28156,"North Melbourne","Sydney",97,105
12563,"Nick","Larkey","North Melbourne",20,"10","2026-05-09",4,4,8,4,0,2,0,1,0,1,0,1,1,0,0,2,6,0,1,0,0,0,"Docklands",28156,"North Melbourne","Sydney",97,105
12511,"Griffin","Logue","North Melbourne",19,"10","2026-05-09",5,6,11,5,0,0,0,2,1,1,0,1,0,1,0,6,6,0,0,4,0,0,"Docklands",28156,"North Melbourne","Sydney",97,105
12246,"Luke","McDonald","North Melbourne",11,"10","2026-05-09",12,4,16,6,0,0,0,1,1,1,0,4,0,0,0,5,12,1,0,2,0,0,"Docklands",28156,"North Melbourne","Sydney",97,105
13107,"Colby","McKercher","North Melbourne",10,"10","2026-05-09",15,10,25,4,0,1,0,2,0,6,0,2,0,0,0,1,24,0,0,0,5,1,"Docklands",28156,"North Melbourne","Sydney",97,105
13187,"Finn","OSullivan","North Melbourne",2,"10","2026-05-09",10,12,22,2,2,0,0,2,1,1,4,4,0,2,0,10,12,1,1,3,0,0,"Docklands",28156,"North Melbourne","Sydney",97,105
11953,"Luke","Parker","North Melbourne",26,"10","2026-05-09",24,5,29,10,0,0,0,3,6,2,0,5,0,2,0,2,24,0,0,1,0,0,"Docklands",28156,"North Melbourne","Sydney",97,105
13034,"Harry","Sheezel","North Melbourne",3,"10","2026-05-09",17,14,31,4,1,0,0,7,2,5,3,1,2,0,0,9,20,0,0,1,0,0,"Docklands",28156,"North Melbourne","Sydney",97,105
12502,"Jy","Simpkin","North Melbourne",12,"10","2026-05-09",12,11,23,6,1,1,0,0,1,5,1,1,1,0,0,6,14,1,0,0,0,0,"Docklands",28156,"North Melbourne","Sydney",97,105
12622,"Charlie","Spargo","North Melbourne",13,"10","2026-05-09",7,5,12,2,1,0,0,1,0,3,0,1,1,0,0,3,9,0,0,0,0,1,"Docklands",28156,"North Melbourne","Sydney",97,105
12796,"Dylan","Stephens","North Melbourne",15,"10","2026-05-09",8,10,18,3,0,0,0,3,2,5,3,1,1,0,0,9,11,0,0,2,0,1,"Docklands",28156,"North Melbourne","Sydney",97,105
13263,"Cooper","Trembath","North Melbourne",47,"10","2026-05-09",5,3,8,4,0,0,0,1,0,2,0,0,1,0,0,3,5,2,0,0,0,0,"Docklands",28156,"North Melbourne","Sydney",97,105
13064,"George","Wardlaw","North Melbourne",6,"10","2026-05-09",9,13,22,3,0,0,0,4,2,6,5,4,3,1,0,14,8,0,0,2,0,0,"Docklands",28156,"North Melbourne","Sydney",97,105
12788,"Tristan","Xerri","North Melbourne",38,"10","2026-05-09",9,10,19,4,1,0,13,2,1,1,9,2,4,2,0,15,4,1,0,2,0,0,"Docklands",28156,"North Melbourne","Sydney",97,105
12557,"Cameron","Zurhaar","North Melbourne",44,"10","2026-05-09",17,5,22,10,1,1,0,3,7,5,0,2,0,0,0,3,20,0,0,3,0,0,"Docklands",28156,"North Melbourne","Sydney",97,105
12844,"Joel","Amartey","Sydney",36,"10","2026-05-09",5,1,6,2,1,1,0,3,0,1,0,4,1,1,0,4,3,0,1,2,0,0,"Docklands",28156,"North Melbourne","Sydney",97,105
13195,"Riley","Bice","Sydney",26,"10","2026-05-09",13,9,22,3,0,0,0,1,7,2,1,2,1,1,0,7,11,0,0,3,1,1,"Docklands",28156,"North Melbourne","Sydney",97,105
12699,"Nick","Blakey","Sydney",22,"10","2026-05-09",13,13,26,2,0,0,0,2,11,3,0,3,3,2,0,9,15,0,0,3,8,2,"Docklands",28156,"North Melbourne","Sydney",97,105
NA,"Billy","Cootee","Sydney",25,"10","2026-05-09",5,5,10,2,1,0,0,4,0,3,0,3,0,1,0,1,10,0,1,2,1,1,"Docklands",28156,"North Melbourne","Sydney",97,105
12015,"Harry","Cunningham","Sydney",7,"10","2026-05-09",7,10,17,4,0,1,0,4,3,0,0,3,1,0,0,6,12,0,1,1,0,0,"Docklands",28156,"North Melbourne","Sydney",97,105
NA,"Will","Edwards","Sydney",28,"10","2026-05-09",4,6,10,4,0,0,0,0,2,1,0,2,1,2,0,4,5,1,0,7,0,0,"Docklands",28156,"North Melbourne","Sydney",97,105
12217,"Brodie","Grundy","Sydney",4,"10","2026-05-09",3,11,14,0,0,0,27,1,2,3,3,5,1,3,0,10,6,0,0,1,0,2,"Docklands",28156,"North Melbourne","Sydney",97,105
12326,"Isaac","Heeney","Sydney",5,"10","2026-05-09",8,16,24,0,3,0,0,6,2,2,7,5,3,3,0,15,10,0,0,0,0,0,"Docklands",28156,"North Melbourne","Sydney",97,105
12860,"James","Jordon","Sydney",17,"10","2026-05-09",7,8,15,0,0,0,0,3,1,1,2,2,0,0,0,5,10,0,0,1,0,1,"Docklands",28156,"North Melbourne","Sydney",97,105
12268,"Jake","Lloyd","Sydney",44,"10","2026-05-09",12,10,22,8,1,0,0,0,2,4,1,5,0,2,0,5,18,0,3,4,3,0,"Docklands",28156,"North Melbourne","Sydney",97,105
12861,"Logan","McDonald","Sydney",6,"10","2026-05-09",4,0,4,4,3,0,0,1,0,1,0,1,0,1,0,0,4,0,3,0,0,0,"Docklands",28156,"North Melbourne","Sydney",97,105
12711,"Justin","McInerney","Sydney",27,"10","2026-05-09",7,15,22,4,0,1,0,5,2,4,1,5,0,2,0,4,20,0,0,3,1,0,"Docklands",28156,"North Melbourne","Sydney",97,105
12745,"Hayden","McLean","Sydney",2,"10","2026-05-09",6,7,13,4,3,0,6,1,0,2,1,2,2,0,0,7,6,2,3,3,0,0,"Docklands",28156,"North Melbourne","Sydney",97,105
12526,"Lewis","Melican","Sydney",43,"10","2026-05-09",4,6,10,3,0,0,0,1,1,0,0,0,0,0,0,5,3,1,0,5,0,0,"Docklands",28156,"North Melbourne","Sydney",97,105
12413,"Callum","Mills","Sydney",14,"10","2026-05-09",12,10,22,5,0,0,0,5,8,0,0,2,0,0,0,4,14,1,0,3,0,0,"Docklands",28156,"North Melbourne","Sydney",97,105
12412,"Tom","Papley","Sydney",11,"10","2026-05-09",12,6,18,3,2,3,0,3,0,6,4,5,2,1,0,8,12,0,1,1,1,0,"Docklands",28156,"North Melbourne","Sydney",97,105
12140,"Dane","Rampe","Sydney",24,"10","2026-05-09",8,10,18,3,0,0,0,2,2,3,1,2,0,0,0,6,12,0,0,2,0,0,"Docklands",28156,"North Melbourne","Sydney",97,105
12994,"Matt","Roberts","Sydney",34,"10","2026-05-09",1,5,6,1,0,0,0,3,1,0,1,0,0,0,0,1,4,0,0,0,0,0,"Docklands",28156,"North Melbourne","Sydney",97,105
12903,"Malcolm","Rosas","Sydney",10,"10","2026-05-09",5,2,7,1,0,0,0,3,1,2,0,1,1,0,0,3,4,0,0,0,0,1,"Docklands",28156,"North Melbourne","Sydney",97,105
12714,"James","Rowbottom","Sydney",8,"10","2026-05-09",2,7,9,1,0,0,0,4,0,1,3,1,1,0,0,6,4,0,0,1,0,0,"Docklands",28156,"North Melbourne","Sydney",97,105
12951,"Angus","Sheldrick","Sydney",12,"10","2026-05-09",7,11,18,1,1,0,0,4,3,4,1,5,2,2,0,4,14,0,0,0,3,0,"Docklands",28156,"North Melbourne","Sydney",97,105
12797,"Chad","Warner","Sydney",1,"10","2026-05-09",11,7,18,1,1,1,0,2,1,6,3,3,1,1,0,11,7,0,0,1,3,3,"Docklands",28156,"North Melbourne","Sydney",97,105
12818,"Sam","Wicks","Sydney",15,"10","2026-05-09",6,10,16,3,0,0,0,2,3,2,1,1,0,0,0,7,9,1,0,1,1,1,"Docklands",28156,"North Melbourne","Sydney",97,105
12782,"Lachie","Ash","Greater Western Sydney",7,"10","2026-05-09",16,7,23,9,0,0,0,1,5,5,0,4,2,2,0,5,19,0,0,3,3,2,"Sydney Showground",9416,"Greater Western Sydney","Essendon",103,89
12772,"Toby","Bedford","Greater Western Sydney",14,"10","2026-05-09",8,6,14,1,0,1,0,4,1,3,2,4,0,1,0,6,8,0,0,1,0,1,"Sydney Showground",9416,"Greater Western Sydney","Essendon",103,89
12904,"Kieren","Briggs","Greater Western Sydney",32,"10","2026-05-09",7,6,13,0,0,0,33,4,0,0,4,4,3,0,0,13,1,0,0,0,0,1,"Sydney Showground",9416,"Greater Western Sydney","Essendon",103,89
12846,"Jack","Buckley","Greater Western Sydney",44,"10","2026-05-09",9,3,12,3,0,0,0,2,3,1,0,1,2,1,0,4,9,0,0,8,0,0,"Sydney Showground",9416,"Greater Western Sydney","Essendon",103,89
13054,"Aaron","Cadman","Greater Western Sydney",5,"10","2026-05-09",10,4,14,7,1,2,0,1,0,2,0,1,1,0,0,8,6,2,1,0,0,2,"Sydney Showground",9416,"Greater Western Sydney","Essendon",103,89
12969,"Finn","Callaghan","Greater Western Sydney",17,"10","2026-05-09",14,16,30,1,0,0,0,5,4,5,6,4,1,1,0,10,19,0,0,1,2,0,"Sydney Showground",9416,"Greater Western Sydney","Essendon",103,89
12028,"Stephen","Coniglio","Greater Western Sydney",3,"10","2026-05-09",5,8,13,1,0,0,0,4,0,2,2,0,0,0,0,4,10,0,0,3,0,0,"Sydney Showground",9416,"Greater Western Sydney","Essendon",103,89
12656,"Brent","Daniels","Greater Western Sydney",16,"10","2026-05-09",13,4,17,2,2,0,0,3,0,4,3,1,0,0,0,4,11,0,0,2,0,0,"Sydney Showground",9416,"Greater Western Sydney","Essendon",103,89
13164,"Joe","Fonti","Greater Western Sydney",37,"10","2026-05-09",9,3,12,5,0,0,0,1,2,2,0,4,0,2,0,0,12,0,0,5,3,0,"Sydney Showground",9416,"Greater Western Sydney","Essendon",103,89
13279,"Phoenix","Gothard","Greater Western Sydney",11,"10","2026-05-09",4,5,9,2,2,0,0,0,0,1,0,1,0,1,0,2,7,0,1,0,1,1,"Sydney Showground",9416,"Greater Western Sydney","Essendon",103,89
12025,"Toby","Greene","Greater Western Sydney",4,"10","2026-05-09",13,5,18,4,3,1,0,6,1,5,7,4,1,2,0,7,11,1,3,3,0,1,"Sydney Showground",9416,"Greater Western Sydney","Essendon",103,89
13158,"Max","Gruzewski","Greater Western Sydney",35,"10","2026-05-09",3,1,4,0,2,0,0,1,1,1,0,0,1,0,0,4,1,0,0,1,0,0,"Sydney Showground",9416,"Greater Western Sydney","Essendon",103,89
NA,"Oliver","Hannaford","Greater Western Sydney",13,"10","2026-05-09",1,4,5,1,0,0,0,1,0,1,1,3,0,0,0,4,1,0,0,0,0,1,"Sydney Showground",9416,"Greater Western Sydney","Essendon",103,89
12462,"Harry","Himmelberg","Greater Western Sydney",27,"10","2026-05-09",9,7,16,6,1,0,0,0,4,0,1,4,0,1,0,4,9,0,1,3,0,0,"Sydney Showground",9416,"Greater Western Sydney","Essendon",103,89
12750,"Connor","Idun","Greater Western Sydney",39,"10","2026-05-09",10,14,24,8,0,0,0,1,4,0,0,1,0,1,0,6,18,0,0,8,1,0,"Sydney Showground",9416,"Greater Western Sydney","Essendon",103,89
12377,"Jayden","Laverde","Greater Western Sydney",25,"10","2026-05-09",11,8,19,12,0,0,0,1,3,0,0,1,2,0,0,9,10,3,0,9,0,0,"Sydney Showground",9416,"Greater Western Sydney","Essendon",103,89
13174,"James","Leake","Greater Western Sydney",30,"10","2026-05-09",7,7,14,2,0,0,0,0,2,1,3,3,0,0,0,8,6,1,0,5,1,0,"Sydney Showground",9416,"Greater Western Sydney","Essendon",103,89
13088,"Toby","McMullin","Greater Western Sydney",31,"10","2026-05-09",4,0,4,1,0,1,0,0,2,1,0,1,0,1,0,0,4,0,0,3,0,0,"Sydney Showground",9416,"Greater Western Sydney","Essendon",103,89
12410,"Clayton","Oliver","Greater Western Sydney",10,"10","2026-05-09",6,20,26,1,0,0,0,7,2,2,11,9,3,3,0,14,14,0,0,2,0,0,"Sydney Showground",9416,"Greater Western Sydney","Essendon",103,89
12834,"Jake","Riccardi","Greater Western Sydney",26,"10","2026-05-09",7,7,14,6,2,1,5,1,0,2,0,5,0,2,0,1,13,0,4,0,0,2,"Sydney Showground",9416,"Greater Western Sydney","Essendon",103,89
12167,"Jake","Stringer","Greater Western Sydney",20,"10","2026-05-09",9,2,11,6,3,0,0,2,0,2,0,5,1,2,0,6,5,1,3,0,0,0,"Sydney Showground",9416,"Greater Western Sydney","Essendon",103,89
13101,"Harvey","Thomas","Greater Western Sydney",1,"10","2026-05-09",10,13,23,5,0,0,0,2,6,1,1,7,0,2,0,10,14,0,0,1,3,0,"Sydney Showground",9416,"Greater Western Sydney","Essendon",103,89
12143,"Lachie","Whitfield","Greater Western Sydney",6,"10","2026-05-09",26,9,35,7,0,0,0,2,8,5,0,4,0,0,0,6,22,0,0,2,0,1,"Sydney Showground",9416,"Greater Western Sydney","Essendon",103,89
13237,"Lachlan","Blakiston","Essendon",46,"10","2026-05-09",9,6,15,3,0,0,0,3,2,0,2,5,0,3,0,8,6,0,0,7,0,0,"Sydney Showground",9416,"Greater Western Sydney","Essendon",103,89
12899,"Nick","Bryan","Essendon",24,"10","2026-05-09",8,3,11,2,0,0,19,2,0,3,2,2,1,2,0,8,5,1,0,2,0,0,"Sydney Showground",9416,"Greater Western Sydney","Essendon",103,89
13148,"Nate","Caddy","Essendon",30,"10","2026-05-09",11,2,13,5,2,1,0,1,0,5,0,1,2,0,0,6,7,2,1,0,0,1,"Sydney Showground",9416,"Greater Western Sydney","Essendon",103,89
12852,"Nik","Cox","Essendon",13,"10","2026-05-09",4,5,9,3,0,0,1,1,0,1,1,1,0,0,0,5,4,1,0,0,0,0,"Sydney Showground",9416,"Greater Western Sydney","Essendon",103,89
13223,"Archer","Day-Wicks","Essendon",44,"10","2026-05-09",3,6,9,1,0,0,0,4,0,0,1,2,2,0,0,6,4,0,0,0,0,0,"Sydney Showground",9416,"Greater Western Sydney","Essendon",103,89
12925,"Sam","Durham","Essendon",22,"10","2026-05-09",10,16,26,3,0,0,0,6,3,5,8,4,1,1,0,16,12,0,0,2,0,0,"Sydney Showground",9416,"Greater Western Sydney","Essendon",103,89
12696,"Xavier","Duursma","Essendon",28,"10","2026-05-09",8,3,11,3,2,1,0,1,1,2,3,0,4,0,0,9,3,1,1,0,0,0,"Sydney Showground",9416,"Greater Western Sydney","Essendon",103,89
NA,"Jacob","Farrow","Essendon",2,"10","2026-05-09",5,8,13,4,0,0,0,0,1,0,0,1,0,0,0,2,10,0,0,2,1,0,"Sydney Showground",9416,"Greater Western Sydney","Essendon",103,89
13231,"Zak","Johnson","Essendon",40,"10","2026-05-09",9,6,15,2,0,0,0,0,2,2,0,0,0,0,0,3,13,0,0,3,0,1,"Sydney Showground",9416,"Greater Western Sydney","Essendon",103,89
12349,"Kyle","Langford","Essendon",4,"10","2026-05-09",9,4,13,6,0,2,0,3,1,1,1,1,1,1,0,4,8,0,2,0,0,1,"Sydney Showground",9416,"Greater Western Sydney","Essendon",103,89
13238,"Archie","May","Essendon",26,"10","2026-05-09",5,1,6,5,3,0,0,3,0,1,0,5,0,4,0,3,4,1,3,0,0,0,"Sydney Showground",9416,"Greater Western Sydney","Essendon",103,89
12491,"Andrew","McGrath","Essendon",1,"10","2026-05-09",13,7,20,6,0,0,0,3,2,0,0,1,0,0,0,3,16,0,0,0,0,0,"Sydney Showground",9416,"Greater Western Sydney","Essendon",103,89
12241,"Zach","Merrett","Essendon",7,"10","2026-05-09",20,11,31,5,0,0,0,4,2,5,4,3,1,1,0,8,23,0,0,1,1,1,"Sydney Showground",9416,"Greater Western Sydney","Essendon",103,89
13258,"Jayden","Nguyen","Essendon",42,"10","2026-05-09",5,5,10,3,0,1,0,2,0,3,0,1,1,0,0,5,5,1,1,0,0,0,"Sydney Showground",9416,"Greater Western Sydney","Essendon",103,89
12406,"Darcy","Parish","Essendon",3,"10","2026-05-09",13,10,23,5,1,1,0,3,2,5,2,2,0,0,0,4,19,0,0,0,0,2,"Sydney Showground",9416,"Greater Western Sydney","Essendon",103,89
12879,"Archie","Perkins","Essendon",16,"10","2026-05-09",15,4,19,10,1,0,0,1,0,5,0,2,1,0,0,3,15,0,0,0,1,0,"Sydney Showground",9416,"Greater Western Sydney","Essendon",103,89
12874,"Jaxon","Prior","Essendon",25,"10","2026-05-09",11,5,16,4,0,0,0,3,1,3,1,3,0,1,0,6,10,0,0,0,0,0,"Sydney Showground",9416,"Greater Western Sydney","Essendon",103,89
12437,"Mason","Redman","Essendon",27,"10","2026-05-09",12,6,18,5,1,1,0,1,7,2,1,3,4,1,0,6,13,0,0,6,0,0,"Sydney Showground",9416,"Greater Western Sydney","Essendon",103,89
12889,"Zach","Reid","Essendon",31,"10","2026-05-09",6,3,9,5,0,0,0,1,1,2,0,0,0,0,0,1,9,0,0,5,0,0,"Sydney Showground",9416,"Greater Western Sydney","Essendon",103,89
13168,"Archie","Roberts","Essendon",21,"10","2026-05-09",31,11,42,11,0,0,0,2,5,5,0,3,1,0,0,7,32,1,0,0,0,2,"Sydney Showground",9416,"Greater Western Sydney","Essendon",103,89
NA,"Sullivan","Robey","Essendon",9,"10","2026-05-09",12,8,20,4,0,0,0,5,0,6,4,6,1,2,0,11,8,2,0,0,0,0,"Sydney Showground",9416,"Greater Western Sydney","Essendon",103,89
NA,"Dyson","Sharp","Essendon",15,"10","2026-05-09",7,10,17,3,0,0,0,2,0,3,5,4,1,1,0,10,7,0,0,0,0,1,"Sydney Showground",9416,"Greater Western Sydney","Essendon",103,89
12366,"Peter","Wright","Essendon",20,"10","2026-05-09",10,3,13,6,3,3,21,1,0,2,2,0,1,0,0,5,7,2,5,2,0,1,"Sydney Showground",9416,"Greater Western Sydney","Essendon",103,89
13251,"Oscar","Adams","Gold Coast",48,"10","2026-05-09",5,6,11,5,0,0,0,1,0,1,0,1,2,1,0,5,6,1,0,1,0,0,"Marrara Oval",10672,"Gold Coast","St Kilda",89,60
12767,"Noah","Anderson","Gold Coast",15,"10","2026-05-09",20,11,31,10,0,0,0,3,5,5,4,4,0,3,0,9,23,0,0,1,1,3,"Marrara Oval",10672,"Gold Coast","St Kilda",89,60
13019,"Mac","Andrew","Gold Coast",1,"10","2026-05-09",15,7,22,14,0,0,2,1,5,0,1,5,2,3,0,7,15,0,0,3,1,0,"Marrara Oval",10672,"Gold Coast","St Kilda",89,60
12444,"Sam","Collins","Gold Coast",25,"10","2026-05-09",7,7,14,6,0,0,0,1,4,0,0,1,2,0,0,7,9,1,0,8,0,0,"Marrara Oval",10672,"Gold Coast","St Kilda",89,60
12942,"Alex","Davies","Gold Coast",5,"10","2026-05-09",5,4,9,0,1,0,0,2,0,2,1,2,1,2,0,2,7,0,0,1,0,0,"Marrara Oval",10672,"Gold Coast","St Kilda",89,60
13120,"Will","Graham","Gold Coast",26,"10","2026-05-09",5,7,12,3,1,0,0,3,0,2,1,2,3,0,0,7,6,0,0,2,0,1,"Marrara Oval",10672,"Gold Coast","St Kilda",89,60
13272,"Lachlan","Gulbin","Gold Coast",39,"10","2026-05-09",3,5,8,1,0,0,0,3,0,3,0,3,1,1,0,3,6,0,0,0,0,0,"Marrara Oval",10672,"Gold Coast","St Kilda",89,60
13049,"Bailey","Humphrey","Gold Coast",19,"10","2026-05-09",11,6,17,4,1,2,0,3,0,4,0,2,1,1,0,7,9,0,2,1,0,2,"Marrara Oval",10672,"Gold Coast","St Kilda",89,60
12933,"Joel","Jeffrey","Gold Coast",16,"10","2026-05-09",17,5,22,5,0,0,0,0,3,1,0,2,1,0,0,5,13,0,0,1,0,0,"Marrara Oval",10672,"Gold Coast","St Kilda",89,60
13257,"Ben","Jepson","Gold Coast",44,"10","2026-05-09",4,3,7,2,0,0,0,3,0,1,0,1,1,1,0,1,6,0,0,0,1,0,"Marrara Oval",10672,"Gold Coast","St Kilda",89,60
12728,"Ben","King","Gold Coast",34,"10","2026-05-09",8,2,10,5,4,0,1,0,0,0,0,1,1,0,0,5,5,2,3,0,0,0,"Marrara Oval",10672,"Gold Coast","St Kilda",89,60
13232,"Leo","Lombard","Gold Coast",8,"10","2026-05-09",7,5,12,7,1,1,0,3,0,1,0,4,0,1,0,4,9,0,1,0,0,0,"Marrara Oval",10672,"Gold Coast","St Kilda",89,60
12521,"Ben","Long","Gold Coast",22,"10","2026-05-09",5,4,9,3,0,1,0,2,0,4,1,5,0,1,0,3,6,0,0,0,0,1,"Marrara Oval",10672,"Gold Coast","St Kilda",89,60
12331,"Touk","Miller","Gold Coast",11,"10","2026-05-09",14,17,31,1,1,0,0,3,1,5,3,4,1,2,0,9,22,0,0,0,1,1,"Marrara Oval",10672,"Gold Coast","St Kilda",89,60
13050,"Ned","Moyle","Gold Coast",23,"10","2026-05-09",7,4,11,3,0,1,21,2,0,2,1,5,3,2,0,8,4,2,0,3,0,0,"Marrara Oval",10672,"Gold Coast","St Kilda",89,60
12743,"John","Noble","Gold Coast",2,"10","2026-05-09",23,8,31,13,1,1,0,1,5,4,0,0,0,0,0,0,30,0,0,0,0,0,"Marrara Oval",10672,"Gold Coast","St Kilda",89,60
12430,"Christian","Petracca","Gold Coast",3,"10","2026-05-09",9,14,23,2,1,1,0,5,1,3,6,5,1,2,0,10,10,0,0,0,0,2,"Marrara Oval",10672,"Gold Coast","St Kilda",89,60
12652,"Wil","Powell","Gold Coast",27,"10","2026-05-09",10,3,13,7,0,0,0,1,5,1,1,1,0,0,0,2,10,0,0,1,0,0,"Marrara Oval",10672,"Gold Coast","St Kilda",89,60
13121,"Ethan","Read","Gold Coast",20,"10","2026-05-09",1,3,4,0,0,0,0,0,0,1,0,2,2,1,0,2,2,0,0,0,0,0,"Marrara Oval",10672,"Gold Coast","St Kilda",89,60
12403,"Daniel","Rioli","Gold Coast",17,"10","2026-05-09",19,9,28,8,1,0,0,1,3,3,0,3,0,2,0,3,24,0,1,1,9,0,"Marrara Oval",10672,"Gold Coast","St Kilda",89,60
12923,"Jamarra","Ugle-Hagan","Gold Coast",9,"10","2026-05-09",3,1,4,2,0,2,0,0,0,0,0,1,1,1,0,1,3,0,1,1,0,0,"Marrara Oval",10672,"Gold Coast","St Kilda",89,60
13041,"Bodhi","Uwland","Gold Coast",6,"10","2026-05-09",20,9,29,6,0,0,0,2,4,0,1,0,2,0,0,9,12,0,0,4,1,0,"Marrara Oval",10672,"Gold Coast","St Kilda",89,60
12385,"Lachie","Weller","Gold Coast",14,"10","2026-05-09",11,6,17,5,1,1,0,1,1,5,1,1,1,0,0,3,12,1,2,0,0,0,"Marrara Oval",10672,"Gold Coast","St Kilda",89,60
12802,"Ryan","Byrnes","St Kilda",13,"10","2026-05-09",8,7,15,5,0,0,0,1,4,0,1,2,0,0,0,5,10,0,0,0,1,0,"Marrara Oval",10672,"Gold Coast","St Kilda",89,60
13035,"Anthony","Caminiti","St Kilda",47,"10","2026-05-09",4,3,7,3,0,1,0,2,0,0,0,1,1,1,0,4,3,0,0,4,0,0,"Marrara Oval",10672,"Gold Coast","St Kilda",89,60
12976,"Jack","Carroll","St Kilda",18,"10","2026-05-09",8,4,12,5,0,0,0,1,3,2,0,3,0,1,0,0,11,0,0,5,2,0,"Marrara Oval",10672,"Gold Coast","St Kilda",89,60
12674,"Tom","De Koning","St Kilda",21,"10","2026-05-09",6,7,13,4,0,1,18,1,1,0,3,7,2,2,0,7,8,1,2,3,0,0,"Marrara Oval",10672,"Gold Coast","St Kilda",89,60
12824,"Sam","Flanders","St Kilda",9,"10","2026-05-09",21,7,28,7,0,0,0,5,3,8,1,1,1,0,0,2,23,0,0,0,2,1,"Marrara Oval",10672,"Gold Coast","St Kilda",89,60
13125,"Hugo","Garcia","St Kilda",34,"10","2026-05-09",14,13,27,2,0,0,0,3,1,4,5,3,1,0,0,10,19,0,0,2,0,2,"Marrara Oval",10672,"Gold Coast","St Kilda",89,60
13193,"Max","Hall","St Kilda",40,"10","2026-05-09",14,9,23,9,1,1,0,1,1,6,5,3,0,0,0,6,16,0,1,0,0,0,"Marrara Oval",10672,"Gold Coast","St Kilda",89,60
12831,"Liam","Henry","St Kilda",23,"10","2026-05-09",9,5,14,4,1,1,0,0,1,1,0,3,0,0,0,4,10,0,3,1,0,0,"Marrara Oval",10672,"Gold Coast","St Kilda",89,60
12060,"Bradley","Hill","St Kilda",8,"10","2026-05-09",12,13,25,9,0,0,0,1,0,3,0,1,1,1,0,6,19,0,1,1,0,1,"Marrara Oval",10672,"Gold Coast","St Kilda",89,60
12420,"Dougal","Howard","St Kilda",20,"10","2026-05-09",7,1,8,6,0,0,0,0,2,0,0,3,0,2,0,2,6,0,0,4,0,0,"Marrara Oval",10672,"Gold Coast","St Kilda",89,60
12166,"Jack","Macrae","St Kilda",6,"10","2026-05-09",5,14,19,3,0,0,0,2,1,1,6,5,1,2,0,10,9,0,0,2,0,0,"Marrara Oval",10672,"Gold Coast","St Kilda",89,60
12564,"Rowan","Marshall","St Kilda",19,"10","2026-05-09",8,9,17,5,0,1,11,2,1,3,4,4,1,3,0,10,6,2,1,0,0,1,"Marrara Oval",10672,"Gold Coast","St Kilda",89,60
13194,"Liam","OConnell","St Kilda",45,"10","2026-05-09",7,3,10,3,0,0,0,3,1,1,0,5,2,3,0,4,8,0,0,1,0,0,"Marrara Oval",10672,"Gold Coast","St Kilda",89,60
12948,"Mitch","Owens","St Kilda",10,"10","2026-05-09",4,4,8,3,1,0,0,0,0,1,0,3,2,2,0,5,4,2,1,2,0,1,"Marrara Oval",10672,"Gold Coast","St Kilda",89,60
13036,"Mattaes","Phillipou","St Kilda",25,"10","2026-05-09",6,9,15,6,0,1,0,3,2,1,1,1,2,1,0,2,14,0,1,0,0,0,"Marrara Oval",10672,"Gold Coast","St Kilda",89,60
12929,"Cooper","Sharman","St Kilda",43,"10","2026-05-09",5,6,11,3,0,2,0,1,0,1,0,2,0,0,0,4,8,2,1,0,0,0,"Marrara Oval",10672,"Gold Coast","St Kilda",89,60
12458,"Jack","Silvagni","St Kilda",3,"10","2026-05-09",7,3,10,2,0,0,0,5,3,0,0,3,2,1,0,5,5,0,0,5,0,0,"Marrara Oval",10672,"Gold Coast","St Kilda",89,60
12325,"Jack","Sinclair","St Kilda",35,"10","2026-05-09",18,7,25,7,1,0,0,1,5,3,1,4,0,1,0,7,13,0,0,2,1,0,"Marrara Oval",10672,"Gold Coast","St Kilda",89,60
12721,"Liam","Stocker","St Kilda",14,"10","2026-05-09",5,3,8,1,0,0,0,1,1,1,3,2,2,1,0,3,4,0,0,2,0,0,"Marrara Oval",10672,"Gold Coast","St Kilda",89,60
12703,"Callum","Wilkie","St Kilda",44,"10","2026-05-09",3,2,5,2,0,0,0,1,1,0,0,2,1,1,0,1,4,0,0,3,2,0,"Marrara Oval",10672,"Gold Coast","St Kilda",89,60
13110,"Darcy","Wilson","St Kilda",22,"10","2026-05-09",10,12,22,4,4,1,0,3,2,3,1,5,2,3,0,6,17,0,2,1,1,0,"Marrara Oval",10672,"Gold Coast","St Kilda",89,60
12967,"Marcus","Windhager","St Kilda",2,"10","2026-05-09",12,9,21,0,0,0,0,4,1,5,5,2,2,0,0,11,12,0,0,1,0,0,"Marrara Oval",10672,"Gold Coast","St Kilda",89,60
12312,"Mason","Wood","St Kilda",32,"10","2026-05-09",8,5,13,4,0,0,0,3,0,1,3,2,1,1,0,5,8,0,0,0,0,0,"Marrara Oval",10672,"Gold Coast","St Kilda",89,60
12690,"Tom","Atkins","Geelong",30,"10","2026-05-09",6,6,12,1,0,0,0,2,1,2,1,3,0,0,0,4,6,0,0,1,0,0,"M.C.G.",83166,"Geelong","Collingwood",122,68
12499,"Jack","Bowes","Geelong",12,"10","2026-05-09",14,8,22,5,1,1,0,3,4,1,0,3,1,0,0,7,14,0,0,0,0,1,"M.C.G.",83166,"Geelong","Collingwood",122,68
12871,"Tanner","Bruhn","Geelong",4,"10","2026-05-09",6,9,15,5,0,0,0,3,1,2,1,1,0,0,0,5,10,0,2,0,1,0,"M.C.G.",83166,"Geelong","Collingwood",122,68
12017,"Jeremy","Cameron","Geelong",5,"10","2026-05-09",14,5,19,9,1,2,0,0,1,5,0,3,0,1,0,2,17,1,3,1,0,0,"M.C.G.",83166,"Geelong","Collingwood",122,68
12806,"Brad","Close","Geelong",45,"10","2026-05-09",5,5,10,3,2,0,0,0,0,2,0,0,0,0,0,3,7,0,1,0,0,0,"M.C.G.",83166,"Geelong","Collingwood",122,68
11700,"Patrick","Dangerfield","Geelong",35,"10","2026-05-09",8,7,15,5,2,0,0,1,1,2,2,1,0,1,0,6,10,1,2,0,0,2,"M.C.G.",83166,"Geelong","Collingwood",122,68
12891,"Sam","De Koning","Geelong",16,"10","2026-05-09",6,10,16,2,0,0,7,1,2,2,1,6,1,0,0,8,7,0,0,3,0,0,"M.C.G.",83166,"Geelong","Collingwood",122,68
12974,"Oliver","Dempsey","Geelong",28,"10","2026-05-09",7,18,25,1,1,0,0,1,2,2,0,2,0,0,0,3,20,0,0,5,0,1,"M.C.G.",83166,"Geelong","Collingwood",122,68
12551,"Zach","Guthrie","Geelong",39,"10","2026-05-09",11,10,21,8,0,0,0,1,4,0,2,4,2,1,0,7,12,0,0,3,0,0,"M.C.G.",83166,"Geelong","Collingwood",122,68
12851,"Oliver","Henry","Geelong",36,"10","2026-05-09",9,3,12,3,4,2,0,1,0,2,0,3,2,0,0,4,7,0,3,1,0,0,"M.C.G.",83166,"Geelong","Collingwood",122,68
12881,"Max","Holmes","Geelong",9,"10","2026-05-09",15,18,33,4,0,0,0,2,7,2,2,5,1,1,0,6,21,0,0,0,2,2,"M.C.G.",83166,"Geelong","Collingwood",122,68
13160,"Lawson","Humphries","Geelong",17,"10","2026-05-09",17,9,26,7,0,0,0,4,2,2,0,4,1,1,0,4,21,0,0,5,0,0,"M.C.G.",83166,"Geelong","Collingwood",122,68
12370,"Jake","Kolodjashnij","Geelong",8,"10","2026-05-09",4,4,8,6,0,0,0,2,1,0,0,3,0,2,0,2,6,2,0,2,0,0,"M.C.G.",83166,"Geelong","Collingwood",122,68
13104,"Shaun","Mannagh","Geelong",7,"10","2026-05-09",9,4,13,3,3,0,0,4,0,2,1,1,0,0,0,3,10,0,1,0,0,1,"M.C.G.",83166,"Geelong","Collingwood",122,68
12236,"Jack","Martin","Geelong",19,"10","2026-05-09",7,4,11,6,2,1,0,3,0,0,1,3,0,3,0,4,8,0,3,0,0,0,"M.C.G.",83166,"Geelong","Collingwood",122,68
13066,"Oisin","Mullin","Geelong",34,"10","2026-05-09",11,10,21,4,0,0,0,2,1,4,5,2,0,1,0,9,14,0,0,4,1,0,"M.C.G.",83166,"Geelong","Collingwood",122,68
12992,"Shannon","Neale","Geelong",33,"10","2026-05-09",11,6,17,10,2,1,2,2,0,4,2,5,0,2,0,5,14,0,5,2,0,1,"M.C.G.",83166,"Geelong","Collingwood",122,68
12531,"Mark","OConnor","Geelong",42,"10","2026-05-09",11,7,18,8,0,0,0,1,2,3,1,4,0,0,0,2,16,0,0,3,0,2,"M.C.G.",83166,"Geelong","Collingwood",122,68
13122,"Connor","OSullivan","Geelong",14,"10","2026-05-09",7,5,12,8,0,0,0,3,4,0,0,1,1,0,0,4,8,1,0,5,0,0,"M.C.G.",83166,"Geelong","Collingwood",122,68
12692,"Bailey","Smith","Geelong",3,"10","2026-05-09",21,19,40,6,0,1,0,2,5,6,6,3,2,1,0,14,27,0,0,1,0,3,"M.C.G.",83166,"Geelong","Collingwood",122,68
11847,"Rhys","Stanley","Geelong",1,"10","2026-05-09",8,9,17,3,0,0,17,3,0,4,3,0,0,0,0,8,8,1,0,6,0,2,"M.C.G.",83166,"Geelong","Collingwood",122,68
12505,"Tom","Stewart","Geelong",44,"10","2026-05-09",14,7,21,5,0,1,0,2,8,0,1,1,0,0,0,5,12,1,0,2,1,0,"M.C.G.",83166,"Geelong","Collingwood",122,68
12619,"James","Worpel","Geelong",29,"10","2026-05-09",14,9,23,6,0,0,0,3,2,5,6,2,0,1,0,11,11,0,1,1,0,0,"M.C.G.",83166,"Geelong","Collingwood",122,68
NA,"Angus","Anderson","Collingwood",41,"10","2026-05-09",6,9,15,1,1,1,0,3,1,2,2,1,2,0,0,6,9,0,0,3,0,0,"M.C.G.",83166,"Geelong","Collingwood",122,68
13071,"Jack","Buller","Collingwood",34,"10","2026-05-09",9,7,16,9,2,1,0,1,0,1,0,1,1,0,0,3,12,1,4,3,0,0,"M.C.G.",83166,"Geelong","Collingwood",122,68
12660,"Darcy","Cameron","Collingwood",14,"10","2026-05-09",9,6,15,2,0,0,19,3,1,2,3,0,2,0,0,6,8,0,0,2,0,1,"M.C.G.",83166,"Geelong","Collingwood",122,68
12061,"Jack","Crisp","Collingwood",25,"10","2026-05-09",13,15,28,3,0,1,0,4,1,6,6,1,1,0,0,9,17,0,2,1,0,0,"M.C.G.",83166,"Geelong","Collingwood",122,68
12573,"Josh","Daicos","Collingwood",7,"10","2026-05-09",11,14,25,6,1,0,0,3,4,3,3,3,0,0,0,6,20,0,0,1,0,0,"M.C.G.",83166,"Geelong","Collingwood",122,68
12943,"Nick","Daicos","Collingwood",35,"10","2026-05-09",17,12,29,2,0,1,0,3,3,3,2,9,1,0,0,7,16,0,1,0,2,0,"M.C.G.",83166,"Geelong","Collingwood",122,68
12318,"Jordan","de Goey","Collingwood",2,"10","2026-05-09",17,13,30,9,0,1,0,3,2,9,3,0,1,0,0,9,21,0,1,1,0,0,"M.C.G.",83166,"Geelong","Collingwood",122,68
12083,"Jamie","Elliott","Collingwood",5,"10","2026-05-09",8,13,21,4,0,2,0,0,0,0,2,3,0,1,0,8,11,0,2,1,0,3,"M.C.G.",83166,"Geelong","Collingwood",122,68
12676,"Billy","Frampton","Collingwood",17,"10","2026-05-09",5,4,9,5,0,0,0,2,2,0,0,1,0,0,0,2,7,0,0,10,0,0,"M.C.G.",83166,"Geelong","Collingwood",122,68
12495,"Dan","Houston","Collingwood",9,"10","2026-05-09",17,8,25,6,0,0,0,1,6,3,0,2,0,0,0,7,12,1,0,1,0,0,"M.C.G.",83166,"Geelong","Collingwood",122,68
11967,"Jeremy","Howe","Collingwood",38,"10","2026-05-09",17,3,20,11,0,0,0,4,3,2,0,1,1,0,0,5,12,0,0,2,0,0,"M.C.G.",83166,"Geelong","Collingwood",122,68
12578,"Patrick","Lipinski","Collingwood",1,"10","2026-05-09",13,8,21,5,0,0,0,2,5,4,1,0,0,0,0,3,19,0,0,1,0,1,"M.C.G.",83166,"Geelong","Collingwood",122,68
13023,"Ned","Long","Collingwood",44,"10","2026-05-09",7,11,18,5,0,1,0,5,0,3,1,5,0,0,0,8,10,0,2,3,0,1,"M.C.G.",83166,"Geelong","Collingwood",122,68
12371,"Brayden","Maynard","Collingwood",4,"10","2026-05-09",15,10,25,4,0,0,0,4,2,3,1,4,1,2,0,4,19,0,0,1,0,0,"M.C.G.",83166,"Geelong","Collingwood",122,68
12876,"Beau","McCreery","Collingwood",31,"10","2026-05-09",9,11,20,5,0,1,0,6,0,4,3,6,0,3,0,6,13,0,2,0,1,0,"M.C.G.",83166,"Geelong","Collingwood",122,68
12291,"Daniel","McStay","Collingwood",11,"10","2026-05-09",6,0,6,3,3,1,0,0,0,1,0,1,0,1,0,1,5,1,3,0,0,0,"M.C.G.",83166,"Geelong","Collingwood",122,68
12372,"Darcy","Moore","Collingwood",30,"10","2026-05-09",1,6,7,0,0,0,0,0,1,0,0,0,0,0,0,3,3,0,0,2,0,0,"M.C.G.",83166,"Geelong","Collingwood",122,68
4182,"Scott","Pendlebury","Collingwood",10,"10","2026-05-09",14,13,27,4,1,0,0,3,0,3,4,2,2,0,0,7,17,0,0,1,0,0,"M.C.G.",83166,"Geelong","Collingwood",122,68
12740,"Isaac","Quaynor","Collingwood",3,"10","2026-05-09",5,7,12,2,0,0,0,3,2,3,1,2,1,1,0,6,5,0,0,1,1,0,"M.C.G.",83166,"Geelong","Collingwood",122,68
12700,"Lachie","Schultz","Collingwood",8,"10","2026-05-09",9,5,14,4,1,1,0,3,0,4,1,5,1,3,0,6,8,0,1,2,0,0,"M.C.G.",83166,"Geelong","Collingwood",122,68
11751,"Steele","Sidebottom","Collingwood",22,"10","2026-05-09",5,2,7,4,0,0,0,2,1,1,0,0,0,0,0,3,4,1,0,2,0,0,"M.C.G.",83166,"Geelong","Collingwood",122,68
13248,"Roan","Steele","Collingwood",45,"10","2026-05-09",6,9,15,4,0,0,0,0,0,1,1,1,0,0,0,5,10,0,0,4,0,0,"M.C.G.",83166,"Geelong","Collingwood",122,68
NA,"Oscar","Steene","Collingwood",21,"10","2026-05-09",3,5,8,3,0,0,18,1,0,1,1,2,1,0,0,3,5,0,0,1,0,0,"M.C.G.",83166,"Geelong","Collingwood",122,68
12931,"Jake","Bowey","Melbourne",17,"10","2026-05-10",21,5,26,4,0,0,0,3,8,1,2,0,1,0,0,5,12,0,0,2,0,0,"Docklands",16650,"Melbourne","West Coast",99,67
12756,"Kade","Chandler","Melbourne",37,"10","2026-05-10",10,8,18,1,1,0,0,5,1,6,3,2,1,2,0,8,9,0,0,0,0,3,"Docklands",16650,"Melbourne","West Coast",99,67
NA,"Paddy","Cross","Melbourne",41,"10","2026-05-10",7,3,10,2,3,0,0,6,0,4,1,4,1,2,0,3,7,0,2,1,0,0,"Docklands",16650,"Melbourne","West Coast",99,67
12598,"Bayley","Fritsch","Melbourne",31,"10","2026-05-10",5,8,13,5,0,1,0,4,1,2,3,0,1,0,0,6,8,0,1,1,0,0,"Docklands",16650,"Melbourne","West Coast",99,67
11966,"Max","Gawn","Melbourne",11,"10","2026-05-10",10,11,21,3,1,2,27,3,0,5,5,5,1,1,0,14,5,3,1,0,0,0,"Docklands",16650,"Melbourne","West Coast",99,67
13254,"Max","Heath","Melbourne",27,"10","2026-05-10",3,8,11,2,0,0,22,3,0,2,3,2,2,0,0,8,3,1,0,1,0,1,"Docklands",16650,"Melbourne","West Coast",99,67
13098,"Blake","Howes","Melbourne",22,"10","2026-05-10",12,7,19,11,0,0,0,3,3,0,0,3,0,3,0,6,14,1,0,1,0,0,"Docklands",16650,"Melbourne","West Coast",99,67
13182,"Matthew","Jefferson","Melbourne",21,"10","2026-05-10",2,1,3,3,1,0,0,0,0,1,0,1,0,0,0,1,2,1,1,1,0,0,"Docklands",16650,"Melbourne","West Coast",99,67
12752,"Changkuoth","Jiath","Melbourne",14,"10","2026-05-10",15,4,19,10,0,0,0,4,4,1,0,4,0,0,0,1,18,1,1,2,1,0,"Docklands",16650,"Melbourne","West Coast",99,67
12393,"Ed","Langdon","Melbourne",15,"10","2026-05-10",19,10,29,10,0,0,0,2,5,1,2,3,2,1,0,10,15,0,0,0,0,0,"Docklands",16650,"Melbourne","West Coast",99,67
13184,"Harvey","Langford","Melbourne",4,"10","2026-05-10",6,7,13,3,1,2,0,3,1,1,0,1,0,0,0,3,9,1,1,1,0,0,"Docklands",16650,"Melbourne","West Coast",99,67
13032,"Bailey","Laurie","Melbourne",16,"10","2026-05-10",7,7,14,6,0,1,0,3,2,2,1,1,0,0,0,1,12,0,0,0,0,0,"Docklands",16650,"Melbourne","West Coast",99,67
12351,"Jake","Lever","Melbourne",8,"10","2026-05-10",15,6,21,13,0,0,0,0,6,0,0,3,0,1,0,4,17,0,0,7,0,0,"Docklands",16650,"Melbourne","West Coast",99,67
13161,"Andy","Moniz-Wakefield","Melbourne",45,"10","2026-05-10",1,4,5,0,1,0,0,2,1,1,0,0,0,0,0,1,4,0,0,1,0,0,"Docklands",16650,"Melbourne","West Coast",99,67
12653,"Harry","Petty","Melbourne",35,"10","2026-05-10",11,2,13,9,0,0,0,0,3,1,0,3,1,2,0,4,9,2,0,8,0,0,"Docklands",16650,"Melbourne","West Coast",99,67
12771,"Kysaiah","Pickett","Melbourne",36,"10","2026-05-10",8,6,14,4,1,0,0,2,1,2,2,4,2,2,0,7,9,0,1,3,0,2,"Docklands",16650,"Melbourne","West Coast",99,67
NA,"Latrelle","Pickett","Melbourne",33,"10","2026-05-10",5,5,10,1,0,1,0,2,0,4,1,0,0,0,0,4,6,0,1,0,3,0,"Docklands",16650,"Melbourne","West Coast",99,67
12864,"Harry","Sharp","Melbourne",30,"10","2026-05-10",7,6,13,3,1,0,0,2,0,2,1,2,2,1,0,4,9,0,1,0,0,0,"Docklands",16650,"Melbourne","West Coast",99,67
12693,"Tom","Sparrow","Melbourne",32,"10","2026-05-10",16,8,24,3,0,1,0,5,0,7,6,2,0,0,0,12,12,0,0,0,0,1,"Docklands",16650,"Melbourne","West Coast",99,67
12368,"Jack","Steele","Melbourne",9,"10","2026-05-10",5,21,26,3,0,0,0,6,0,4,4,6,0,2,0,8,17,0,1,1,0,3,"Docklands",16650,"Melbourne","West Coast",99,67
13123,"Koltyn","Tholstrup","Melbourne",12,"10","2026-05-10",13,6,19,6,0,0,0,5,1,1,0,2,2,0,0,6,10,1,0,2,0,0,"Docklands",16650,"Melbourne","West Coast",99,67
13048,"Jacob","van Rooyen","Melbourne",2,"10","2026-05-10",10,5,15,7,5,1,0,3,0,1,1,6,1,3,0,7,9,1,5,1,0,0,"Docklands",16650,"Melbourne","West Coast",99,67
13099,"Caleb","Windsor","Melbourne",6,"10","2026-05-10",13,9,22,3,0,0,0,2,0,9,4,1,1,0,0,9,13,0,0,0,1,1,"Docklands",16650,"Melbourne","West Coast",99,67
12661,"Liam","Baker","West Coast",3,"10","2026-05-10",7,8,15,4,0,0,0,4,1,2,1,4,1,1,0,4,12,0,0,1,0,0,"Docklands",16650,"Melbourne","West Coast",99,67
13250,"Malakai","Champion","West Coast",37,"10","2026-05-10",3,6,9,2,1,0,0,2,0,2,1,3,1,2,0,5,4,0,1,1,0,0,"Docklands",16650,"Melbourne","West Coast",99,67
12446,"Tom","Cole","West Coast",28,"10","2026-05-10",9,8,17,7,1,0,0,2,1,2,0,1,0,1,0,5,12,1,1,2,2,0,"Docklands",16650,"Melbourne","West Coast",99,67
13210,"Hamish","Davis","West Coast",38,"10","2026-05-10",4,8,12,2,0,0,0,1,1,0,2,0,0,0,0,5,7,1,0,1,0,0,"Docklands",16650,"Melbourne","West Coast",99,67
NA,"Cooper","Duff-Tytler","West Coast",21,"10","2026-05-10",5,5,10,2,1,3,0,5,0,0,0,5,1,3,0,7,2,1,2,2,0,0,"Docklands",16650,"Melbourne","West Coast",99,67
12334,"Liam","Duggan","West Coast",14,"10","2026-05-10",15,8,23,5,0,1,0,2,6,1,1,1,1,0,0,5,18,0,1,7,0,0,"Docklands",16650,"Melbourne","West Coast",99,67
NA,"Willem","Duursma","West Coast",1,"10","2026-05-10",9,11,20,2,0,0,0,5,2,6,4,3,0,1,0,5,16,0,0,1,0,0,"Docklands",16650,"Melbourne","West Coast",99,67
12811,"Harry","Edwards","West Coast",42,"10","2026-05-10",0,0,0,0,0,0,0,2,0,0,0,0,0,0,0,1,0,0,0,2,0,0,"Docklands",16650,"Melbourne","West Coast",99,67
13038,"Reuben","Ginbey","West Coast",7,"10","2026-05-10",8,8,16,5,0,0,0,3,3,1,0,1,2,1,0,5,11,0,0,4,1,0,"Docklands",16650,"Melbourne","West Coast",99,67
12957,"Brady","Hough","West Coast",19,"10","2026-05-10",5,7,12,3,0,1,0,3,1,1,1,2,2,1,0,5,7,0,0,1,0,1,"Docklands",16650,"Melbourne","West Coast",99,67
13151,"Jack","Hutchinson","West Coast",44,"10","2026-05-10",6,2,8,2,1,0,0,3,0,1,0,3,0,0,0,1,6,1,2,0,0,0,"Docklands",16650,"Melbourne","West Coast",99,67
13136,"Harvey","Johnston","West Coast",24,"10","2026-05-10",3,3,6,2,0,0,0,4,0,1,0,3,0,1,0,3,3,0,0,0,0,0,"Docklands",16650,"Melbourne","West Coast",99,67
12595,"Tim","Kelly","West Coast",11,"10","2026-05-10",10,15,25,4,0,0,0,4,3,6,3,5,0,1,0,8,17,0,0,0,0,1,"Docklands",16650,"Melbourne","West Coast",99,67
NA,"Josh","Lindsay","West Coast",5,"10","2026-05-10",17,7,24,6,0,0,0,0,6,1,1,2,1,0,0,3,15,0,0,0,2,0,"Docklands",16650,"Melbourne","West Coast",99,67
13070,"Ryan","Maric","West Coast",23,"10","2026-05-10",8,13,21,2,0,0,0,1,2,2,4,5,1,3,0,9,12,0,0,1,1,0,"Docklands",16650,"Melbourne","West Coast",99,67
13240,"Tom","McCarthy","West Coast",18,"10","2026-05-10",20,10,30,6,0,0,0,0,7,6,4,2,0,0,0,10,18,0,0,2,1,1,"Docklands",16650,"Melbourne","West Coast",99,67
NA,"Milan","Murdock","West Coast",47,"10","2026-05-10",11,14,25,3,0,1,0,5,0,1,1,2,1,0,0,7,17,0,0,1,0,2,"Docklands",16650,"Melbourne","West Coast",99,67
13111,"Harley","Reid","West Coast",9,"10","2026-05-10",9,12,21,5,1,0,0,2,2,4,5,2,1,1,0,12,9,2,0,1,1,2,"Docklands",16650,"Melbourne","West Coast",99,67
13247,"Jobe","Shanahan","West Coast",35,"10","2026-05-10",3,3,6,2,0,0,0,0,1,0,0,1,0,0,0,1,5,0,0,1,0,0,"Docklands",16650,"Melbourne","West Coast",99,67
12601,"Jake","Waterman","West Coast",2,"10","2026-05-10",13,2,15,4,3,5,0,0,0,0,0,1,4,0,0,4,8,0,2,0,0,1,"Docklands",16650,"Melbourne","West Coast",99,67
12836,"Bailey","Williams","West Coast",32,"10","2026-05-10",7,7,14,2,1,1,23,0,0,2,4,2,1,1,0,10,3,1,2,4,0,1,"Docklands",16650,"Melbourne","West Coast",99,67
12087,"Elliot","Yeo","West Coast",6,"10","2026-05-10",16,4,20,2,0,0,0,8,1,6,5,3,2,1,0,7,11,0,0,0,2,0,"Docklands",16650,"Melbourne","West Coast",99,67
13043,"Tylar","Young","West Coast",20,"10","2026-05-10",10,6,16,6,0,0,0,0,5,2,0,0,1,0,0,5,12,0,0,3,1,0,"Docklands",16650,"Melbourne","West Coast",99,67
12686,"Noah","Balta","Richmond",21,"10","2026-05-10",11,3,14,6,1,1,8,1,1,3,3,1,2,0,0,7,8,3,0,1,0,0,"M.C.G.",22123,"Richmond","Adelaide",61,98
12456,"Nathan","Broad","Richmond",35,"10","2026-05-10",10,2,12,4,0,0,0,0,3,2,0,1,1,0,0,3,7,0,0,6,1,0,"M.C.G.",22123,"Richmond","Adelaide",61,98
13096,"Tom","Brown","Richmond",30,"10","2026-05-10",1,0,1,0,0,0,0,0,1,0,0,0,0,0,0,0,0,0,0,1,0,0,"M.C.G.",22123,"Richmond","Adelaide",61,98
NA,"Tom","Burton","Richmond",45,"10","2026-05-10",5,4,9,2,0,1,0,1,1,2,1,2,0,0,0,5,4,0,1,0,1,0,"M.C.G.",22123,"Richmond","Adelaide",61,98
13100,"Seth","Campbell","Richmond",44,"10","2026-05-10",9,3,12,4,1,0,0,0,0,4,1,5,0,2,0,5,8,0,0,1,1,1,"M.C.G.",22123,"Richmond","Adelaide",61,98
NA,"Sam","Cumming","Richmond",22,"10","2026-05-10",4,4,8,1,1,0,0,0,1,0,0,1,0,0,0,2,5,0,0,0,0,0,"M.C.G.",22123,"Richmond","Adelaide",61,98
13214,"Jonty","Faull","Richmond",8,"10","2026-05-10",7,4,11,3,0,0,0,1,0,2,0,4,0,0,0,3,7,1,0,4,0,1,"M.C.G.",22123,"Richmond","Adelaide",61,98
13218,"Campbell","Gray","Richmond",50,"10","2026-05-10",8,1,9,4,0,0,0,4,3,1,0,3,1,3,0,1,8,0,0,9,0,0,"M.C.G.",22123,"Richmond","Adelaide",61,98
13145,"Steely","Green","Richmond",48,"10","2026-05-10",5,5,10,5,1,0,0,5,1,0,0,0,0,0,0,3,7,0,1,0,0,1,"M.C.G.",22123,"Richmond","Adelaide",61,98
NA,"Oliver","Hayes-Brown","Richmond",47,"10","2026-05-10",1,10,11,1,0,0,9,1,0,0,1,0,1,0,0,7,4,1,0,2,0,0,"M.C.G.",22123,"Richmond","Adelaide",61,98
12440,"Jacob","Hopper","Richmond",2,"10","2026-05-10",13,10,23,3,0,0,0,3,2,6,2,7,1,2,0,9,14,0,1,1,1,0,"M.C.G.",22123,"Richmond","Adelaide",61,98
13113,"Mykelti","Lefau","Richmond",42,"10","2026-05-10",4,7,11,3,1,1,2,2,0,2,1,2,1,0,0,6,5,1,1,2,0,0,"M.C.G.",22123,"Richmond","Adelaide",61,98
11948,"Tom","Lynch","Richmond",19,"10","2026-05-10",8,6,14,3,3,0,0,1,0,1,1,3,4,0,0,10,5,2,2,2,0,2,"M.C.G.",22123,"Richmond","Adelaide",61,98
13117,"Kane","McAuliffe","Richmond",28,"10","2026-05-10",8,2,10,3,0,1,0,0,0,5,1,5,1,3,0,1,10,0,0,0,0,1,"M.C.G.",22123,"Richmond","Adelaide",61,98
12941,"Ben","Miller","Richmond",12,"10","2026-05-10",13,5,18,7,0,0,0,3,7,1,1,4,1,1,0,6,12,1,0,10,0,0,"M.C.G.",22123,"Richmond","Adelaide",61,98
NA,"Patrick","Retschko","Richmond",33,"10","2026-05-10",12,10,22,6,0,0,0,0,2,3,2,4,0,1,0,3,21,0,0,1,0,0,"M.C.G.",22123,"Richmond","Adelaide",61,98
12712,"Jack","Ross","Richmond",5,"10","2026-05-10",8,18,26,5,0,0,0,6,2,4,3,4,0,1,0,10,16,0,0,1,0,0,"M.C.G.",22123,"Richmond","Adelaide",61,98
12418,"Jayden","Short","Richmond",15,"10","2026-05-10",15,11,26,10,0,0,0,0,4,2,0,2,0,1,0,4,19,0,0,0,0,1,"M.C.G.",22123,"Richmond","Adelaide",61,98
13014,"Tyler","Sonsie","Richmond",40,"10","2026-05-10",8,5,13,3,1,0,0,1,0,1,1,2,2,2,0,8,7,0,1,0,0,0,"M.C.G.",22123,"Richmond","Adelaide",61,98
12504,"Tim","Taranto","Richmond",14,"10","2026-05-10",12,16,28,0,0,1,0,4,2,2,9,4,2,0,0,18,10,0,0,1,0,0,"M.C.G.",22123,"Richmond","Adelaide",61,98
13191,"Luke","Trainor","Richmond",11,"10","2026-05-10",11,7,18,10,0,0,0,1,2,1,0,1,0,0,0,4,13,2,0,1,0,0,"M.C.G.",22123,"Richmond","Adelaide",61,98
13095,"James","Trezise","Richmond",36,"10","2026-05-10",12,6,18,7,0,0,0,1,1,3,0,0,1,0,0,4,12,0,0,1,1,0,"M.C.G.",22123,"Richmond","Adelaide",61,98
12174,"Nick","Vlastuin","Richmond",1,"10","2026-05-10",11,10,21,2,0,0,0,3,5,0,0,2,2,2,0,8,11,0,0,2,1,0,"M.C.G.",22123,"Richmond","Adelaide",61,98
12849,"Sam","Berry","Adelaide",3,"10","2026-05-10",7,13,20,4,0,1,0,3,0,1,5,2,0,1,0,9,12,0,0,0,0,0,"M.C.G.",22123,"Richmond","Adelaide",61,98
13165,"Hugh","Bond","Adelaide",21,"10","2026-05-10",6,6,12,2,0,0,0,2,2,1,1,1,1,0,0,6,6,0,0,0,0,0,"M.C.G.",22123,"Richmond","Adelaide",61,98
13086,"James","Borlase","Adelaide",35,"10","2026-05-10",11,4,15,7,0,0,0,1,3,0,0,1,0,1,0,3,11,1,0,6,0,0,"M.C.G.",22123,"Richmond","Adelaide",61,98
12932,"Brayden","Cook","Adelaide",15,"10","2026-05-10",14,8,22,7,0,0,0,1,6,3,1,1,0,0,0,5,17,0,0,0,2,1,"M.C.G.",22123,"Richmond","Adelaide",61,98
12629,"Isaac","Cumming","Adelaide",44,"10","2026-05-10",12,3,15,8,1,0,0,1,2,4,1,3,0,2,0,1,14,0,1,0,1,1,"M.C.G.",22123,"Richmond","Adelaide",61,98
13132,"Daniel","Curtin","Adelaide",6,"10","2026-05-10",9,2,11,5,1,0,0,3,1,4,1,2,2,1,0,4,7,0,0,1,1,1,"M.C.G.",22123,"Richmond","Adelaide",61,98
12516,"Jordan","Dawson","Adelaide",12,"10","2026-05-10",22,7,29,12,1,0,0,4,3,7,3,6,1,2,0,10,19,1,0,0,1,1,"M.C.G.",22123,"Richmond","Adelaide",61,98
12434,"Ben","Keays","Adelaide",2,"10","2026-05-10",9,6,15,5,1,0,0,3,0,3,0,1,1,1,0,5,10,1,1,0,0,1,"M.C.G.",22123,"Richmond","Adelaide",61,98
12165,"Rory","Laird","Adelaide",29,"10","2026-05-10",16,11,27,12,0,0,0,1,6,1,1,2,0,0,0,6,21,0,0,0,1,0,"M.C.G.",22123,"Richmond","Adelaide",61,98
13065,"Lachlan","McAndrew","Adelaide",42,"10","2026-05-10",6,3,9,4,1,0,33,4,2,2,3,3,1,2,0,7,4,1,1,0,0,0,"M.C.G.",22123,"Richmond","Adelaide",61,98
13027,"Max","Michalanney","Adelaide",16,"10","2026-05-10",11,3,14,8,0,0,0,0,3,2,0,1,0,1,0,0,14,0,0,3,1,0,"M.C.G.",22123,"Richmond","Adelaide",61,98
12405,"Wayne","Milera","Adelaide",30,"10","2026-05-10",18,16,34,6,0,0,0,2,0,2,1,2,1,0,0,10,20,1,0,2,0,0,"M.C.G.",22123,"Richmond","Adelaide",61,98
12872,"Nick","Murray","Adelaide",9,"10","2026-05-10",4,3,7,2,1,0,0,3,0,0,0,4,0,3,0,2,5,0,0,5,0,0,"M.C.G.",22123,"Richmond","Adelaide",61,98
NA,"Toby","Murray","Adelaide",39,"10","2026-05-10",7,2,9,2,1,1,4,6,0,1,2,1,6,1,0,7,4,0,0,5,0,1,"M.C.G.",22123,"Richmond","Adelaide",61,98
12367,"Alex","Neal-Bullen","Adelaide",28,"10","2026-05-10",11,5,16,9,2,2,0,1,0,2,0,1,0,1,0,2,14,1,4,0,0,1,"M.C.G.",22123,"Richmond","Adelaide",61,98
12934,"James","Peatling","Adelaide",25,"10","2026-05-10",12,7,19,7,0,1,0,5,4,2,2,3,1,0,0,6,13,0,0,2,0,0,"M.C.G.",22123,"Richmond","Adelaide",61,98
12921,"Luke","Pedlar","Adelaide",10,"10","2026-05-10",7,1,8,6,1,1,0,3,0,2,0,0,0,0,0,4,4,2,1,0,0,0,"M.C.G.",22123,"Richmond","Adelaide",61,98
12953,"Josh","Rachele","Adelaide",8,"10","2026-05-10",8,6,14,5,2,1,0,1,0,3,1,2,1,1,0,6,7,0,1,0,0,2,"M.C.G.",22123,"Richmond","Adelaide",61,98
12798,"Izak","Rankine","Adelaide",23,"10","2026-05-10",24,9,33,10,1,1,0,9,2,8,4,5,2,1,0,10,22,0,0,1,0,0,"M.C.G.",22123,"Richmond","Adelaide",61,98
12952,"Jake","Soligo","Adelaide",14,"10","2026-05-10",5,3,8,2,0,0,0,2,0,1,2,3,0,2,0,5,4,0,0,1,1,0,"M.C.G.",22123,"Richmond","Adelaide",61,98
13159,"Zac","Taylor","Adelaide",19,"10","2026-05-10",10,5,15,6,0,1,0,3,0,4,1,1,1,0,0,3,11,1,1,1,0,0,"M.C.G.",22123,"Richmond","Adelaide",61,98
12892,"Riley","Thilthorpe","Adelaide",7,"10","2026-05-10",7,5,12,5,1,3,0,1,0,0,0,0,0,0,0,5,6,2,4,0,0,1,"M.C.G.",22123,"Richmond","Adelaide",61,98
12912,"Josh","Worrell","Adelaide",24,"10","2026-05-10",13,8,21,7,0,0,0,3,2,1,0,2,0,0,0,2,17,0,0,2,0,0,"M.C.G.",22123,"Richmond","Adelaide",61,98
12340,"Harris","Andrews","Brisbane Lions",31,"11","2026-05-14",6,6,12,5,0,0,0,1,5,2,1,1,1,0,0,6,7,1,0,12,0,0,"Gabba",29221,"Brisbane Lions","Geelong",76,117
13197,"Levi","Ashcroft","Brisbane Lions",10,"11","2026-05-14",17,11,28,5,1,0,0,2,3,1,2,3,2,0,0,6,19,0,0,0,3,1,"Gabba",29221,"Brisbane Lions","Geelong",76,117
13040,"Will","Ashcroft","Brisbane Lions",8,"11","2026-05-14",14,10,24,2,0,0,0,1,3,5,4,3,2,0,0,8,15,0,0,0,1,0,"Gabba",29221,"Brisbane Lions","Geelong",76,117
12610,"Zac","Bailey","Brisbane Lions",33,"11","2026-05-14",13,5,18,4,1,0,0,3,3,2,3,6,1,1,0,8,12,0,0,1,0,1,"Gabba",29221,"Brisbane Lions","Geelong",76,117
12277,"Charlie","Cameron","Brisbane Lions",23,"11","2026-05-14",12,2,14,3,3,0,0,2,0,4,1,0,2,0,0,6,7,0,1,2,0,0,"Gabba",29221,"Brisbane Lions","Geelong",76,117
12838,"Keidean","Coleman","Brisbane Lions",18,"11","2026-05-14",12,6,18,1,0,0,0,1,4,5,0,0,0,0,0,4,11,0,0,2,0,0,"Gabba",29221,"Brisbane Lions","Geelong",76,117
NA,"Cody","Curtin","Brisbane Lions",37,"11","2026-05-14",1,5,6,1,1,0,2,2,0,0,0,2,0,1,0,2,4,0,1,0,0,0,"Gabba",29221,"Brisbane Lions","Geelong",76,117
12810,"Sam","Draper","Brisbane Lions",2,"11","2026-05-14",10,3,13,3,1,1,24,0,1,4,2,2,3,1,0,8,6,0,2,2,0,2,"Gabba",29221,"Brisbane Lions","Geelong",76,117
12408,"Josh","Dunkley","Brisbane Lions",5,"11","2026-05-14",11,11,22,1,0,0,0,5,2,3,7,4,2,1,0,12,6,0,1,1,0,0,"Gabba",29221,"Brisbane Lions","Geelong",76,117
13072,"Jaspa","Fletcher","Brisbane Lions",3,"11","2026-05-14",6,12,18,1,0,1,0,2,3,1,1,6,0,2,0,4,12,0,0,0,0,0,"Gabba",29221,"Brisbane Lions","Geelong",76,117
12724,"Darcy","Fort","Brisbane Lions",32,"11","2026-05-14",9,7,16,1,0,0,17,2,1,5,3,5,2,1,0,10,7,1,0,7,0,0,"Gabba",29221,"Brisbane Lions","Geelong",76,117
12267,"Darcy","Gardiner","Brisbane Lions",27,"11","2026-05-14",7,4,11,4,0,0,0,0,3,0,1,3,0,2,0,4,8,0,0,8,0,0,"Gabba",29221,"Brisbane Lions","Geelong",76,117
11894,"Ryan","Lester","Brisbane Lions",35,"11","2026-05-14",5,9,14,7,0,0,0,3,4,3,2,1,0,1,0,5,8,0,0,7,0,0,"Gabba",29221,"Brisbane Lions","Geelong",76,117
12968,"Kai","Lohmann","Brisbane Lions",1,"11","2026-05-14",9,5,14,3,0,1,0,3,0,2,1,3,1,2,0,6,8,0,1,0,0,0,"Gabba",29221,"Brisbane Lions","Geelong",76,117
13215,"Sam","Marshall","Brisbane Lions",20,"11","2026-05-14",5,7,12,1,0,0,0,1,2,0,1,2,1,1,0,3,7,0,0,2,0,0,"Gabba",29221,"Brisbane Lions","Geelong",76,117
12518,"Hugh","McCluggage","Brisbane Lions",6,"11","2026-05-14",8,8,16,2,0,0,0,2,2,1,4,4,1,1,0,10,9,0,0,1,0,1,"Gabba",29221,"Brisbane Lions","Geelong",76,117
12391,"Conor","McKenna","Brisbane Lions",26,"11","2026-05-14",11,0,11,3,1,1,0,3,0,3,0,3,2,2,0,3,9,0,0,1,1,0,"Gabba",29221,"Brisbane Lions","Geelong",76,117
13137,"Logan","Morris","Brisbane Lions",13,"11","2026-05-14",9,4,13,8,2,2,0,0,0,0,0,3,1,0,0,2,10,1,5,1,0,1,"Gabba",29221,"Brisbane Lions","Geelong",76,117
12055,"Lachie","Neale","Brisbane Lions",9,"11","2026-05-14",15,13,28,3,0,0,0,1,1,5,5,2,1,0,0,10,15,0,0,1,1,0,"Gabba",29221,"Brisbane Lions","Geelong",76,117
12592,"Cam","Rayner","Brisbane Lions",16,"11","2026-05-14",10,7,17,2,1,3,0,3,0,6,1,1,0,0,0,9,9,0,0,1,0,1,"Gabba",29221,"Brisbane Lions","Geelong",76,117
13138,"Bruce","Reville","Brisbane Lions",38,"11","2026-05-14",10,7,17,1,0,0,0,4,5,2,2,2,0,1,0,6,8,0,0,3,0,0,"Gabba",29221,"Brisbane Lions","Geelong",76,117
13005,"James","Tunstill","Brisbane Lions",29,"11","2026-05-14",4,5,9,1,0,0,0,1,1,0,0,1,0,0,0,4,5,0,0,2,0,0,"Gabba",29221,"Brisbane Lions","Geelong",76,117
13026,"Darcy","Wilmot","Brisbane Lions",44,"11","2026-05-14",22,8,30,7,0,0,0,3,5,2,4,3,1,2,0,7,17,0,0,2,2,0,"Gabba",29221,"Brisbane Lions","Geelong",76,117
12690,"Tom","Atkins","Geelong",30,"11","2026-05-14",8,18,26,3,0,0,0,6,2,2,4,2,0,1,0,9,16,0,0,2,0,0,"Gabba",29221,"Brisbane Lions","Geelong",76,117
12153,"Mark","Blicavs","Geelong",46,"11","2026-05-14",5,5,10,2,0,0,5,2,1,1,1,2,1,2,0,4,7,1,0,5,0,0,"Gabba",29221,"Brisbane Lions","Geelong",76,117
12871,"Tanner","Bruhn","Geelong",4,"11","2026-05-14",16,13,29,4,0,0,0,2,2,8,2,6,0,1,0,10,19,0,1,0,2,0,"Gabba",29221,"Brisbane Lions","Geelong",76,117
12017,"Jeremy","Cameron","Geelong",5,"11","2026-05-14",12,4,16,5,3,3,0,1,0,3,1,0,2,0,0,5,12,0,1,4,0,1,"Gabba",29221,"Brisbane Lions","Geelong",76,117
12806,"Brad","Close","Geelong",45,"11","2026-05-14",5,3,8,1,1,0,0,6,0,1,0,3,0,0,0,1,7,0,0,1,0,0,"Gabba",29221,"Brisbane Lions","Geelong",76,117
11700,"Patrick","Dangerfield","Geelong",35,"11","2026-05-14",7,9,16,2,1,1,0,1,0,2,1,8,1,5,0,9,8,0,1,2,0,0,"Gabba",29221,"Brisbane Lions","Geelong",76,117
12891,"Sam","De Koning","Geelong",16,"11","2026-05-14",4,7,11,3,0,0,1,1,1,0,0,1,0,0,0,6,5,1,0,6,0,0,"Gabba",29221,"Brisbane Lions","Geelong",76,117
12974,"Oliver","Dempsey","Geelong",28,"11","2026-05-14",8,11,19,3,0,2,0,4,3,3,2,0,0,0,0,6,12,0,0,3,0,0,"Gabba",29221,"Brisbane Lions","Geelong",76,117
NA,"Mitchell","Edwards","Geelong",11,"11","2026-05-14",4,9,13,0,0,0,24,2,0,4,2,4,1,2,0,6,6,0,0,1,0,0,"Gabba",29221,"Brisbane Lions","Geelong",76,117
12551,"Zach","Guthrie","Geelong",39,"11","2026-05-14",13,3,16,4,0,0,0,2,4,1,0,0,0,0,0,1,12,0,0,6,0,0,"Gabba",29221,"Brisbane Lions","Geelong",76,117
12607,"Jack","Henry","Geelong",38,"11","2026-05-14",1,4,5,2,0,0,0,1,0,2,0,2,0,2,0,2,4,0,0,2,0,0,"Gabba",29221,"Brisbane Lions","Geelong",76,117
12851,"Oliver","Henry","Geelong",36,"11","2026-05-14",11,3,14,6,2,1,0,1,0,4,0,3,0,0,0,5,8,1,1,1,0,2,"Gabba",29221,"Brisbane Lions","Geelong",76,117
12881,"Max","Holmes","Geelong",9,"11","2026-05-14",12,14,26,6,0,0,0,3,6,4,5,4,0,1,0,9,14,0,0,1,1,0,"Gabba",29221,"Brisbane Lions","Geelong",76,117
13160,"Lawson","Humphries","Geelong",17,"11","2026-05-14",16,6,22,3,0,1,0,1,4,4,2,1,1,0,0,3,13,0,0,3,1,0,"Gabba",29221,"Brisbane Lions","Geelong",76,117
13104,"Shaun","Mannagh","Geelong",7,"11","2026-05-14",19,11,30,6,5,0,0,0,1,7,2,4,2,0,0,8,18,0,0,0,0,3,"Gabba",29221,"Brisbane Lions","Geelong",76,117
12236,"Jack","Martin","Geelong",19,"11","2026-05-14",4,3,7,4,0,0,0,3,0,2,0,2,0,1,0,0,7,0,1,1,0,1,"Gabba",29221,"Brisbane Lions","Geelong",76,117
12689,"Gryan","Miers","Geelong",32,"11","2026-05-14",10,6,16,3,0,0,0,1,1,1,1,2,2,1,0,5,11,0,0,1,0,1,"Gabba",29221,"Brisbane Lions","Geelong",76,117
13066,"Oisin","Mullin","Geelong",34,"11","2026-05-14",5,12,17,3,1,2,0,9,0,3,2,1,0,1,0,7,11,0,1,1,0,1,"Gabba",29221,"Brisbane Lions","Geelong",76,117
12992,"Shannon","Neale","Geelong",33,"11","2026-05-14",9,7,16,7,2,2,6,1,2,3,2,0,2,0,0,8,9,1,3,1,0,3,"Gabba",29221,"Brisbane Lions","Geelong",76,117
12531,"Mark","OConnor","Geelong",42,"11","2026-05-14",5,5,10,1,0,0,0,3,4,0,0,1,1,1,0,2,9,0,0,4,0,0,"Gabba",29221,"Brisbane Lions","Geelong",76,117
13122,"Connor","OSullivan","Geelong",14,"11","2026-05-14",7,8,15,2,0,0,0,2,2,0,0,6,1,2,0,9,5,0,0,3,0,0,"Gabba",29221,"Brisbane Lions","Geelong",76,117
12692,"Bailey","Smith","Geelong",3,"11","2026-05-14",21,13,34,3,2,0,0,11,3,9,7,1,3,0,0,12,21,1,0,1,0,0,"Gabba",29221,"Brisbane Lions","Geelong",76,117
12505,"Tom","Stewart","Geelong",44,"11","2026-05-14",21,7,28,7,0,0,0,1,8,2,1,6,2,3,0,11,12,1,0,3,0,0,"Gabba",29221,"Brisbane Lions","Geelong",76,117
12844,"Joel","Amartey","Sydney",36,"11","2026-05-15",3,2,5,2,0,1,3,2,0,1,0,1,1,0,0,3,2,0,1,4,0,0,"S.C.G.",40627,"Sydney","Collingwood",81,75
13195,"Riley","Bice","Sydney",26,"11","2026-05-15",13,4,17,3,0,0,0,2,4,4,0,3,2,0,0,3,12,0,0,2,2,1,"S.C.G.",40627,"Sydney","Collingwood",81,75
12699,"Nick","Blakey","Sydney",22,"11","2026-05-15",25,14,39,10,1,0,0,2,9,8,3,5,2,1,0,7,25,0,0,3,5,0,"S.C.G.",40627,"Sydney","Collingwood",81,75
NA,"Billy","Cootee","Sydney",25,"11","2026-05-15",2,2,4,2,0,1,0,7,0,0,0,1,1,1,0,2,2,0,1,0,0,0,"S.C.G.",40627,"Sydney","Collingwood",81,75
12015,"Harry","Cunningham","Sydney",7,"11","2026-05-15",7,3,10,2,0,0,0,3,4,0,0,1,1,0,0,1,9,0,0,1,0,0,"S.C.G.",40627,"Sydney","Collingwood",81,75
12421,"Charlie","Curnow","Sydney",35,"11","2026-05-15",6,3,9,2,1,1,0,0,0,1,0,5,2,4,0,7,2,1,1,0,0,0,"S.C.G.",40627,"Sydney","Collingwood",81,75
NA,"Will","Edwards","Sydney",28,"11","2026-05-15",6,7,13,7,0,0,0,1,1,2,0,4,2,2,0,6,8,0,0,7,0,0,"S.C.G.",40627,"Sydney","Collingwood",81,75
12217,"Brodie","Grundy","Sydney",4,"11","2026-05-15",13,21,34,5,1,1,46,4,2,4,12,6,5,3,0,24,8,0,0,3,0,0,"S.C.G.",40627,"Sydney","Collingwood",81,75
12326,"Isaac","Heeney","Sydney",5,"11","2026-05-15",17,15,32,2,1,1,0,1,2,6,11,9,3,1,0,20,12,1,1,3,0,0,"S.C.G.",40627,"Sydney","Collingwood",81,75
12860,"James","Jordon","Sydney",17,"11","2026-05-15",5,9,14,3,0,0,0,2,1,2,0,0,1,0,0,4,9,0,0,1,0,0,"S.C.G.",40627,"Sydney","Collingwood",81,75
12268,"Jake","Lloyd","Sydney",44,"11","2026-05-15",7,5,12,3,0,0,0,1,0,3,0,3,0,0,0,2,8,0,0,1,0,1,"S.C.G.",40627,"Sydney","Collingwood",81,75
12627,"Tom","McCartin","Sydney",30,"11","2026-05-15",11,10,21,7,0,0,0,4,6,1,0,2,1,0,0,4,16,1,0,12,0,0,"S.C.G.",40627,"Sydney","Collingwood",81,75
12861,"Logan","McDonald","Sydney",6,"11","2026-05-15",5,3,8,2,2,0,3,0,1,2,1,1,0,0,0,5,4,0,0,2,0,0,"S.C.G.",40627,"Sydney","Collingwood",81,75
12711,"Justin","McInerney","Sydney",27,"11","2026-05-15",12,19,31,6,1,2,0,2,2,5,4,2,2,0,0,14,19,0,2,2,0,0,"S.C.G.",40627,"Sydney","Collingwood",81,75
12526,"Lewis","Melican","Sydney",43,"11","2026-05-15",7,5,12,5,0,0,0,4,0,1,0,3,1,1,0,7,5,1,0,8,0,0,"S.C.G.",40627,"Sydney","Collingwood",81,75
12413,"Callum","Mills","Sydney",14,"11","2026-05-15",14,8,22,3,0,1,0,3,2,2,2,2,2,0,0,6,12,0,0,1,0,0,"S.C.G.",40627,"Sydney","Collingwood",81,75
12412,"Tom","Papley","Sydney",11,"11","2026-05-15",7,5,12,1,2,2,0,0,0,5,0,2,0,2,0,6,7,0,0,0,0,0,"S.C.G.",40627,"Sydney","Collingwood",81,75
12903,"Malcolm","Rosas","Sydney",10,"11","2026-05-15",11,3,14,4,0,0,0,2,0,5,0,8,0,1,0,6,7,0,0,1,0,0,"S.C.G.",40627,"Sydney","Collingwood",81,75
12714,"James","Rowbottom","Sydney",8,"11","2026-05-15",8,6,14,2,0,0,0,4,2,2,1,2,3,0,0,8,6,0,0,0,0,0,"S.C.G.",40627,"Sydney","Collingwood",81,75
13022,"Jai","Serong","Sydney",13,"11","2026-05-15",12,8,20,8,1,0,0,0,3,2,2,3,0,1,0,6,14,1,1,1,1,1,"S.C.G.",40627,"Sydney","Collingwood",81,75
12951,"Angus","Sheldrick","Sydney",12,"11","2026-05-15",9,5,14,0,0,0,0,7,1,5,1,5,0,0,0,7,5,0,0,0,0,0,"S.C.G.",40627,"Sydney","Collingwood",81,75
12797,"Chad","Warner","Sydney",1,"11","2026-05-15",20,3,23,3,1,3,0,1,1,6,4,5,1,2,0,9,12,0,1,2,1,0,"S.C.G.",40627,"Sydney","Collingwood",81,75
12818,"Sam","Wicks","Sydney",15,"11","2026-05-15",13,8,21,7,0,0,0,4,4,4,0,3,1,1,0,3,17,1,0,1,1,0,"S.C.G.",40627,"Sydney","Collingwood",81,75
13146,"Edward","Allan","Collingwood",16,"11","2026-05-15",6,11,17,0,0,0,0,6,1,4,5,2,1,2,0,8,8,0,0,1,0,0,"S.C.G.",40627,"Sydney","Collingwood",81,75
NA,"Angus","Anderson","Collingwood",41,"11","2026-05-15",9,8,17,4,1,1,0,1,2,4,0,1,0,0,0,8,10,0,0,2,0,1,"S.C.G.",40627,"Sydney","Collingwood",81,75
13071,"Jack","Buller","Collingwood",34,"11","2026-05-15",3,2,5,2,0,1,3,4,0,2,1,6,0,5,0,2,4,1,1,2,0,0,"S.C.G.",40627,"Sydney","Collingwood",81,75
12061,"Jack","Crisp","Collingwood",25,"11","2026-05-15",9,9,18,1,0,1,0,8,2,4,2,4,3,2,0,13,7,0,0,3,0,0,"S.C.G.",40627,"Sydney","Collingwood",81,75
12573,"Josh","Daicos","Collingwood",7,"11","2026-05-15",14,7,21,3,0,0,0,4,8,2,2,2,2,1,0,7,14,0,0,0,0,0,"S.C.G.",40627,"Sydney","Collingwood",81,75
12943,"Nick","Daicos","Collingwood",35,"11","2026-05-15",13,15,28,4,2,0,0,2,2,5,2,4,1,0,0,6,20,1,1,2,0,1,"S.C.G.",40627,"Sydney","Collingwood",81,75
12318,"Jordan","de Goey","Collingwood",2,"11","2026-05-15",18,11,29,2,0,0,0,2,3,4,6,5,2,2,0,11,16,0,0,3,0,1,"S.C.G.",40627,"Sydney","Collingwood",81,75
12083,"Jamie","Elliott","Collingwood",5,"11","2026-05-15",7,7,14,3,1,0,0,2,0,2,0,2,0,0,0,5,9,1,2,0,0,0,"S.C.G.",40627,"Sydney","Collingwood",81,75
12676,"Billy","Frampton","Collingwood",17,"11","2026-05-15",5,8,13,3,0,0,0,1,5,0,0,4,0,2,0,4,9,0,0,10,0,0,"S.C.G.",40627,"Sydney","Collingwood",81,75
13228,"Will","Hayes","Collingwood",39,"11","2026-05-15",3,7,10,2,1,2,0,1,0,0,0,1,0,1,0,4,6,0,1,0,0,0,"S.C.G.",40627,"Sydney","Collingwood",81,75
12495,"Dan","Houston","Collingwood",9,"11","2026-05-15",8,9,17,3,0,1,0,5,4,2,0,3,0,1,0,5,9,0,0,4,0,0,"S.C.G.",40627,"Sydney","Collingwood",81,75
11967,"Jeremy","Howe","Collingwood",38,"11","2026-05-15",22,2,24,6,0,0,0,0,10,0,1,1,0,0,0,3,9,1,0,4,0,0,"S.C.G.",40627,"Sydney","Collingwood",81,75
13023,"Ned","Long","Collingwood",44,"11","2026-05-15",9,6,15,1,1,2,0,7,3,3,1,4,0,0,0,8,9,0,0,3,0,0,"S.C.G.",40627,"Sydney","Collingwood",81,75
12371,"Brayden","Maynard","Collingwood",4,"11","2026-05-15",14,4,18,3,0,0,0,7,6,2,1,4,2,1,0,5,8,0,0,5,0,0,"S.C.G.",40627,"Sydney","Collingwood",81,75
12876,"Beau","McCreery","Collingwood",31,"11","2026-05-15",5,7,12,0,0,1,0,4,0,2,1,2,2,1,0,6,6,0,0,1,0,0,"S.C.G.",40627,"Sydney","Collingwood",81,75
12291,"Daniel","McStay","Collingwood",11,"11","2026-05-15",5,6,11,3,1,0,2,6,1,1,2,0,1,0,0,6,3,1,0,1,0,0,"S.C.G.",40627,"Sydney","Collingwood",81,75
13147,"Wil","Parker","Collingwood",15,"11","2026-05-15",4,9,13,3,0,0,0,1,0,2,1,3,0,2,0,8,5,0,0,1,0,0,"S.C.G.",40627,"Sydney","Collingwood",81,75
12740,"Isaac","Quaynor","Collingwood",3,"11","2026-05-15",12,10,22,7,0,0,0,4,9,2,3,4,1,2,0,6,15,0,0,4,0,1,"S.C.G.",40627,"Sydney","Collingwood",81,75
12700,"Lachie","Schultz","Collingwood",8,"11","2026-05-15",5,8,13,3,1,1,0,5,0,2,1,8,1,5,0,5,9,1,2,1,0,0,"S.C.G.",40627,"Sydney","Collingwood",81,75
11751,"Steele","Sidebottom","Collingwood",22,"11","2026-05-15",9,7,16,4,0,0,0,3,2,5,1,3,0,0,0,7,9,0,0,1,0,0,"S.C.G.",40627,"Sydney","Collingwood",81,75
13248,"Roan","Steele","Collingwood",45,"11","2026-05-15",12,7,19,3,1,1,0,1,1,2,2,0,1,0,0,7,11,0,0,1,0,0,"S.C.G.",40627,"Sydney","Collingwood",81,75
NA,"Oscar","Steene","Collingwood",21,"11","2026-05-15",5,7,12,2,0,0,5,0,0,3,6,2,3,2,0,7,4,0,0,0,0,0,"S.C.G.",40627,"Sydney","Collingwood",81,75
13246,"Charlie","West","Collingwood",29,"11","2026-05-15",6,3,9,4,1,0,0,0,0,3,0,6,1,2,0,4,3,2,1,2,0,0,"S.C.G.",40627,"Sydney","Collingwood",81,75
13251,"Oscar","Adams","Gold Coast",48,"11","2026-05-15",8,7,15,8,0,0,0,1,2,1,0,2,0,1,0,4,10,0,0,8,0,0,"Marrara Oval",11974,"Gold Coast","Port Adelaide",98,73
12767,"Noah","Anderson","Gold Coast",15,"11","2026-05-15",24,9,33,5,0,0,0,4,5,5,8,4,0,1,0,11,20,0,0,0,1,0,"Marrara Oval",11974,"Gold Coast","Port Adelaide",98,73
13019,"Mac","Andrew","Gold Coast",1,"11","2026-05-15",12,10,22,9,0,0,0,1,1,2,0,3,1,1,0,5,15,1,0,8,1,1,"Marrara Oval",11974,"Gold Coast","Port Adelaide",98,73
12444,"Sam","Collins","Gold Coast",25,"11","2026-05-15",9,11,20,7,0,0,0,1,5,0,0,1,1,1,0,9,11,1,0,3,0,0,"Marrara Oval",11974,"Gold Coast","Port Adelaide",98,73
13120,"Will","Graham","Gold Coast",26,"11","2026-05-15",4,3,7,1,1,0,0,1,0,1,0,2,0,1,0,4,4,0,0,0,0,0,"Marrara Oval",11974,"Gold Coast","Port Adelaide",98,73
13272,"Lachlan","Gulbin","Gold Coast",39,"11","2026-05-15",3,1,4,1,1,1,0,5,1,0,0,1,0,0,0,0,4,0,1,1,0,0,"Marrara Oval",11974,"Gold Coast","Port Adelaide",98,73
12307,"Nick","Holman","Gold Coast",7,"11","2026-05-15",7,9,16,3,0,0,0,3,1,1,0,3,1,3,0,9,8,0,0,1,0,0,"Marrara Oval",11974,"Gold Coast","Port Adelaide",98,73
13049,"Bailey","Humphrey","Gold Coast",19,"11","2026-05-15",7,5,12,4,0,1,0,4,0,4,0,3,0,2,0,4,8,0,3,0,0,1,"Marrara Oval",11974,"Gold Coast","Port Adelaide",98,73
12933,"Joel","Jeffrey","Gold Coast",16,"11","2026-05-15",12,1,13,7,1,0,0,1,4,2,0,2,0,1,0,0,10,0,1,1,1,0,"Marrara Oval",11974,"Gold Coast","Port Adelaide",98,73
12728,"Ben","King","Gold Coast",34,"11","2026-05-15",4,2,6,2,1,1,1,0,0,2,0,4,0,2,0,1,5,0,1,2,0,0,"Marrara Oval",11974,"Gold Coast","Port Adelaide",98,73
13232,"Leo","Lombard","Gold Coast",8,"11","2026-05-15",9,9,18,2,1,1,0,1,0,4,1,2,0,0,0,9,8,0,1,0,0,2,"Marrara Oval",11974,"Gold Coast","Port Adelaide",98,73
12331,"Touk","Miller","Gold Coast",11,"11","2026-05-15",11,10,21,6,0,0,0,2,4,2,4,2,0,1,0,7,17,0,0,3,0,0,"Marrara Oval",11974,"Gold Coast","Port Adelaide",98,73
13050,"Ned","Moyle","Gold Coast",23,"11","2026-05-15",8,6,14,2,3,0,13,2,0,4,1,2,1,1,0,10,3,2,1,7,0,0,"Marrara Oval",11974,"Gold Coast","Port Adelaide",98,73
12743,"John","Noble","Gold Coast",2,"11","2026-05-15",24,7,31,8,1,0,0,2,5,6,0,1,2,0,0,6,21,0,1,1,0,2,"Marrara Oval",11974,"Gold Coast","Port Adelaide",98,73
12430,"Christian","Petracca","Gold Coast",3,"11","2026-05-15",16,11,27,1,1,0,0,3,0,8,9,8,1,1,0,15,11,0,0,0,0,1,"Marrara Oval",11974,"Gold Coast","Port Adelaide",98,73
12652,"Wil","Powell","Gold Coast",27,"11","2026-05-15",10,7,17,4,0,0,0,1,3,3,0,3,1,1,0,6,11,0,0,2,0,0,"Marrara Oval",11974,"Gold Coast","Port Adelaide",98,73
12403,"Daniel","Rioli","Gold Coast",17,"11","2026-05-15",14,9,23,4,0,0,0,2,5,4,0,1,1,1,0,6,15,0,0,0,5,0,"Marrara Oval",11974,"Gold Coast","Port Adelaide",98,73
12768,"Matt","Rowell","Gold Coast",18,"11","2026-05-15",12,11,23,0,0,1,0,6,1,6,6,2,2,1,0,17,7,0,0,0,1,0,"Marrara Oval",11974,"Gold Coast","Port Adelaide",98,73
13041,"Bodhi","Uwland","Gold Coast",6,"11","2026-05-15",19,12,31,6,1,0,0,2,5,2,0,2,2,0,0,7,17,1,0,6,1,0,"Marrara Oval",11974,"Gold Coast","Port Adelaide",98,73
13278,"Zeke","Uwland","Gold Coast",32,"11","2026-05-15",7,3,10,4,1,0,0,1,2,2,0,1,0,0,0,0,10,0,0,0,0,0,"Marrara Oval",11974,"Gold Coast","Port Adelaide",98,73
13114,"Jed","Walter","Gold Coast",4,"11","2026-05-15",6,3,9,4,3,1,0,2,0,1,0,2,0,1,0,5,6,1,2,4,0,1,"Marrara Oval",11974,"Gold Coast","Port Adelaide",98,73
12385,"Lachie","Weller","Gold Coast",14,"11","2026-05-15",1,2,3,1,0,0,0,0,0,0,0,0,0,0,0,1,2,0,0,0,0,0,"Marrara Oval",11974,"Gold Coast","Port Adelaide",98,73
12177,"Jarrod","Witts","Gold Coast",28,"11","2026-05-15",8,6,14,5,0,0,25,2,0,2,1,3,1,2,0,7,8,1,0,1,0,0,"Marrara Oval",11974,"Gold Coast","Port Adelaide",98,73
12433,"Aliir","Aliir","Port Adelaide",21,"11","2026-05-15",11,1,12,1,0,0,0,0,5,0,1,1,4,0,0,7,4,0,0,11,0,0,"Marrara Oval",11974,"Gold Coast","Port Adelaide",98,73
NA,"Tom","Anastasopoulos","Port Adelaide",29,"11","2026-05-15",8,8,16,3,0,0,0,1,0,3,0,1,0,0,0,1,13,0,1,0,0,0,"Marrara Oval",11974,"Gold Coast","Port Adelaide",98,73
13188,"Joe","Berry","Port Adelaide",5,"11","2026-05-15",15,4,19,2,2,0,0,1,0,10,3,4,3,1,0,10,10,0,0,2,0,2,"Marrara Oval",11974,"Gold Coast","Port Adelaide",98,73
13007,"Jase","Burgoyne","Port Adelaide",7,"11","2026-05-15",14,14,28,2,0,0,0,1,6,2,1,2,1,0,0,11,13,0,0,2,0,0,"Marrara Oval",11974,"Gold Coast","Port Adelaide",98,73
12698,"Zak","Butters","Port Adelaide",9,"11","2026-05-15",18,17,35,4,0,0,0,5,0,5,9,1,2,0,0,16,19,0,0,2,3,1,"Marrara Oval",11974,"Gold Coast","Port Adelaide",98,73
12422,"Darcy","Byrne-Jones","Port Adelaide",33,"11","2026-05-15",15,12,27,1,0,0,0,4,5,4,1,2,1,0,0,8,18,0,0,0,2,0,"Marrara Oval",11974,"Gold Coast","Port Adelaide",98,73
12695,"Willem","Drew","Port Adelaide",28,"11","2026-05-15",18,6,24,5,0,0,0,4,4,6,8,3,1,0,0,13,10,0,0,0,0,0,"Marrara Oval",11974,"Gold Coast","Port Adelaide",98,73
12936,"Corey","Durdin","Port Adelaide",44,"11","2026-05-15",7,3,10,3,1,2,0,3,0,1,0,4,0,1,0,4,5,0,1,0,0,0,"Marrara Oval",11974,"Gold Coast","Port Adelaide",98,73
13156,"Logan","Evans","Port Adelaide",22,"11","2026-05-15",9,5,14,5,0,0,0,2,3,0,2,4,0,1,0,6,7,1,0,6,0,0,"Marrara Oval",11974,"Gold Coast","Port Adelaide",98,73
12664,"Kane","Farrell","Port Adelaide",6,"11","2026-05-15",17,2,19,6,1,0,0,1,8,4,2,1,0,0,0,2,12,0,0,2,3,0,"Marrara Oval",11974,"Gold Coast","Port Adelaide",98,73
12766,"Mitch","Georgiades","Port Adelaide",19,"11","2026-05-15",6,5,11,3,1,3,0,0,1,0,0,5,1,2,0,4,6,0,1,1,0,0,"Marrara Oval",11974,"Gold Coast","Port Adelaide",98,73
12956,"Jason","Horne-Francis","Port Adelaide",18,"11","2026-05-15",10,7,17,1,0,1,0,6,1,1,2,3,0,2,0,5,10,0,0,0,0,0,"Marrara Oval",11974,"Gold Coast","Port Adelaide",98,73
12882,"Lachie","Jones","Port Adelaide",34,"11","2026-05-15",1,3,4,0,0,0,0,1,0,0,0,1,1,0,0,0,4,0,0,0,0,0,"Marrara Oval",11974,"Gold Coast","Port Adelaide",98,73
13162,"Will","Lorenz","Port Adelaide",36,"11","2026-05-15",5,11,16,4,0,1,0,2,0,1,3,4,1,1,0,7,9,0,0,1,0,0,"Marrara Oval",11974,"Gold Coast","Port Adelaide",98,73
13269,"Ewan","Mackinlay","Port Adelaide",31,"11","2026-05-15",3,7,10,1,2,0,0,4,1,2,1,4,1,1,0,8,2,0,0,0,2,1,"Marrara Oval",11974,"Gold Coast","Port Adelaide",98,73
13199,"Christian","Moraes","Port Adelaide",11,"11","2026-05-15",7,8,15,2,0,0,0,0,1,2,0,2,0,0,0,5,10,0,0,1,0,0,"Marrara Oval",11974,"Gold Coast","Port Adelaide",98,73
12597,"Esava","Ratugolea","Port Adelaide",27,"11","2026-05-15",7,4,11,3,0,0,0,2,7,0,0,0,0,0,0,4,4,1,0,6,0,0,"Marrara Oval",11974,"Gold Coast","Port Adelaide",98,73
13139,"Joe","Richards","Port Adelaide",35,"11","2026-05-15",10,5,15,3,3,2,0,4,0,3,1,2,2,1,0,6,9,0,2,0,0,0,"Marrara Oval",11974,"Gold Coast","Port Adelaide",98,73
12890,"Jordon","Sweet","Port Adelaide",24,"11","2026-05-15",5,5,10,1,0,0,28,2,3,1,4,4,2,2,0,7,3,0,0,4,1,0,"Marrara Oval",11974,"Gold Coast","Port Adelaide",98,73
13073,"Dante","Visentini","Port Adelaide",38,"11","2026-05-15",0,1,1,0,0,0,5,3,0,0,1,2,1,2,0,3,0,0,0,4,0,0,"Marrara Oval",11974,"Gold Coast","Port Adelaide",98,73
NA,"Jack","Watkins","Port Adelaide",37,"11","2026-05-15",8,3,11,2,0,0,0,3,0,3,0,1,0,0,0,2,9,0,0,2,0,0,"Marrara Oval",11974,"Gold Coast","Port Adelaide",98,73
13259,"Jack","Whitlock","Port Adelaide",17,"11","2026-05-15",5,4,9,3,0,2,0,1,0,3,1,0,1,0,0,4,7,1,1,2,0,0,"Marrara Oval",11974,"Gold Coast","Port Adelaide",98,73
12150,"Ollie","Wines","Port Adelaide",16,"11","2026-05-15",8,13,21,2,0,0,0,0,2,4,1,1,0,0,0,8,13,0,0,1,0,0,"Marrara Oval",11974,"Gold Coast","Port Adelaide",98,73
12849,"Sam","Berry","Adelaide",3,"11","2026-05-16",10,11,21,2,0,0,0,8,0,6,2,1,0,1,0,8,15,0,0,1,0,1,"Adelaide Oval",41313,"Adelaide","North Melbourne",133,65
13086,"James","Borlase","Adelaide",35,"11","2026-05-16",11,5,16,7,0,0,0,2,2,0,0,4,0,0,0,4,12,1,0,6,0,0,"Adelaide Oval",41313,"Adelaide","North Melbourne",133,65
12829,"Jordon","Butts","Adelaide",41,"11","2026-05-16",3,5,8,1,0,0,0,1,2,0,1,2,0,2,0,4,4,1,0,6,0,0,"Adelaide Oval",41313,"Adelaide","North Melbourne",133,65
12932,"Brayden","Cook","Adelaide",15,"11","2026-05-16",11,4,15,3,1,1,0,4,0,5,0,1,0,0,0,0,15,0,2,1,2,0,"Adelaide Oval",41313,"Adelaide","North Melbourne",133,65
12629,"Isaac","Cumming","Adelaide",44,"11","2026-05-16",9,8,17,7,0,0,0,1,4,0,0,1,0,1,0,3,14,0,0,2,0,0,"Adelaide Oval",41313,"Adelaide","North Melbourne",133,65
13132,"Daniel","Curtin","Adelaide",6,"11","2026-05-16",5,6,11,5,0,1,0,0,0,0,1,2,0,0,0,6,6,1,1,1,0,0,"Adelaide Oval",41313,"Adelaide","North Melbourne",133,65
12516,"Jordan","Dawson","Adelaide",12,"11","2026-05-16",14,10,24,6,1,0,0,5,2,6,4,3,3,1,0,8,18,1,0,2,2,2,"Adelaide Oval",41313,"Adelaide","North Melbourne",133,65
12584,"Darcy","Fogarty","Adelaide",32,"11","2026-05-16",7,4,11,7,2,2,0,1,0,0,0,1,0,1,0,6,6,2,5,1,0,2,"Adelaide Oval",41313,"Adelaide","North Melbourne",133,65
12434,"Ben","Keays","Adelaide",2,"11","2026-05-16",9,8,17,3,2,1,0,1,2,2,2,3,1,0,0,6,10,0,1,2,0,1,"Adelaide Oval",41313,"Adelaide","North Melbourne",133,65
12165,"Rory","Laird","Adelaide",29,"11","2026-05-16",14,11,25,7,0,0,0,3,3,1,1,3,0,1,0,6,16,1,0,0,0,0,"Adelaide Oval",41313,"Adelaide","North Melbourne",133,65
13065,"Lachlan","McAndrew","Adelaide",42,"11","2026-05-16",6,3,9,3,2,0,19,6,1,1,5,7,2,6,0,7,2,1,1,2,0,1,"Adelaide Oval",41313,"Adelaide","North Melbourne",133,65
13027,"Max","Michalanney","Adelaide",16,"11","2026-05-16",8,7,15,5,0,0,0,4,1,3,0,2,0,2,0,2,14,0,0,1,1,0,"Adelaide Oval",41313,"Adelaide","North Melbourne",133,65
12405,"Wayne","Milera","Adelaide",30,"11","2026-05-16",11,8,19,5,0,0,0,6,5,1,0,4,1,2,0,3,14,0,0,2,0,0,"Adelaide Oval",41313,"Adelaide","North Melbourne",133,65
NA,"Toby","Murray","Adelaide",39,"11","2026-05-16",9,5,14,6,2,2,13,2,1,2,3,1,1,0,0,6,8,1,2,2,0,1,"Adelaide Oval",41313,"Adelaide","North Melbourne",133,65
13081,"Luke","Nankervis","Adelaide",27,"11","2026-05-16",6,5,11,1,2,0,0,2,1,0,1,2,0,2,0,4,7,0,0,1,0,0,"Adelaide Oval",41313,"Adelaide","North Melbourne",133,65
12367,"Alex","Neal-Bullen","Adelaide",28,"11","2026-05-16",11,2,13,4,0,0,0,5,1,5,3,1,1,0,0,4,9,0,0,0,0,0,"Adelaide Oval",41313,"Adelaide","North Melbourne",133,65
12934,"James","Peatling","Adelaide",25,"11","2026-05-16",12,10,22,6,2,0,0,6,1,0,3,3,3,2,0,11,11,0,0,0,0,0,"Adelaide Oval",41313,"Adelaide","North Melbourne",133,65
12921,"Luke","Pedlar","Adelaide",10,"11","2026-05-16",8,8,16,4,0,2,0,3,0,2,2,2,3,0,0,5,12,0,1,0,0,1,"Adelaide Oval",41313,"Adelaide","North Melbourne",133,65
12953,"Josh","Rachele","Adelaide",8,"11","2026-05-16",12,6,18,5,3,0,0,1,0,3,0,4,0,1,0,6,10,0,1,0,0,1,"Adelaide Oval",41313,"Adelaide","North Melbourne",133,65
12798,"Izak","Rankine","Adelaide",23,"11","2026-05-16",15,13,28,4,1,2,0,3,2,7,10,5,2,1,0,15,15,0,0,2,1,0,"Adelaide Oval",41313,"Adelaide","North Melbourne",133,65
12952,"Jake","Soligo","Adelaide",14,"11","2026-05-16",11,7,18,5,2,1,0,2,0,2,1,2,1,1,0,4,14,0,2,1,0,1,"Adelaide Oval",41313,"Adelaide","North Melbourne",133,65
13159,"Zac","Taylor","Adelaide",19,"11","2026-05-16",6,9,15,4,0,1,0,5,0,1,1,1,1,0,0,5,10,0,0,1,0,2,"Adelaide Oval",41313,"Adelaide","North Melbourne",133,65
12912,"Josh","Worrell","Adelaide",24,"11","2026-05-16",15,9,24,5,0,0,0,2,7,2,1,1,0,0,0,6,12,0,0,2,0,0,"Adelaide Oval",41313,"Adelaide","North Melbourne",133,65
NA,"Tom","Blamires","North Melbourne",39,"11","2026-05-16",8,5,13,5,0,0,0,0,2,1,1,1,0,0,0,3,9,0,0,1,0,0,"Adelaide Oval",41313,"Adelaide","North Melbourne",133,65
12938,"Charlie","Comben","North Melbourne",30,"11","2026-05-16",5,5,10,8,0,0,0,1,2,1,0,3,0,1,0,3,8,1,0,4,0,0,"Adelaide Oval",41313,"Adelaide","North Melbourne",133,65
12975,"Paul","Curtis","North Melbourne",25,"11","2026-05-16",10,2,12,4,3,1,0,3,0,2,1,1,2,0,0,4,5,0,2,0,0,2,"Adelaide Oval",41313,"Adelaide","North Melbourne",133,65
12373,"Caleb","Daniel","North Melbourne",5,"11","2026-05-16",13,7,20,5,0,0,0,1,2,2,1,3,0,0,0,3,13,0,0,3,1,1,"Adelaide Oval",41313,"Adelaide","North Melbourne",133,65
11905,"Jack","Darling","North Melbourne",27,"11","2026-05-16",4,3,7,2,1,1,0,2,1,0,0,0,2,0,0,3,4,0,1,1,0,0,"Adelaide Oval",41313,"Adelaide","North Melbourne",133,65
12590,"Luke","Davies-Uniacke","North Melbourne",9,"11","2026-05-16",6,16,22,2,0,0,0,4,1,2,5,3,2,2,0,10,14,1,0,0,1,0,"Adelaide Oval",41313,"Adelaide","North Melbourne",133,65
13144,"Wil","Dawson","North Melbourne",18,"11","2026-05-16",2,1,3,2,0,0,19,2,0,1,0,3,0,0,0,0,3,0,0,3,0,0,"Adelaide Oval",41313,"Adelaide","North Melbourne",133,65
13106,"Zane","Duursma","North Melbourne",7,"11","2026-05-16",5,2,7,2,0,2,0,0,0,1,0,1,0,0,0,1,5,0,0,0,0,1,"Adelaide Oval",41313,"Adelaide","North Melbourne",133,65
13186,"Jacob","Konstanty","North Melbourne",41,"11","2026-05-16",2,7,9,1,0,0,0,1,0,1,0,2,1,0,0,4,5,0,1,1,0,0,"Adelaide Oval",41313,"Adelaide","North Melbourne",133,65
12563,"Nick","Larkey","North Melbourne",20,"11","2026-05-16",4,4,8,1,1,0,0,1,0,2,0,1,3,0,0,6,3,0,0,1,0,0,"Adelaide Oval",41313,"Adelaide","North Melbourne",133,65
12511,"Griffin","Logue","North Melbourne",19,"11","2026-05-16",3,4,7,1,0,0,0,1,0,1,0,2,0,1,0,2,6,0,0,4,0,0,"Adelaide Oval",41313,"Adelaide","North Melbourne",133,65
12246,"Luke","McDonald","North Melbourne",11,"11","2026-05-16",9,5,14,6,0,0,0,1,3,1,0,0,0,0,0,1,13,0,0,4,0,1,"Adelaide Oval",41313,"Adelaide","North Melbourne",133,65
13107,"Colby","McKercher","North Melbourne",10,"11","2026-05-16",13,6,19,3,0,1,0,3,1,3,3,3,1,1,0,5,12,0,0,1,1,0,"Adelaide Oval",41313,"Adelaide","North Melbourne",133,65
13187,"Finn","OSullivan","North Melbourne",2,"11","2026-05-16",5,9,14,1,1,0,0,3,0,2,1,2,1,0,0,7,7,0,1,1,0,0,"Adelaide Oval",41313,"Adelaide","North Melbourne",133,65
11953,"Luke","Parker","North Melbourne",26,"11","2026-05-16",15,13,28,2,0,0,0,4,7,0,0,2,2,0,0,7,14,0,0,1,1,0,"Adelaide Oval",41313,"Adelaide","North Melbourne",133,65
13034,"Harry","Sheezel","North Melbourne",3,"11","2026-05-16",15,9,24,6,0,1,0,4,1,4,4,6,1,2,0,9,14,1,2,1,0,0,"Adelaide Oval",41313,"Adelaide","North Melbourne",133,65
12502,"Jy","Simpkin","North Melbourne",12,"11","2026-05-16",11,7,18,3,0,1,0,1,0,5,2,2,2,2,0,6,12,0,0,3,0,0,"Adelaide Oval",41313,"Adelaide","North Melbourne",133,65
12622,"Charlie","Spargo","North Melbourne",13,"11","2026-05-16",8,2,10,5,1,0,0,4,1,2,0,3,0,1,0,1,9,0,1,0,1,0,"Adelaide Oval",41313,"Adelaide","North Melbourne",133,65
12796,"Dylan","Stephens","North Melbourne",15,"11","2026-05-16",11,6,17,6,0,3,0,1,2,5,1,2,0,0,0,2,15,0,1,0,1,1,"Adelaide Oval",41313,"Adelaide","North Melbourne",133,65
13263,"Cooper","Trembath","North Melbourne",47,"11","2026-05-16",4,3,7,4,1,0,3,2,0,1,0,0,0,0,0,2,5,0,1,0,0,1,"Adelaide Oval",41313,"Adelaide","North Melbourne",133,65
13064,"George","Wardlaw","North Melbourne",6,"11","2026-05-16",8,12,20,3,1,0,0,1,1,2,4,6,1,3,0,11,11,0,1,2,1,0,"Adelaide Oval",41313,"Adelaide","North Melbourne",133,65
12788,"Tristan","Xerri","North Melbourne",38,"11","2026-05-16",8,7,15,1,0,0,23,2,2,3,9,5,6,3,0,12,3,0,0,2,0,0,"Adelaide Oval",41313,"Adelaide","North Melbourne",133,65
12557,"Cameron","Zurhaar","North Melbourne",44,"11","2026-05-16",12,4,16,4,0,0,0,0,3,2,0,3,0,3,0,1,13,1,0,6,0,0,"Adelaide Oval",41313,"Adelaide","North Melbourne",133,65
12931,"Jake","Bowey","Melbourne",17,"11","2026-05-16",17,7,24,5,0,0,0,3,7,2,0,1,0,0,0,4,14,0,0,1,3,1,"M.C.G.",68557,"Melbourne","Hawthorn",120,81
12756,"Kade","Chandler","Melbourne",37,"11","2026-05-16",15,7,22,3,1,0,0,4,3,5,1,3,0,1,0,10,12,0,0,1,1,0,"M.C.G.",68557,"Melbourne","Hawthorn",120,81
NA,"Paddy","Cross","Melbourne",41,"11","2026-05-16",3,3,6,3,0,0,0,4,0,1,1,3,1,1,0,2,5,0,0,0,0,0,"M.C.G.",68557,"Melbourne","Hawthorn",120,81
12598,"Bayley","Fritsch","Melbourne",31,"11","2026-05-16",10,6,16,2,2,1,0,2,0,4,0,3,3,1,0,8,8,0,0,4,0,1,"M.C.G.",68557,"Melbourne","Hawthorn",120,81
11966,"Max","Gawn","Melbourne",11,"11","2026-05-16",10,8,18,5,0,1,18,1,1,5,8,1,3,1,0,14,4,3,1,3,0,1,"M.C.G.",68557,"Melbourne","Hawthorn",120,81
13254,"Max","Heath","Melbourne",27,"11","2026-05-16",3,1,4,1,0,0,7,3,1,2,1,0,0,0,0,3,2,1,0,2,0,0,"M.C.G.",68557,"Melbourne","Hawthorn",120,81
13098,"Blake","Howes","Melbourne",22,"11","2026-05-16",12,7,19,7,0,0,0,0,4,2,0,3,0,1,0,5,16,0,0,1,0,1,"M.C.G.",68557,"Melbourne","Hawthorn",120,81
13182,"Matthew","Jefferson","Melbourne",21,"11","2026-05-16",11,2,13,6,2,2,0,0,0,2,0,5,1,1,0,8,6,1,2,1,0,2,"M.C.G.",68557,"Melbourne","Hawthorn",120,81
12752,"Changkuoth","Jiath","Melbourne",14,"11","2026-05-16",7,7,14,4,0,0,0,1,3,1,0,0,0,0,0,5,8,0,0,2,3,0,"M.C.G.",68557,"Melbourne","Hawthorn",120,81
12393,"Ed","Langdon","Melbourne",15,"11","2026-05-16",10,9,19,8,1,0,0,3,3,0,2,6,0,2,0,4,15,0,0,0,0,0,"M.C.G.",68557,"Melbourne","Hawthorn",120,81
13184,"Harvey","Langford","Melbourne",4,"11","2026-05-16",11,7,18,3,2,0,0,3,1,3,0,4,3,0,0,6,12,0,1,0,1,0,"M.C.G.",68557,"Melbourne","Hawthorn",120,81
13032,"Bailey","Laurie","Melbourne",16,"11","2026-05-16",10,8,18,4,1,0,0,5,3,5,1,2,1,1,0,5,13,0,0,2,0,1,"M.C.G.",68557,"Melbourne","Hawthorn",120,81
12351,"Jake","Lever","Melbourne",8,"11","2026-05-16",12,7,19,8,0,0,0,1,3,0,0,2,3,1,0,6,11,0,0,9,0,0,"M.C.G.",68557,"Melbourne","Hawthorn",120,81
12653,"Harry","Petty","Melbourne",35,"11","2026-05-16",6,6,12,6,3,1,0,4,0,2,0,1,0,1,0,6,6,1,1,3,0,0,"M.C.G.",68557,"Melbourne","Hawthorn",120,81
12771,"Kysaiah","Pickett","Melbourne",36,"11","2026-05-16",10,3,13,2,2,0,0,5,0,2,3,5,2,1,0,5,8,0,1,2,0,0,"M.C.G.",68557,"Melbourne","Hawthorn",120,81
NA,"Latrelle","Pickett","Melbourne",33,"11","2026-05-16",2,5,7,0,0,0,0,0,0,2,1,3,0,2,0,2,7,0,0,2,3,0,"M.C.G.",68557,"Melbourne","Hawthorn",120,81
12778,"Trent","Rivers","Melbourne",24,"11","2026-05-16",12,9,21,3,0,0,0,3,2,2,4,2,0,0,0,9,13,0,0,1,1,0,"M.C.G.",68557,"Melbourne","Hawthorn",120,81
12864,"Harry","Sharp","Melbourne",30,"11","2026-05-16",6,6,12,0,2,1,0,2,0,3,1,4,0,2,0,3,9,0,0,1,5,1,"M.C.G.",68557,"Melbourne","Hawthorn",120,81
12693,"Tom","Sparrow","Melbourne",32,"11","2026-05-16",13,14,27,5,0,2,0,5,0,6,8,2,2,1,0,10,16,0,1,2,0,1,"M.C.G.",68557,"Melbourne","Hawthorn",120,81
12368,"Jack","Steele","Melbourne",9,"11","2026-05-16",14,12,26,3,0,1,0,3,1,7,6,6,2,1,0,14,12,0,1,0,0,1,"M.C.G.",68557,"Melbourne","Hawthorn",120,81
13123,"Koltyn","Tholstrup","Melbourne",12,"11","2026-05-16",9,3,12,6,0,0,0,0,4,0,1,1,0,0,0,2,9,0,0,1,0,0,"M.C.G.",68557,"Melbourne","Hawthorn",120,81
12996,"Daniel","Turner","Melbourne",10,"11","2026-05-16",15,4,19,8,0,0,0,2,8,0,0,1,0,1,0,9,12,2,0,3,2,0,"M.C.G.",68557,"Melbourne","Hawthorn",120,81
13048,"Jacob","van Rooyen","Melbourne",2,"11","2026-05-16",3,3,6,2,2,0,0,0,0,0,0,2,0,0,0,4,2,0,1,0,0,1,"M.C.G.",68557,"Melbourne","Hawthorn",120,81
12357,"Karl","Amon","Hawthorn",10,"11","2026-05-16",19,9,28,9,0,1,0,1,4,4,2,3,1,1,0,7,18,0,0,1,0,0,"M.C.G.",68557,"Melbourne","Hawthorn",120,81
12558,"Josh","Battle","Hawthorn",24,"11","2026-05-16",17,7,24,7,0,0,0,0,5,1,2,4,1,0,0,6,16,1,0,5,0,0,"M.C.G.",68557,"Melbourne","Hawthorn",120,81
12998,"Massimo","DAmbrosio","Hawthorn",16,"11","2026-05-16",15,4,19,9,1,0,0,1,0,3,2,5,0,1,0,6,13,1,0,0,2,0,"M.C.G.",68557,"Melbourne","Hawthorn",120,81
13135,"Calsher","Dear","Hawthorn",13,"11","2026-05-16",4,1,5,4,0,2,0,4,0,1,0,3,2,1,0,3,3,1,3,1,0,1,"M.C.G.",68557,"Melbourne","Hawthorn",120,81
12927,"Jack","Ginnivan","Hawthorn",33,"11","2026-05-16",11,7,18,7,0,1,0,1,3,3,1,2,0,0,0,5,15,0,1,1,0,0,"M.C.G.",68557,"Melbourne","Hawthorn",120,81
12469,"Blake","Hardwick","Hawthorn",15,"11","2026-05-16",11,8,19,6,0,0,0,3,1,4,0,1,3,0,0,7,13,1,0,1,0,0,"M.C.G.",68557,"Melbourne","Hawthorn",120,81
13091,"Henry","Hustwaite","Hawthorn",44,"11","2026-05-16",7,12,19,1,0,0,0,3,1,1,6,3,0,0,0,9,10,0,0,0,0,0,"M.C.G.",68557,"Melbourne","Hawthorn",120,81
12237,"Jarman","Impey","Hawthorn",4,"11","2026-05-16",17,6,23,8,0,0,0,3,4,5,0,3,1,1,0,4,14,1,0,3,0,1,"M.C.G.",68557,"Melbourne","Hawthorn",120,81
12636,"Mitch","Lewis","Hawthorn",2,"11","2026-05-16",11,1,12,6,2,1,0,0,0,5,0,5,2,1,0,3,9,0,4,0,0,1,"M.C.G.",68557,"Melbourne","Hawthorn",120,81
12954,"Connor","Macdonald","Hawthorn",9,"11","2026-05-16",13,8,21,1,1,0,0,2,3,7,1,3,0,1,0,5,15,0,0,1,0,1,"M.C.G.",68557,"Melbourne","Hawthorn",120,81
13031,"Cam","Mackenzie","Hawthorn",28,"11","2026-05-16",14,9,23,4,0,0,0,3,1,4,4,3,1,2,0,7,15,0,0,0,1,0,"M.C.G.",68557,"Melbourne","Hawthorn",120,81
12843,"Finn","Maginness","Hawthorn",20,"11","2026-05-16",4,8,12,1,0,0,0,2,3,0,2,3,2,2,0,7,5,0,1,2,0,0,"M.C.G.",68557,"Melbourne","Hawthorn",120,81
12856,"Lloyd","Meek","Hawthorn",17,"11","2026-05-16",1,4,5,1,0,0,14,2,0,0,0,3,0,2,0,5,0,1,0,1,0,0,"M.C.G.",68557,"Melbourne","Hawthorn",120,81
12710,"Dylan","Moore","Hawthorn",8,"11","2026-05-16",14,13,27,9,2,0,0,3,2,4,2,0,1,0,0,6,20,0,0,0,1,3,"M.C.G.",68557,"Melbourne","Hawthorn",120,81
12579,"Harry","Morrison","Hawthorn",1,"11","2026-05-16",7,7,14,6,1,0,0,3,1,2,1,5,0,1,0,4,10,0,1,0,0,0,"M.C.G.",68557,"Melbourne","Hawthorn",120,81
12915,"Jai","Newcombe","Hawthorn",3,"11","2026-05-16",8,16,24,0,0,0,0,2,0,5,3,3,1,2,0,12,13,0,0,3,2,0,"M.C.G.",68557,"Melbourne","Hawthorn",120,81
13058,"Max","Ramsden","Hawthorn",38,"11","2026-05-16",3,9,12,2,1,0,0,1,0,0,0,1,0,0,0,5,7,0,1,0,0,0,"M.C.G.",68557,"Melbourne","Hawthorn",120,81
12906,"Ned","Reeves","Hawthorn",7,"11","2026-05-16",0,3,3,0,0,0,28,2,0,1,2,2,1,2,0,3,0,0,0,2,0,0,"M.C.G.",68557,"Melbourne","Hawthorn",120,81
NA,"Bodie","Ryan","Hawthorn",26,"11","2026-05-16",10,5,15,5,0,0,0,3,1,1,0,3,0,2,0,2,12,0,0,2,0,0,"M.C.G.",68557,"Melbourne","Hawthorn",120,81
12332,"James","Sicily","Hawthorn",6,"11","2026-05-16",15,8,23,8,0,0,0,1,4,2,1,4,1,1,0,8,14,1,0,2,1,1,"M.C.G.",68557,"Melbourne","Hawthorn",120,81
12955,"Josh","Ward","Hawthorn",25,"11","2026-05-16",11,13,24,5,0,0,0,1,1,3,1,2,1,0,0,9,16,1,0,1,1,1,"M.C.G.",68557,"Melbourne","Hawthorn",120,81
13105,"Nick","Watson","Hawthorn",5,"11","2026-05-16",6,3,9,4,3,1,0,1,0,0,4,2,0,1,0,6,4,1,4,0,0,0,"M.C.G.",68557,"Melbourne","Hawthorn",120,81
13057,"Josh","Weddle","Hawthorn",23,"11","2026-05-16",7,9,16,6,1,0,0,4,3,1,0,0,1,0,0,4,12,0,0,6,2,0,"M.C.G.",68557,"Melbourne","Hawthorn",120,81
12498,"Ben","Ainsworth","Carlton",12,"11","2026-05-16",11,5,16,4,1,0,0,3,0,5,3,2,2,2,0,3,13,0,0,0,0,0,"Docklands",39217,"Carlton","Western Bulldogs",74,62
13212,"Matt","Carroll","Carlton",32,"11","2026-05-16",11,5,16,10,3,0,0,2,0,6,0,1,0,1,0,4,11,1,0,2,0,0,"Docklands",39217,"Carlton","Western Bulldogs",74,62
12603,"Adam","Cerra","Carlton",5,"11","2026-05-16",12,5,17,5,0,0,0,1,3,5,1,0,1,0,0,5,12,0,0,1,0,1,"Docklands",39217,"Carlton","Western Bulldogs",74,62
13028,"Lachlan","Cowan","Carlton",2,"11","2026-05-16",18,2,20,7,0,0,0,1,5,2,1,1,1,0,0,3,16,1,0,6,0,0,"Docklands",39217,"Carlton","Western Bulldogs",74,62
12261,"Patrick","Cripps","Carlton",9,"11","2026-05-16",12,17,29,4,2,0,0,5,0,5,8,6,3,2,0,17,11,0,0,0,1,0,"Docklands",39217,"Carlton","Western Bulldogs",74,62
13273,"Harry","Dean","Carlton",35,"11","2026-05-16",8,4,12,7,0,0,0,1,1,0,0,1,0,0,0,2,10,0,0,2,0,0,"Docklands",39217,"Carlton","Western Bulldogs",74,62
12873,"Francis","Evans","Carlton",44,"11","2026-05-16",6,9,15,2,0,0,0,4,0,4,0,2,1,0,0,7,8,0,0,0,0,1,"Docklands",39217,"Carlton","Western Bulldogs",74,62
12497,"Oliver","Florent","Carlton",14,"11","2026-05-16",19,9,28,11,0,0,0,4,5,1,1,2,3,0,0,9,20,0,0,4,0,0,"Docklands",39217,"Carlton","Western Bulldogs",74,62
12091,"Nick","Haynes","Carlton",26,"11","2026-05-16",11,6,17,7,0,0,0,0,2,1,0,2,0,1,0,4,13,2,0,5,0,0,"Docklands",39217,"Carlton","Western Bulldogs",74,62
12509,"Will","Hayward","Carlton",19,"11","2026-05-16",15,4,19,10,0,2,0,1,0,4,0,1,2,0,0,7,11,1,2,0,0,0,"Docklands",39217,"Carlton","Western Bulldogs",74,62
12411,"George","Hewett","Carlton",29,"11","2026-05-16",5,9,14,1,0,1,0,5,1,1,2,2,0,0,0,6,9,0,0,2,0,0,"Docklands",39217,"Carlton","Western Bulldogs",74,62
13029,"Oliver","Hollands","Carlton",4,"11","2026-05-16",14,3,17,6,0,0,0,5,1,2,0,5,2,3,0,4,13,0,0,1,0,0,"Docklands",39217,"Carlton","Western Bulldogs",74,62
NA,"Jack","Ison","Carlton",30,"11","2026-05-16",12,3,15,6,1,2,0,1,1,4,0,2,1,2,0,5,10,0,0,0,0,1,"Docklands",39217,"Carlton","Western Bulldogs",74,62
12937,"Brodie","Kemp","Carlton",17,"11","2026-05-16",7,6,13,5,1,1,0,2,0,1,0,2,0,0,0,4,8,0,1,3,0,0,"Docklands",39217,"Carlton","Western Bulldogs",74,62
12404,"Mitch","McGovern","Carlton",11,"11","2026-05-16",4,2,6,0,0,1,0,2,0,1,0,2,1,0,0,3,3,0,0,0,0,0,"Docklands",39217,"Carlton","Western Bulldogs",74,62
12566,"Harry","McKay","Carlton",10,"11","2026-05-16",11,3,14,4,2,2,2,2,0,4,2,5,4,3,0,13,2,2,1,1,0,1,"Docklands",39217,"Carlton","Western Bulldogs",74,62
12508,"Nic","Newman","Carlton",24,"11","2026-05-16",16,5,21,6,0,0,0,2,3,1,1,5,2,3,0,3,12,0,0,2,0,0,"Docklands",39217,"Carlton","Western Bulldogs",74,62
12417,"Marc","Pittonet","Carlton",27,"11","2026-05-16",4,6,10,0,0,0,20,5,0,1,6,4,2,2,0,9,1,0,0,3,0,0,"Docklands",39217,"Carlton","Western Bulldogs",74,62
13274,"Jagga","Smith","Carlton",7,"11","2026-05-16",14,11,25,6,0,0,0,3,1,1,5,5,0,1,0,8,17,0,0,0,0,0,"Docklands",39217,"Carlton","Western Bulldogs",74,62
12684,"Sam","Walsh","Carlton",18,"11","2026-05-16",8,17,25,4,0,1,0,2,1,3,4,5,0,1,0,11,14,0,1,0,0,0,"Docklands",39217,"Carlton","Western Bulldogs",74,62
12402,"Jacob","Weitering","Carlton",23,"11","2026-05-16",7,5,12,5,0,0,0,1,0,0,0,0,0,0,0,4,8,1,0,6,0,0,"Docklands",39217,"Carlton","Western Bulldogs",74,62
12175,"Zac","Williams","Carlton",6,"11","2026-05-16",11,8,19,6,0,0,0,2,2,1,1,2,0,1,0,5,12,0,0,1,0,0,"Docklands",39217,"Carlton","Western Bulldogs",74,62
NA,"Billy","Wilson","Carlton",15,"11","2026-05-16",11,8,19,8,0,0,0,2,2,2,1,4,0,1,0,4,13,0,0,1,0,0,"Docklands",39217,"Carlton","Western Bulldogs",74,62
12723,"Oskar","Baker","Western Bulldogs",13,"11","2026-05-16",9,5,14,7,1,0,0,0,1,1,0,4,1,3,0,2,13,0,0,0,0,0,"Docklands",39217,"Carlton","Western Bulldogs",74,62
12269,"Marcus","Bontempelli","Western Bulldogs",4,"11","2026-05-16",11,13,24,2,1,0,0,5,2,3,1,7,1,0,0,11,15,0,0,2,0,0,"Docklands",39217,"Carlton","Western Bulldogs",74,62
12916,"Lachlan","Bramble","Western Bulldogs",29,"11","2026-05-16",11,6,17,7,0,0,0,3,2,2,0,4,0,0,0,2,13,1,0,1,1,1,"Docklands",39217,"Carlton","Western Bulldogs",74,62
12769,"Connor","Budarick","Western Bulldogs",19,"11","2026-05-16",12,4,16,5,0,0,0,0,2,1,0,3,1,1,0,2,11,0,0,2,0,0,"Docklands",39217,"Carlton","Western Bulldogs",74,62
13216,"Jedd","Busslinger","Western Bulldogs",5,"11","2026-05-16",9,4,13,4,0,0,0,0,4,0,0,4,1,2,0,3,10,0,0,8,0,0,"Docklands",39217,"Carlton","Western Bulldogs",74,62
12608,"Nick","Coffield","Western Bulldogs",17,"11","2026-05-16",7,7,14,4,0,0,0,4,3,0,0,2,1,2,0,4,9,0,0,2,0,0,"Docklands",39217,"Carlton","Western Bulldogs",74,62
12354,"Bailey","Dale","Western Bulldogs",31,"11","2026-05-16",23,8,31,3,0,0,0,1,7,3,0,1,0,1,0,7,16,1,0,2,7,0,"Docklands",39217,"Carlton","Western Bulldogs",74,62
13178,"Sam","Davidson","Western Bulldogs",42,"11","2026-05-16",8,6,14,7,0,0,0,1,0,0,0,3,0,0,0,1,12,1,1,1,0,0,"Docklands",39217,"Carlton","Western Bulldogs",74,62
NA,"Louis","Emmett","Western Bulldogs",25,"11","2026-05-16",2,2,4,3,0,1,4,4,0,0,1,3,1,2,0,1,4,0,1,1,0,0,"Docklands",39217,"Carlton","Western Bulldogs",74,62
13140,"Joel","Freijah","Western Bulldogs",27,"11","2026-05-16",10,9,19,7,0,0,0,5,5,2,4,2,1,0,0,9,11,0,0,2,0,1,"Docklands",39217,"Carlton","Western Bulldogs",74,62
13213,"Cooper","Hynes","Western Bulldogs",6,"11","2026-05-16",2,6,8,1,1,0,0,4,0,0,0,1,0,1,0,4,4,0,1,0,0,0,"Docklands",39217,"Carlton","Western Bulldogs",74,62
13046,"Arthur","Jones","Western Bulldogs",32,"11","2026-05-16",6,9,15,3,0,1,0,2,0,4,2,5,2,2,0,7,8,0,1,0,0,0,"Docklands",39217,"Carlton","Western Bulldogs",74,62
12455,"Matthew","Kennedy","Western Bulldogs",8,"11","2026-05-16",6,5,11,3,0,0,0,5,1,4,4,2,2,2,0,3,7,0,0,0,0,1,"Docklands",39217,"Carlton","Western Bulldogs",74,62
12900,"Buku","Khamis","Western Bulldogs",24,"11","2026-05-16",11,2,13,4,0,0,0,1,5,0,0,1,2,0,0,3,7,0,0,8,0,0,"Docklands",39217,"Carlton","Western Bulldogs",74,62
NA,"Will","Lewis","Western Bulldogs",28,"11","2026-05-16",5,5,10,3,0,1,0,4,0,3,0,2,0,1,0,5,5,0,1,0,0,0,"Docklands",39217,"Carlton","Western Bulldogs",74,62
12282,"Rory","Lobb","Western Bulldogs",7,"11","2026-05-16",5,4,9,2,0,0,23,4,1,0,5,1,2,1,0,7,3,0,0,9,0,1,"Docklands",39217,"Carlton","Western Bulldogs",74,62
12854,"Lachlan","McNeil","Western Bulldogs",30,"11","2026-05-16",0,11,11,2,0,0,0,4,1,2,2,0,0,0,0,6,5,0,0,1,0,0,"Docklands",39217,"Carlton","Western Bulldogs",74,62
12594,"Aaron","Naughton","Western Bulldogs",33,"11","2026-05-16",9,3,12,4,3,3,0,0,0,1,0,1,2,0,0,6,6,1,3,3,0,1,"Docklands",39217,"Carlton","Western Bulldogs",74,62
12605,"Ed","Richards","Western Bulldogs",20,"11","2026-05-16",11,8,19,6,0,0,0,3,3,1,4,7,1,4,0,7,12,0,0,2,1,0,"Docklands",39217,"Carlton","Western Bulldogs",74,62
13103,"Ryley","Sanders","Western Bulldogs",9,"11","2026-05-16",13,13,26,4,1,0,0,5,3,4,3,3,2,1,0,7,19,0,0,1,2,1,"Docklands",39217,"Carlton","Western Bulldogs",74,62
13276,"Michael","Sellwood","Western Bulldogs",37,"11","2026-05-16",7,6,13,3,0,0,0,3,2,2,1,5,2,1,0,6,7,1,0,1,0,0,"Docklands",39217,"Carlton","Western Bulldogs",74,62
12748,"Rhylee","West","Western Bulldogs",14,"11","2026-05-16",6,4,10,3,2,0,0,0,0,2,0,3,1,1,0,4,7,0,1,1,0,1,"Docklands",39217,"Carlton","Western Bulldogs",74,62
12441,"Bailey","Williams","Western Bulldogs",34,"11","2026-05-16",6,1,7,3,0,0,0,0,1,3,0,0,0,0,0,2,5,0,0,0,0,0,"Docklands",39217,"Carlton","Western Bulldogs",74,62
13237,"Lachlan","Blakiston","Essendon",46,"11","2026-05-17",2,1,3,2,0,0,0,0,2,0,0,1,0,1,0,3,1,1,0,7,0,0,"M.C.G.",25100,"Essendon","Fremantle",61,104
12899,"Nick","Bryan","Essendon",24,"11","2026-05-17",5,7,12,2,0,0,11,2,1,1,2,3,2,2,0,7,5,0,0,3,0,0,"M.C.G.",25100,"Essendon","Fremantle",61,104
13148,"Nate","Caddy","Essendon",30,"11","2026-05-17",6,4,10,4,2,1,1,0,0,0,0,2,0,1,0,4,7,1,4,1,0,0,"M.C.G.",25100,"Essendon","Fremantle",61,104
12755,"Jye","Caldwell","Essendon",6,"11","2026-05-17",12,8,20,3,0,1,0,4,4,4,3,2,1,1,0,8,12,0,0,0,0,0,"M.C.G.",25100,"Essendon","Fremantle",61,104
12852,"Nik","Cox","Essendon",13,"11","2026-05-17",3,4,7,2,0,0,0,1,1,0,1,0,0,0,0,3,4,1,0,0,0,0,"M.C.G.",25100,"Essendon","Fremantle",61,104
13223,"Archer","Day-Wicks","Essendon",44,"11","2026-05-17",4,9,13,2,0,1,0,5,0,2,2,2,1,2,0,6,8,0,0,1,0,0,"M.C.G.",25100,"Essendon","Fremantle",61,104
12925,"Sam","Durham","Essendon",22,"11","2026-05-17",9,11,20,2,0,0,0,4,1,4,7,7,0,3,0,11,8,0,0,3,0,0,"M.C.G.",25100,"Essendon","Fremantle",61,104
12696,"Xavier","Duursma","Essendon",28,"11","2026-05-17",9,7,16,3,0,1,0,3,0,1,3,1,4,0,0,7,8,1,1,3,0,0,"M.C.G.",25100,"Essendon","Fremantle",61,104
NA,"Jacob","Farrow","Essendon",2,"11","2026-05-17",10,8,18,7,0,0,0,4,3,2,0,2,0,1,0,3,14,0,0,0,0,0,"M.C.G.",25100,"Essendon","Fremantle",61,104
12349,"Kyle","Langford","Essendon",4,"11","2026-05-17",5,10,15,7,0,1,0,1,0,0,0,0,1,0,0,8,8,1,2,1,0,0,"M.C.G.",25100,"Essendon","Fremantle",61,104
13238,"Archie","May","Essendon",26,"11","2026-05-17",4,3,7,1,2,0,0,1,0,1,0,6,1,5,0,3,4,0,1,1,0,1,"M.C.G.",25100,"Essendon","Fremantle",61,104
12491,"Andrew","McGrath","Essendon",1,"11","2026-05-17",14,8,22,5,0,0,0,1,3,5,1,0,2,0,0,8,14,0,0,0,0,1,"M.C.G.",25100,"Essendon","Fremantle",61,104
12241,"Zach","Merrett","Essendon",7,"11","2026-05-17",11,15,26,3,0,1,0,6,1,3,2,4,2,1,0,6,20,1,0,2,0,0,"M.C.G.",25100,"Essendon","Fremantle",61,104
13258,"Jayden","Nguyen","Essendon",42,"11","2026-05-17",4,8,12,1,0,0,0,3,1,2,0,3,0,1,0,6,6,0,0,1,0,0,"M.C.G.",25100,"Essendon","Fremantle",61,104
12406,"Darcy","Parish","Essendon",3,"11","2026-05-17",14,11,25,5,1,0,0,3,2,6,4,1,2,0,0,7,18,0,0,0,0,1,"M.C.G.",25100,"Essendon","Fremantle",61,104
12879,"Archie","Perkins","Essendon",16,"11","2026-05-17",9,7,16,4,0,1,0,1,2,3,0,3,0,0,0,6,11,0,0,0,0,0,"M.C.G.",25100,"Essendon","Fremantle",61,104
12874,"Jaxon","Prior","Essendon",25,"11","2026-05-17",7,5,12,2,0,0,0,3,1,1,0,0,0,0,0,3,8,0,0,3,0,0,"M.C.G.",25100,"Essendon","Fremantle",61,104
12437,"Mason","Redman","Essendon",27,"11","2026-05-17",7,4,11,2,0,1,0,2,4,1,0,2,1,0,0,3,7,0,1,2,0,1,"M.C.G.",25100,"Essendon","Fremantle",61,104
12889,"Zach","Reid","Essendon",31,"11","2026-05-17",7,4,11,5,0,0,0,3,4,0,0,3,1,1,0,4,6,1,0,2,0,0,"M.C.G.",25100,"Essendon","Fremantle",61,104
13168,"Archie","Roberts","Essendon",21,"11","2026-05-17",22,8,30,6,0,0,0,1,4,3,1,2,0,1,0,4,22,0,0,1,0,0,"M.C.G.",25100,"Essendon","Fremantle",61,104
NA,"Sullivan","Robey","Essendon",9,"11","2026-05-17",10,12,22,6,2,0,0,2,0,6,5,5,0,1,0,10,12,0,2,1,0,1,"M.C.G.",25100,"Essendon","Fremantle",61,104
12567,"Will","Setterfield","Essendon",12,"11","2026-05-17",13,3,16,3,1,1,0,6,2,2,1,1,1,0,0,6,9,0,0,1,0,0,"M.C.G.",25100,"Essendon","Fremantle",61,104
12366,"Peter","Wright","Essendon",20,"11","2026-05-17",2,4,6,2,0,0,16,8,0,0,1,1,0,0,0,1,5,0,0,4,0,0,"M.C.G.",25100,"Essendon","Fremantle",61,104
12983,"Jye","Amiss","Fremantle",24,"11","2026-05-17",7,3,10,4,2,2,0,3,0,1,0,3,1,1,0,3,7,1,2,0,0,0,"M.C.G.",25100,"Essendon","Fremantle",61,104
12535,"Shai","Bolton","Fremantle",10,"11","2026-05-17",16,8,24,3,2,0,0,2,1,6,3,4,0,0,0,4,14,0,0,1,0,1,"M.C.G.",25100,"Essendon","Fremantle",61,104
12589,"Andrew","Brayshaw","Fremantle",8,"11","2026-05-17",14,12,26,4,0,0,0,5,1,4,4,5,1,3,0,7,20,0,0,2,0,0,"M.C.G.",25100,"Essendon","Fremantle",61,104
12875,"Heath","Chapman","Fremantle",5,"11","2026-05-17",13,4,17,9,0,0,0,3,4,1,0,1,0,0,0,3,14,1,0,4,0,0,"M.C.G.",25100,"Essendon","Fremantle",61,104
12688,"Jordan","Clark","Fremantle",6,"11","2026-05-17",15,7,22,4,0,0,0,1,4,3,0,3,1,0,0,4,13,0,0,2,0,1,"M.C.G.",25100,"Essendon","Fremantle",61,104
12544,"Brennan","Cox","Fremantle",36,"11","2026-05-17",8,4,12,4,0,0,0,3,2,0,0,0,2,0,0,4,6,1,0,5,0,0,"M.C.G.",25100,"Essendon","Fremantle",61,104
12428,"Mason","Cox","Fremantle",18,"11","2026-05-17",6,2,8,1,0,0,16,2,1,1,3,2,2,1,0,4,1,1,0,4,0,0,"M.C.G.",25100,"Essendon","Fremantle",61,104
13204,"Isaiah","Dudley","Fremantle",43,"11","2026-05-17",6,5,11,1,1,0,0,4,0,4,2,2,0,0,0,5,7,0,0,3,0,2,"M.C.G.",25100,"Essendon","Fremantle",61,104
12966,"Neil","Erasmus","Fremantle",28,"11","2026-05-17",13,5,18,6,0,0,0,5,1,4,0,4,1,3,0,5,13,0,0,0,0,1,"M.C.G.",25100,"Essendon","Fremantle",61,104
12801,"Michael","Frederick","Fremantle",32,"11","2026-05-17",8,5,13,3,1,0,0,2,1,1,1,0,0,0,0,2,10,0,1,0,0,0,"M.C.G.",25100,"Essendon","Fremantle",61,104
12779,"Luke","Jackson","Fremantle",9,"11","2026-05-17",6,10,16,1,1,0,19,1,1,0,2,4,3,1,0,10,5,0,0,1,0,0,"M.C.G.",25100,"Essendon","Fremantle",61,104
13047,"Matthew","Johnson","Fremantle",44,"11","2026-05-17",11,11,22,4,0,0,0,4,0,4,1,2,0,0,0,4,17,0,0,1,0,2,"M.C.G.",25100,"Essendon","Fremantle",61,104
12394,"Oscar","McDonald","Fremantle",21,"11","2026-05-17",9,4,13,3,0,0,0,3,5,2,1,2,4,1,0,5,8,0,0,8,0,0,"M.C.G.",25100,"Essendon","Fremantle",61,104
13033,"Judd","McVee","Fremantle",17,"11","2026-05-17",11,3,14,4,0,0,0,1,2,2,1,5,1,2,0,4,9,0,0,2,0,0,"M.C.G.",25100,"Essendon","Fremantle",61,104
12960,"Nathan","ODriscoll","Fremantle",30,"11","2026-05-17",9,8,17,5,0,0,0,2,3,0,1,1,1,1,0,6,12,0,0,3,0,0,"M.C.G.",25100,"Essendon","Fremantle",61,104
13180,"Murphy","Reid","Fremantle",16,"11","2026-05-17",15,15,30,5,1,2,0,1,0,7,1,4,0,1,0,10,20,1,1,0,0,1,"M.C.G.",25100,"Essendon","Fremantle",61,104
12542,"Luke","Ryan","Fremantle",13,"11","2026-05-17",14,3,17,7,0,0,0,3,5,2,0,4,0,2,0,3,11,0,0,4,0,0,"M.C.G.",25100,"Essendon","Fremantle",61,104
NA,"Chris","Scerri","Fremantle",45,"11","2026-05-17",3,6,9,0,1,0,0,6,0,0,0,2,1,1,0,3,6,0,0,0,0,0,"M.C.G.",25100,"Essendon","Fremantle",61,104
12786,"Caleb","Serong","Fremantle",3,"11","2026-05-17",10,14,24,3,0,0,0,5,2,4,6,1,1,0,0,15,9,1,0,3,0,1,"M.C.G.",25100,"Essendon","Fremantle",61,104
12672,"Sam","Switkowski","Fremantle",39,"11","2026-05-17",3,8,11,4,0,0,0,2,0,2,1,1,0,0,0,4,7,0,0,1,0,1,"M.C.G.",25100,"Essendon","Fremantle",61,104
12887,"Josh","Treacy","Fremantle",35,"11","2026-05-17",6,5,11,6,2,1,0,1,0,1,0,4,1,1,0,7,7,2,3,2,0,1,"M.C.G.",25100,"Essendon","Fremantle",61,104
13129,"Patrick","Voss","Fremantle",20,"11","2026-05-17",7,5,12,2,5,0,0,5,0,2,1,3,1,1,0,7,5,1,2,0,0,0,"M.C.G.",25100,"Essendon","Fremantle",61,104
13075,"Karl","Worner","Fremantle",23,"11","2026-05-17",14,13,27,5,0,1,0,1,6,1,1,0,0,0,0,8,18,0,0,7,1,0,"M.C.G.",25100,"Essendon","Fremantle",61,104
NA,"Charlie","Banfield","St Kilda",36,"11","2026-05-17",9,2,11,3,1,0,0,3,0,3,0,1,2,0,0,4,7,0,1,0,0,0,"Docklands",31230,"St Kilda","Richmond",109,73
12802,"Ryan","Byrnes","St Kilda",13,"11","2026-05-17",11,10,21,2,0,1,0,0,2,2,3,3,1,1,0,5,15,0,1,2,0,1,"Docklands",31230,"St Kilda","Richmond",109,73
13035,"Anthony","Caminiti","St Kilda",47,"11","2026-05-17",5,1,6,0,2,0,0,3,1,0,1,4,2,3,0,3,2,0,0,5,0,0,"Docklands",31230,"St Kilda","Richmond",109,73
12976,"Jack","Carroll","St Kilda",18,"11","2026-05-17",16,9,25,10,0,1,0,1,0,7,1,1,0,0,0,3,22,1,0,3,1,2,"Docklands",31230,"St Kilda","Richmond",109,73
12674,"Tom","De Koning","St Kilda",21,"11","2026-05-17",8,7,15,4,2,1,23,1,0,3,3,5,1,4,0,8,8,1,3,1,0,2,"Docklands",31230,"St Kilda","Richmond",109,73
12824,"Sam","Flanders","St Kilda",9,"11","2026-05-17",15,13,28,9,0,1,0,3,2,5,3,2,1,1,0,5,22,0,1,2,6,0,"Docklands",31230,"St Kilda","Richmond",109,73
13125,"Hugo","Garcia","St Kilda",34,"11","2026-05-17",13,12,25,2,2,0,0,7,0,3,10,3,3,0,0,16,10,0,0,3,0,3,"Docklands",31230,"St Kilda","Richmond",109,73
13193,"Max","Hall","St Kilda",40,"11","2026-05-17",15,11,26,5,2,1,0,4,2,7,7,4,3,0,0,13,12,0,1,0,0,0,"Docklands",31230,"St Kilda","Richmond",109,73
12831,"Liam","Henry","St Kilda",23,"11","2026-05-17",5,3,8,2,0,1,0,0,0,1,0,1,1,0,0,4,4,0,1,2,0,0,"Docklands",31230,"St Kilda","Richmond",109,73
12609,"Jack","Higgins","St Kilda",1,"11","2026-05-17",5,2,7,2,1,1,0,1,0,0,1,2,1,0,0,3,3,0,1,1,0,1,"Docklands",31230,"St Kilda","Richmond",109,73
12060,"Bradley","Hill","St Kilda",8,"11","2026-05-17",9,4,13,3,0,0,0,0,1,3,0,1,0,0,0,0,13,0,0,0,0,2,"Docklands",31230,"St Kilda","Richmond",109,73
12420,"Dougal","Howard","St Kilda",20,"11","2026-05-17",8,5,13,6,0,0,0,0,2,1,0,2,1,0,0,3,9,0,0,4,0,0,"Docklands",31230,"St Kilda","Richmond",109,73
12166,"Jack","Macrae","St Kilda",6,"11","2026-05-17",11,20,31,7,0,1,0,7,1,4,5,2,2,0,0,9,21,0,0,1,0,0,"Docklands",31230,"St Kilda","Richmond",109,73
12564,"Rowan","Marshall","St Kilda",19,"11","2026-05-17",10,9,19,6,1,2,19,0,0,2,2,7,3,3,0,11,8,0,3,1,0,0,"Docklands",31230,"St Kilda","Richmond",109,73
13194,"Liam","OConnell","St Kilda",45,"11","2026-05-17",7,2,9,3,0,0,0,1,2,0,0,2,1,1,0,3,5,1,1,0,0,0,"Docklands",31230,"St Kilda","Richmond",109,73
13036,"Mattaes","Phillipou","St Kilda",25,"11","2026-05-17",10,7,17,4,2,1,0,4,0,6,0,5,0,3,0,3,15,0,0,1,0,1,"Docklands",31230,"St Kilda","Richmond",109,73
12929,"Cooper","Sharman","St Kilda",43,"11","2026-05-17",4,4,8,3,2,0,0,1,0,2,0,2,0,0,0,2,6,0,2,1,0,0,"Docklands",31230,"St Kilda","Richmond",109,73
12458,"Jack","Silvagni","St Kilda",3,"11","2026-05-17",13,4,17,11,0,0,0,1,2,1,0,3,0,1,0,6,11,2,0,4,2,0,"Docklands",31230,"St Kilda","Richmond",109,73
12325,"Jack","Sinclair","St Kilda",35,"11","2026-05-17",21,8,29,8,0,0,0,3,7,3,1,0,0,0,0,7,21,0,0,2,1,0,"Docklands",31230,"St Kilda","Richmond",109,73
12721,"Liam","Stocker","St Kilda",14,"11","2026-05-17",5,7,12,5,0,0,0,1,1,0,0,0,0,0,0,6,6,0,0,3,0,0,"Docklands",31230,"St Kilda","Richmond",109,73
12703,"Callum","Wilkie","St Kilda",44,"11","2026-05-17",20,5,25,12,0,0,0,1,1,0,0,1,1,1,0,3,18,2,0,5,1,0,"Docklands",31230,"St Kilda","Richmond",109,73
13110,"Darcy","Wilson","St Kilda",22,"11","2026-05-17",10,10,20,7,1,0,0,2,1,5,1,0,0,0,0,3,17,0,0,1,3,1,"Docklands",31230,"St Kilda","Richmond",109,73
12967,"Marcus","Windhager","St Kilda",2,"11","2026-05-17",13,10,23,1,0,0,0,6,0,5,3,6,1,1,0,6,14,0,0,0,0,1,"Docklands",31230,"St Kilda","Richmond",109,73
12686,"Noah","Balta","Richmond",21,"11","2026-05-17",7,5,12,3,1,0,9,0,1,1,4,5,2,1,0,9,3,2,2,1,0,0,"Docklands",31230,"St Kilda","Richmond",109,73
12456,"Nathan","Broad","Richmond",35,"11","2026-05-17",8,4,12,7,0,0,0,0,1,1,0,2,0,0,0,1,11,1,0,6,1,0,"Docklands",31230,"St Kilda","Richmond",109,73
NA,"Tom","Burton","Richmond",45,"11","2026-05-17",2,7,9,0,0,0,0,0,0,1,0,1,0,1,0,5,5,0,0,0,0,0,"Docklands",31230,"St Kilda","Richmond",109,73
13100,"Seth","Campbell","Richmond",44,"11","2026-05-17",10,9,19,3,0,0,0,2,2,3,2,4,1,1,0,7,13,0,0,1,4,1,"Docklands",31230,"St Kilda","Richmond",109,73
NA,"Sam","Cumming","Richmond",22,"11","2026-05-17",5,8,13,2,0,0,0,1,0,3,2,3,0,2,0,2,12,0,0,2,0,1,"Docklands",31230,"St Kilda","Richmond",109,73
13214,"Jonty","Faull","Richmond",8,"11","2026-05-17",7,6,13,7,1,2,0,1,0,3,0,3,1,2,0,4,9,0,2,3,0,0,"Docklands",31230,"St Kilda","Richmond",109,73
13200,"Liam","Fawcett","Richmond",43,"11","2026-05-17",3,0,3,2,3,0,0,0,0,0,0,2,0,1,0,0,3,0,2,1,0,0,"Docklands",31230,"St Kilda","Richmond",109,73
13218,"Campbell","Gray","Richmond",50,"11","2026-05-17",2,3,5,2,0,0,0,0,1,0,0,0,0,0,0,2,2,0,0,3,0,0,"Docklands",31230,"St Kilda","Richmond",109,73
13145,"Steely","Green","Richmond",48,"11","2026-05-17",5,6,11,3,0,0,0,2,1,0,0,1,0,0,0,4,7,0,0,1,0,1,"Docklands",31230,"St Kilda","Richmond",109,73
NA,"Sam","Grlj","Richmond",24,"11","2026-05-17",8,9,17,5,0,1,0,5,1,4,0,3,0,0,0,0,16,0,0,0,1,1,"Docklands",31230,"St Kilda","Richmond",109,73
NA,"Oliver","Hayes-Brown","Richmond",47,"11","2026-05-17",5,7,12,2,0,0,10,1,0,4,5,2,6,2,0,9,4,0,0,1,0,0,"Docklands",31230,"St Kilda","Richmond",109,73
12440,"Jacob","Hopper","Richmond",2,"11","2026-05-17",9,9,18,3,0,0,0,4,1,1,3,3,0,2,0,9,10,0,0,1,0,0,"Docklands",31230,"St Kilda","Richmond",109,73
11948,"Tom","Lynch","Richmond",19,"11","2026-05-17",4,1,5,3,2,0,0,0,0,0,0,2,0,1,0,2,3,1,2,2,0,1,"Docklands",31230,"St Kilda","Richmond",109,73
12941,"Ben","Miller","Richmond",12,"11","2026-05-17",19,3,22,15,0,0,0,4,5,0,0,1,0,1,0,3,18,1,0,6,0,0,"Docklands",31230,"St Kilda","Richmond",109,73
NA,"Patrick","Retschko","Richmond",33,"11","2026-05-17",11,4,15,5,0,0,0,1,6,0,0,4,0,2,0,0,15,0,0,1,1,0,"Docklands",31230,"St Kilda","Richmond",109,73
NA,"Noah","Roberts-Thomson","Richmond",27,"11","2026-05-17",5,3,8,1,2,0,0,3,1,1,1,1,1,0,0,2,6,0,0,0,0,0,"Docklands",31230,"St Kilda","Richmond",109,73
12712,"Jack","Ross","Richmond",5,"11","2026-05-17",11,12,23,7,1,0,0,4,0,6,4,5,1,0,0,12,12,1,0,1,1,2,"Docklands",31230,"St Kilda","Richmond",109,73
12418,"Jayden","Short","Richmond",15,"11","2026-05-17",16,9,25,7,0,0,0,1,6,1,0,1,0,1,0,5,15,0,0,0,0,0,"Docklands",31230,"St Kilda","Richmond",109,73
13014,"Tyler","Sonsie","Richmond",40,"11","2026-05-17",6,8,14,3,0,0,0,2,3,2,1,0,0,0,0,5,8,0,0,0,0,0,"Docklands",31230,"St Kilda","Richmond",109,73
12504,"Tim","Taranto","Richmond",14,"11","2026-05-17",10,4,14,3,1,2,0,3,2,4,4,2,0,1,0,5,10,0,1,2,0,2,"Docklands",31230,"St Kilda","Richmond",109,73
13191,"Luke","Trainor","Richmond",11,"11","2026-05-17",10,2,12,5,0,0,0,2,4,1,0,6,1,2,0,0,12,0,0,2,0,0,"Docklands",31230,"St Kilda","Richmond",109,73
13095,"James","Trezise","Richmond",36,"11","2026-05-17",17,7,24,11,0,0,0,2,2,1,1,3,2,0,0,7,18,1,0,2,0,0,"Docklands",31230,"St Kilda","Richmond",109,73
12174,"Nick","Vlastuin","Richmond",1,"11","2026-05-17",13,8,21,4,0,0,0,2,9,0,0,4,4,3,0,10,8,0,0,1,0,0,"Docklands",31230,"St Kilda","Richmond",109,73
12661,"Liam","Baker","West Coast",3,"11","2026-05-17",9,10,19,3,0,0,0,4,2,3,3,3,3,0,0,11,8,0,0,3,0,1,"Perth Stadium",36781,"West Coast","Greater Western Sydney",88,71
13000,"Rhett","Bazzo","West Coast",33,"11","2026-05-17",6,6,12,8,0,0,0,1,1,0,0,0,0,0,0,3,9,0,0,3,0,0,"Perth Stadium",36781,"West Coast","Greater Western Sydney",88,71
13250,"Malakai","Champion","West Coast",37,"11","2026-05-17",7,4,11,6,0,1,0,3,1,1,1,2,0,2,0,5,8,0,1,0,0,2,"Perth Stadium",36781,"West Coast","Greater Western Sydney",88,71
12446,"Tom","Cole","West Coast",28,"11","2026-05-17",6,2,8,3,0,1,0,2,1,1,2,4,1,0,0,6,4,0,0,5,0,0,"Perth Stadium",36781,"West Coast","Greater Western Sydney",88,71
13210,"Hamish","Davis","West Coast",38,"11","2026-05-17",10,8,18,2,0,0,0,3,0,3,1,2,1,1,0,8,10,0,0,2,0,1,"Perth Stadium",36781,"West Coast","Greater Western Sydney",88,71
12334,"Liam","Duggan","West Coast",14,"11","2026-05-17",16,6,22,9,0,0,0,3,4,6,0,3,0,0,0,3,18,0,1,3,0,3,"Perth Stadium",36781,"West Coast","Greater Western Sydney",88,71
NA,"Willem","Duursma","West Coast",1,"11","2026-05-17",7,8,15,4,0,0,0,5,0,3,2,4,1,0,0,9,8,0,0,3,0,1,"Perth Stadium",36781,"West Coast","Greater Western Sydney",88,71
13038,"Reuben","Ginbey","West Coast",7,"11","2026-05-17",10,4,14,4,0,0,0,4,2,1,1,3,1,0,0,6,8,0,0,5,0,0,"Perth Stadium",36781,"West Coast","Greater Western Sydney",88,71
12957,"Brady","Hough","West Coast",19,"11","2026-05-17",1,5,6,0,0,0,0,3,1,0,1,2,0,1,0,2,5,0,0,1,0,0,"Perth Stadium",36781,"West Coast","Greater Western Sydney",88,71
13151,"Jack","Hutchinson","West Coast",44,"11","2026-05-17",4,2,6,1,2,0,0,7,0,0,0,2,2,2,0,5,2,0,1,1,0,0,"Perth Stadium",36781,"West Coast","Greater Western Sydney",88,71
13136,"Harvey","Johnston","West Coast",24,"11","2026-05-17",1,5,6,0,1,0,0,2,0,0,0,1,1,0,0,6,0,0,0,0,0,0,"Perth Stadium",36781,"West Coast","Greater Western Sydney",88,71
12595,"Tim","Kelly","West Coast",11,"11","2026-05-17",12,12,24,3,0,1,0,7,1,3,6,1,3,0,0,10,13,0,0,0,0,1,"Perth Stadium",36781,"West Coast","Greater Western Sydney",88,71
NA,"Josh","Lindsay","West Coast",5,"11","2026-05-17",17,2,19,6,0,0,0,3,4,3,0,0,1,0,0,3,11,0,0,2,0,0,"Perth Stadium",36781,"West Coast","Greater Western Sydney",88,71
13070,"Ryan","Maric","West Coast",23,"11","2026-05-17",8,8,16,3,0,0,0,2,1,2,0,0,1,0,0,2,13,0,0,0,0,1,"Perth Stadium",36781,"West Coast","Greater Western Sydney",88,71
13240,"Tom","McCarthy","West Coast",18,"11","2026-05-17",12,1,13,3,0,0,0,3,6,0,0,4,0,0,0,1,8,1,0,1,0,0,"Perth Stadium",36781,"West Coast","Greater Western Sydney",88,71
NA,"Milan","Murdock","West Coast",47,"11","2026-05-17",8,4,12,1,2,0,0,3,1,3,0,4,4,0,0,4,7,0,0,1,0,0,"Perth Stadium",36781,"West Coast","Greater Western Sydney",88,71
13111,"Harley","Reid","West Coast",9,"11","2026-05-17",20,14,34,1,2,1,0,8,1,12,10,7,3,1,0,19,16,0,1,2,4,0,"Perth Stadium",36781,"West Coast","Greater Western Sydney",88,71
13247,"Jobe","Shanahan","West Coast",35,"11","2026-05-17",7,1,8,5,1,0,0,1,0,2,0,1,1,0,0,4,4,2,1,1,0,0,"Perth Stadium",36781,"West Coast","Greater Western Sydney",88,71
12601,"Jake","Waterman","West Coast",2,"11","2026-05-17",7,1,8,5,3,1,0,2,1,1,0,2,0,0,0,2,7,2,3,1,0,0,"Perth Stadium",36781,"West Coast","Greater Western Sydney",88,71
12836,"Bailey","Williams","West Coast",32,"11","2026-05-17",10,6,16,3,2,1,41,9,0,1,7,2,0,0,0,11,5,2,2,1,0,0,"Perth Stadium",36781,"West Coast","Greater Western Sydney",88,71
12962,"Jack","Williams","West Coast",34,"11","2026-05-17",4,4,8,2,0,1,9,2,0,1,1,1,2,1,0,8,2,2,1,2,0,0,"Perth Stadium",36781,"West Coast","Greater Western Sydney",88,71
12087,"Elliot","Yeo","West Coast",6,"11","2026-05-17",14,1,15,9,0,1,0,4,3,3,2,3,1,2,0,4,13,0,0,3,0,0,"Perth Stadium",36781,"West Coast","Greater Western Sydney",88,71
13043,"Tylar","Young","West Coast",20,"11","2026-05-17",12,2,14,8,0,0,0,1,5,1,0,0,0,0,0,4,10,1,0,8,0,0,"Perth Stadium",36781,"West Coast","Greater Western Sydney",88,71
13001,"Ryan","Angwin","Greater Western Sydney",9,"11","2026-05-17",4,11,15,1,0,0,0,1,1,2,0,3,0,1,0,6,10,0,0,0,0,1,"Perth Stadium",36781,"West Coast","Greater Western Sydney",88,71
12782,"Lachie","Ash","Greater Western Sydney",7,"11","2026-05-17",16,18,34,5,0,0,0,1,5,5,2,4,0,1,0,10,23,0,0,2,3,0,"Perth Stadium",36781,"West Coast","Greater Western Sydney",88,71
12772,"Toby","Bedford","Greater Western Sydney",14,"11","2026-05-17",8,6,14,3,1,0,0,6,1,6,2,4,1,3,0,8,7,1,0,0,0,0,"Perth Stadium",36781,"West Coast","Greater Western Sydney",88,71
12904,"Kieren","Briggs","Greater Western Sydney",32,"11","2026-05-17",6,8,14,0,0,0,30,7,0,1,5,4,0,1,0,10,3,0,0,3,0,0,"Perth Stadium",36781,"West Coast","Greater Western Sydney",88,71
13054,"Aaron","Cadman","Greater Western Sydney",5,"11","2026-05-17",4,1,5,3,0,1,0,6,0,1,0,2,0,1,0,1,3,0,1,0,0,0,"Perth Stadium",36781,"West Coast","Greater Western Sydney",88,71
12969,"Finn","Callaghan","Greater Western Sydney",17,"11","2026-05-17",9,10,19,1,0,0,0,7,1,5,5,4,0,1,0,7,11,0,0,1,3,1,"Perth Stadium",36781,"West Coast","Greater Western Sydney",88,71
12028,"Stephen","Coniglio","Greater Western Sydney",3,"11","2026-05-17",6,11,17,1,0,0,0,0,0,3,1,0,0,0,0,5,11,0,0,0,2,1,"Perth Stadium",36781,"West Coast","Greater Western Sydney",88,71
12656,"Brent","Daniels","Greater Western Sydney",16,"11","2026-05-17",6,7,13,0,2,0,0,2,0,2,2,4,0,2,0,6,6,0,0,1,0,1,"Perth Stadium",36781,"West Coast","Greater Western Sydney",88,71
13164,"Joe","Fonti","Greater Western Sydney",37,"11","2026-05-17",12,5,17,6,1,0,0,1,3,0,0,1,1,1,0,2,12,0,0,5,0,0,"Perth Stadium",36781,"West Coast","Greater Western Sydney",88,71
13279,"Phoenix","Gothard","Greater Western Sydney",11,"11","2026-05-17",2,6,8,2,0,1,0,3,0,1,0,0,0,0,0,5,3,0,1,0,0,0,"Perth Stadium",36781,"West Coast","Greater Western Sydney",88,71
12025,"Toby","Greene","Greater Western Sydney",4,"11","2026-05-17",6,5,11,2,0,1,0,4,1,4,1,6,0,3,0,5,6,0,1,3,0,1,"Perth Stadium",36781,"West Coast","Greater Western Sydney",88,71
13158,"Max","Gruzewski","Greater Western Sydney",35,"11","2026-05-17",5,0,5,4,2,0,0,0,0,1,0,1,0,0,0,0,5,0,4,0,0,0,"Perth Stadium",36781,"West Coast","Greater Western Sydney",88,71
12462,"Harry","Himmelberg","Greater Western Sydney",27,"11","2026-05-17",12,8,20,5,0,0,0,2,3,2,1,6,0,2,0,8,12,2,0,7,0,0,"Perth Stadium",36781,"West Coast","Greater Western Sydney",88,71
12750,"Connor","Idun","Greater Western Sydney",39,"11","2026-05-17",9,10,19,3,0,0,0,4,2,1,0,1,0,0,0,6,11,0,0,4,0,0,"Perth Stadium",36781,"West Coast","Greater Western Sydney",88,71
12377,"Jayden","Laverde","Greater Western Sydney",25,"11","2026-05-17",5,9,14,5,0,0,0,4,2,0,0,1,1,0,0,7,6,3,0,6,0,0,"Perth Stadium",36781,"West Coast","Greater Western Sydney",88,71
13174,"James","Leake","Greater Western Sydney",30,"11","2026-05-17",6,4,10,3,0,0,0,5,2,0,0,0,0,0,0,4,7,1,0,5,0,0,"Perth Stadium",36781,"West Coast","Greater Western Sydney",88,71
13088,"Toby","McMullin","Greater Western Sydney",31,"11","2026-05-17",5,2,7,3,0,2,0,2,1,0,1,3,0,1,0,2,5,0,1,0,0,0,"Perth Stadium",36781,"West Coast","Greater Western Sydney",88,71
12410,"Clayton","Oliver","Greater Western Sydney",10,"11","2026-05-17",11,27,38,1,0,1,0,8,4,2,12,6,2,3,0,24,13,0,0,1,0,0,"Perth Stadium",36781,"West Coast","Greater Western Sydney",88,71
NA,"Harrison","Oliver","Greater Western Sydney",19,"11","2026-05-17",9,4,13,1,1,0,0,3,0,2,1,4,4,2,0,3,11,0,0,1,0,0,"Perth Stadium",36781,"West Coast","Greater Western Sydney",88,71
12834,"Jake","Riccardi","Greater Western Sydney",26,"11","2026-05-17",2,4,6,1,0,0,5,1,0,0,0,3,0,1,0,3,3,0,0,0,0,0,"Perth Stadium",36781,"West Coast","Greater Western Sydney",88,71
12167,"Jake","Stringer","Greater Western Sydney",20,"11","2026-05-17",9,1,10,5,2,3,0,0,0,2,1,0,0,0,0,3,7,0,4,1,0,0,"Perth Stadium",36781,"West Coast","Greater Western Sydney",88,71
13101,"Harvey","Thomas","Greater Western Sydney",1,"11","2026-05-17",9,16,25,0,1,0,0,10,4,2,5,5,0,1,0,14,11,0,0,0,0,1,"Perth Stadium",36781,"West Coast","Greater Western Sydney",88,71
12143,"Lachie","Whitfield","Greater Western Sydney",6,"11","2026-05-17",12,9,21,2,0,0,0,1,5,3,0,3,1,2,0,3,12,0,0,4,0,0,"Perth Stadium",36781,"West Coast","Greater Western Sydney",88,71
12357,"Karl","Amon","Hawthorn",10,"12","2026-05-21",13,5,18,4,0,0,0,3,3,3,1,5,0,2,0,4,11,0,0,3,1,0,"York Park",8312,"Hawthorn","Adelaide",75,66
12558,"Josh","Battle","Hawthorn",24,"12","2026-05-21",14,4,18,5,0,0,0,4,8,0,1,3,1,0,0,5,8,1,0,6,0,0,"York Park",8312,"Hawthorn","Adelaide",75,66
12485,"Mabior","Chol","Hawthorn",18,"12","2026-05-21",4,4,8,3,1,1,2,6,0,2,3,3,0,2,0,3,6,0,1,1,0,1,"York Park",8312,"Hawthorn","Adelaide",75,66
12998,"Massimo","DAmbrosio","Hawthorn",16,"12","2026-05-21",14,8,22,0,0,1,0,5,3,4,0,2,1,1,0,5,17,0,0,1,0,1,"York Park",8312,"Hawthorn","Adelaide",75,66
12927,"Jack","Ginnivan","Hawthorn",33,"12","2026-05-21",6,4,10,1,0,2,0,6,0,5,0,2,1,0,0,5,5,0,0,0,1,0,"York Park",8312,"Hawthorn","Adelaide",75,66
12469,"Blake","Hardwick","Hawthorn",15,"12","2026-05-21",10,4,14,6,4,2,0,3,0,0,0,3,1,1,0,4,9,2,4,0,0,0,"York Park",8312,"Hawthorn","Adelaide",75,66
12237,"Jarman","Impey","Hawthorn",4,"12","2026-05-21",17,4,21,5,0,0,0,1,10,5,0,6,1,0,0,7,8,3,0,2,0,0,"York Park",8312,"Hawthorn","Adelaide",75,66
12636,"Mitch","Lewis","Hawthorn",2,"12","2026-05-21",4,4,8,3,1,0,0,1,0,1,0,5,1,3,0,6,2,2,0,6,0,0,"York Park",8312,"Hawthorn","Adelaide",75,66
13069,"Bailey","Macdonald","Hawthorn",42,"12","2026-05-21",4,9,13,3,0,0,0,1,2,0,0,1,0,0,0,6,7,0,0,1,0,0,"York Park",8312,"Hawthorn","Adelaide",75,66
12954,"Connor","Macdonald","Hawthorn",9,"12","2026-05-21",9,5,14,3,0,1,0,5,0,5,0,5,1,0,0,5,8,0,1,0,0,0,"York Park",8312,"Hawthorn","Adelaide",75,66
13031,"Cam","Mackenzie","Hawthorn",28,"12","2026-05-21",15,9,24,0,0,1,0,7,2,3,6,3,2,0,0,9,14,0,0,0,0,0,"York Park",8312,"Hawthorn","Adelaide",75,66
12843,"Finn","Maginness","Hawthorn",20,"12","2026-05-21",7,7,14,2,0,0,0,4,2,1,0,1,0,1,0,4,9,0,0,0,0,0,"York Park",8312,"Hawthorn","Adelaide",75,66
12856,"Lloyd","Meek","Hawthorn",17,"12","2026-05-21",1,10,11,1,1,0,23,3,0,2,3,2,0,1,0,8,3,1,1,3,0,0,"York Park",8312,"Hawthorn","Adelaide",75,66
12710,"Dylan","Moore","Hawthorn",8,"12","2026-05-21",7,4,11,2,1,0,0,4,0,2,1,6,0,2,0,3,7,0,0,0,0,1,"York Park",8312,"Hawthorn","Adelaide",75,66
NA,"Cameron","Nairn","Hawthorn",22,"12","2026-05-21",6,5,11,3,0,0,0,2,1,0,0,3,0,1,0,1,10,0,0,2,0,0,"York Park",8312,"Hawthorn","Adelaide",75,66
12670,"Conor","Nash","Hawthorn",11,"12","2026-05-21",9,6,15,1,0,1,0,3,4,2,6,3,1,1,0,10,7,0,0,2,0,0,"York Park",8312,"Hawthorn","Adelaide",75,66
12915,"Jai","Newcombe","Hawthorn",3,"12","2026-05-21",9,9,18,1,0,0,0,6,3,1,10,6,3,3,0,12,7,0,0,2,0,0,"York Park",8312,"Hawthorn","Adelaide",75,66
12906,"Ned","Reeves","Hawthorn",7,"12","2026-05-21",9,0,9,0,0,1,30,2,1,4,8,2,4,1,0,7,0,0,0,2,0,0,"York Park",8312,"Hawthorn","Adelaide",75,66
NA,"Bodie","Ryan","Hawthorn",26,"12","2026-05-21",7,4,11,4,0,0,0,1,1,0,1,5,2,2,0,3,7,0,0,0,0,0,"York Park",8312,"Hawthorn","Adelaide",75,66
12332,"James","Sicily","Hawthorn",6,"12","2026-05-21",9,2,11,6,0,0,0,5,4,1,0,2,0,1,0,1,8,0,0,6,0,0,"York Park",8312,"Hawthorn","Adelaide",75,66
12955,"Josh","Ward","Hawthorn",25,"12","2026-05-21",8,16,24,2,0,0,0,3,2,2,5,3,0,0,0,11,11,0,0,0,0,0,"York Park",8312,"Hawthorn","Adelaide",75,66
13105,"Nick","Watson","Hawthorn",5,"12","2026-05-21",8,4,12,1,2,1,0,0,0,4,2,0,4,0,0,10,4,0,1,3,1,0,"York Park",8312,"Hawthorn","Adelaide",75,66
13057,"Josh","Weddle","Hawthorn",23,"12","2026-05-21",9,8,17,4,0,0,0,3,2,3,0,2,0,2,0,5,10,0,0,9,4,0,"York Park",8312,"Hawthorn","Adelaide",75,66
12414,"Callum","Ah Chee","Adelaide",4,"12","2026-05-21",6,5,11,4,2,1,0,2,0,2,0,5,1,0,0,5,7,0,1,3,1,0,"York Park",8312,"Hawthorn","Adelaide",75,66
12849,"Sam","Berry","Adelaide",3,"12","2026-05-21",12,15,27,1,0,1,0,10,3,6,5,4,1,2,0,8,19,0,0,2,0,1,"York Park",8312,"Hawthorn","Adelaide",75,66
13086,"James","Borlase","Adelaide",35,"12","2026-05-21",6,8,14,3,0,0,0,2,1,2,0,3,1,0,0,6,7,1,0,14,0,0,"York Park",8312,"Hawthorn","Adelaide",75,66
12829,"Jordon","Butts","Adelaide",41,"12","2026-05-21",5,7,12,6,0,0,0,0,0,0,0,3,0,0,0,2,10,2,0,4,0,0,"York Park",8312,"Hawthorn","Adelaide",75,66
12932,"Brayden","Cook","Adelaide",15,"12","2026-05-21",7,3,10,2,0,0,0,4,2,3,1,3,0,0,0,7,3,1,0,0,0,1,"York Park",8312,"Hawthorn","Adelaide",75,66
13132,"Daniel","Curtin","Adelaide",6,"12","2026-05-21",4,4,8,2,0,0,0,8,0,4,2,1,1,0,0,5,3,1,0,1,0,1,"York Park",8312,"Hawthorn","Adelaide",75,66
12516,"Jordan","Dawson","Adelaide",12,"12","2026-05-21",21,7,28,5,1,1,0,9,2,7,4,8,2,2,0,12,15,1,1,1,1,0,"York Park",8312,"Hawthorn","Adelaide",75,66
12584,"Darcy","Fogarty","Adelaide",32,"12","2026-05-21",9,5,14,4,1,2,0,3,0,2,1,3,2,0,0,7,7,0,2,1,0,1,"York Park",8312,"Hawthorn","Adelaide",75,66
12434,"Ben","Keays","Adelaide",2,"12","2026-05-21",8,3,11,0,0,0,0,3,0,2,1,3,0,1,0,4,6,0,0,1,0,0,"York Park",8312,"Hawthorn","Adelaide",75,66
12165,"Rory","Laird","Adelaide",29,"12","2026-05-21",18,10,28,5,0,0,0,4,5,0,0,4,0,1,0,7,18,0,0,1,1,0,"York Park",8312,"Hawthorn","Adelaide",75,66
13065,"Lachlan","McAndrew","Adelaide",42,"12","2026-05-21",7,5,12,2,1,0,22,5,1,2,7,5,2,4,0,8,3,0,0,3,0,0,"York Park",8312,"Hawthorn","Adelaide",75,66
13027,"Max","Michalanney","Adelaide",16,"12","2026-05-21",4,9,13,0,0,0,0,2,2,2,0,3,0,2,0,1,11,0,0,2,0,0,"York Park",8312,"Hawthorn","Adelaide",75,66
12405,"Wayne","Milera","Adelaide",30,"12","2026-05-21",22,10,32,5,0,0,0,3,11,6,4,4,2,3,0,9,17,0,0,1,1,0,"York Park",8312,"Hawthorn","Adelaide",75,66
NA,"Toby","Murray","Adelaide",39,"12","2026-05-21",0,2,2,0,0,0,2,0,0,0,0,2,0,1,0,1,1,0,0,0,0,0,"York Park",8312,"Hawthorn","Adelaide",75,66
13081,"Luke","Nankervis","Adelaide",27,"12","2026-05-21",4,11,15,0,0,0,0,6,1,0,1,3,0,1,0,8,7,0,0,3,0,0,"York Park",8312,"Hawthorn","Adelaide",75,66
12367,"Alex","Neal-Bullen","Adelaide",28,"12","2026-05-21",12,14,26,3,0,2,0,3,1,2,1,3,2,0,0,8,17,0,0,0,0,0,"York Park",8312,"Hawthorn","Adelaide",75,66
12934,"James","Peatling","Adelaide",25,"12","2026-05-21",10,7,17,3,0,0,0,5,0,0,1,3,3,0,0,5,10,0,0,0,0,0,"York Park",8312,"Hawthorn","Adelaide",75,66
12953,"Josh","Rachele","Adelaide",8,"12","2026-05-21",9,7,16,5,1,2,0,0,1,4,1,9,1,2,0,6,8,0,2,0,0,1,"York Park",8312,"Hawthorn","Adelaide",75,66
12798,"Izak","Rankine","Adelaide",23,"12","2026-05-21",8,9,17,2,1,0,0,4,0,3,1,3,1,0,0,6,11,0,0,0,0,1,"York Park",8312,"Hawthorn","Adelaide",75,66
12952,"Jake","Soligo","Adelaide",14,"12","2026-05-21",11,8,19,6,1,0,0,1,2,3,1,6,1,2,0,5,12,0,0,0,0,0,"York Park",8312,"Hawthorn","Adelaide",75,66
13159,"Zac","Taylor","Adelaide",19,"12","2026-05-21",7,5,12,2,1,0,0,4,0,3,0,1,0,1,0,6,8,1,1,2,0,1,"York Park",8312,"Hawthorn","Adelaide",75,66
12892,"Riley","Thilthorpe","Adelaide",7,"12","2026-05-21",7,9,16,2,0,0,5,0,0,3,2,3,1,0,0,7,7,0,0,1,1,2,"York Park",8312,"Hawthorn","Adelaide",75,66
12912,"Josh","Worrell","Adelaide",24,"12","2026-05-21",16,12,28,7,0,0,0,3,7,1,0,2,3,1,0,8,15,0,0,4,0,0,"York Park",8312,"Hawthorn","Adelaide",75,66
13242,"Jasper","Alger","Richmond",29,"12","2026-05-22",4,6,10,2,0,1,0,4,0,1,0,3,2,1,0,6,3,1,1,1,0,1,"M.C.G.",78815,"Richmond","Essendon",74,56
12686,"Noah","Balta","Richmond",21,"12","2026-05-22",10,5,15,4,0,1,4,1,2,3,3,1,0,1,0,6,8,0,0,2,0,0,"M.C.G.",78815,"Richmond","Essendon",74,56
12456,"Nathan","Broad","Richmond",35,"12","2026-05-22",8,5,13,6,0,0,0,0,2,0,0,0,1,0,0,4,10,0,0,7,0,0,"M.C.G.",78815,"Richmond","Essendon",74,56
NA,"Tom","Burton","Richmond",45,"12","2026-05-22",3,5,8,1,0,0,0,3,0,0,0,2,0,1,0,1,8,0,0,0,1,0,"M.C.G.",78815,"Richmond","Essendon",74,56
13100,"Seth","Campbell","Richmond",44,"12","2026-05-22",10,12,22,3,0,1,0,1,0,2,5,2,0,0,0,9,9,1,0,0,2,0,"M.C.G.",78815,"Richmond","Essendon",74,56
NA,"Sam","Cumming","Richmond",22,"12","2026-05-22",7,10,17,3,1,0,0,2,1,3,2,0,0,0,0,3,14,0,1,0,0,0,"M.C.G.",78815,"Richmond","Essendon",74,56
13214,"Jonty","Faull","Richmond",8,"12","2026-05-22",1,2,3,1,1,0,0,0,0,0,0,0,0,0,0,1,2,0,1,1,0,0,"M.C.G.",78815,"Richmond","Essendon",74,56
13145,"Steely","Green","Richmond",48,"12","2026-05-22",7,6,13,4,2,1,0,5,0,1,2,1,4,0,0,7,6,0,1,0,0,0,"M.C.G.",78815,"Richmond","Essendon",74,56
NA,"Sam","Grlj","Richmond",24,"12","2026-05-22",9,4,13,3,0,0,0,3,0,3,1,5,1,2,0,1,13,0,0,1,2,1,"M.C.G.",78815,"Richmond","Essendon",74,56
NA,"Oliver","Hayes-Brown","Richmond",47,"12","2026-05-22",2,5,7,0,0,0,4,1,0,2,3,0,1,0,0,7,2,0,0,4,0,0,"M.C.G.",78815,"Richmond","Essendon",74,56
12440,"Jacob","Hopper","Richmond",2,"12","2026-05-22",10,10,20,4,0,0,0,2,2,1,5,4,0,3,0,9,11,0,0,1,1,0,"M.C.G.",78815,"Richmond","Essendon",74,56
13113,"Mykelti","Lefau","Richmond",42,"12","2026-05-22",7,3,10,4,1,0,0,5,0,1,0,3,0,1,0,4,5,0,0,4,0,1,"M.C.G.",78815,"Richmond","Essendon",74,56
11948,"Tom","Lynch","Richmond",19,"12","2026-05-22",8,2,10,6,2,2,0,3,1,1,1,1,2,1,0,6,4,2,3,0,0,0,"M.C.G.",78815,"Richmond","Essendon",74,56
12941,"Ben","Miller","Richmond",12,"12","2026-05-22",16,1,17,9,0,0,0,1,4,1,0,3,1,2,0,2,13,1,0,4,0,1,"M.C.G.",78815,"Richmond","Essendon",74,56
NA,"Patrick","Retschko","Richmond",33,"12","2026-05-22",15,12,27,8,0,0,0,3,1,5,0,3,1,0,0,4,22,0,0,0,0,1,"M.C.G.",78815,"Richmond","Essendon",74,56
NA,"Noah","Roberts-Thomson","Richmond",27,"12","2026-05-22",3,1,4,2,1,0,0,2,1,2,0,1,0,0,0,0,4,0,1,2,0,0,"M.C.G.",78815,"Richmond","Essendon",74,56
12712,"Jack","Ross","Richmond",5,"12","2026-05-22",8,16,24,3,1,2,0,5,1,2,1,4,4,2,0,9,16,0,0,1,2,0,"M.C.G.",78815,"Richmond","Essendon",74,56
12418,"Jayden","Short","Richmond",15,"12","2026-05-22",25,5,30,7,1,1,0,2,10,4,0,3,1,0,0,3,22,0,0,2,1,0,"M.C.G.",78815,"Richmond","Essendon",74,56
13014,"Tyler","Sonsie","Richmond",40,"12","2026-05-22",13,9,22,7,0,1,0,1,0,1,0,3,0,1,0,5,16,0,0,1,0,1,"M.C.G.",78815,"Richmond","Essendon",74,56
12504,"Tim","Taranto","Richmond",14,"12","2026-05-22",14,16,30,8,0,1,0,7,2,4,8,3,3,1,0,11,19,0,0,0,0,0,"M.C.G.",78815,"Richmond","Essendon",74,56
13191,"Luke","Trainor","Richmond",11,"12","2026-05-22",8,3,11,4,0,0,0,0,5,0,0,2,0,2,0,0,9,0,0,7,0,0,"M.C.G.",78815,"Richmond","Essendon",74,56
13095,"James","Trezise","Richmond",36,"12","2026-05-22",10,9,19,7,0,0,0,1,1,2,1,1,1,0,0,5,14,0,0,3,0,0,"M.C.G.",78815,"Richmond","Essendon",74,56
12174,"Nick","Vlastuin","Richmond",1,"12","2026-05-22",10,6,16,6,0,0,0,0,3,2,0,2,4,1,0,6,11,0,0,1,0,1,"M.C.G.",78815,"Richmond","Essendon",74,56
13237,"Lachlan","Blakiston","Essendon",46,"12","2026-05-22",7,3,10,3,0,0,13,2,0,3,0,4,1,2,0,6,4,0,0,4,0,0,"M.C.G.",78815,"Richmond","Essendon",74,56
12899,"Nick","Bryan","Essendon",24,"12","2026-05-22",6,8,14,2,0,0,21,1,1,0,3,0,0,0,0,6,7,0,0,5,1,0,"M.C.G.",78815,"Richmond","Essendon",74,56
13148,"Nate","Caddy","Essendon",30,"12","2026-05-22",7,0,7,6,2,3,0,1,0,1,0,2,2,2,0,2,6,0,3,0,0,1,"M.C.G.",78815,"Richmond","Essendon",74,56
12755,"Jye","Caldwell","Essendon",6,"12","2026-05-22",2,3,5,1,1,0,0,2,0,0,1,1,1,1,0,3,2,0,1,0,0,0,"M.C.G.",78815,"Richmond","Essendon",74,56
13223,"Archer","Day-Wicks","Essendon",44,"12","2026-05-22",3,5,8,3,0,1,0,2,0,1,0,4,0,2,0,2,6,0,0,4,0,0,"M.C.G.",78815,"Richmond","Essendon",74,56
12925,"Sam","Durham","Essendon",22,"12","2026-05-22",1,5,6,1,0,0,0,0,0,0,0,1,0,0,0,2,4,0,0,0,0,0,"M.C.G.",78815,"Richmond","Essendon",74,56
12696,"Xavier","Duursma","Essendon",28,"12","2026-05-22",6,8,14,7,0,0,0,1,0,1,0,3,0,1,0,3,11,0,0,3,0,0,"M.C.G.",78815,"Richmond","Essendon",74,56
13198,"Tom","Edwards","Essendon",45,"12","2026-05-22",7,7,14,5,0,0,0,2,0,2,0,1,1,1,0,6,8,3,1,1,0,0,"M.C.G.",78815,"Richmond","Essendon",74,56
NA,"Jacob","Farrow","Essendon",2,"12","2026-05-22",12,6,18,8,0,1,0,3,4,0,0,0,0,0,0,4,12,0,1,0,0,0,"M.C.G.",78815,"Richmond","Essendon",74,56
12415,"Jade","Gresham","Essendon",11,"12","2026-05-22",6,6,12,1,0,1,0,4,0,2,3,2,2,1,0,4,7,0,0,0,0,1,"M.C.G.",78815,"Richmond","Essendon",74,56
12612,"Matt","Guelfi","Essendon",35,"12","2026-05-22",0,0,0,0,0,0,0,0,0,0,0,0,0,0,0,0,0,0,0,0,0,0,"M.C.G.",78815,"Richmond","Essendon",74,56
12349,"Kyle","Langford","Essendon",4,"12","2026-05-22",17,10,27,9,0,0,0,2,2,1,0,3,1,1,0,6,21,0,0,2,0,1,"M.C.G.",78815,"Richmond","Essendon",74,56
13238,"Archie","May","Essendon",26,"12","2026-05-22",10,5,15,6,3,1,0,5,0,3,0,6,2,1,0,7,8,3,2,3,0,0,"M.C.G.",78815,"Richmond","Essendon",74,56
12491,"Andrew","McGrath","Essendon",1,"12","2026-05-22",3,3,6,0,0,0,0,1,1,1,0,0,0,0,0,1,4,0,0,0,0,0,"M.C.G.",78815,"Richmond","Essendon",74,56
12580,"Ben","McKay","Essendon",32,"12","2026-05-22",12,7,19,11,0,0,1,0,0,1,0,2,1,2,0,6,13,1,0,2,0,0,"M.C.G.",78815,"Richmond","Essendon",74,56
12241,"Zach","Merrett","Essendon",7,"12","2026-05-22",18,18,36,12,1,0,0,5,1,6,4,4,2,2,0,6,28,0,0,1,1,2,"M.C.G.",78815,"Richmond","Essendon",74,56
12406,"Darcy","Parish","Essendon",3,"12","2026-05-22",22,19,41,7,0,2,0,4,2,6,9,9,1,5,0,16,27,0,0,1,0,0,"M.C.G.",78815,"Richmond","Essendon",74,56
12879,"Archie","Perkins","Essendon",16,"12","2026-05-22",10,9,19,8,0,1,0,2,1,6,0,1,0,0,0,3,16,0,0,3,0,1,"M.C.G.",78815,"Richmond","Essendon",74,56
12874,"Jaxon","Prior","Essendon",25,"12","2026-05-22",16,6,22,7,0,1,0,2,7,2,1,2,1,0,0,6,15,2,1,0,0,0,"M.C.G.",78815,"Richmond","Essendon",74,56
12437,"Mason","Redman","Essendon",27,"12","2026-05-22",25,5,30,9,0,0,0,1,5,2,0,1,1,0,0,3,19,0,0,3,0,0,"M.C.G.",78815,"Richmond","Essendon",74,56
12889,"Zach","Reid","Essendon",31,"12","2026-05-22",11,2,13,7,0,0,0,1,3,0,0,1,1,0,0,2,9,0,0,6,0,0,"M.C.G.",78815,"Richmond","Essendon",74,56
13168,"Archie","Roberts","Essendon",21,"12","2026-05-22",21,12,33,7,0,0,0,1,2,7,1,7,0,2,0,7,21,0,0,0,0,0,"M.C.G.",78815,"Richmond","Essendon",74,56
NA,"Sullivan","Robey","Essendon",9,"12","2026-05-22",9,14,23,6,0,1,0,2,2,0,4,5,2,3,0,8,16,0,1,2,0,0,"M.C.G.",78815,"Richmond","Essendon",74,56
12983,"Jye","Amiss","Fremantle",24,"12","2026-05-22",7,1,8,4,4,0,0,2,0,1,0,0,2,0,0,3,6,0,2,0,0,0,"Perth Stadium",53707,"Fremantle","St Kilda",104,74
12535,"Shai","Bolton","Fremantle",10,"12","2026-05-22",14,11,25,3,1,2,0,1,1,12,4,4,1,1,0,11,16,1,0,1,3,1,"Perth Stadium",53707,"Fremantle","St Kilda",104,74
12589,"Andrew","Brayshaw","Fremantle",8,"12","2026-05-22",9,16,25,5,0,0,0,3,1,3,7,1,0,0,0,11,14,0,0,1,0,0,"Perth Stadium",53707,"Fremantle","St Kilda",104,74
12875,"Heath","Chapman","Fremantle",5,"12","2026-05-22",12,3,15,8,0,0,0,2,4,2,0,1,0,0,0,4,10,2,0,4,4,1,"Perth Stadium",53707,"Fremantle","St Kilda",104,74
12688,"Jordan","Clark","Fremantle",6,"12","2026-05-22",13,5,18,4,0,0,0,3,3,2,1,2,0,1,0,3,12,0,0,1,2,1,"Perth Stadium",53707,"Fremantle","St Kilda",104,74
12544,"Brennan","Cox","Fremantle",36,"12","2026-05-22",15,5,20,10,0,0,0,0,3,0,0,3,1,0,0,8,13,4,0,2,1,0,"Perth Stadium",53707,"Fremantle","St Kilda",104,74
12428,"Mason","Cox","Fremantle",18,"12","2026-05-22",4,4,8,2,0,0,12,2,1,1,3,6,1,2,0,6,2,1,0,2,0,0,"Perth Stadium",53707,"Fremantle","St Kilda",104,74
13204,"Isaiah","Dudley","Fremantle",43,"12","2026-05-22",7,2,9,1,2,0,0,3,0,1,0,3,0,1,0,4,4,0,0,0,0,2,"Perth Stadium",53707,"Fremantle","St Kilda",104,74
12966,"Neil","Erasmus","Fremantle",28,"12","2026-05-22",7,8,15,2,1,0,0,5,1,2,1,2,1,0,0,5,10,1,0,1,0,1,"Perth Stadium",53707,"Fremantle","St Kilda",104,74
12801,"Michael","Frederick","Fremantle",32,"12","2026-05-22",9,8,17,1,1,1,0,1,1,6,1,1,0,0,0,6,10,0,0,1,3,2,"Perth Stadium",53707,"Fremantle","St Kilda",104,74
12779,"Luke","Jackson","Fremantle",9,"12","2026-05-22",7,15,22,3,0,1,21,3,0,4,7,3,2,1,0,18,6,3,1,0,0,0,"Perth Stadium",53707,"Fremantle","St Kilda",104,74
13047,"Matthew","Johnson","Fremantle",44,"12","2026-05-22",4,16,20,2,0,0,0,3,1,1,3,2,0,0,0,6,14,0,0,0,0,0,"Perth Stadium",53707,"Fremantle","St Kilda",104,74
12394,"Oscar","McDonald","Fremantle",21,"12","2026-05-22",7,3,10,5,0,0,0,2,1,1,0,3,1,1,0,6,4,2,0,3,0,0,"Perth Stadium",53707,"Fremantle","St Kilda",104,74
13033,"Judd","McVee","Fremantle",17,"12","2026-05-22",10,6,16,7,0,0,0,0,4,2,0,3,0,0,0,1,15,0,0,3,1,0,"Perth Stadium",53707,"Fremantle","St Kilda",104,74
12960,"Nathan","ODriscoll","Fremantle",30,"12","2026-05-22",10,17,27,7,0,0,0,2,0,4,3,4,0,0,0,8,18,0,2,2,1,0,"Perth Stadium",53707,"Fremantle","St Kilda",104,74
13180,"Murphy","Reid","Fremantle",16,"12","2026-05-22",15,15,30,3,1,1,0,2,1,5,3,3,0,2,0,9,21,0,0,0,0,2,"Perth Stadium",53707,"Fremantle","St Kilda",104,74
12542,"Luke","Ryan","Fremantle",13,"12","2026-05-22",14,10,24,9,0,0,0,0,2,0,0,1,0,0,0,7,14,0,0,1,1,0,"Perth Stadium",53707,"Fremantle","St Kilda",104,74
NA,"Chris","Scerri","Fremantle",45,"12","2026-05-22",2,6,8,1,0,0,0,2,1,1,0,0,0,0,0,4,3,0,0,2,1,0,"Perth Stadium",53707,"Fremantle","St Kilda",104,74
12672,"Sam","Switkowski","Fremantle",39,"12","2026-05-22",4,3,7,1,1,0,0,4,0,3,0,2,0,1,0,4,4,0,1,0,0,1,"Perth Stadium",53707,"Fremantle","St Kilda",104,74
12887,"Josh","Treacy","Fremantle",35,"12","2026-05-22",12,7,19,11,2,2,0,4,0,3,0,2,3,0,0,9,13,2,5,1,0,0,"Perth Stadium",53707,"Fremantle","St Kilda",104,74
13129,"Patrick","Voss","Fremantle",20,"12","2026-05-22",7,4,11,4,3,0,0,4,0,2,0,3,1,2,0,5,6,1,2,4,0,1,"Perth Stadium",53707,"Fremantle","St Kilda",104,74
12453,"Corey","Wagner","Fremantle",34,"12","2026-05-22",10,5,15,2,0,0,0,4,1,3,0,0,1,0,0,3,12,0,0,0,1,1,"Perth Stadium",53707,"Fremantle","St Kilda",104,74
13075,"Karl","Worner","Fremantle",23,"12","2026-05-22",12,13,25,6,0,0,0,2,8,2,1,3,0,1,0,7,16,0,0,1,1,0,"Perth Stadium",53707,"Fremantle","St Kilda",104,74
NA,"Charlie","Banfield","St Kilda",36,"12","2026-05-22",8,3,11,5,0,0,0,5,2,3,2,0,0,0,0,7,5,2,0,2,0,0,"Perth Stadium",53707,"Fremantle","St Kilda",104,74
12802,"Ryan","Byrnes","St Kilda",13,"12","2026-05-22",5,7,12,1,0,0,0,0,1,1,1,4,0,1,0,4,8,0,0,0,0,0,"Perth Stadium",53707,"Fremantle","St Kilda",104,74
13035,"Anthony","Caminiti","St Kilda",47,"12","2026-05-22",5,6,11,5,0,0,0,1,2,1,0,4,0,2,0,9,2,3,1,7,0,0,"Perth Stadium",53707,"Fremantle","St Kilda",104,74
12976,"Jack","Carroll","St Kilda",18,"12","2026-05-22",8,4,12,5,0,0,0,0,2,4,0,2,0,0,0,3,9,0,0,0,0,0,"Perth Stadium",53707,"Fremantle","St Kilda",104,74
12674,"Tom","De Koning","St Kilda",21,"12","2026-05-22",6,2,8,2,0,0,20,4,2,2,3,3,1,2,0,4,3,0,0,1,0,0,"Perth Stadium",53707,"Fremantle","St Kilda",104,74
12824,"Sam","Flanders","St Kilda",9,"12","2026-05-22",16,9,25,7,0,0,0,7,5,1,1,2,2,0,0,6,18,0,0,2,0,0,"Perth Stadium",53707,"Fremantle","St Kilda",104,74
13125,"Hugo","Garcia","St Kilda",34,"12","2026-05-22",4,6,10,0,0,1,0,5,1,2,2,1,0,0,0,4,6,0,0,1,0,0,"Perth Stadium",53707,"Fremantle","St Kilda",104,74
13193,"Max","Hall","St Kilda",40,"12","2026-05-22",10,15,25,6,2,0,0,2,0,5,9,5,1,1,0,13,12,0,1,0,0,1,"Perth Stadium",53707,"Fremantle","St Kilda",104,74
12831,"Liam","Henry","St Kilda",23,"12","2026-05-22",5,4,9,2,2,0,0,2,0,0,0,5,0,0,0,2,7,0,1,0,0,0,"Perth Stadium",53707,"Fremantle","St Kilda",104,74
12060,"Bradley","Hill","St Kilda",8,"12","2026-05-22",11,8,19,5,2,0,0,0,0,3,1,3,1,0,0,5,15,0,0,1,3,0,"Perth Stadium",53707,"Fremantle","St Kilda",104,74
12420,"Dougal","Howard","St Kilda",20,"12","2026-05-22",5,4,9,5,0,0,0,0,2,0,0,1,0,1,0,0,9,0,0,2,0,0,"Perth Stadium",53707,"Fremantle","St Kilda",104,74
12166,"Jack","Macrae","St Kilda",6,"12","2026-05-22",7,11,18,1,0,0,0,4,2,2,2,4,0,0,0,7,11,0,0,1,0,0,"Perth Stadium",53707,"Fremantle","St Kilda",104,74
12564,"Rowan","Marshall","St Kilda",19,"12","2026-05-22",5,9,14,4,0,0,11,7,0,2,5,1,2,1,0,8,7,0,1,1,0,0,"Perth Stadium",53707,"Fremantle","St Kilda",104,74
13194,"Liam","OConnell","St Kilda",45,"12","2026-05-22",8,2,10,1,0,1,0,5,2,0,1,1,0,0,0,2,7,0,0,1,0,0,"Perth Stadium",53707,"Fremantle","St Kilda",104,74
13036,"Mattaes","Phillipou","St Kilda",25,"12","2026-05-22",10,9,19,4,2,0,0,1,0,5,3,3,1,0,0,10,9,1,0,1,0,0,"Perth Stadium",53707,"Fremantle","St Kilda",104,74
12929,"Cooper","Sharman","St Kilda",43,"12","2026-05-22",8,3,11,5,0,1,0,1,0,2,0,2,0,0,0,4,7,1,3,2,0,1,"Perth Stadium",53707,"Fremantle","St Kilda",104,74
12458,"Jack","Silvagni","St Kilda",3,"12","2026-05-22",9,7,16,7,0,0,0,2,2,0,0,3,1,3,0,8,9,3,0,5,0,0,"Perth Stadium",53707,"Fremantle","St Kilda",104,74
12325,"Jack","Sinclair","St Kilda",35,"12","2026-05-22",21,8,29,6,0,0,0,1,6,4,1,2,0,0,0,5,21,0,0,1,0,2,"Perth Stadium",53707,"Fremantle","St Kilda",104,74
12721,"Liam","Stocker","St Kilda",14,"12","2026-05-22",8,4,12,4,0,0,0,1,4,1,1,6,1,1,0,4,7,0,0,1,0,0,"Perth Stadium",53707,"Fremantle","St Kilda",104,74
12703,"Callum","Wilkie","St Kilda",44,"12","2026-05-22",12,9,21,3,0,0,0,2,8,0,1,1,1,1,0,4,11,0,0,3,0,0,"Perth Stadium",53707,"Fremantle","St Kilda",104,74
13110,"Darcy","Wilson","St Kilda",22,"12","2026-05-22",10,9,19,3,1,1,0,0,0,5,3,2,0,0,0,9,11,0,0,0,2,2,"Perth Stadium",53707,"Fremantle","St Kilda",104,74
12967,"Marcus","Windhager","St Kilda",2,"12","2026-05-22",11,5,16,3,0,0,0,5,2,1,5,2,1,1,0,4,10,0,0,0,0,0,"Perth Stadium",53707,"Fremantle","St Kilda",104,74
12312,"Mason","Wood","St Kilda",32,"12","2026-05-22",7,8,15,6,2,3,0,0,1,1,0,1,1,0,0,9,6,2,3,3,0,1,"Perth Stadium",53707,"Fremantle","St Kilda",104,74
12938,"Charlie","Comben","North Melbourne",30,"12","2026-05-23",9,3,12,5,0,0,0,0,6,1,0,3,1,2,0,7,4,4,0,13,0,0,"Docklands",16260,"North Melbourne","Gold Coast",111,105
12975,"Paul","Curtis","North Melbourne",25,"12","2026-05-23",9,3,12,4,2,2,0,5,1,0,6,2,1,1,0,5,6,0,2,1,0,0,"Docklands",16260,"North Melbourne","Gold Coast",111,105
12373,"Caleb","Daniel","North Melbourne",5,"12","2026-05-23",16,8,24,4,0,0,0,1,3,3,2,2,1,1,0,7,15,0,0,0,0,1,"Docklands",16260,"North Melbourne","Gold Coast",111,105
11905,"Jack","Darling","North Melbourne",27,"12","2026-05-23",10,2,12,7,3,1,0,0,0,3,0,0,1,0,0,5,6,3,3,0,0,1,"Docklands",16260,"North Melbourne","Gold Coast",111,105
12590,"Luke","Davies-Uniacke","North Melbourne",9,"12","2026-05-23",16,14,30,7,1,0,0,8,1,7,7,6,0,3,0,10,21,1,1,3,0,0,"Docklands",16260,"North Melbourne","Gold Coast",111,105
13144,"Wil","Dawson","North Melbourne",18,"12","2026-05-23",0,2,2,0,0,0,3,2,0,0,1,0,1,0,0,1,1,0,0,1,0,0,"Docklands",16260,"North Melbourne","Gold Coast",111,105
13106,"Zane","Duursma","North Melbourne",7,"12","2026-05-23",4,5,9,6,1,0,0,1,1,1,1,0,0,0,0,3,7,0,1,1,0,2,"Docklands",16260,"North Melbourne","Gold Coast",111,105
13130,"Riley","Hardeman","North Melbourne",17,"12","2026-05-23",7,4,11,1,0,0,0,0,2,3,0,4,0,2,0,1,11,0,0,2,1,0,"Docklands",16260,"North Melbourne","Gold Coast",111,105
13186,"Jacob","Konstanty","North Melbourne",41,"12","2026-05-23",7,5,12,4,2,0,0,6,0,1,1,2,1,1,0,6,7,1,1,0,1,1,"Docklands",16260,"North Melbourne","Gold Coast",111,105
12563,"Nick","Larkey","North Melbourne",20,"12","2026-05-23",4,4,8,4,2,0,0,0,0,1,0,1,0,0,0,3,4,1,3,1,0,1,"Docklands",16260,"North Melbourne","Gold Coast",111,105
12511,"Griffin","Logue","North Melbourne",19,"12","2026-05-23",3,6,9,2,0,0,0,1,1,1,0,2,1,1,0,4,5,1,0,3,0,0,"Docklands",16260,"North Melbourne","Gold Coast",111,105
12246,"Luke","McDonald","North Melbourne",11,"12","2026-05-23",6,3,9,2,0,0,0,3,3,1,0,2,0,1,0,3,5,1,0,2,0,0,"Docklands",16260,"North Melbourne","Gold Coast",111,105
13107,"Colby","McKercher","North Melbourne",10,"12","2026-05-23",12,6,18,1,0,0,0,3,5,4,2,4,0,2,0,3,14,0,0,0,1,1,"Docklands",16260,"North Melbourne","Gold Coast",111,105
13187,"Finn","OSullivan","North Melbourne",2,"12","2026-05-23",10,16,26,9,0,1,0,6,0,6,4,1,1,0,0,7,20,0,0,1,0,1,"Docklands",16260,"North Melbourne","Gold Coast",111,105
11953,"Luke","Parker","North Melbourne",26,"12","2026-05-23",13,7,20,5,0,0,0,4,3,4,2,3,0,0,0,2,15,0,0,0,0,1,"Docklands",16260,"North Melbourne","Gold Coast",111,105
13034,"Harry","Sheezel","North Melbourne",3,"12","2026-05-23",16,16,32,6,0,1,0,6,1,7,6,3,1,1,0,9,25,0,0,2,0,0,"Docklands",16260,"North Melbourne","Gold Coast",111,105
12502,"Jy","Simpkin","North Melbourne",12,"12","2026-05-23",17,12,29,9,1,0,0,1,3,3,1,1,2,0,0,4,23,1,1,1,0,2,"Docklands",16260,"North Melbourne","Gold Coast",111,105
12622,"Charlie","Spargo","North Melbourne",13,"12","2026-05-23",6,8,14,1,1,0,0,0,0,2,1,2,0,1,0,5,8,0,0,0,0,1,"Docklands",16260,"North Melbourne","Gold Coast",111,105
12796,"Dylan","Stephens","North Melbourne",15,"12","2026-05-23",5,8,13,5,0,0,0,1,2,0,0,0,0,0,0,1,12,0,0,1,0,0,"Docklands",16260,"North Melbourne","Gold Coast",111,105
13263,"Cooper","Trembath","North Melbourne",47,"12","2026-05-23",4,2,6,3,2,0,4,3,0,0,1,0,1,0,0,3,3,2,2,0,0,0,"Docklands",16260,"North Melbourne","Gold Coast",111,105
13064,"George","Wardlaw","North Melbourne",6,"12","2026-05-23",7,12,19,1,0,0,0,5,0,2,3,6,1,3,0,9,10,0,0,1,0,1,"Docklands",16260,"North Melbourne","Gold Coast",111,105
12788,"Tristan","Xerri","North Melbourne",38,"12","2026-05-23",4,8,12,5,1,0,23,8,2,1,2,2,2,2,0,6,6,1,1,1,0,1,"Docklands",16260,"North Melbourne","Gold Coast",111,105
12557,"Cameron","Zurhaar","North Melbourne",44,"12","2026-05-23",11,4,15,6,1,1,0,2,2,3,1,2,2,1,0,4,11,0,1,3,0,2,"Docklands",16260,"North Melbourne","Gold Coast",111,105
13251,"Oscar","Adams","Gold Coast",48,"12","2026-05-23",2,3,5,3,0,0,0,4,2,0,0,2,1,2,0,1,4,0,0,6,0,0,"Docklands",16260,"North Melbourne","Gold Coast",111,105
12767,"Noah","Anderson","Gold Coast",15,"12","2026-05-23",23,8,31,5,1,0,0,3,4,8,7,2,0,1,0,12,19,0,0,0,3,1,"Docklands",16260,"North Melbourne","Gold Coast",111,105
13019,"Mac","Andrew","Gold Coast",1,"12","2026-05-23",6,6,12,6,0,0,0,2,2,0,0,1,0,0,0,4,8,1,0,2,0,0,"Docklands",16260,"North Melbourne","Gold Coast",111,105
13119,"Sam","Clohesy","Gold Coast",33,"12","2026-05-23",5,6,11,3,0,1,0,4,0,1,1,2,0,1,0,4,7,0,0,1,0,0,"Docklands",16260,"North Melbourne","Gold Coast",111,105
12444,"Sam","Collins","Gold Coast",25,"12","2026-05-23",9,6,15,9,0,0,0,2,3,0,1,0,0,0,0,7,8,2,0,7,0,0,"Docklands",16260,"North Melbourne","Gold Coast",111,105
13272,"Lachlan","Gulbin","Gold Coast",39,"12","2026-05-23",5,5,10,3,1,0,0,1,1,2,0,2,1,0,0,3,7,0,1,1,0,0,"Docklands",16260,"North Melbourne","Gold Coast",111,105
12307,"Nick","Holman","Gold Coast",7,"12","2026-05-23",1,5,6,1,0,0,0,1,0,2,0,0,0,0,0,3,3,0,0,1,0,0,"Docklands",16260,"North Melbourne","Gold Coast",111,105
13049,"Bailey","Humphrey","Gold Coast",19,"12","2026-05-23",9,4,13,5,1,1,0,5,1,4,2,1,1,1,0,6,8,1,0,0,0,2,"Docklands",16260,"North Melbourne","Gold Coast",111,105
12933,"Joel","Jeffrey","Gold Coast",16,"12","2026-05-23",12,2,14,5,0,0,0,3,6,3,0,0,1,0,0,1,10,0,0,2,0,0,"Docklands",16260,"North Melbourne","Gold Coast",111,105
12728,"Ben","King","Gold Coast",34,"12","2026-05-23",3,1,4,0,1,0,0,2,0,1,0,1,2,1,0,3,1,0,0,2,0,0,"Docklands",16260,"North Melbourne","Gold Coast",111,105
13232,"Leo","Lombard","Gold Coast",8,"12","2026-05-23",6,6,12,1,0,1,0,5,0,2,1,0,1,0,0,5,7,0,0,0,0,1,"Docklands",16260,"North Melbourne","Gold Coast",111,105
12521,"Ben","Long","Gold Coast",22,"12","2026-05-23",9,3,12,6,2,1,0,0,0,3,0,3,0,0,0,4,7,0,1,1,1,0,"Docklands",16260,"North Melbourne","Gold Coast",111,105
12331,"Touk","Miller","Gold Coast",11,"12","2026-05-23",8,14,22,4,1,0,0,4,0,2,5,3,0,2,0,7,16,0,1,1,0,1,"Docklands",16260,"North Melbourne","Gold Coast",111,105
13050,"Ned","Moyle","Gold Coast",23,"12","2026-05-23",4,4,8,3,1,1,27,3,0,1,0,3,0,1,0,5,2,1,2,3,0,0,"Docklands",16260,"North Melbourne","Gold Coast",111,105
12743,"John","Noble","Gold Coast",2,"12","2026-05-23",10,7,17,3,1,0,0,2,5,1,1,0,2,0,0,4,12,0,0,0,0,0,"Docklands",16260,"North Melbourne","Gold Coast",111,105
12430,"Christian","Petracca","Gold Coast",3,"12","2026-05-23",15,13,28,4,1,0,0,4,0,6,8,2,2,0,0,14,16,0,0,3,0,0,"Docklands",16260,"North Melbourne","Gold Coast",111,105
12652,"Wil","Powell","Gold Coast",27,"12","2026-05-23",9,7,16,6,1,0,0,1,3,2,2,2,0,1,0,5,11,0,0,0,0,0,"Docklands",16260,"North Melbourne","Gold Coast",111,105
12403,"Daniel","Rioli","Gold Coast",17,"12","2026-05-23",9,8,17,6,0,0,0,1,3,1,0,4,1,0,0,4,13,0,0,1,2,1,"Docklands",16260,"North Melbourne","Gold Coast",111,105
12768,"Matt","Rowell","Gold Coast",18,"12","2026-05-23",19,12,31,1,1,0,0,7,1,8,14,2,5,1,0,14,16,0,0,0,0,2,"Docklands",16260,"North Melbourne","Gold Coast",111,105
13041,"Bodhi","Uwland","Gold Coast",6,"12","2026-05-23",9,6,15,4,0,0,0,1,1,0,0,2,0,1,0,6,6,1,0,7,0,0,"Docklands",16260,"North Melbourne","Gold Coast",111,105
13278,"Zeke","Uwland","Gold Coast",32,"12","2026-05-23",11,1,12,4,1,0,0,0,2,4,0,4,2,2,0,3,9,0,0,0,0,0,"Docklands",16260,"North Melbourne","Gold Coast",111,105
13114,"Jed","Walter","Gold Coast",4,"12","2026-05-23",4,2,6,2,3,1,0,3,1,0,0,2,1,1,0,2,4,1,2,0,0,0,"Docklands",16260,"North Melbourne","Gold Coast",111,105
12177,"Jarrod","Witts","Gold Coast",28,"12","2026-05-23",5,2,7,2,0,0,38,1,0,2,2,2,2,2,0,5,3,0,0,3,0,1,"Docklands",16260,"North Melbourne","Gold Coast",111,105
12690,"Tom","Atkins","Geelong",30,"12","2026-05-23",7,6,13,1,1,0,0,4,1,3,1,5,0,2,0,6,9,0,0,1,0,0,"Kardinia Park",35869,"Geelong","Sydney",107,80
12153,"Mark","Blicavs","Geelong",46,"12","2026-05-23",4,8,12,2,0,0,5,1,1,0,2,1,0,0,0,6,7,0,0,2,0,0,"Kardinia Park",35869,"Geelong","Sydney",107,80
12017,"Jeremy","Cameron","Geelong",5,"12","2026-05-23",17,4,21,10,3,0,0,1,2,6,0,2,0,0,0,1,18,0,1,0,1,0,"Kardinia Park",35869,"Geelong","Sydney",107,80
12806,"Brad","Close","Geelong",45,"12","2026-05-23",8,1,9,4,2,1,0,2,0,4,0,1,0,0,0,3,7,0,2,1,0,1,"Kardinia Park",35869,"Geelong","Sydney",107,80
11700,"Patrick","Dangerfield","Geelong",35,"12","2026-05-23",7,8,15,4,1,1,0,4,0,2,1,2,0,1,0,8,7,1,3,4,0,1,"Kardinia Park",35869,"Geelong","Sydney",107,80
12891,"Sam","De Koning","Geelong",16,"12","2026-05-23",5,11,16,2,0,0,9,4,2,1,2,2,2,2,0,8,8,0,0,2,0,1,"Kardinia Park",35869,"Geelong","Sydney",107,80
12974,"Oliver","Dempsey","Geelong",28,"12","2026-05-23",13,10,23,7,0,1,0,1,3,4,3,3,2,0,0,8,13,0,0,1,0,1,"Kardinia Park",35869,"Geelong","Sydney",107,80
NA,"Mitchell","Edwards","Geelong",11,"12","2026-05-23",3,9,12,2,0,0,22,1,0,3,3,3,1,1,0,9,4,1,0,3,0,0,"Kardinia Park",35869,"Geelong","Sydney",107,80
12551,"Zach","Guthrie","Geelong",39,"12","2026-05-23",14,7,21,6,0,0,0,2,2,3,0,0,1,0,0,4,16,1,0,0,0,1,"Kardinia Park",35869,"Geelong","Sydney",107,80
12607,"Jack","Henry","Geelong",38,"12","2026-05-23",5,3,8,3,1,2,0,2,0,0,0,1,1,1,0,4,4,1,3,1,0,1,"Kardinia Park",35869,"Geelong","Sydney",107,80
12851,"Oliver","Henry","Geelong",36,"12","2026-05-23",8,4,12,3,2,2,0,3,0,4,1,5,1,2,0,5,8,0,1,0,0,1,"Kardinia Park",35869,"Geelong","Sydney",107,80
12881,"Max","Holmes","Geelong",9,"12","2026-05-23",20,15,35,6,0,1,0,0,1,6,8,1,1,0,0,13,22,1,0,3,0,2,"Kardinia Park",35869,"Geelong","Sydney",107,80
13160,"Lawson","Humphries","Geelong",17,"12","2026-05-23",22,11,33,9,1,0,0,1,4,8,0,2,2,1,0,8,22,0,0,0,0,0,"Kardinia Park",35869,"Geelong","Sydney",107,80
12370,"Jake","Kolodjashnij","Geelong",8,"12","2026-05-23",7,5,12,3,0,0,0,0,2,0,1,1,0,0,0,5,6,1,0,2,0,0,"Kardinia Park",35869,"Geelong","Sydney",107,80
13104,"Shaun","Mannagh","Geelong",7,"12","2026-05-23",12,3,15,2,1,1,0,1,0,5,4,3,1,1,0,6,10,0,1,0,0,1,"Kardinia Park",35869,"Geelong","Sydney",107,80
12236,"Jack","Martin","Geelong",19,"12","2026-05-23",7,9,16,4,1,2,0,3,0,1,0,4,1,1,0,6,9,1,3,1,0,0,"Kardinia Park",35869,"Geelong","Sydney",107,80
12689,"Gryan","Miers","Geelong",32,"12","2026-05-23",16,8,24,11,0,0,0,0,2,5,0,3,0,1,0,2,22,0,0,2,1,1,"Kardinia Park",35869,"Geelong","Sydney",107,80
13066,"Oisin","Mullin","Geelong",34,"12","2026-05-23",6,13,19,1,0,0,0,0,1,5,2,4,0,1,0,8,12,0,0,2,0,0,"Kardinia Park",35869,"Geelong","Sydney",107,80
12992,"Shannon","Neale","Geelong",33,"12","2026-05-23",5,6,11,3,0,2,3,1,0,2,1,1,0,1,0,5,6,0,1,2,0,1,"Kardinia Park",35869,"Geelong","Sydney",107,80
12531,"Mark","OConnor","Geelong",42,"12","2026-05-23",12,6,18,7,0,0,0,2,3,2,2,1,1,1,0,6,12,1,0,2,0,0,"Kardinia Park",35869,"Geelong","Sydney",107,80
13122,"Connor","OSullivan","Geelong",14,"12","2026-05-23",12,4,16,8,1,0,0,2,3,2,0,0,2,0,0,6,8,1,0,8,0,0,"Kardinia Park",35869,"Geelong","Sydney",107,80
12692,"Bailey","Smith","Geelong",3,"12","2026-05-23",12,20,32,2,1,0,0,2,3,2,7,1,1,0,0,12,17,0,0,1,1,0,"Kardinia Park",35869,"Geelong","Sydney",107,80
12505,"Tom","Stewart","Geelong",44,"12","2026-05-23",11,6,17,5,0,0,0,2,3,1,0,2,0,1,0,5,7,2,0,4,0,0,"Kardinia Park",35869,"Geelong","Sydney",107,80
12844,"Joel","Amartey","Sydney",36,"12","2026-05-23",7,1,8,3,4,1,1,0,0,2,2,2,0,1,0,3,5,1,3,0,0,1,"Kardinia Park",35869,"Geelong","Sydney",107,80
13195,"Riley","Bice","Sydney",26,"12","2026-05-23",17,17,34,3,0,0,0,2,5,2,2,2,2,0,0,11,20,0,0,3,4,1,"Kardinia Park",35869,"Geelong","Sydney",107,80
12699,"Nick","Blakey","Sydney",22,"12","2026-05-23",16,6,22,2,0,0,0,0,10,0,0,5,2,2,0,5,9,0,1,6,0,0,"Kardinia Park",35869,"Geelong","Sydney",107,80
13157,"Caiden","Cleary","Sydney",33,"12","2026-05-23",3,11,14,3,1,2,0,3,0,0,0,1,0,0,0,5,10,0,2,1,0,1,"Kardinia Park",35869,"Geelong","Sydney",107,80
12421,"Charlie","Curnow","Sydney",35,"12","2026-05-23",8,2,10,7,2,0,0,0,0,3,0,1,0,1,0,4,6,3,1,1,0,1,"Kardinia Park",35869,"Geelong","Sydney",107,80
NA,"Will","Edwards","Sydney",28,"12","2026-05-23",8,9,17,5,0,0,0,0,3,0,0,4,1,0,0,6,10,1,0,3,0,0,"Kardinia Park",35869,"Geelong","Sydney",107,80
12217,"Brodie","Grundy","Sydney",4,"12","2026-05-23",5,10,15,1,0,0,31,3,0,2,8,1,2,1,0,15,0,1,0,1,0,1,"Kardinia Park",35869,"Geelong","Sydney",107,80
13173,"Tom","Hanily","Sydney",40,"12","2026-05-23",3,5,8,3,1,0,0,2,1,2,0,3,0,3,0,1,8,1,0,0,0,0,"Kardinia Park",35869,"Geelong","Sydney",107,80
12326,"Isaac","Heeney","Sydney",5,"12","2026-05-23",10,13,23,1,1,0,0,8,1,2,8,4,1,0,0,13,7,0,1,1,1,1,"Kardinia Park",35869,"Geelong","Sydney",107,80
12860,"James","Jordon","Sydney",17,"12","2026-05-23",4,10,14,0,0,0,0,2,1,2,4,4,1,3,0,9,6,0,0,0,0,0,"Kardinia Park",35869,"Geelong","Sydney",107,80
12268,"Jake","Lloyd","Sydney",44,"12","2026-05-23",16,8,24,6,0,0,0,5,3,3,1,0,0,0,0,5,19,0,0,3,1,0,"Kardinia Park",35869,"Geelong","Sydney",107,80
12627,"Tom","McCartin","Sydney",30,"12","2026-05-23",9,9,18,5,0,0,0,6,4,2,1,5,1,1,0,6,12,3,0,5,0,1,"Kardinia Park",35869,"Geelong","Sydney",107,80
12861,"Logan","McDonald","Sydney",6,"12","2026-05-23",7,3,10,3,2,0,1,4,0,2,1,1,1,0,0,4,6,1,3,1,0,1,"Kardinia Park",35869,"Geelong","Sydney",107,80
12711,"Justin","McInerney","Sydney",27,"12","2026-05-23",6,12,18,4,1,1,0,1,0,3,1,5,1,1,0,2,16,0,2,0,0,1,"Kardinia Park",35869,"Geelong","Sydney",107,80
12526,"Lewis","Melican","Sydney",43,"12","2026-05-23",11,7,18,9,0,0,0,1,5,1,0,0,1,0,0,6,11,1,0,6,0,0,"Kardinia Park",35869,"Geelong","Sydney",107,80
12413,"Callum","Mills","Sydney",14,"12","2026-05-23",19,5,24,5,0,0,0,2,7,1,0,1,0,0,0,3,15,1,0,3,0,0,"Kardinia Park",35869,"Geelong","Sydney",107,80
12412,"Tom","Papley","Sydney",11,"12","2026-05-23",4,1,5,1,0,1,0,3,0,2,0,0,0,0,0,1,3,0,0,0,2,2,"Kardinia Park",35869,"Geelong","Sydney",107,80
12903,"Malcolm","Rosas","Sydney",10,"12","2026-05-23",2,0,2,0,0,0,0,2,1,1,0,3,0,1,0,1,1,0,0,0,0,0,"Kardinia Park",35869,"Geelong","Sydney",107,80
12714,"James","Rowbottom","Sydney",8,"12","2026-05-23",4,10,14,0,0,1,0,10,0,2,1,3,2,1,0,11,4,0,0,2,0,0,"Kardinia Park",35869,"Geelong","Sydney",107,80
13022,"Jai","Serong","Sydney",13,"12","2026-05-23",12,14,26,7,0,0,0,3,5,3,3,1,1,0,0,7,18,1,0,1,0,0,"Kardinia Park",35869,"Geelong","Sydney",107,80
12951,"Angus","Sheldrick","Sydney",12,"12","2026-05-23",9,5,14,2,0,1,0,6,4,3,1,5,1,2,0,5,9,0,0,0,0,1,"Kardinia Park",35869,"Geelong","Sydney",107,80
12797,"Chad","Warner","Sydney",1,"12","2026-05-23",8,3,11,2,0,0,0,6,0,6,0,1,0,0,0,2,8,1,0,0,1,0,"Kardinia Park",35869,"Geelong","Sydney",107,80
12818,"Sam","Wicks","Sydney",15,"12","2026-05-23",8,8,16,4,0,1,0,4,4,1,1,5,0,0,0,4,11,0,0,0,2,0,"Kardinia Park",35869,"Geelong","Sydney",107,80
13146,"Edward","Allan","Collingwood",16,"12","2026-05-23",2,7,9,0,1,0,0,5,1,1,1,3,2,2,0,5,6,0,0,0,0,0,"M.C.G.",90028,"Collingwood","West Coast",92,82
12660,"Darcy","Cameron","Collingwood",14,"12","2026-05-23",14,14,28,6,0,0,27,3,1,4,8,7,3,2,0,21,8,1,0,3,0,0,"M.C.G.",90028,"Collingwood","West Coast",92,82
12061,"Jack","Crisp","Collingwood",25,"12","2026-05-23",10,18,28,2,0,1,0,9,2,7,6,5,2,1,0,13,16,0,0,0,0,0,"M.C.G.",90028,"Collingwood","West Coast",92,82
12573,"Josh","Daicos","Collingwood",7,"12","2026-05-23",9,9,18,4,0,0,0,4,3,2,2,4,0,0,0,6,11,0,1,1,0,0,"M.C.G.",90028,"Collingwood","West Coast",92,82
12943,"Nick","Daicos","Collingwood",35,"12","2026-05-23",22,12,34,5,3,2,0,0,3,5,7,6,4,1,0,9,22,0,0,1,1,1,"M.C.G.",90028,"Collingwood","West Coast",92,82
12318,"Jordan","de Goey","Collingwood",2,"12","2026-05-23",17,8,25,6,0,1,0,7,2,4,1,3,1,1,0,7,18,0,1,0,0,0,"M.C.G.",90028,"Collingwood","West Coast",92,82
12083,"Jamie","Elliott","Collingwood",5,"12","2026-05-23",8,2,10,5,3,1,0,4,0,1,0,0,0,0,0,2,9,1,3,0,0,1,"M.C.G.",90028,"Collingwood","West Coast",92,82
12676,"Billy","Frampton","Collingwood",17,"12","2026-05-23",9,3,12,4,0,0,0,2,6,1,0,1,2,0,0,4,8,1,0,8,0,0,"M.C.G.",90028,"Collingwood","West Coast",92,82
13228,"Will","Hayes","Collingwood",39,"12","2026-05-23",4,2,6,2,0,0,0,3,0,3,0,0,2,0,0,2,4,0,0,0,0,0,"M.C.G.",90028,"Collingwood","West Coast",92,82
12495,"Dan","Houston","Collingwood",9,"12","2026-05-23",5,8,13,2,0,0,0,2,2,0,0,2,1,1,0,3,7,0,0,0,0,0,"M.C.G.",90028,"Collingwood","West Coast",92,82
11967,"Jeremy","Howe","Collingwood",38,"12","2026-05-23",12,3,15,6,0,0,0,1,5,3,1,2,1,0,0,4,8,1,0,6,0,0,"M.C.G.",90028,"Collingwood","West Coast",92,82
12578,"Patrick","Lipinski","Collingwood",1,"12","2026-05-23",7,12,19,3,1,1,0,2,1,2,2,2,1,0,0,7,13,0,0,1,0,0,"M.C.G.",90028,"Collingwood","West Coast",92,82
13023,"Ned","Long","Collingwood",44,"12","2026-05-23",3,7,10,2,0,1,1,4,0,2,0,3,2,0,0,6,3,0,1,2,0,0,"M.C.G.",90028,"Collingwood","West Coast",92,82
12371,"Brayden","Maynard","Collingwood",4,"12","2026-05-23",7,5,12,2,0,0,0,5,3,2,0,6,1,2,0,4,9,0,0,3,0,0,"M.C.G.",90028,"Collingwood","West Coast",92,82
12876,"Beau","McCreery","Collingwood",31,"12","2026-05-23",8,10,18,4,0,0,0,5,0,4,1,2,2,2,0,5,13,1,0,1,3,2,"M.C.G.",90028,"Collingwood","West Coast",92,82
12291,"Daniel","McStay","Collingwood",11,"12","2026-05-23",5,2,7,3,2,0,2,2,0,1,1,3,0,2,0,5,2,2,1,2,0,0,"M.C.G.",90028,"Collingwood","West Coast",92,82
12372,"Darcy","Moore","Collingwood",30,"12","2026-05-23",5,0,5,5,0,0,0,2,3,0,0,1,0,0,0,2,3,2,0,4,0,0,"M.C.G.",90028,"Collingwood","West Coast",92,82
4182,"Scott","Pendlebury","Collingwood",10,"12","2026-05-23",7,13,20,0,0,0,0,2,4,0,5,4,0,2,0,7,10,0,0,2,0,0,"M.C.G.",90028,"Collingwood","West Coast",92,82
12740,"Isaac","Quaynor","Collingwood",3,"12","2026-05-23",7,12,19,5,0,0,0,3,4,1,0,2,2,1,0,8,12,0,0,7,0,0,"M.C.G.",90028,"Collingwood","West Coast",92,82
12700,"Lachie","Schultz","Collingwood",8,"12","2026-05-23",9,8,17,2,1,2,0,4,1,3,1,0,2,0,0,7,7,0,1,0,0,2,"M.C.G.",90028,"Collingwood","West Coast",92,82
11751,"Steele","Sidebottom","Collingwood",22,"12","2026-05-23",5,11,16,4,0,0,0,4,2,1,0,2,0,0,0,6,10,0,0,0,1,0,"M.C.G.",90028,"Collingwood","West Coast",92,82
13248,"Roan","Steele","Collingwood",45,"12","2026-05-23",9,3,12,3,2,1,0,2,1,3,2,3,0,1,0,2,10,0,2,1,0,0,"M.C.G.",90028,"Collingwood","West Coast",92,82
13246,"Charlie","West","Collingwood",29,"12","2026-05-23",3,1,4,2,0,1,0,2,0,0,0,0,0,0,0,3,1,1,0,3,0,1,"M.C.G.",90028,"Collingwood","West Coast",92,82
13221,"Bo","Allan","West Coast",26,"12","2026-05-23",7,5,12,5,0,0,0,1,0,1,0,1,0,1,0,5,7,0,0,1,0,0,"M.C.G.",90028,"Collingwood","West Coast",92,82
12661,"Liam","Baker","West Coast",3,"12","2026-05-23",5,9,14,3,0,0,0,0,2,1,0,5,2,3,0,2,13,0,0,3,0,0,"M.C.G.",90028,"Collingwood","West Coast",92,82
13000,"Rhett","Bazzo","West Coast",33,"12","2026-05-23",6,6,12,3,0,0,0,1,2,3,0,2,1,1,0,3,8,0,0,5,0,0,"M.C.G.",90028,"Collingwood","West Coast",92,82
13250,"Malakai","Champion","West Coast",37,"12","2026-05-23",6,6,12,2,2,0,0,1,0,4,1,2,1,1,0,4,9,0,1,1,0,0,"M.C.G.",90028,"Collingwood","West Coast",92,82
12446,"Tom","Cole","West Coast",28,"12","2026-05-23",7,5,12,5,0,0,0,4,0,4,0,5,0,4,0,2,10,0,0,1,0,1,"M.C.G.",90028,"Collingwood","West Coast",92,82
13210,"Hamish","Davis","West Coast",38,"12","2026-05-23",10,13,23,6,0,0,0,1,3,3,3,2,0,0,0,7,16,0,0,0,0,0,"M.C.G.",90028,"Collingwood","West Coast",92,82
12334,"Liam","Duggan","West Coast",14,"12","2026-05-23",15,4,19,13,0,0,0,5,2,1,0,3,1,1,0,1,17,0,0,2,1,0,"M.C.G.",90028,"Collingwood","West Coast",92,82
NA,"Willem","Duursma","West Coast",1,"12","2026-05-23",13,4,17,4,0,0,0,4,3,4,3,4,0,0,0,7,13,1,0,3,2,1,"M.C.G.",90028,"Collingwood","West Coast",92,82
13038,"Reuben","Ginbey","West Coast",7,"12","2026-05-23",11,8,19,4,0,0,0,2,1,0,0,3,0,1,0,6,12,1,0,4,1,0,"M.C.G.",90028,"Collingwood","West Coast",92,82
12957,"Brady","Hough","West Coast",19,"12","2026-05-23",4,9,13,2,1,0,0,1,0,1,1,1,1,0,0,4,9,0,0,2,0,1,"M.C.G.",90028,"Collingwood","West Coast",92,82
13136,"Harvey","Johnston","West Coast",24,"12","2026-05-23",9,4,13,4,1,1,0,1,0,1,0,4,0,1,0,3,11,0,1,0,0,0,"M.C.G.",90028,"Collingwood","West Coast",92,82
12595,"Tim","Kelly","West Coast",11,"12","2026-05-23",12,7,19,6,0,0,0,2,1,6,4,6,1,1,0,7,12,0,0,2,0,2,"M.C.G.",90028,"Collingwood","West Coast",92,82
NA,"Josh","Lindsay","West Coast",5,"12","2026-05-23",16,4,20,6,0,0,0,0,4,2,0,4,0,1,0,1,15,0,0,0,0,0,"M.C.G.",90028,"Collingwood","West Coast",92,82
13070,"Ryan","Maric","West Coast",23,"12","2026-05-23",14,6,20,5,0,1,0,1,1,2,1,1,2,0,0,4,15,0,1,1,0,0,"M.C.G.",90028,"Collingwood","West Coast",92,82
13240,"Tom","McCarthy","West Coast",18,"12","2026-05-23",17,13,30,7,0,0,0,1,8,2,1,3,1,1,0,9,16,0,0,2,0,0,"M.C.G.",90028,"Collingwood","West Coast",92,82
NA,"Milan","Murdock","West Coast",47,"12","2026-05-23",8,14,22,0,1,0,0,3,0,5,4,2,1,0,0,12,10,0,0,1,0,0,"M.C.G.",90028,"Collingwood","West Coast",92,82
13111,"Harley","Reid","West Coast",9,"12","2026-05-23",10,10,20,0,0,0,0,5,1,4,4,8,2,4,0,9,11,0,0,1,0,0,"M.C.G.",90028,"Collingwood","West Coast",92,82
13247,"Jobe","Shanahan","West Coast",35,"12","2026-05-23",5,6,11,5,2,0,0,0,0,3,0,1,0,1,0,4,7,2,2,0,0,0,"M.C.G.",90028,"Collingwood","West Coast",92,82
12601,"Jake","Waterman","West Coast",2,"12","2026-05-23",6,4,10,3,1,2,0,1,0,2,0,1,1,0,0,3,6,1,1,0,0,1,"M.C.G.",90028,"Collingwood","West Coast",92,82
12836,"Bailey","Williams","West Coast",32,"12","2026-05-23",14,6,20,3,1,1,28,3,4,4,12,5,2,2,0,18,2,3,2,5,0,2,"M.C.G.",90028,"Collingwood","West Coast",92,82
12962,"Jack","Williams","West Coast",34,"12","2026-05-23",7,14,21,2,0,0,4,4,2,2,6,4,2,2,0,12,10,1,0,0,0,0,"M.C.G.",90028,"Collingwood","West Coast",92,82
12087,"Elliot","Yeo","West Coast",6,"12","2026-05-23",12,4,16,2,3,2,0,4,1,1,2,6,0,2,0,6,10,0,1,2,0,0,"M.C.G.",90028,"Collingwood","West Coast",92,82
13043,"Tylar","Young","West Coast",20,"12","2026-05-23",8,5,13,7,0,0,0,2,1,1,0,2,0,1,0,2,11,0,0,6,0,0,"M.C.G.",90028,"Collingwood","West Coast",92,82
12433,"Aliir","Aliir","Port Adelaide",21,"12","2026-05-23",5,3,8,4,0,0,0,1,1,0,0,0,0,0,0,1,7,0,0,9,0,0,"Adelaide Oval",40597,"Port Adelaide","Carlton",58,92
NA,"Tom","Anastasopoulos","Port Adelaide",29,"12","2026-05-23",8,2,10,4,0,1,0,3,1,0,0,4,1,0,0,1,10,0,0,3,0,0,"Adelaide Oval",40597,"Port Adelaide","Carlton",58,92
13188,"Joe","Berry","Port Adelaide",5,"12","2026-05-23",5,10,15,5,0,0,0,0,1,4,1,4,0,1,0,7,9,0,0,0,0,1,"Adelaide Oval",40597,"Port Adelaide","Carlton",58,92
13007,"Jase","Burgoyne","Port Adelaide",7,"12","2026-05-23",9,13,22,5,0,0,0,2,5,1,0,1,0,1,0,7,14,0,0,1,0,1,"Adelaide Oval",40597,"Port Adelaide","Carlton",58,92
12698,"Zak","Butters","Port Adelaide",9,"12","2026-05-23",15,13,28,5,0,2,0,3,2,7,4,3,0,1,0,8,19,0,1,0,4,0,"Adelaide Oval",40597,"Port Adelaide","Carlton",58,92
12422,"Darcy","Byrne-Jones","Port Adelaide",33,"12","2026-05-23",10,4,14,3,0,0,0,3,3,0,1,0,0,0,0,4,8,0,0,3,0,0,"Adelaide Oval",40597,"Port Adelaide","Carlton",58,92
12695,"Willem","Drew","Port Adelaide",28,"12","2026-05-23",11,6,17,1,0,0,0,11,1,4,6,4,3,1,0,11,7,0,0,5,0,2,"Adelaide Oval",40597,"Port Adelaide","Carlton",58,92
12936,"Corey","Durdin","Port Adelaide",44,"12","2026-05-23",6,5,11,5,1,0,0,1,0,1,0,2,1,0,0,1,10,0,2,0,0,0,"Adelaide Oval",40597,"Port Adelaide","Carlton",58,92
13156,"Logan","Evans","Port Adelaide",22,"12","2026-05-23",16,5,21,6,0,0,0,2,8,3,1,3,0,1,0,3,15,0,0,4,0,0,"Adelaide Oval",40597,"Port Adelaide","Carlton",58,92
12664,"Kane","Farrell","Port Adelaide",6,"12","2026-05-23",10,3,13,2,0,0,0,0,5,1,1,0,0,0,0,2,6,0,0,1,3,0,"Adelaide Oval",40597,"Port Adelaide","Carlton",58,92
12766,"Mitch","Georgiades","Port Adelaide",19,"12","2026-05-23",8,1,9,8,1,1,0,2,0,1,0,1,0,0,0,4,6,3,2,0,0,0,"Adelaide Oval",40597,"Port Adelaide","Carlton",58,92
12956,"Jason","Horne-Francis","Port Adelaide",18,"12","2026-05-23",23,9,32,5,3,0,0,2,0,8,8,8,2,2,0,16,14,0,2,1,2,0,"Adelaide Oval",40597,"Port Adelaide","Carlton",58,92
NA,"Josh","Lai","Port Adelaide",43,"12","2026-05-23",6,4,10,7,0,0,0,1,1,1,0,2,0,0,0,7,3,4,0,3,0,1,"Adelaide Oval",40597,"Port Adelaide","Carlton",58,92
13269,"Ewan","Mackinlay","Port Adelaide",31,"12","2026-05-23",7,7,14,1,0,0,0,2,1,3,0,3,0,0,0,8,7,0,0,1,1,1,"Adelaide Oval",40597,"Port Adelaide","Carlton",58,92
12575,"Todd","Marshall","Port Adelaide",4,"12","2026-05-23",5,1,6,4,1,0,0,2,0,1,0,2,0,0,0,2,4,1,3,1,0,1,"Adelaide Oval",40597,"Port Adelaide","Carlton",58,92
13199,"Christian","Moraes","Port Adelaide",11,"12","2026-05-23",4,7,11,1,0,1,0,1,0,2,0,1,1,1,0,3,9,0,0,1,0,0,"Adelaide Oval",40597,"Port Adelaide","Carlton",58,92
12597,"Esava","Ratugolea","Port Adelaide",27,"12","2026-05-23",7,2,9,4,0,0,0,1,2,1,0,0,1,0,0,3,5,2,0,4,0,0,"Adelaide Oval",40597,"Port Adelaide","Carlton",58,92
13139,"Joe","Richards","Port Adelaide",35,"12","2026-05-23",9,14,23,5,0,0,0,7,0,2,5,3,0,1,0,7,17,0,0,0,1,0,"Adelaide Oval",40597,"Port Adelaide","Carlton",58,92
12890,"Jordon","Sweet","Port Adelaide",24,"12","2026-05-23",7,3,10,2,0,2,27,1,1,3,4,3,2,2,0,5,6,0,2,4,0,0,"Adelaide Oval",40597,"Port Adelaide","Carlton",58,92
NA,"Jack","Watkins","Port Adelaide",37,"12","2026-05-23",8,6,14,2,0,0,0,2,1,4,2,5,0,2,0,3,11,0,0,0,1,0,"Adelaide Oval",40597,"Port Adelaide","Carlton",58,92
12991,"Jacob","Wehr","Port Adelaide",15,"12","2026-05-23",6,5,11,3,0,0,0,2,3,0,0,6,1,2,0,3,7,0,0,0,0,0,"Adelaide Oval",40597,"Port Adelaide","Carlton",58,92
13259,"Jack","Whitlock","Port Adelaide",17,"12","2026-05-23",8,4,12,6,2,2,3,1,0,1,1,1,1,1,0,4,8,1,4,1,0,0,"Adelaide Oval",40597,"Port Adelaide","Carlton",58,92
12150,"Ollie","Wines","Port Adelaide",16,"12","2026-05-23",0,5,5,0,0,0,0,3,0,0,1,2,0,0,0,4,1,0,0,0,0,0,"Adelaide Oval",40597,"Port Adelaide","Carlton",58,92
12498,"Ben","Ainsworth","Carlton",12,"12","2026-05-23",6,11,17,5,0,0,0,1,0,2,0,0,0,0,0,4,13,0,1,2,0,0,"Adelaide Oval",40597,"Port Adelaide","Carlton",58,92
NA,"Talor","Byrne","Carlton",39,"12","2026-05-23",6,2,8,3,1,2,0,0,0,2,0,2,1,0,0,3,3,0,2,1,0,0,"Adelaide Oval",40597,"Port Adelaide","Carlton",58,92
13212,"Matt","Carroll","Carlton",32,"12","2026-05-23",0,0,0,0,0,0,0,0,0,0,0,0,0,0,0,0,0,0,0,0,0,0,"Adelaide Oval",40597,"Port Adelaide","Carlton",58,92
12603,"Adam","Cerra","Carlton",5,"12","2026-05-23",11,6,17,6,0,0,0,1,1,3,1,3,0,2,0,5,13,0,0,0,1,1,"Adelaide Oval",40597,"Port Adelaide","Carlton",58,92
13028,"Lachlan","Cowan","Carlton",2,"12","2026-05-23",10,4,14,8,0,0,0,5,5,0,0,2,0,0,0,6,9,2,0,4,0,0,"Adelaide Oval",40597,"Port Adelaide","Carlton",58,92
12261,"Patrick","Cripps","Carlton",9,"12","2026-05-23",13,19,32,3,1,2,0,5,0,2,8,6,2,4,0,17,13,0,2,0,0,0,"Adelaide Oval",40597,"Port Adelaide","Carlton",58,92
13273,"Harry","Dean","Carlton",35,"12","2026-05-23",8,4,12,7,0,0,0,1,2,3,0,1,2,0,0,3,10,1,0,6,0,0,"Adelaide Oval",40597,"Port Adelaide","Carlton",58,92
NA,"Wade","Derksen","Carlton",47,"12","2026-05-23",10,5,15,7,0,0,0,0,4,0,0,1,1,0,0,2,13,0,0,6,1,0,"Adelaide Oval",40597,"Port Adelaide","Carlton",58,92
12873,"Francis","Evans","Carlton",44,"12","2026-05-23",11,8,19,4,1,0,0,1,2,1,1,2,1,1,0,5,14,0,0,2,0,1,"Adelaide Oval",40597,"Port Adelaide","Carlton",58,92
12497,"Oliver","Florent","Carlton",14,"12","2026-05-23",18,8,26,4,0,0,0,3,6,3,1,1,0,0,0,2,15,0,0,1,0,1,"Adelaide Oval",40597,"Port Adelaide","Carlton",58,92
12091,"Nick","Haynes","Carlton",26,"12","2026-05-23",12,6,18,8,0,0,0,0,4,0,0,2,0,0,0,4,13,0,0,5,0,0,"Adelaide Oval",40597,"Port Adelaide","Carlton",58,92
12509,"Will","Hayward","Carlton",19,"12","2026-05-23",14,5,19,4,2,0,0,5,3,6,0,2,1,0,0,5,13,1,1,2,0,0,"Adelaide Oval",40597,"Port Adelaide","Carlton",58,92
12411,"George","Hewett","Carlton",29,"12","2026-05-23",11,15,26,1,1,1,0,3,0,6,4,4,3,1,0,14,13,1,1,0,0,1,"Adelaide Oval",40597,"Port Adelaide","Carlton",58,92
NA,"Jack","Ison","Carlton",30,"12","2026-05-23",11,6,17,4,1,3,0,1,0,2,0,4,2,0,0,7,11,0,1,0,1,2,"Adelaide Oval",40597,"Port Adelaide","Carlton",58,92
12937,"Brodie","Kemp","Carlton",17,"12","2026-05-23",6,8,14,7,2,0,0,0,1,2,0,1,0,0,0,5,9,0,2,2,0,1,"Adelaide Oval",40597,"Port Adelaide","Carlton",58,92
12404,"Mitch","McGovern","Carlton",11,"12","2026-05-23",10,2,12,8,2,1,0,1,0,5,0,3,0,0,0,1,11,1,2,1,0,1,"Adelaide Oval",40597,"Port Adelaide","Carlton",58,92
12566,"Harry","McKay","Carlton",10,"12","2026-05-23",13,6,19,9,1,2,4,1,1,1,3,5,1,1,0,6,12,2,3,0,0,0,"Adelaide Oval",40597,"Port Adelaide","Carlton",58,92
12508,"Nic","Newman","Carlton",24,"12","2026-05-23",13,8,21,5,0,0,0,3,3,2,0,1,0,1,0,2,16,0,0,2,0,0,"Adelaide Oval",40597,"Port Adelaide","Carlton",58,92
12417,"Marc","Pittonet","Carlton",27,"12","2026-05-23",5,7,12,2,0,0,21,6,1,0,2,3,0,2,0,2,7,1,1,2,0,0,"Adelaide Oval",40597,"Port Adelaide","Carlton",58,92
13274,"Jagga","Smith","Carlton",7,"12","2026-05-23",9,18,27,2,0,1,0,1,1,4,4,0,1,0,0,11,15,0,1,0,0,3,"Adelaide Oval",40597,"Port Adelaide","Carlton",58,92
12684,"Sam","Walsh","Carlton",18,"12","2026-05-23",10,18,28,5,1,0,0,2,2,2,3,2,1,0,0,5,23,0,0,1,1,1,"Adelaide Oval",40597,"Port Adelaide","Carlton",58,92
NA,"Billy","Wilson","Carlton",15,"12","2026-05-23",10,12,22,3,0,1,0,1,4,2,0,2,0,1,0,5,16,0,0,1,1,0,"Adelaide Oval",40597,"Port Adelaide","Carlton",58,92
13245,"Flynn","Young","Carlton",45,"12","2026-05-23",5,4,9,3,0,1,0,2,0,2,0,1,0,0,0,0,9,0,1,2,0,0,"Adelaide Oval",40597,"Port Adelaide","Carlton",58,92
12782,"Lachie","Ash","Greater Western Sydney",7,"12","2026-05-24",19,9,28,4,0,0,0,0,8,8,0,2,0,0,0,5,18,0,0,3,9,0,"Sydney Showground",8394,"Greater Western Sydney","Brisbane Lions",166,88
12772,"Toby","Bedford","Greater Western Sydney",14,"12","2026-05-24",11,14,25,2,1,0,0,8,1,7,2,1,0,0,0,6,16,0,0,0,0,1,"Sydney Showground",8394,"Greater Western Sydney","Brisbane Lions",166,88
12904,"Kieren","Briggs","Greater Western Sydney",32,"12","2026-05-24",9,11,20,1,0,0,26,2,0,2,5,4,1,2,0,9,12,0,0,2,0,1,"Sydney Showground",8394,"Greater Western Sydney","Brisbane Lions",166,88
12910,"Callum","Brown","Greater Western Sydney",46,"12","2026-05-24",13,5,18,4,2,0,0,2,0,4,0,2,1,1,0,6,12,1,0,2,0,1,"Sydney Showground",8394,"Greater Western Sydney","Brisbane Lions",166,88
12846,"Jack","Buckley","Greater Western Sydney",44,"12","2026-05-24",0,1,1,0,0,0,0,0,0,0,0,0,0,0,0,1,0,0,0,1,0,0,"Sydney Showground",8394,"Greater Western Sydney","Brisbane Lions",166,88
13054,"Aaron","Cadman","Greater Western Sydney",5,"12","2026-05-24",8,6,14,4,3,1,0,6,0,2,1,2,2,0,0,6,9,1,0,0,0,0,"Sydney Showground",8394,"Greater Western Sydney","Brisbane Lions",166,88
12969,"Finn","Callaghan","Greater Western Sydney",17,"12","2026-05-24",14,17,31,5,1,0,0,7,5,10,4,4,0,2,0,9,25,0,0,2,1,0,"Sydney Showground",8394,"Greater Western Sydney","Brisbane Lions",166,88
12028,"Stephen","Coniglio","Greater Western Sydney",3,"12","2026-05-24",11,10,21,3,0,0,0,9,2,3,5,4,0,1,0,8,12,0,0,2,0,2,"Sydney Showground",8394,"Greater Western Sydney","Brisbane Lions",166,88
12656,"Brent","Daniels","Greater Western Sydney",16,"12","2026-05-24",16,8,24,3,2,0,0,5,0,11,8,2,1,0,0,9,12,0,0,3,2,0,"Sydney Showground",8394,"Greater Western Sydney","Brisbane Lions",166,88
13164,"Joe","Fonti","Greater Western Sydney",37,"12","2026-05-24",5,10,15,3,0,0,0,4,4,1,1,3,0,0,0,4,9,0,0,3,2,0,"Sydney Showground",8394,"Greater Western Sydney","Brisbane Lions",166,88
13279,"Phoenix","Gothard","Greater Western Sydney",11,"12","2026-05-24",12,17,29,2,2,0,0,10,1,3,2,2,2,0,0,15,14,0,1,1,0,1,"Sydney Showground",8394,"Greater Western Sydney","Brisbane Lions",166,88
12025,"Toby","Greene","Greater Western Sydney",4,"12","2026-05-24",15,6,21,2,5,0,0,1,0,5,1,7,2,3,0,10,12,0,0,0,0,4,"Sydney Showground",8394,"Greater Western Sydney","Brisbane Lions",166,88
13158,"Max","Gruzewski","Greater Western Sydney",35,"12","2026-05-24",9,2,11,5,3,3,0,0,0,0,0,0,0,0,0,5,6,1,5,1,0,1,"Sydney Showground",8394,"Greater Western Sydney","Brisbane Lions",166,88
12462,"Harry","Himmelberg","Greater Western Sydney",27,"12","2026-05-24",7,9,16,7,0,0,0,2,4,2,0,2,0,1,0,6,8,1,0,6,1,1,"Sydney Showground",8394,"Greater Western Sydney","Brisbane Lions",166,88
12750,"Connor","Idun","Greater Western Sydney",39,"12","2026-05-24",11,6,17,6,0,0,0,2,3,0,1,1,1,0,0,5,9,1,0,4,0,0,"Sydney Showground",8394,"Greater Western Sydney","Brisbane Lions",166,88
12377,"Jayden","Laverde","Greater Western Sydney",25,"12","2026-05-24",7,10,17,3,0,0,0,6,4,0,0,3,2,1,0,11,5,2,0,7,0,0,"Sydney Showground",8394,"Greater Western Sydney","Brisbane Lions",166,88
13088,"Toby","McMullin","Greater Western Sydney",31,"12","2026-05-24",6,14,20,1,0,0,0,1,1,3,0,3,1,2,0,7,12,0,0,0,0,2,"Sydney Showground",8394,"Greater Western Sydney","Brisbane Lions",166,88
12410,"Clayton","Oliver","Greater Western Sydney",10,"12","2026-05-24",16,21,37,4,0,0,0,8,0,5,11,4,1,3,0,23,14,0,0,1,0,1,"Sydney Showground",8394,"Greater Western Sydney","Brisbane Lions",166,88
NA,"Harrison","Oliver","Greater Western Sydney",19,"12","2026-05-24",6,4,10,3,0,0,0,2,0,0,1,2,0,1,0,2,8,0,0,1,0,0,"Sydney Showground",8394,"Greater Western Sydney","Brisbane Lions",166,88
12834,"Jake","Riccardi","Greater Western Sydney",26,"12","2026-05-24",3,3,6,0,2,0,5,3,0,0,0,3,0,2,0,0,6,0,0,2,0,0,"Sydney Showground",8394,"Greater Western Sydney","Brisbane Lions",166,88
12886,"Conor","Stone","Greater Western Sydney",18,"12","2026-05-24",8,14,22,1,0,0,0,2,1,5,1,1,0,0,0,11,10,0,0,0,0,1,"Sydney Showground",8394,"Greater Western Sydney","Brisbane Lions",166,88
12167,"Jake","Stringer","Greater Western Sydney",20,"12","2026-05-24",12,1,13,3,5,4,0,3,0,1,0,3,2,2,0,7,6,1,3,1,0,1,"Sydney Showground",8394,"Greater Western Sydney","Brisbane Lions",166,88
13101,"Harvey","Thomas","Greater Western Sydney",1,"12","2026-05-24",6,8,14,1,0,0,0,4,1,3,2,2,0,1,0,3,9,0,0,2,0,0,"Sydney Showground",8394,"Greater Western Sydney","Brisbane Lions",166,88
12340,"Harris","Andrews","Brisbane Lions",31,"12","2026-05-24",10,3,13,7,0,0,0,0,2,1,0,0,0,0,0,9,3,5,0,7,0,0,"Sydney Showground",8394,"Greater Western Sydney","Brisbane Lions",166,88
13197,"Levi","Ashcroft","Brisbane Lions",10,"12","2026-05-24",13,11,24,2,0,0,0,1,2,1,1,3,3,0,0,7,18,0,0,1,1,0,"Sydney Showground",8394,"Greater Western Sydney","Brisbane Lions",166,88
13040,"Will","Ashcroft","Brisbane Lions",8,"12","2026-05-24",11,10,21,2,0,0,0,2,3,4,3,2,1,1,0,9,11,0,0,0,0,0,"Sydney Showground",8394,"Greater Western Sydney","Brisbane Lions",166,88
12610,"Zac","Bailey","Brisbane Lions",33,"12","2026-05-24",11,6,17,7,0,1,0,6,3,3,2,1,0,1,0,9,9,1,0,2,0,0,"Sydney Showground",8394,"Greater Western Sydney","Brisbane Lions",166,88
12277,"Charlie","Cameron","Brisbane Lions",23,"12","2026-05-24",8,3,11,2,2,1,0,4,0,2,0,1,1,0,0,7,3,0,0,2,0,0,"Sydney Showground",8394,"Greater Western Sydney","Brisbane Lions",166,88
12838,"Keidean","Coleman","Brisbane Lions",18,"12","2026-05-24",11,4,15,4,0,0,0,3,2,4,1,1,1,1,0,5,7,0,0,4,0,0,"Sydney Showground",8394,"Greater Western Sydney","Brisbane Lions",166,88
12810,"Sam","Draper","Brisbane Lions",2,"12","2026-05-24",7,3,10,0,0,0,27,0,3,2,8,3,2,1,0,10,1,0,0,1,0,0,"Sydney Showground",8394,"Greater Western Sydney","Brisbane Lions",166,88
12408,"Josh","Dunkley","Brisbane Lions",5,"12","2026-05-24",8,13,21,2,0,1,0,5,0,1,3,2,1,0,0,9,12,0,0,2,0,0,"Sydney Showground",8394,"Greater Western Sydney","Brisbane Lions",166,88
13072,"Jaspa","Fletcher","Brisbane Lions",3,"12","2026-05-24",13,12,25,6,0,0,0,1,5,1,3,4,0,2,0,5,17,0,0,0,0,0,"Sydney Showground",8394,"Greater Western Sydney","Brisbane Lions",166,88
12724,"Darcy","Fort","Brisbane Lions",32,"12","2026-05-24",7,5,12,3,0,0,18,2,2,1,3,1,2,0,0,8,6,1,0,0,0,1,"Sydney Showground",8394,"Greater Western Sydney","Brisbane Lions",166,88
13235,"Ty","Gallop","Brisbane Lions",22,"12","2026-05-24",8,2,10,3,0,0,0,3,1,1,0,4,1,2,0,5,6,1,0,9,0,0,"Sydney Showground",8394,"Greater Western Sydney","Brisbane Lions",166,88
12267,"Darcy","Gardiner","Brisbane Lions",27,"12","2026-05-24",8,7,15,6,0,0,0,2,3,1,0,2,0,0,0,6,8,0,0,7,0,1,"Sydney Showground",8394,"Greater Western Sydney","Brisbane Lions",166,88
12968,"Kai","Lohmann","Brisbane Lions",1,"12","2026-05-24",8,6,14,6,3,1,0,4,0,1,0,3,0,2,0,4,10,0,3,0,3,0,"Sydney Showground",8394,"Greater Western Sydney","Brisbane Lions",166,88
13215,"Sam","Marshall","Brisbane Lions",20,"12","2026-05-24",8,13,21,5,0,0,0,3,3,3,0,4,1,0,0,8,14,0,0,1,1,1,"Sydney Showground",8394,"Greater Western Sydney","Brisbane Lions",166,88
12518,"Hugh","McCluggage","Brisbane Lions",6,"12","2026-05-24",15,8,23,2,0,0,0,2,3,8,3,6,1,1,0,8,12,0,0,0,0,0,"Sydney Showground",8394,"Greater Western Sydney","Brisbane Lions",166,88
12391,"Conor","McKenna","Brisbane Lions",26,"12","2026-05-24",7,5,12,1,2,2,0,0,1,2,0,0,0,0,0,4,7,0,0,1,1,1,"Sydney Showground",8394,"Greater Western Sydney","Brisbane Lions",166,88
13202,"Will","McLachlan","Brisbane Lions",28,"12","2026-05-24",2,2,4,1,1,0,0,2,0,1,0,2,1,0,0,2,3,0,1,1,0,0,"Sydney Showground",8394,"Greater Western Sydney","Brisbane Lions",166,88
13137,"Logan","Morris","Brisbane Lions",13,"12","2026-05-24",6,5,11,2,1,2,1,1,0,0,0,3,1,0,0,5,4,0,2,1,0,1,"Sydney Showground",8394,"Greater Western Sydney","Brisbane Lions",166,88
12055,"Lachie","Neale","Brisbane Lions",9,"12","2026-05-24",10,22,32,3,1,0,0,6,1,2,10,6,3,2,0,16,16,0,1,0,1,1,"Sydney Showground",8394,"Greater Western Sydney","Brisbane Lions",166,88
12592,"Cam","Rayner","Brisbane Lions",16,"12","2026-05-24",13,4,17,4,3,1,1,1,1,2,4,1,2,1,0,8,7,1,1,0,0,0,"Sydney Showground",8394,"Greater Western Sydney","Brisbane Lions",166,88
13138,"Bruce","Reville","Brisbane Lions",38,"12","2026-05-24",6,5,11,5,0,0,0,0,0,4,0,1,0,0,0,3,8,1,0,1,0,0,"Sydney Showground",8394,"Greater Western Sydney","Brisbane Lions",166,88
13005,"James","Tunstill","Brisbane Lions",29,"12","2026-05-24",11,4,15,5,0,0,0,1,6,2,1,1,1,0,0,4,11,0,0,5,1,0,"Sydney Showground",8394,"Greater Western Sydney","Brisbane Lions",166,88
13026,"Darcy","Wilmot","Brisbane Lions",44,"12","2026-05-24",17,10,27,10,0,0,0,1,7,2,1,4,0,2,0,4,19,0,0,1,2,0,"Sydney Showground",8394,"Greater Western Sydney","Brisbane Lions",166,88
12269,"Marcus","Bontempelli","Western Bulldogs",4,"12","2026-05-24",11,18,29,6,2,0,0,2,3,3,6,5,0,0,0,17,14,1,2,1,2,1,"Docklands",29708,"Western Bulldogs","Melbourne",93,90
12916,"Lachlan","Bramble","Western Bulldogs",29,"12","2026-05-24",10,7,17,5,0,0,0,1,1,2,0,3,0,1,0,5,12,0,0,0,0,1,"Docklands",29708,"Western Bulldogs","Melbourne",93,90
12769,"Connor","Budarick","Western Bulldogs",19,"12","2026-05-24",13,7,20,3,0,0,0,4,3,0,2,1,0,1,0,6,11,1,0,2,0,0,"Docklands",29708,"Western Bulldogs","Melbourne",93,90
12987,"Luke","Cleary","Western Bulldogs",36,"12","2026-05-24",0,3,3,0,0,0,0,0,0,0,0,0,0,0,0,1,2,0,0,2,0,0,"Docklands",29708,"Western Bulldogs","Melbourne",93,90
12608,"Nick","Coffield","Western Bulldogs",17,"12","2026-05-24",12,5,17,2,0,0,0,1,3,2,0,0,1,0,0,2,11,0,0,5,1,0,"Docklands",29708,"Western Bulldogs","Melbourne",93,90
13265,"Jordan","Croft","Western Bulldogs",16,"12","2026-05-24",4,3,7,2,1,0,1,3,0,1,2,2,1,1,0,4,2,0,1,2,0,0,"Docklands",29708,"Western Bulldogs","Melbourne",93,90
12354,"Bailey","Dale","Western Bulldogs",31,"12","2026-05-24",19,12,31,5,0,1,0,2,4,3,0,3,1,0,0,7,17,0,0,1,0,1,"Docklands",29708,"Western Bulldogs","Melbourne",93,90
13140,"Joel","Freijah","Western Bulldogs",27,"12","2026-05-24",10,8,18,4,1,0,0,3,3,1,1,4,0,2,0,8,10,0,1,1,0,1,"Docklands",29708,"Western Bulldogs","Melbourne",93,90
13213,"Cooper","Hynes","Western Bulldogs",6,"12","2026-05-24",5,3,8,1,0,0,0,2,2,1,0,0,0,0,0,3,5,0,0,0,0,0,"Docklands",29708,"Western Bulldogs","Melbourne",93,90
13275,"Lachie","Jaques","Western Bulldogs",11,"12","2026-05-24",5,3,8,3,0,0,0,3,1,2,0,4,0,2,0,2,5,0,1,1,0,1,"Docklands",29708,"Western Bulldogs","Melbourne",93,90
13046,"Arthur","Jones","Western Bulldogs",32,"12","2026-05-24",9,3,12,4,2,2,0,0,0,1,1,4,1,3,0,5,8,2,2,0,0,0,"Docklands",29708,"Western Bulldogs","Melbourne",93,90
12455,"Matthew","Kennedy","Western Bulldogs",8,"12","2026-05-24",14,9,23,5,0,0,0,8,4,6,4,3,1,0,0,10,13,0,0,0,0,0,"Docklands",29708,"Western Bulldogs","Melbourne",93,90
12900,"Buku","Khamis","Western Bulldogs",24,"12","2026-05-24",5,6,11,4,0,0,0,2,1,0,1,2,1,1,0,9,3,2,0,3,0,0,"Docklands",29708,"Western Bulldogs","Melbourne",93,90
NA,"Will","Lewis","Western Bulldogs",28,"12","2026-05-24",9,2,11,3,1,1,0,3,0,1,0,2,6,0,0,9,3,0,2,4,0,0,"Docklands",29708,"Western Bulldogs","Melbourne",93,90
12282,"Rory","Lobb","Western Bulldogs",7,"12","2026-05-24",8,5,13,1,0,0,24,10,1,3,6,4,4,1,0,8,5,0,0,7,0,1,"Docklands",29708,"Western Bulldogs","Melbourne",93,90
12854,"Lachlan","McNeil","Western Bulldogs",30,"12","2026-05-24",3,7,10,2,0,0,0,3,0,1,1,2,1,1,0,5,6,0,0,1,0,1,"Docklands",29708,"Western Bulldogs","Melbourne",93,90
12594,"Aaron","Naughton","Western Bulldogs",33,"12","2026-05-24",9,9,18,3,2,1,0,2,0,4,0,1,2,0,0,10,7,1,2,0,0,3,"Docklands",29708,"Western Bulldogs","Melbourne",93,90
13061,"James","ODonnell","Western Bulldogs",18,"12","2026-05-24",8,3,11,4,0,0,0,1,0,6,0,2,0,1,0,4,7,0,0,13,0,0,"Docklands",29708,"Western Bulldogs","Melbourne",93,90
12605,"Ed","Richards","Western Bulldogs",20,"12","2026-05-24",22,8,30,4,3,0,0,3,4,10,10,5,0,0,0,13,17,0,1,0,0,2,"Docklands",29708,"Western Bulldogs","Melbourne",93,90
13103,"Ryley","Sanders","Western Bulldogs",9,"12","2026-05-24",14,16,30,6,0,1,0,3,2,5,4,1,2,0,0,9,20,1,0,0,0,1,"Docklands",29708,"Western Bulldogs","Melbourne",93,90
13276,"Michael","Sellwood","Western Bulldogs",37,"12","2026-05-24",7,3,10,5,0,0,0,3,2,1,0,6,0,2,0,0,10,0,0,1,0,0,"Docklands",29708,"Western Bulldogs","Melbourne",93,90
12054,"Adam","Treloar","Western Bulldogs",1,"12","2026-05-24",6,11,17,3,0,1,0,0,0,3,4,2,0,1,0,7,11,0,0,0,0,0,"Docklands",29708,"Western Bulldogs","Melbourne",93,90
12748,"Rhylee","West","Western Bulldogs",14,"12","2026-05-24",9,3,12,5,2,0,0,3,0,1,3,3,2,0,0,7,5,1,3,0,1,0,"Docklands",29708,"Western Bulldogs","Melbourne",93,90
12931,"Jake","Bowey","Melbourne",17,"12","2026-05-24",19,8,27,5,0,1,0,2,7,1,1,2,0,1,0,5,14,0,0,1,2,0,"Docklands",29708,"Western Bulldogs","Melbourne",93,90
12756,"Kade","Chandler","Melbourne",37,"12","2026-05-24",11,8,19,3,1,0,0,4,1,6,9,5,0,1,0,10,10,0,1,3,1,0,"Docklands",29708,"Western Bulldogs","Melbourne",93,90
NA,"Paddy","Cross","Melbourne",41,"12","2026-05-24",7,2,9,4,1,0,0,4,0,3,0,1,0,1,0,3,6,2,0,1,0,0,"Docklands",29708,"Western Bulldogs","Melbourne",93,90
12598,"Bayley","Fritsch","Melbourne",31,"12","2026-05-24",5,2,7,2,0,0,0,3,0,1,0,0,0,0,0,2,5,0,0,0,0,0,"Docklands",29708,"Western Bulldogs","Melbourne",93,90
11966,"Max","Gawn","Melbourne",11,"12","2026-05-24",8,10,18,2,1,0,42,0,2,2,2,1,1,0,0,12,6,0,0,3,0,0,"Docklands",29708,"Western Bulldogs","Melbourne",93,90
13254,"Max","Heath","Melbourne",27,"12","2026-05-24",2,3,5,2,0,0,8,0,1,1,0,3,0,2,0,3,2,1,0,0,0,0,"Docklands",29708,"Western Bulldogs","Melbourne",93,90
13098,"Blake","Howes","Melbourne",22,"12","2026-05-24",9,7,16,3,0,0,0,3,3,0,0,3,0,0,0,3,12,0,0,2,0,0,"Docklands",29708,"Western Bulldogs","Melbourne",93,90
13182,"Matthew","Jefferson","Melbourne",21,"12","2026-05-24",5,4,9,3,0,2,0,4,0,2,0,1,1,0,0,4,4,0,1,1,0,0,"Docklands",29708,"Western Bulldogs","Melbourne",93,90
12752,"Changkuoth","Jiath","Melbourne",14,"12","2026-05-24",8,5,13,5,0,0,0,2,4,1,0,2,2,1,0,6,9,0,0,3,0,0,"Docklands",29708,"Western Bulldogs","Melbourne",93,90
12393,"Ed","Langdon","Melbourne",15,"12","2026-05-24",11,11,22,7,1,1,0,2,2,2,2,0,0,0,0,6,16,0,0,1,0,0,"Docklands",29708,"Western Bulldogs","Melbourne",93,90
13184,"Harvey","Langford","Melbourne",4,"12","2026-05-24",7,9,16,3,2,1,0,1,1,2,3,1,1,0,0,10,5,1,2,0,0,0,"Docklands",29708,"Western Bulldogs","Melbourne",93,90
13032,"Bailey","Laurie","Melbourne",16,"12","2026-05-24",6,3,9,4,1,1,0,1,1,1,0,2,0,0,0,1,7,0,1,0,0,0,"Docklands",29708,"Western Bulldogs","Melbourne",93,90
12351,"Jake","Lever","Melbourne",8,"12","2026-05-24",5,2,7,4,0,0,0,2,2,0,0,4,0,3,0,1,6,0,0,8,0,0,"Docklands",29708,"Western Bulldogs","Melbourne",93,90
12653,"Harry","Petty","Melbourne",35,"12","2026-05-24",3,9,12,3,1,1,0,8,0,0,0,2,2,2,0,7,6,0,2,2,0,3,"Docklands",29708,"Western Bulldogs","Melbourne",93,90
12771,"Kysaiah","Pickett","Melbourne",36,"12","2026-05-24",16,9,25,2,0,2,0,9,3,5,6,8,2,2,0,13,12,0,0,1,4,2,"Docklands",29708,"Western Bulldogs","Melbourne",93,90
12778,"Trent","Rivers","Melbourne",24,"12","2026-05-24",10,6,16,3,1,0,0,2,2,3,0,0,2,0,0,8,5,2,1,0,0,1,"Docklands",29708,"Western Bulldogs","Melbourne",93,90
12864,"Harry","Sharp","Melbourne",30,"12","2026-05-24",9,3,12,0,2,0,0,6,1,2,0,6,2,1,0,4,7,0,0,0,2,0,"Docklands",29708,"Western Bulldogs","Melbourne",93,90
12693,"Tom","Sparrow","Melbourne",32,"12","2026-05-24",14,9,23,1,0,0,0,6,2,5,7,2,2,1,0,10,12,0,0,3,1,1,"Docklands",29708,"Western Bulldogs","Melbourne",93,90
12368,"Jack","Steele","Melbourne",9,"12","2026-05-24",9,12,21,1,0,0,0,10,3,4,4,2,0,1,0,9,13,0,0,1,0,0,"Docklands",29708,"Western Bulldogs","Melbourne",93,90
13123,"Koltyn","Tholstrup","Melbourne",12,"12","2026-05-24",9,3,12,8,1,0,0,1,4,2,0,1,0,1,0,2,11,0,0,2,0,0,"Docklands",29708,"Western Bulldogs","Melbourne",93,90
12996,"Daniel","Turner","Melbourne",10,"12","2026-05-24",10,3,13,6,1,0,0,1,2,1,0,6,1,4,0,6,9,2,0,6,0,0,"Docklands",29708,"Western Bulldogs","Melbourne",93,90
13048,"Jacob","van Rooyen","Melbourne",2,"12","2026-05-24",7,5,12,5,0,1,0,1,1,3,0,4,1,0,0,9,3,3,1,2,0,0,"Docklands",29708,"Western Bulldogs","Melbourne",93,90
13099,"Caleb","Windsor","Melbourne",6,"12","2026-05-24",8,5,13,2,0,0,0,0,1,0,2,3,0,2,0,7,7,0,0,1,0,1,"Docklands",29708,"Western Bulldogs","Melbourne",93,90
NA,"Charlie","Banfield","St Kilda",36,"13","2026-05-28",4,3,7,3,0,0,0,3,0,0,0,2,0,0,0,3,4,1,1,1,0,0,"Docklands",33476,"St Kilda","Hawthorn",67,119
12802,"Ryan","Byrnes","St Kilda",13,"13","2026-05-28",19,3,22,9,0,0,0,1,4,5,0,4,1,1,0,2,20,0,0,1,0,2,"Docklands",33476,"St Kilda","Hawthorn",67,119
13035,"Anthony","Caminiti","St Kilda",47,"13","2026-05-28",6,4,10,2,0,1,0,0,1,0,0,3,2,1,0,7,3,1,1,3,0,0,"Docklands",33476,"St Kilda","Hawthorn",67,119
12976,"Jack","Carroll","St Kilda",18,"13","2026-05-28",10,8,18,6,0,0,0,2,2,1,1,1,0,0,0,5,13,0,0,0,1,0,"Docklands",33476,"St Kilda","Hawthorn",67,119
12674,"Tom","De Koning","St Kilda",21,"13","2026-05-28",4,8,12,1,2,0,20,3,0,0,4,5,2,2,0,9,4,0,1,3,0,0,"Docklands",33476,"St Kilda","Hawthorn",67,119
12824,"Sam","Flanders","St Kilda",9,"13","2026-05-28",5,4,9,3,0,0,0,1,2,0,0,0,0,0,0,1,7,0,0,0,0,0,"Docklands",33476,"St Kilda","Hawthorn",67,119
13125,"Hugo","Garcia","St Kilda",34,"13","2026-05-28",7,12,19,3,0,1,0,5,0,1,2,1,0,0,0,7,14,0,1,4,0,0,"Docklands",33476,"St Kilda","Hawthorn",67,119
13193,"Max","Hall","St Kilda",40,"13","2026-05-28",12,14,26,3,0,1,0,2,1,5,5,4,1,2,0,10,19,0,1,3,1,0,"Docklands",33476,"St Kilda","Hawthorn",67,119
12831,"Liam","Henry","St Kilda",23,"13","2026-05-28",6,3,9,2,0,1,0,1,0,4,0,2,1,0,0,3,4,0,0,0,0,1,"Docklands",33476,"St Kilda","Hawthorn",67,119
12060,"Bradley","Hill","St Kilda",8,"13","2026-05-28",18,12,30,7,0,0,0,0,2,2,1,6,0,2,0,4,23,0,0,3,0,0,"Docklands",33476,"St Kilda","Hawthorn",67,119
13201,"Isaac","Keeler","St Kilda",17,"13","2026-05-28",3,8,11,2,0,0,0,0,0,3,0,4,0,1,0,5,6,0,0,3,0,1,"Docklands",33476,"St Kilda","Hawthorn",67,119
12166,"Jack","Macrae","St Kilda",6,"13","2026-05-28",5,16,21,2,0,0,0,4,0,3,6,4,2,1,0,12,9,0,0,1,0,1,"Docklands",33476,"St Kilda","Hawthorn",67,119
12564,"Rowan","Marshall","St Kilda",19,"13","2026-05-28",10,4,14,3,1,0,5,0,0,3,1,2,2,1,0,8,6,0,1,0,0,0,"Docklands",33476,"St Kilda","Hawthorn",67,119
13194,"Liam","OConnell","St Kilda",45,"13","2026-05-28",5,9,14,4,0,0,0,2,2,0,0,0,0,0,0,4,10,0,0,0,0,0,"Docklands",33476,"St Kilda","Hawthorn",67,119
13036,"Mattaes","Phillipou","St Kilda",25,"13","2026-05-28",11,7,18,4,0,2,0,4,1,4,2,2,1,0,0,5,11,0,1,0,0,1,"Docklands",33476,"St Kilda","Hawthorn",67,119
12929,"Cooper","Sharman","St Kilda",43,"13","2026-05-28",5,5,10,1,0,0,0,0,0,3,1,1,1,0,0,4,5,0,0,2,0,1,"Docklands",33476,"St Kilda","Hawthorn",67,119
12458,"Jack","Silvagni","St Kilda",3,"13","2026-05-28",11,3,14,10,3,3,0,4,0,0,1,0,0,0,0,3,11,2,6,3,0,0,"Docklands",33476,"St Kilda","Hawthorn",67,119
12325,"Jack","Sinclair","St Kilda",35,"13","2026-05-28",25,8,33,4,0,1,0,2,8,6,2,4,0,1,0,5,25,0,0,3,1,1,"Docklands",33476,"St Kilda","Hawthorn",67,119
13243,"Alix","Tauru","St Kilda",26,"13","2026-05-28",10,5,15,7,1,0,0,0,3,1,0,1,2,0,0,5,10,1,1,5,0,0,"Docklands",33476,"St Kilda","Hawthorn",67,119
12703,"Callum","Wilkie","St Kilda",44,"13","2026-05-28",12,11,23,7,0,0,0,5,7,0,0,1,1,0,0,9,11,1,0,7,1,0,"Docklands",33476,"St Kilda","Hawthorn",67,119
13110,"Darcy","Wilson","St Kilda",22,"13","2026-05-28",14,11,25,5,1,0,0,5,3,2,2,5,2,0,0,7,16,0,0,1,3,0,"Docklands",33476,"St Kilda","Hawthorn",67,119
12967,"Marcus","Windhager","St Kilda",2,"13","2026-05-28",5,11,16,3,1,1,0,2,0,0,3,3,0,1,0,4,12,0,1,2,0,0,"Docklands",33476,"St Kilda","Hawthorn",67,119
12312,"Mason","Wood","St Kilda",32,"13","2026-05-28",7,4,11,3,0,0,0,2,0,1,0,2,0,0,0,3,7,1,1,1,0,0,"Docklands",33476,"St Kilda","Hawthorn",67,119
12357,"Karl","Amon","Hawthorn",10,"13","2026-05-28",16,8,24,6,0,0,0,1,1,2,0,2,0,0,0,2,18,0,0,2,0,1,"Docklands",33476,"St Kilda","Hawthorn",67,119
12558,"Josh","Battle","Hawthorn",24,"13","2026-05-28",9,8,17,2,0,1,0,2,5,2,0,1,0,1,0,6,11,0,0,3,0,0,"Docklands",33476,"St Kilda","Hawthorn",67,119
12485,"Mabior","Chol","Hawthorn",18,"13","2026-05-28",9,1,10,5,2,0,1,2,0,5,1,4,1,1,0,5,5,2,1,2,0,3,"Docklands",33476,"St Kilda","Hawthorn",67,119
12998,"Massimo","DAmbrosio","Hawthorn",16,"13","2026-05-28",17,11,28,5,0,0,0,2,0,6,1,2,0,0,0,4,24,0,1,1,1,1,"Docklands",33476,"St Kilda","Hawthorn",67,119
12794,"Will","Day","Hawthorn",12,"13","2026-05-28",9,9,18,3,0,1,0,3,1,3,5,2,3,2,0,7,11,0,1,1,0,0,"Docklands",33476,"St Kilda","Hawthorn",67,119
12927,"Jack","Ginnivan","Hawthorn",33,"13","2026-05-28",13,8,21,8,1,0,0,1,0,6,1,1,0,1,0,4,16,0,1,2,0,2,"Docklands",33476,"St Kilda","Hawthorn",67,119
11845,"Jack","Gunston","Hawthorn",19,"13","2026-05-28",10,0,10,5,5,2,0,1,0,1,1,0,0,0,0,1,7,0,4,0,0,0,"Docklands",33476,"St Kilda","Hawthorn",67,119
12469,"Blake","Hardwick","Hawthorn",15,"13","2026-05-28",11,6,17,9,4,0,0,0,1,1,0,3,0,1,0,4,12,1,3,2,0,0,"Docklands",33476,"St Kilda","Hawthorn",67,119
12237,"Jarman","Impey","Hawthorn",4,"13","2026-05-28",9,15,24,3,0,0,0,0,5,2,2,3,0,1,0,4,21,0,0,0,0,0,"Docklands",33476,"St Kilda","Hawthorn",67,119
12636,"Mitch","Lewis","Hawthorn",2,"13","2026-05-28",6,7,13,4,3,3,0,1,0,2,0,1,0,1,0,1,11,0,3,0,0,1,"Docklands",33476,"St Kilda","Hawthorn",67,119
13069,"Bailey","Macdonald","Hawthorn",42,"13","2026-05-28",6,9,15,3,0,0,0,0,3,1,0,1,1,0,0,5,9,0,0,2,0,0,"Docklands",33476,"St Kilda","Hawthorn",67,119
12954,"Connor","Macdonald","Hawthorn",9,"13","2026-05-28",13,13,26,7,1,0,0,4,1,6,3,4,0,1,0,7,18,0,1,0,0,2,"Docklands",33476,"St Kilda","Hawthorn",67,119
13031,"Cam","Mackenzie","Hawthorn",28,"13","2026-05-28",13,16,29,1,0,0,0,6,0,5,2,3,2,0,0,9,20,0,0,0,0,0,"Docklands",33476,"St Kilda","Hawthorn",67,119
12856,"Lloyd","Meek","Hawthorn",17,"13","2026-05-28",2,8,10,2,0,0,15,4,0,0,1,3,0,1,0,3,6,0,0,1,0,0,"Docklands",33476,"St Kilda","Hawthorn",67,119
12710,"Dylan","Moore","Hawthorn",8,"13","2026-05-28",6,14,20,4,0,0,0,2,0,4,0,3,0,0,0,8,12,1,0,2,0,2,"Docklands",33476,"St Kilda","Hawthorn",67,119
NA,"Cameron","Nairn","Hawthorn",22,"13","2026-05-28",10,7,17,5,0,0,0,0,1,1,0,2,1,0,0,1,16,0,0,3,0,0,"Docklands",33476,"St Kilda","Hawthorn",67,119
12915,"Jai","Newcombe","Hawthorn",3,"13","2026-05-28",8,17,25,2,0,0,0,6,1,1,7,1,0,1,0,8,16,0,0,1,1,1,"Docklands",33476,"St Kilda","Hawthorn",67,119
12841,"Flynn","Perez","Hawthorn",39,"13","2026-05-28",5,4,9,2,0,0,0,3,0,1,0,4,1,4,0,1,9,0,0,2,0,1,"Docklands",33476,"St Kilda","Hawthorn",67,119
12906,"Ned","Reeves","Hawthorn",7,"13","2026-05-28",1,4,5,0,0,0,23,4,1,0,2,1,2,1,0,4,1,0,0,2,0,0,"Docklands",33476,"St Kilda","Hawthorn",67,119
12332,"James","Sicily","Hawthorn",6,"13","2026-05-28",20,13,33,10,0,0,0,3,9,1,0,6,1,2,0,9,19,0,0,3,3,0,"Docklands",33476,"St Kilda","Hawthorn",67,119
12955,"Josh","Ward","Hawthorn",25,"13","2026-05-28",9,13,22,6,0,1,0,2,1,2,4,2,0,0,0,3,18,0,1,3,0,0,"Docklands",33476,"St Kilda","Hawthorn",67,119
13105,"Nick","Watson","Hawthorn",5,"13","2026-05-28",8,13,21,3,2,1,0,4,1,3,2,2,0,0,0,8,12,0,2,0,1,2,"Docklands",33476,"St Kilda","Hawthorn",67,119
13057,"Josh","Weddle","Hawthorn",23,"13","2026-05-28",7,8,15,4,0,0,0,5,3,1,0,2,1,0,0,4,10,0,0,3,3,0,"Docklands",33476,"St Kilda","Hawthorn",67,119
12276,"Blake","Acres","Carlton",13,"13","2026-05-29",11,9,20,5,0,1,0,2,2,1,0,2,0,0,0,3,17,0,1,1,1,1,"M.C.G.",61081,"Carlton","Geelong",88,84
12498,"Ben","Ainsworth","Carlton",12,"13","2026-05-29",12,13,25,4,0,2,0,4,0,6,2,3,0,0,0,5,20,0,1,0,0,0,"M.C.G.",61081,"Carlton","Geelong",88,84
NA,"Talor","Byrne","Carlton",39,"13","2026-05-29",5,1,6,0,1,0,0,5,0,2,0,1,2,0,0,4,3,0,0,3,0,0,"M.C.G.",61081,"Carlton","Geelong",88,84
12603,"Adam","Cerra","Carlton",5,"13","2026-05-29",14,5,19,5,1,0,0,2,0,4,3,2,1,1,0,5,14,0,0,1,1,0,"M.C.G.",61081,"Carlton","Geelong",88,84
13028,"Lachlan","Cowan","Carlton",2,"13","2026-05-29",14,6,20,9,0,0,0,0,9,1,1,3,0,2,0,6,15,0,0,6,0,1,"M.C.G.",61081,"Carlton","Geelong",88,84
12261,"Patrick","Cripps","Carlton",9,"13","2026-05-29",8,22,30,2,1,0,0,4,0,3,8,4,3,2,0,15,15,1,1,1,0,0,"M.C.G.",61081,"Carlton","Geelong",88,84
13273,"Harry","Dean","Carlton",35,"13","2026-05-29",6,9,15,3,0,0,0,4,0,0,0,1,0,0,0,5,9,0,0,4,0,0,"M.C.G.",61081,"Carlton","Geelong",88,84
12873,"Francis","Evans","Carlton",44,"13","2026-05-29",6,3,9,1,0,0,0,5,0,2,1,1,1,0,0,4,5,0,0,0,1,1,"M.C.G.",61081,"Carlton","Geelong",88,84
12497,"Oliver","Florent","Carlton",14,"13","2026-05-29",13,6,19,3,0,1,0,3,4,3,2,3,0,1,0,5,12,0,0,1,0,0,"M.C.G.",61081,"Carlton","Geelong",88,84
12091,"Nick","Haynes","Carlton",26,"13","2026-05-29",9,5,14,4,0,0,0,1,4,1,0,2,1,0,0,5,11,0,0,7,0,0,"M.C.G.",61081,"Carlton","Geelong",88,84
12509,"Will","Hayward","Carlton",19,"13","2026-05-29",11,6,17,7,3,1,0,0,1,2,0,3,1,1,0,4,13,2,1,2,0,0,"M.C.G.",61081,"Carlton","Geelong",88,84
12411,"George","Hewett","Carlton",29,"13","2026-05-29",9,13,22,2,1,1,0,3,1,3,4,1,2,1,0,6,16,0,0,1,0,0,"M.C.G.",61081,"Carlton","Geelong",88,84
NA,"Jack","Ison","Carlton",30,"13","2026-05-29",3,3,6,3,1,0,0,1,0,1,0,4,1,2,0,4,4,0,0,3,0,2,"M.C.G.",61081,"Carlton","Geelong",88,84
12937,"Brodie","Kemp","Carlton",17,"13","2026-05-29",3,6,9,2,2,0,0,2,0,0,0,2,1,2,0,6,4,0,1,1,0,0,"M.C.G.",61081,"Carlton","Geelong",88,84
12404,"Mitch","McGovern","Carlton",11,"13","2026-05-29",8,1,9,5,0,2,0,2,0,2,0,0,1,0,0,4,6,0,1,0,0,1,"M.C.G.",61081,"Carlton","Geelong",88,84
12566,"Harry","McKay","Carlton",10,"13","2026-05-29",11,5,16,4,0,2,3,2,0,2,5,2,3,0,0,8,9,2,1,1,0,0,"M.C.G.",61081,"Carlton","Geelong",88,84
12508,"Nic","Newman","Carlton",24,"13","2026-05-29",14,11,25,9,0,0,0,5,3,3,0,4,1,1,0,6,16,0,0,6,1,0,"M.C.G.",61081,"Carlton","Geelong",88,84
12417,"Marc","Pittonet","Carlton",27,"13","2026-05-29",5,4,9,0,0,0,26,6,2,0,3,3,0,2,0,8,0,0,0,3,0,0,"M.C.G.",61081,"Carlton","Geelong",88,84
13274,"Jagga","Smith","Carlton",7,"13","2026-05-29",12,15,27,4,0,0,0,3,3,6,6,3,0,0,0,10,16,0,0,0,0,1,"M.C.G.",61081,"Carlton","Geelong",88,84
12684,"Sam","Walsh","Carlton",18,"13","2026-05-29",13,17,30,4,0,3,0,7,3,3,7,5,2,3,0,11,20,0,0,0,1,0,"M.C.G.",61081,"Carlton","Geelong",88,84
12402,"Jacob","Weitering","Carlton",23,"13","2026-05-29",14,5,19,11,0,0,0,1,5,0,0,1,0,1,0,3,16,0,0,3,0,0,"M.C.G.",61081,"Carlton","Geelong",88,84
NA,"Billy","Wilson","Carlton",15,"13","2026-05-29",17,5,22,5,0,0,0,3,4,2,1,2,2,0,0,5,13,0,0,0,4,0,"M.C.G.",61081,"Carlton","Geelong",88,84
13245,"Flynn","Young","Carlton",45,"13","2026-05-29",5,2,7,2,2,1,0,1,0,1,1,1,0,0,0,4,5,0,1,2,0,1,"M.C.G.",61081,"Carlton","Geelong",88,84
12690,"Tom","Atkins","Geelong",30,"13","2026-05-29",2,14,16,1,0,0,0,7,0,1,4,4,3,4,0,13,5,0,0,3,1,0,"M.C.G.",61081,"Carlton","Geelong",88,84
12153,"Mark","Blicavs","Geelong",46,"13","2026-05-29",3,6,9,2,0,0,10,1,1,0,1,1,1,0,0,4,5,0,0,0,0,0,"M.C.G.",61081,"Carlton","Geelong",88,84
12871,"Tanner","Bruhn","Geelong",4,"13","2026-05-29",9,4,13,2,0,0,0,3,0,1,0,1,1,0,0,4,8,0,0,0,0,1,"M.C.G.",61081,"Carlton","Geelong",88,84
12017,"Jeremy","Cameron","Geelong",5,"13","2026-05-29",12,1,13,8,4,3,0,0,0,2,0,1,0,0,0,2,11,1,6,1,0,0,"M.C.G.",61081,"Carlton","Geelong",88,84
12806,"Brad","Close","Geelong",45,"13","2026-05-29",3,8,11,2,0,1,0,5,0,4,0,0,1,0,0,4,7,0,0,0,0,0,"M.C.G.",61081,"Carlton","Geelong",88,84
11700,"Patrick","Dangerfield","Geelong",35,"13","2026-05-29",7,6,13,5,1,0,0,1,0,4,3,5,0,2,0,4,7,0,2,0,0,0,"M.C.G.",61081,"Carlton","Geelong",88,84
12891,"Sam","De Koning","Geelong",16,"13","2026-05-29",8,4,12,5,0,0,3,0,0,2,0,2,1,1,0,6,7,3,0,1,0,0,"M.C.G.",61081,"Carlton","Geelong",88,84
12974,"Oliver","Dempsey","Geelong",28,"13","2026-05-29",13,5,18,9,2,0,0,3,2,4,1,3,0,1,0,3,14,1,2,0,0,1,"M.C.G.",61081,"Carlton","Geelong",88,84
NA,"Mitchell","Edwards","Geelong",11,"13","2026-05-29",1,7,8,3,0,0,22,4,0,2,2,2,3,1,0,5,4,0,0,0,0,0,"M.C.G.",61081,"Carlton","Geelong",88,84
12551,"Zach","Guthrie","Geelong",39,"13","2026-05-29",14,7,21,7,0,0,0,2,5,1,1,3,1,2,0,6,13,1,0,1,0,0,"M.C.G.",61081,"Carlton","Geelong",88,84
12607,"Jack","Henry","Geelong",38,"13","2026-05-29",8,4,12,3,2,1,1,2,0,2,1,0,3,0,0,8,4,2,0,2,0,0,"M.C.G.",61081,"Carlton","Geelong",88,84
12851,"Oliver","Henry","Geelong",36,"13","2026-05-29",6,3,9,4,2,1,0,1,0,1,2,0,2,0,0,5,4,0,3,0,0,1,"M.C.G.",61081,"Carlton","Geelong",88,84
12881,"Max","Holmes","Geelong",9,"13","2026-05-29",12,13,25,3,0,1,0,4,2,5,5,1,0,0,0,7,16,0,0,2,0,0,"M.C.G.",61081,"Carlton","Geelong",88,84
13160,"Lawson","Humphries","Geelong",17,"13","2026-05-29",13,8,21,6,0,0,0,2,4,1,1,2,0,1,0,5,14,0,0,5,1,0,"M.C.G.",61081,"Carlton","Geelong",88,84
12370,"Jake","Kolodjashnij","Geelong",8,"13","2026-05-29",8,4,12,7,0,0,0,0,2,0,0,3,0,1,0,4,8,2,0,6,1,0,"M.C.G.",61081,"Carlton","Geelong",88,84
13104,"Shaun","Mannagh","Geelong",7,"13","2026-05-29",13,4,17,1,1,1,0,7,1,8,1,2,0,1,0,7,11,0,0,0,0,1,"M.C.G.",61081,"Carlton","Geelong",88,84
12689,"Gryan","Miers","Geelong",32,"13","2026-05-29",10,11,21,4,0,0,0,1,0,1,2,1,0,0,0,4,16,0,0,0,0,0,"M.C.G.",61081,"Carlton","Geelong",88,84
13066,"Oisin","Mullin","Geelong",34,"13","2026-05-29",7,1,8,1,0,0,0,5,1,1,1,2,2,1,0,3,5,0,1,2,0,1,"M.C.G.",61081,"Carlton","Geelong",88,84
12992,"Shannon","Neale","Geelong",33,"13","2026-05-29",5,5,10,2,0,1,7,1,0,3,0,2,0,2,0,6,4,0,1,1,0,1,"M.C.G.",61081,"Carlton","Geelong",88,84
12531,"Mark","OConnor","Geelong",42,"13","2026-05-29",8,7,15,9,0,0,0,4,1,1,1,1,1,0,0,3,11,0,0,2,0,0,"M.C.G.",61081,"Carlton","Geelong",88,84
13122,"Connor","OSullivan","Geelong",14,"13","2026-05-29",13,5,18,12,0,0,0,1,4,1,1,1,0,1,0,4,14,3,0,8,0,0,"M.C.G.",61081,"Carlton","Geelong",88,84
12692,"Bailey","Smith","Geelong",3,"13","2026-05-29",19,16,35,5,0,0,0,7,5,9,2,7,0,2,0,7,26,0,0,3,0,2,"M.C.G.",61081,"Carlton","Geelong",88,84
12505,"Tom","Stewart","Geelong",44,"13","2026-05-29",13,9,22,4,0,0,0,2,8,0,2,2,0,2,0,9,7,0,0,2,0,0,"M.C.G.",61081,"Carlton","Geelong",88,84
12844,"Joel","Amartey","Sydney",36,"13","2026-05-30",6,4,10,2,1,2,0,4,0,2,0,1,1,0,0,6,3,2,0,2,0,0,"S.C.G.",38013,"Sydney","Richmond",170,56
13195,"Riley","Bice","Sydney",26,"13","2026-05-30",8,13,21,5,0,1,0,1,1,5,1,0,0,0,0,3,16,0,0,2,3,1,"S.C.G.",38013,"Sydney","Richmond",170,56
12699,"Nick","Blakey","Sydney",22,"13","2026-05-30",19,9,28,5,0,0,0,0,4,2,0,3,0,1,0,7,18,1,0,3,2,2,"S.C.G.",38013,"Sydney","Richmond",170,56
13157,"Caiden","Cleary","Sydney",33,"13","2026-05-30",6,12,18,4,0,1,0,3,0,4,2,3,1,1,0,5,13,0,1,0,0,0,"S.C.G.",38013,"Sydney","Richmond",170,56
12015,"Harry","Cunningham","Sydney",7,"13","2026-05-30",13,8,21,2,0,0,0,1,4,4,0,0,0,0,0,4,16,1,0,0,1,0,"S.C.G.",38013,"Sydney","Richmond",170,56
12421,"Charlie","Curnow","Sydney",35,"13","2026-05-30",14,4,18,9,8,1,0,1,0,2,0,2,0,0,0,6,12,2,7,0,0,1,"S.C.G.",38013,"Sydney","Richmond",170,56
NA,"Will","Edwards","Sydney",28,"13","2026-05-30",3,2,5,3,0,0,0,0,2,0,0,2,0,2,0,1,4,0,0,2,1,0,"S.C.G.",38013,"Sydney","Richmond",170,56
13173,"Tom","Hanily","Sydney",40,"13","2026-05-30",7,11,18,4,0,2,0,0,0,3,1,1,1,0,0,4,14,0,1,1,0,0,"S.C.G.",38013,"Sydney","Richmond",170,56
12326,"Isaac","Heeney","Sydney",5,"13","2026-05-30",19,13,32,7,5,1,0,7,1,9,5,3,3,1,0,11,17,1,3,1,1,2,"S.C.G.",38013,"Sydney","Richmond",170,56
12860,"James","Jordon","Sydney",17,"13","2026-05-30",9,14,23,4,1,2,0,0,0,4,0,2,0,1,0,6,17,0,1,0,0,0,"S.C.G.",38013,"Sydney","Richmond",170,56
NA,"Harry","Kyle","Sydney",32,"13","2026-05-30",5,11,16,2,0,0,0,3,5,2,3,0,2,0,0,5,10,0,0,5,3,1,"S.C.G.",38013,"Sydney","Richmond",170,56
12729,"Peter","Ladhams","Sydney",19,"13","2026-05-30",11,13,24,2,1,0,28,0,2,1,9,4,4,1,0,18,9,1,0,1,0,0,"S.C.G.",38013,"Sydney","Richmond",170,56
12268,"Jake","Lloyd","Sydney",44,"13","2026-05-30",6,9,15,2,0,0,0,4,0,2,0,2,1,1,0,5,10,0,2,1,0,3,"S.C.G.",38013,"Sydney","Richmond",170,56
12627,"Tom","McCartin","Sydney",30,"13","2026-05-30",16,10,26,13,0,0,0,1,5,1,1,3,2,0,0,10,16,6,0,4,3,0,"S.C.G.",38013,"Sydney","Richmond",170,56
12861,"Logan","McDonald","Sydney",6,"13","2026-05-30",11,4,15,7,2,2,0,0,0,4,0,2,0,2,0,6,8,1,4,0,0,1,"S.C.G.",38013,"Sydney","Richmond",170,56
12711,"Justin","McInerney","Sydney",27,"13","2026-05-30",3,8,11,2,0,0,0,1,0,3,2,1,1,1,0,5,7,0,0,1,0,2,"S.C.G.",38013,"Sydney","Richmond",170,56
12745,"Hayden","McLean","Sydney",2,"13","2026-05-30",6,2,8,4,4,0,6,3,0,1,0,2,1,1,0,2,5,1,4,2,0,0,"S.C.G.",38013,"Sydney","Richmond",170,56
12526,"Lewis","Melican","Sydney",43,"13","2026-05-30",11,3,14,4,0,0,0,3,2,3,0,1,0,1,0,6,7,2,0,7,0,1,"S.C.G.",38013,"Sydney","Richmond",170,56
12714,"James","Rowbottom","Sydney",8,"13","2026-05-30",8,7,15,2,0,1,0,7,1,3,2,0,0,0,0,8,8,1,1,2,0,3,"S.C.G.",38013,"Sydney","Richmond",170,56
13022,"Jai","Serong","Sydney",13,"13","2026-05-30",10,8,18,7,0,2,0,1,2,1,1,2,1,0,0,8,10,1,0,0,0,2,"S.C.G.",38013,"Sydney","Richmond",170,56
12951,"Angus","Sheldrick","Sydney",12,"13","2026-05-30",7,23,30,2,0,1,0,0,1,3,4,5,1,4,0,13,19,0,0,2,0,1,"S.C.G.",38013,"Sydney","Richmond",170,56
12797,"Chad","Warner","Sydney",1,"13","2026-05-30",20,12,32,6,3,2,0,1,3,8,5,6,0,1,0,9,22,0,2,0,8,1,"S.C.G.",38013,"Sydney","Richmond",170,56
12818,"Sam","Wicks","Sydney",15,"13","2026-05-30",12,7,19,6,0,0,0,1,4,5,0,3,0,2,0,3,14,0,0,0,7,0,"S.C.G.",38013,"Sydney","Richmond",170,56
13242,"Jasper","Alger","Richmond",29,"13","2026-05-30",5,1,6,4,3,0,0,4,0,2,0,2,0,2,0,3,4,1,2,1,0,0,"S.C.G.",38013,"Sydney","Richmond",170,56
12686,"Noah","Balta","Richmond",21,"13","2026-05-30",8,4,12,5,0,1,8,0,3,2,3,5,0,2,0,6,5,1,0,2,0,0,"S.C.G.",38013,"Sydney","Richmond",170,56
13078,"Sam","Banks","Richmond",6,"13","2026-05-30",5,12,17,2,0,0,0,0,1,1,2,2,0,0,0,7,10,0,0,0,0,0,"S.C.G.",38013,"Sydney","Richmond",170,56
12456,"Nathan","Broad","Richmond",35,"13","2026-05-30",8,6,14,4,0,0,0,1,5,2,0,3,0,0,0,3,10,0,0,7,0,0,"S.C.G.",38013,"Sydney","Richmond",170,56
13100,"Seth","Campbell","Richmond",44,"13","2026-05-30",6,6,12,2,0,1,0,2,1,2,2,0,0,0,0,5,7,0,0,1,2,0,"S.C.G.",38013,"Sydney","Richmond",170,56
NA,"Sam","Cumming","Richmond",22,"13","2026-05-30",7,9,16,2,1,0,0,2,3,1,2,3,1,2,0,6,9,0,0,1,0,0,"S.C.G.",38013,"Sydney","Richmond",170,56
13200,"Liam","Fawcett","Richmond",43,"13","2026-05-30",5,4,9,2,0,0,0,0,0,2,0,3,3,0,0,6,3,2,1,2,0,1,"S.C.G.",38013,"Sydney","Richmond",170,56
13145,"Steely","Green","Richmond",48,"13","2026-05-30",10,4,14,2,0,1,0,1,1,1,1,4,1,1,0,2,11,0,0,0,0,0,"S.C.G.",38013,"Sydney","Richmond",170,56
NA,"Sam","Grlj","Richmond",24,"13","2026-05-30",9,7,16,4,0,0,0,0,3,2,1,1,0,0,0,3,14,0,0,1,1,0,"S.C.G.",38013,"Sydney","Richmond",170,56
NA,"Oliver","Hayes-Brown","Richmond",47,"13","2026-05-30",4,7,11,1,1,0,8,0,0,3,4,2,2,1,0,10,2,1,0,1,0,1,"S.C.G.",38013,"Sydney","Richmond",170,56
12440,"Jacob","Hopper","Richmond",2,"13","2026-05-30",12,13,25,3,0,1,0,3,2,8,5,4,2,1,0,14,12,0,0,0,0,0,"S.C.G.",38013,"Sydney","Richmond",170,56
13113,"Mykelti","Lefau","Richmond",42,"13","2026-05-30",5,7,12,5,1,0,0,4,0,1,0,3,1,0,0,8,7,2,1,2,0,0,"S.C.G.",38013,"Sydney","Richmond",170,56
12941,"Ben","Miller","Richmond",12,"13","2026-05-30",8,3,11,2,0,0,0,1,9,0,0,2,1,1,0,3,4,1,0,10,1,0,"S.C.G.",38013,"Sydney","Richmond",170,56
11917,"Dion","Prestia","Richmond",3,"13","2026-05-30",11,9,20,3,0,0,0,2,1,4,2,4,2,2,0,7,12,0,0,1,0,0,"S.C.G.",38013,"Sydney","Richmond",170,56
NA,"Patrick","Retschko","Richmond",33,"13","2026-05-30",8,2,10,4,0,0,0,2,2,2,0,2,0,1,0,3,8,0,0,0,1,1,"S.C.G.",38013,"Sydney","Richmond",170,56
NA,"Noah","Roberts-Thomson","Richmond",27,"13","2026-05-30",6,0,6,1,1,0,0,1,0,1,0,2,0,0,0,2,3,0,0,0,0,0,"S.C.G.",38013,"Sydney","Richmond",170,56
12712,"Jack","Ross","Richmond",5,"13","2026-05-30",7,11,18,1,0,1,0,7,0,4,4,4,2,1,0,8,13,0,0,2,0,0,"S.C.G.",38013,"Sydney","Richmond",170,56
12418,"Jayden","Short","Richmond",15,"13","2026-05-30",15,2,17,6,0,0,0,3,2,2,0,1,0,0,0,1,10,0,0,2,0,0,"S.C.G.",38013,"Sydney","Richmond",170,56
13014,"Tyler","Sonsie","Richmond",40,"13","2026-05-30",7,9,16,4,1,0,0,2,1,3,1,0,1,0,0,7,9,0,0,1,0,0,"S.C.G.",38013,"Sydney","Richmond",170,56
12504,"Tim","Taranto","Richmond",14,"13","2026-05-30",9,15,24,4,0,1,0,3,0,3,3,2,1,1,0,16,10,1,1,1,0,0,"S.C.G.",38013,"Sydney","Richmond",170,56
13191,"Luke","Trainor","Richmond",11,"13","2026-05-30",9,3,12,3,0,0,0,2,5,0,1,1,1,1,0,5,6,1,0,3,2,0,"S.C.G.",38013,"Sydney","Richmond",170,56
13095,"James","Trezise","Richmond",36,"13","2026-05-30",7,8,15,4,0,0,0,2,4,1,2,5,0,3,0,5,9,1,0,1,0,0,"S.C.G.",38013,"Sydney","Richmond",170,56
12174,"Nick","Vlastuin","Richmond",1,"13","2026-05-30",9,2,11,3,0,1,0,4,5,0,1,1,2,0,0,3,6,1,0,1,0,0,"S.C.G.",38013,"Sydney","Richmond",170,56
12340,"Harris","Andrews","Brisbane Lions",31,"13","2026-05-30",8,2,10,7,0,0,0,4,1,4,0,2,0,2,0,4,5,3,0,8,0,0,"Gabba",32423,"Brisbane Lions","Fremantle",78,103
12718,"Noah","Answerth","Brisbane Lions",43,"13","2026-05-30",4,2,6,3,0,0,0,0,1,3,0,1,1,1,0,3,4,0,0,2,0,0,"Gabba",32423,"Brisbane Lions","Fremantle",78,103
13197,"Levi","Ashcroft","Brisbane Lions",10,"13","2026-05-30",10,2,12,3,1,2,0,0,1,3,0,0,1,0,0,2,8,0,1,2,1,0,"Gabba",32423,"Brisbane Lions","Fremantle",78,103
13040,"Will","Ashcroft","Brisbane Lions",8,"13","2026-05-30",12,10,22,1,2,0,0,5,1,1,3,0,2,0,0,12,10,0,0,1,1,0,"Gabba",32423,"Brisbane Lions","Fremantle",78,103
12610,"Zac","Bailey","Brisbane Lions",33,"13","2026-05-30",21,9,30,4,1,2,0,2,2,10,6,4,1,1,0,9,19,1,0,1,1,1,"Gabba",32423,"Brisbane Lions","Fremantle",78,103
12519,"Jarrod","Berry","Brisbane Lions",7,"13","2026-05-30",15,5,20,7,0,0,0,0,3,4,3,3,0,1,0,6,15,1,0,2,0,0,"Gabba",32423,"Brisbane Lions","Fremantle",78,103
12277,"Charlie","Cameron","Brisbane Lions",23,"13","2026-05-30",8,2,10,3,2,2,0,1,0,2,0,2,0,1,0,1,8,0,1,0,2,0,"Gabba",32423,"Brisbane Lions","Fremantle",78,103
12838,"Keidean","Coleman","Brisbane Lions",18,"13","2026-05-30",5,1,6,2,0,0,0,1,1,0,0,0,0,0,0,1,4,0,0,1,0,0,"Gabba",32423,"Brisbane Lions","Fremantle",78,103
NA,"Cody","Curtin","Brisbane Lions",37,"13","2026-05-30",5,2,7,1,1,0,0,1,0,1,0,5,2,1,0,2,5,0,0,5,1,0,"Gabba",32423,"Brisbane Lions","Fremantle",78,103
12810,"Sam","Draper","Brisbane Lions",2,"13","2026-05-30",9,0,9,2,1,1,24,2,2,3,5,2,3,1,0,5,2,0,1,4,0,0,"Gabba",32423,"Brisbane Lions","Fremantle",78,103
12408,"Josh","Dunkley","Brisbane Lions",5,"13","2026-05-30",7,9,16,4,0,0,0,3,1,3,3,0,0,0,0,11,8,1,1,2,0,1,"Gabba",32423,"Brisbane Lions","Fremantle",78,103
13072,"Jaspa","Fletcher","Brisbane Lions",3,"13","2026-05-30",9,4,13,4,1,0,0,1,1,1,2,1,0,0,0,4,7,0,0,2,3,0,"Gabba",32423,"Brisbane Lions","Fremantle",78,103
12724,"Darcy","Fort","Brisbane Lions",32,"13","2026-05-30",4,4,8,4,0,0,12,0,1,1,2,2,0,1,0,5,4,2,1,2,0,1,"Gabba",32423,"Brisbane Lions","Fremantle",78,103
13235,"Ty","Gallop","Brisbane Lions",22,"13","2026-05-30",5,3,8,5,0,0,0,1,2,1,0,1,0,1,0,4,4,1,0,5,0,0,"Gabba",32423,"Brisbane Lions","Fremantle",78,103
12267,"Darcy","Gardiner","Brisbane Lions",27,"13","2026-05-30",6,3,9,3,0,0,0,1,2,0,0,5,1,4,0,4,6,1,0,9,0,0,"Gabba",32423,"Brisbane Lions","Fremantle",78,103
12968,"Kai","Lohmann","Brisbane Lions",1,"13","2026-05-30",6,6,12,2,0,3,0,1,0,2,2,2,0,1,0,8,5,0,0,0,2,0,"Gabba",32423,"Brisbane Lions","Fremantle",78,103
12518,"Hugh","McCluggage","Brisbane Lions",6,"13","2026-05-30",5,8,13,2,0,1,0,3,1,3,3,3,2,2,0,7,7,0,1,1,0,0,"Gabba",32423,"Brisbane Lions","Fremantle",78,103
12391,"Conor","McKenna","Brisbane Lions",26,"13","2026-05-30",6,5,11,2,0,0,0,2,0,4,0,2,0,1,0,2,8,0,0,1,1,0,"Gabba",32423,"Brisbane Lions","Fremantle",78,103
13137,"Logan","Morris","Brisbane Lions",13,"13","2026-05-30",7,1,8,3,1,4,0,2,0,2,0,4,1,0,0,4,4,0,2,0,0,0,"Gabba",32423,"Brisbane Lions","Fremantle",78,103
12055,"Lachie","Neale","Brisbane Lions",9,"13","2026-05-30",9,14,23,2,0,0,0,1,0,5,8,3,2,0,0,11,12,0,0,0,0,1,"Gabba",32423,"Brisbane Lions","Fremantle",78,103
12592,"Cam","Rayner","Brisbane Lions",16,"13","2026-05-30",5,2,7,1,0,0,0,2,1,2,2,2,1,1,0,7,2,1,1,2,0,1,"Gabba",32423,"Brisbane Lions","Fremantle",78,103
13138,"Bruce","Reville","Brisbane Lions",38,"13","2026-05-30",7,5,12,4,0,0,0,0,3,2,0,2,0,2,0,1,12,0,0,1,0,0,"Gabba",32423,"Brisbane Lions","Fremantle",78,103
13026,"Darcy","Wilmot","Brisbane Lions",44,"13","2026-05-30",24,2,26,12,0,0,0,3,6,2,3,2,1,0,0,5,15,2,0,0,1,1,"Gabba",32423,"Brisbane Lions","Fremantle",78,103
12983,"Jye","Amiss","Fremantle",24,"13","2026-05-30",10,5,15,6,4,4,0,1,0,0,0,2,2,0,0,6,9,2,6,2,0,0,"Gabba",32423,"Brisbane Lions","Fremantle",78,103
12535,"Shai","Bolton","Fremantle",10,"13","2026-05-30",9,12,21,2,0,0,0,3,1,6,6,3,1,0,0,9,13,0,0,0,2,3,"Gabba",32423,"Brisbane Lions","Fremantle",78,103
12589,"Andrew","Brayshaw","Fremantle",8,"13","2026-05-30",8,16,24,2,0,0,0,6,0,4,0,3,0,0,0,9,14,0,0,2,1,2,"Gabba",32423,"Brisbane Lions","Fremantle",78,103
12875,"Heath","Chapman","Fremantle",5,"13","2026-05-30",8,7,15,4,0,0,0,2,7,1,0,6,0,1,0,2,11,0,0,4,1,0,"Gabba",32423,"Brisbane Lions","Fremantle",78,103
12688,"Jordan","Clark","Fremantle",6,"13","2026-05-30",16,8,24,4,0,0,0,3,6,5,0,4,0,2,0,2,17,0,0,3,4,2,"Gabba",32423,"Brisbane Lions","Fremantle",78,103
12544,"Brennan","Cox","Fremantle",36,"13","2026-05-30",0,7,7,1,0,0,0,0,1,0,0,0,0,0,0,6,1,0,0,4,0,0,"Gabba",32423,"Brisbane Lions","Fremantle",78,103
12428,"Mason","Cox","Fremantle",18,"13","2026-05-30",3,2,5,0,0,0,13,1,1,0,1,5,1,3,0,4,4,0,0,1,0,0,"Gabba",32423,"Brisbane Lions","Fremantle",78,103
13204,"Isaiah","Dudley","Fremantle",43,"13","2026-05-30",4,5,9,2,1,0,0,2,0,1,1,0,1,0,0,3,7,0,1,1,0,0,"Gabba",32423,"Brisbane Lions","Fremantle",78,103
12966,"Neil","Erasmus","Fremantle",28,"13","2026-05-30",4,9,13,4,0,0,0,2,1,0,2,5,0,1,0,5,9,0,0,1,1,0,"Gabba",32423,"Brisbane Lions","Fremantle",78,103
12801,"Michael","Frederick","Fremantle",32,"13","2026-05-30",8,5,13,4,0,1,0,0,3,4,2,2,0,1,0,2,11,0,1,0,1,0,"Gabba",32423,"Brisbane Lions","Fremantle",78,103
12779,"Luke","Jackson","Fremantle",9,"13","2026-05-30",7,8,15,1,1,0,22,3,0,2,5,4,1,3,0,9,7,1,0,0,0,0,"Gabba",32423,"Brisbane Lions","Fremantle",78,103
13047,"Matthew","Johnson","Fremantle",44,"13","2026-05-30",13,7,20,6,1,0,0,4,1,1,6,1,1,1,0,7,12,1,0,1,0,1,"Gabba",32423,"Brisbane Lions","Fremantle",78,103
13033,"Judd","McVee","Fremantle",17,"13","2026-05-30",8,12,20,5,0,0,0,1,3,1,0,1,0,0,0,4,13,1,0,1,0,0,"Gabba",32423,"Brisbane Lions","Fremantle",78,103
12960,"Nathan","ODriscoll","Fremantle",30,"13","2026-05-30",15,7,22,2,0,0,0,1,2,6,0,2,1,0,0,6,16,0,0,1,0,2,"Gabba",32423,"Brisbane Lions","Fremantle",78,103
12352,"Alex","Pearce","Fremantle",25,"13","2026-05-30",6,3,9,2,0,0,0,0,1,1,0,3,2,2,0,6,2,0,0,5,1,0,"Gabba",32423,"Brisbane Lions","Fremantle",78,103
13180,"Murphy","Reid","Fremantle",16,"13","2026-05-30",10,11,21,1,0,0,0,3,2,2,4,1,1,0,0,6,14,0,0,1,0,0,"Gabba",32423,"Brisbane Lions","Fremantle",78,103
12542,"Luke","Ryan","Fremantle",13,"13","2026-05-30",17,5,22,5,0,0,0,1,7,1,0,1,0,0,0,2,13,0,0,2,1,0,"Gabba",32423,"Brisbane Lions","Fremantle",78,103
NA,"Chris","Scerri","Fremantle",45,"13","2026-05-30",0,9,9,1,0,0,0,0,0,1,1,0,0,0,0,7,2,1,0,1,0,0,"Gabba",32423,"Brisbane Lions","Fremantle",78,103
12672,"Sam","Switkowski","Fremantle",39,"13","2026-05-30",7,9,16,3,1,1,0,2,0,0,0,0,2,0,0,6,10,0,1,1,1,0,"Gabba",32423,"Brisbane Lions","Fremantle",78,103
12887,"Josh","Treacy","Fremantle",35,"13","2026-05-30",12,4,16,7,3,1,0,3,0,3,0,1,5,1,0,9,9,1,2,0,0,0,"Gabba",32423,"Brisbane Lions","Fremantle",78,103
13129,"Patrick","Voss","Fremantle",20,"13","2026-05-30",12,1,13,8,4,3,0,2,0,4,0,4,2,3,0,5,8,2,4,0,0,1,"Gabba",32423,"Brisbane Lions","Fremantle",78,103
12453,"Corey","Wagner","Fremantle",34,"13","2026-05-30",11,6,17,3,0,0,0,3,5,2,2,2,1,0,0,2,15,0,0,0,3,0,"Gabba",32423,"Brisbane Lions","Fremantle",78,103
13075,"Karl","Worner","Fremantle",23,"13","2026-05-30",10,8,18,7,0,0,0,2,7,2,1,1,0,0,0,3,13,0,0,2,1,1,"Gabba",32423,"Brisbane Lions","Fremantle",78,103
12269,"Marcus","Bontempelli","Western Bulldogs",4,"13","2026-05-30",11,11,22,2,1,2,0,4,2,6,9,2,1,0,0,15,12,0,1,7,0,0,"Docklands",43430,"Western Bulldogs","Collingwood",97,93
12916,"Lachlan","Bramble","Western Bulldogs",29,"13","2026-05-30",6,4,10,3,0,0,0,1,1,2,0,1,0,0,0,2,8,0,0,0,0,2,"Docklands",43430,"Western Bulldogs","Collingwood",97,93
12769,"Connor","Budarick","Western Bulldogs",19,"13","2026-05-30",16,6,22,8,0,0,0,3,2,1,0,2,0,0,0,3,15,0,0,0,1,0,"Docklands",43430,"Western Bulldogs","Collingwood",97,93
12608,"Nick","Coffield","Western Bulldogs",17,"13","2026-05-30",11,2,13,8,0,0,0,0,7,0,0,1,0,0,0,1,12,0,0,4,0,0,"Docklands",43430,"Western Bulldogs","Collingwood",97,93
13265,"Jordan","Croft","Western Bulldogs",16,"13","2026-05-30",6,1,7,5,0,1,0,0,0,1,0,2,0,0,0,3,4,2,1,1,0,1,"Docklands",43430,"Western Bulldogs","Collingwood",97,93
12354,"Bailey","Dale","Western Bulldogs",31,"13","2026-05-30",21,6,27,4,0,0,0,1,4,3,1,3,0,0,0,5,12,0,0,1,0,0,"Docklands",43430,"Western Bulldogs","Collingwood",97,93
12537,"Tim","English","Western Bulldogs",44,"13","2026-05-30",9,7,16,6,2,0,24,0,0,1,2,3,1,1,0,6,11,0,2,2,0,0,"Docklands",43430,"Western Bulldogs","Collingwood",97,93
13140,"Joel","Freijah","Western Bulldogs",27,"13","2026-05-30",11,10,21,1,0,0,0,4,2,3,9,6,1,0,0,10,8,0,0,1,0,0,"Docklands",43430,"Western Bulldogs","Collingwood",97,93
13213,"Cooper","Hynes","Western Bulldogs",6,"13","2026-05-30",6,7,13,2,0,0,0,0,0,2,2,2,0,0,0,5,8,0,0,0,0,0,"Docklands",43430,"Western Bulldogs","Collingwood",97,93
13275,"Lachie","Jaques","Western Bulldogs",11,"13","2026-05-30",10,1,11,4,0,0,0,0,3,1,1,0,0,0,0,2,9,0,0,1,0,0,"Docklands",43430,"Western Bulldogs","Collingwood",97,93
13046,"Arthur","Jones","Western Bulldogs",32,"13","2026-05-30",5,7,12,4,1,0,0,2,0,2,0,3,0,2,0,5,7,0,2,0,0,3,"Docklands",43430,"Western Bulldogs","Collingwood",97,93
12455,"Matthew","Kennedy","Western Bulldogs",8,"13","2026-05-30",19,10,29,6,0,0,0,4,2,7,4,8,0,1,0,11,15,0,0,0,0,0,"Docklands",43430,"Western Bulldogs","Collingwood",97,93
12900,"Buku","Khamis","Western Bulldogs",24,"13","2026-05-30",8,3,11,5,0,0,0,0,3,1,0,3,0,2,0,5,6,1,0,5,0,0,"Docklands",43430,"Western Bulldogs","Collingwood",97,93
NA,"Will","Lewis","Western Bulldogs",28,"13","2026-05-30",7,3,10,3,3,2,0,3,0,2,1,1,1,1,0,5,5,2,2,1,0,0,"Docklands",43430,"Western Bulldogs","Collingwood",97,93
12282,"Rory","Lobb","Western Bulldogs",7,"13","2026-05-30",6,3,9,3,0,2,15,8,0,2,1,2,0,0,0,7,1,2,2,5,0,0,"Docklands",43430,"Western Bulldogs","Collingwood",97,93
12854,"Lachlan","McNeil","Western Bulldogs",30,"13","2026-05-30",5,6,11,2,2,0,0,4,0,2,0,2,1,0,0,7,6,1,0,0,0,0,"Docklands",43430,"Western Bulldogs","Collingwood",97,93
12594,"Aaron","Naughton","Western Bulldogs",33,"13","2026-05-30",6,8,14,4,1,3,0,2,0,0,0,1,0,1,0,7,7,1,1,0,0,0,"Docklands",43430,"Western Bulldogs","Collingwood",97,93
13061,"James","ODonnell","Western Bulldogs",18,"13","2026-05-30",6,1,7,4,0,0,0,2,2,1,0,0,1,0,0,2,5,1,0,5,0,0,"Docklands",43430,"Western Bulldogs","Collingwood",97,93
12605,"Ed","Richards","Western Bulldogs",20,"13","2026-05-30",15,9,24,5,2,1,0,3,1,8,4,3,1,0,0,7,19,1,1,2,0,0,"Docklands",43430,"Western Bulldogs","Collingwood",97,93
13103,"Ryley","Sanders","Western Bulldogs",9,"13","2026-05-30",14,14,28,8,0,1,0,1,1,7,3,2,1,0,0,6,23,0,1,2,0,3,"Docklands",43430,"Western Bulldogs","Collingwood",97,93
13276,"Michael","Sellwood","Western Bulldogs",37,"13","2026-05-30",9,3,12,4,0,0,0,0,2,3,0,1,0,0,0,6,7,2,0,7,0,0,"Docklands",43430,"Western Bulldogs","Collingwood",97,93
12054,"Adam","Treloar","Western Bulldogs",1,"13","2026-05-30",11,8,19,6,1,0,0,0,1,4,1,2,0,1,0,2,19,0,0,1,1,0,"Docklands",43430,"Western Bulldogs","Collingwood",97,93
12748,"Rhylee","West","Western Bulldogs",14,"13","2026-05-30",8,3,11,7,1,0,0,1,0,3,0,1,0,0,0,2,9,0,1,1,0,0,"Docklands",43430,"Western Bulldogs","Collingwood",97,93
13146,"Edward","Allan","Collingwood",16,"13","2026-05-30",6,10,16,0,0,0,0,2,1,2,2,2,0,0,0,8,8,0,0,0,2,0,"Docklands",43430,"Western Bulldogs","Collingwood",97,93
NA,"Angus","Anderson","Collingwood",41,"13","2026-05-30",6,3,9,1,2,0,0,3,0,2,1,3,1,1,0,3,5,0,0,0,0,0,"Docklands",43430,"Western Bulldogs","Collingwood",97,93
12660,"Darcy","Cameron","Collingwood",14,"13","2026-05-30",11,11,22,4,0,1,24,3,1,1,1,3,2,1,0,10,11,0,0,1,0,0,"Docklands",43430,"Western Bulldogs","Collingwood",97,93
12061,"Jack","Crisp","Collingwood",25,"13","2026-05-30",9,10,19,5,0,0,0,2,2,2,1,3,0,0,0,5,13,1,0,1,0,0,"Docklands",43430,"Western Bulldogs","Collingwood",97,93
12573,"Josh","Daicos","Collingwood",7,"13","2026-05-30",14,8,22,5,0,1,0,2,4,2,1,2,0,1,0,4,15,0,1,0,0,0,"Docklands",43430,"Western Bulldogs","Collingwood",97,93
12943,"Nick","Daicos","Collingwood",35,"13","2026-05-30",18,19,37,2,1,1,0,1,0,6,5,4,0,0,0,12,24,0,0,1,0,1,"Docklands",43430,"Western Bulldogs","Collingwood",97,93
12318,"Jordan","de Goey","Collingwood",2,"13","2026-05-30",16,14,30,10,1,3,0,3,1,9,4,4,0,0,0,6,24,0,1,1,0,5,"Docklands",43430,"Western Bulldogs","Collingwood",97,93
12676,"Billy","Frampton","Collingwood",17,"13","2026-05-30",5,8,13,4,0,0,0,1,3,0,0,2,0,0,0,3,9,0,0,8,0,0,"Docklands",43430,"Western Bulldogs","Collingwood",97,93
13068,"Harvey","Harrison","Collingwood",36,"13","2026-05-30",3,4,7,4,0,0,0,5,0,0,1,0,0,0,0,1,6,0,1,0,0,0,"Docklands",43430,"Western Bulldogs","Collingwood",97,93
12495,"Dan","Houston","Collingwood",9,"13","2026-05-30",13,10,23,6,0,0,0,3,5,1,0,1,1,0,0,5,16,0,0,1,0,0,"Docklands",43430,"Western Bulldogs","Collingwood",97,93
11967,"Jeremy","Howe","Collingwood",38,"13","2026-05-30",17,5,22,7,0,0,0,2,5,1,0,2,1,0,0,5,13,0,0,8,0,0,"Docklands",43430,"Western Bulldogs","Collingwood",97,93
12578,"Patrick","Lipinski","Collingwood",1,"13","2026-05-30",6,13,19,3,1,0,0,4,2,2,1,3,0,1,0,2,17,0,0,2,0,0,"Docklands",43430,"Western Bulldogs","Collingwood",97,93
13023,"Ned","Long","Collingwood",44,"13","2026-05-30",7,6,13,4,0,2,0,1,0,3,1,3,0,2,0,2,10,0,1,0,0,1,"Docklands",43430,"Western Bulldogs","Collingwood",97,93
12371,"Brayden","Maynard","Collingwood",4,"13","2026-05-30",18,5,23,9,0,0,0,2,5,2,1,2,0,0,0,9,13,0,0,4,0,0,"Docklands",43430,"Western Bulldogs","Collingwood",97,93
12876,"Beau","McCreery","Collingwood",31,"13","2026-05-30",6,4,10,1,1,0,0,2,0,2,0,4,0,0,0,3,7,0,0,1,3,0,"Docklands",43430,"Western Bulldogs","Collingwood",97,93
12291,"Daniel","McStay","Collingwood",11,"13","2026-05-30",4,5,9,5,1,1,0,3,0,2,1,0,1,0,0,6,4,2,1,2,0,1,"Docklands",43430,"Western Bulldogs","Collingwood",97,93
12300,"Tim","Membrey","Collingwood",28,"13","2026-05-30",7,5,12,6,3,1,0,1,0,1,0,0,0,0,0,2,10,1,4,2,0,0,"Docklands",43430,"Western Bulldogs","Collingwood",97,93
13147,"Wil","Parker","Collingwood",15,"13","2026-05-30",9,5,14,8,0,0,0,4,4,0,0,2,1,0,0,3,11,0,0,1,0,0,"Docklands",43430,"Western Bulldogs","Collingwood",97,93
4182,"Scott","Pendlebury","Collingwood",10,"13","2026-05-30",16,17,33,6,0,0,0,2,4,3,6,2,1,0,0,11,21,0,1,2,0,3,"Docklands",43430,"Western Bulldogs","Collingwood",97,93
12740,"Isaac","Quaynor","Collingwood",3,"13","2026-05-30",13,4,17,10,0,0,0,3,6,2,0,3,0,0,0,0,17,0,0,4,0,0,"Docklands",43430,"Western Bulldogs","Collingwood",97,93
12700,"Lachie","Schultz","Collingwood",8,"13","2026-05-30",11,3,14,9,2,1,0,3,1,1,1,3,1,0,0,3,10,1,3,0,0,0,"Docklands",43430,"Western Bulldogs","Collingwood",97,93
11751,"Steele","Sidebottom","Collingwood",22,"13","2026-05-30",7,6,13,4,0,0,0,1,1,2,2,2,0,1,0,7,7,0,0,4,0,0,"Docklands",43430,"Western Bulldogs","Collingwood",97,93
13248,"Roan","Steele","Collingwood",45,"13","2026-05-30",13,8,21,2,1,1,0,0,3,1,3,6,0,1,0,7,14,0,0,1,0,0,"Docklands",43430,"Western Bulldogs","Collingwood",97,93
12931,"Jake","Bowey","Melbourne",17,"13","2026-05-31",14,9,23,5,0,0,0,1,3,3,2,0,1,0,0,7,15,0,0,1,0,0,"Traeger Park",6374,"Melbourne","Greater Western Sydney",70,119
12756,"Kade","Chandler","Melbourne",37,"13","2026-05-31",6,8,14,2,0,1,0,8,0,3,3,3,2,2,0,9,6,1,0,0,0,0,"Traeger Park",6374,"Melbourne","Greater Western Sydney",70,119
NA,"Paddy","Cross","Melbourne",41,"13","2026-05-31",3,3,6,2,0,1,0,2,0,1,1,2,1,2,0,4,3,0,1,1,0,0,"Traeger Park",6374,"Melbourne","Greater Western Sydney",70,119
12598,"Bayley","Fritsch","Melbourne",31,"13","2026-05-31",5,4,9,2,0,0,0,3,1,1,0,2,1,1,0,4,5,0,0,0,1,0,"Traeger Park",6374,"Melbourne","Greater Western Sydney",70,119
11966,"Max","Gawn","Melbourne",11,"13","2026-05-31",11,11,22,8,0,1,30,3,2,4,4,5,1,0,0,11,10,2,1,2,0,1,"Traeger Park",6374,"Melbourne","Greater Western Sydney",70,119
13098,"Blake","Howes","Melbourne",22,"13","2026-05-31",7,2,9,5,0,0,0,1,1,3,0,2,0,0,0,2,7,1,0,4,0,0,"Traeger Park",6374,"Melbourne","Greater Western Sydney",70,119
13182,"Matthew","Jefferson","Melbourne",21,"13","2026-05-31",3,2,5,1,1,0,1,3,0,1,0,1,2,0,0,3,2,0,1,0,0,0,"Traeger Park",6374,"Melbourne","Greater Western Sydney",70,119
12393,"Ed","Langdon","Melbourne",15,"13","2026-05-31",11,9,20,4,0,1,0,1,2,3,1,3,0,0,0,4,14,0,1,1,2,1,"Traeger Park",6374,"Melbourne","Greater Western Sydney",70,119
13184,"Harvey","Langford","Melbourne",4,"13","2026-05-31",9,7,16,6,0,1,0,0,2,4,0,2,0,1,0,4,11,2,0,1,0,0,"Traeger Park",6374,"Melbourne","Greater Western Sydney",70,119
13032,"Bailey","Laurie","Melbourne",16,"13","2026-05-31",9,4,13,4,0,0,0,2,2,4,2,1,0,0,0,4,8,0,0,0,0,1,"Traeger Park",6374,"Melbourne","Greater Western Sydney",70,119
12639,"Brody","Mihocek","Melbourne",28,"13","2026-05-31",5,0,5,3,3,0,0,3,0,1,0,1,1,1,0,3,2,1,2,2,0,0,"Traeger Park",6374,"Melbourne","Greater Western Sydney",70,119
13161,"Andy","Moniz-Wakefield","Melbourne",45,"13","2026-05-31",6,4,10,3,0,0,0,3,0,3,1,3,1,0,0,4,4,0,0,0,0,0,"Traeger Park",6374,"Melbourne","Greater Western Sydney",70,119
12653,"Harry","Petty","Melbourne",35,"13","2026-05-31",9,3,12,6,0,0,0,3,0,1,0,2,0,2,0,5,9,1,0,5,0,0,"Traeger Park",6374,"Melbourne","Greater Western Sydney",70,119
12771,"Kysaiah","Pickett","Melbourne",36,"13","2026-05-31",15,1,16,1,1,0,0,5,0,7,7,6,3,3,0,10,3,1,0,0,4,1,"Traeger Park",6374,"Melbourne","Greater Western Sydney",70,119
NA,"Latrelle","Pickett","Melbourne",33,"13","2026-05-31",8,1,9,1,1,2,0,2,0,2,0,1,1,1,0,3,5,0,1,0,1,2,"Traeger Park",6374,"Melbourne","Greater Western Sydney",70,119
12778,"Trent","Rivers","Melbourne",24,"13","2026-05-31",17,5,22,4,1,0,0,0,2,4,0,0,1,0,0,4,17,0,0,0,0,1,"Traeger Park",6374,"Melbourne","Greater Western Sydney",70,119
12864,"Harry","Sharp","Melbourne",30,"13","2026-05-31",8,8,16,4,0,3,0,0,1,2,0,2,0,1,0,4,14,0,0,1,2,0,"Traeger Park",6374,"Melbourne","Greater Western Sydney",70,119
12693,"Tom","Sparrow","Melbourne",32,"13","2026-05-31",11,8,19,6,1,0,0,4,3,2,3,5,0,3,0,5,14,0,0,3,1,0,"Traeger Park",6374,"Melbourne","Greater Western Sydney",70,119
12368,"Jack","Steele","Melbourne",9,"13","2026-05-31",5,20,25,1,1,0,0,2,0,4,4,4,2,1,0,13,11,0,0,0,0,0,"Traeger Park",6374,"Melbourne","Greater Western Sydney",70,119
13123,"Koltyn","Tholstrup","Melbourne",12,"13","2026-05-31",12,5,17,4,0,0,0,0,6,1,1,1,1,0,0,9,8,1,0,4,0,0,"Traeger Park",6374,"Melbourne","Greater Western Sydney",70,119
12996,"Daniel","Turner","Melbourne",10,"13","2026-05-31",9,5,14,6,0,0,0,0,1,4,0,2,0,0,0,3,9,1,0,5,1,0,"Traeger Park",6374,"Melbourne","Greater Western Sydney",70,119
13048,"Jacob","van Rooyen","Melbourne",2,"13","2026-05-31",7,4,11,3,0,1,1,0,0,1,3,3,0,2,0,5,6,0,0,0,0,0,"Traeger Park",6374,"Melbourne","Greater Western Sydney",70,119
13099,"Caleb","Windsor","Melbourne",6,"13","2026-05-31",10,6,16,4,0,0,0,2,1,3,3,4,0,1,0,5,11,0,0,0,0,0,"Traeger Park",6374,"Melbourne","Greater Western Sydney",70,119
13020,"Leek","Aleer","Greater Western Sydney",21,"13","2026-05-31",3,4,7,2,0,0,6,2,0,2,1,0,0,0,0,3,4,0,0,1,0,0,"Traeger Park",6374,"Melbourne","Greater Western Sydney",70,119
12782,"Lachie","Ash","Greater Western Sydney",7,"13","2026-05-31",25,9,34,11,0,0,0,1,10,4,0,4,1,0,0,6,21,0,0,1,4,0,"Traeger Park",6374,"Melbourne","Greater Western Sydney",70,119
12772,"Toby","Bedford","Greater Western Sydney",14,"13","2026-05-31",4,12,16,2,2,0,0,4,0,0,2,1,4,1,0,11,6,0,2,0,0,0,"Traeger Park",6374,"Melbourne","Greater Western Sydney",70,119
12904,"Kieren","Briggs","Greater Western Sydney",32,"13","2026-05-31",4,5,9,1,1,0,18,7,1,3,4,1,2,1,0,5,5,0,0,5,0,1,"Traeger Park",6374,"Melbourne","Greater Western Sydney",70,119
12910,"Callum","Brown","Greater Western Sydney",46,"13","2026-05-31",11,1,12,8,3,0,0,0,0,0,0,0,1,0,0,2,10,1,2,1,0,0,"Traeger Park",6374,"Melbourne","Greater Western Sydney",70,119
13054,"Aaron","Cadman","Greater Western Sydney",5,"13","2026-05-31",8,1,9,6,1,0,0,2,0,3,0,3,0,0,0,2,7,1,1,2,0,2,"Traeger Park",6374,"Melbourne","Greater Western Sydney",70,119
12969,"Finn","Callaghan","Greater Western Sydney",17,"13","2026-05-31",20,11,31,7,2,0,0,2,3,6,4,2,3,1,0,8,23,0,0,1,3,1,"Traeger Park",6374,"Melbourne","Greater Western Sydney",70,119
12028,"Stephen","Coniglio","Greater Western Sydney",3,"13","2026-05-31",4,2,6,1,0,0,0,0,1,1,0,0,0,0,0,1,4,0,0,1,0,2,"Traeger Park",6374,"Melbourne","Greater Western Sydney",70,119
12656,"Brent","Daniels","Greater Western Sydney",16,"13","2026-05-31",9,9,18,2,0,0,0,9,2,3,4,5,2,3,0,9,9,0,0,0,1,0,"Traeger Park",6374,"Melbourne","Greater Western Sydney",70,119
13164,"Joe","Fonti","Greater Western Sydney",37,"13","2026-05-31",17,8,25,8,0,0,0,0,8,1,1,7,1,3,0,5,18,0,0,2,0,0,"Traeger Park",6374,"Melbourne","Greater Western Sydney",70,119
13279,"Phoenix","Gothard","Greater Western Sydney",11,"13","2026-05-31",10,5,15,2,1,2,0,5,1,2,0,1,1,1,0,5,11,0,0,1,2,0,"Traeger Park",6374,"Melbourne","Greater Western Sydney",70,119
12025,"Toby","Greene","Greater Western Sydney",4,"13","2026-05-31",13,3,16,6,3,2,0,6,0,4,1,2,1,0,0,4,12,1,3,1,0,2,"Traeger Park",6374,"Melbourne","Greater Western Sydney",70,119
13158,"Max","Gruzewski","Greater Western Sydney",35,"13","2026-05-31",11,2,13,8,3,0,0,0,0,2,0,0,0,0,0,3,10,1,3,0,0,0,"Traeger Park",6374,"Melbourne","Greater Western Sydney",70,119
12462,"Harry","Himmelberg","Greater Western Sydney",27,"13","2026-05-31",14,5,19,10,0,0,0,1,1,0,0,3,0,2,0,3,13,0,0,7,0,0,"Traeger Park",6374,"Melbourne","Greater Western Sydney",70,119
12750,"Connor","Idun","Greater Western Sydney",39,"13","2026-05-31",18,11,29,14,0,0,0,1,5,0,0,0,0,0,0,7,21,0,0,2,0,0,"Traeger Park",6374,"Melbourne","Greater Western Sydney",70,119
12377,"Jayden","Laverde","Greater Western Sydney",25,"13","2026-05-31",14,5,19,7,0,0,0,2,7,0,0,2,1,1,0,3,12,0,0,8,0,0,"Traeger Park",6374,"Melbourne","Greater Western Sydney",70,119
13088,"Toby","McMullin","Greater Western Sydney",31,"13","2026-05-31",7,5,12,4,0,0,0,1,1,2,0,1,0,1,0,4,8,0,0,0,0,2,"Traeger Park",6374,"Melbourne","Greater Western Sydney",70,119
12410,"Clayton","Oliver","Greater Western Sydney",10,"13","2026-05-31",8,20,28,3,0,0,0,3,2,4,7,6,1,3,0,11,15,0,0,1,0,2,"Traeger Park",6374,"Melbourne","Greater Western Sydney",70,119
12886,"Conor","Stone","Greater Western Sydney",18,"13","2026-05-31",8,6,14,4,0,0,0,2,2,2,0,1,1,0,0,5,8,0,0,5,0,0,"Traeger Park",6374,"Melbourne","Greater Western Sydney",70,119
12167,"Jake","Stringer","Greater Western Sydney",20,"13","2026-05-31",12,3,15,7,1,1,0,1,0,4,0,3,0,0,0,4,8,0,2,1,0,1,"Traeger Park",6374,"Melbourne","Greater Western Sydney",70,119
12644,"Sam","Taylor","Greater Western Sydney",15,"13","2026-05-31",9,2,11,9,0,0,0,0,3,0,0,0,1,0,0,2,9,1,0,3,0,0,"Traeger Park",6374,"Melbourne","Greater Western Sydney",70,119
13101,"Harvey","Thomas","Greater Western Sydney",1,"13","2026-05-31",14,10,24,6,2,0,0,4,2,2,1,5,1,1,0,8,16,1,1,1,0,2,"Traeger Park",6374,"Melbourne","Greater Western Sydney",70,119
12143,"Lachie","Whitfield","Greater Western Sydney",6,"13","2026-05-31",20,6,26,10,0,0,0,2,3,1,2,0,0,0,0,3,19,0,0,0,0,0,"Traeger Park",6374,"Melbourne","Greater Western Sydney",70,119
13221,"Bo","Allan","West Coast",26,"13","2026-05-31",14,6,20,4,0,0,0,0,2,6,1,2,0,0,0,4,15,1,0,2,0,0,"Perth Stadium",37623,"West Coast","Essendon",85,55
12661,"Liam","Baker","West Coast",3,"13","2026-05-31",6,19,25,1,0,0,0,0,3,3,1,4,1,2,0,12,13,0,0,1,2,0,"Perth Stadium",37623,"West Coast","Essendon",85,55
13000,"Rhett","Bazzo","West Coast",33,"13","2026-05-31",4,12,16,3,0,0,0,1,1,1,0,1,0,1,0,6,10,0,0,5,0,0,"Perth Stadium",37623,"West Coast","Essendon",85,55
13250,"Malakai","Champion","West Coast",37,"13","2026-05-31",2,2,4,2,0,0,0,2,0,0,0,0,0,0,0,1,3,0,0,0,0,0,"Perth Stadium",37623,"West Coast","Essendon",85,55
12446,"Tom","Cole","West Coast",28,"13","2026-05-31",5,7,12,2,0,0,0,6,0,1,0,3,2,1,0,3,9,0,0,0,1,0,"Perth Stadium",37623,"West Coast","Essendon",85,55
13210,"Hamish","Davis","West Coast",38,"13","2026-05-31",9,6,15,5,0,0,0,1,1,1,1,0,0,0,0,2,13,0,0,1,0,0,"Perth Stadium",37623,"West Coast","Essendon",85,55
12334,"Liam","Duggan","West Coast",14,"13","2026-05-31",16,4,20,8,0,1,0,0,5,5,0,3,0,0,0,3,15,1,0,3,0,0,"Perth Stadium",37623,"West Coast","Essendon",85,55
NA,"Willem","Duursma","West Coast",1,"13","2026-05-31",15,10,25,7,1,0,0,5,1,6,4,3,0,1,0,6,19,0,1,0,0,0,"Perth Stadium",37623,"West Coast","Essendon",85,55
13038,"Reuben","Ginbey","West Coast",7,"13","2026-05-31",12,5,17,5,0,0,0,4,3,2,0,1,2,0,0,8,9,3,0,8,0,0,"Perth Stadium",37623,"West Coast","Essendon",85,55
12957,"Brady","Hough","West Coast",19,"13","2026-05-31",8,5,13,5,0,0,0,2,0,3,0,0,1,0,0,2,10,0,1,1,0,0,"Perth Stadium",37623,"West Coast","Essendon",85,55
13136,"Harvey","Johnston","West Coast",24,"13","2026-05-31",5,3,8,4,1,0,0,2,0,1,0,0,1,0,0,1,7,0,1,0,0,2,"Perth Stadium",37623,"West Coast","Essendon",85,55
12595,"Tim","Kelly","West Coast",11,"13","2026-05-31",13,15,28,1,0,0,0,3,2,5,2,1,2,0,0,8,20,0,0,1,0,0,"Perth Stadium",37623,"West Coast","Essendon",85,55
NA,"Josh","Lindsay","West Coast",5,"13","2026-05-31",13,6,19,5,0,0,0,0,4,2,0,3,0,1,0,3,11,0,0,2,0,0,"Perth Stadium",37623,"West Coast","Essendon",85,55
13070,"Ryan","Maric","West Coast",23,"13","2026-05-31",8,9,17,5,0,1,0,1,2,0,1,1,0,1,0,5,12,0,0,1,0,1,"Perth Stadium",37623,"West Coast","Essendon",85,55
13240,"Tom","McCarthy","West Coast",18,"13","2026-05-31",17,9,26,8,1,0,0,0,5,1,2,0,0,0,0,7,17,0,1,2,0,0,"Perth Stadium",37623,"West Coast","Essendon",85,55
NA,"Milan","Murdock","West Coast",47,"13","2026-05-31",13,6,19,2,3,0,0,4,0,4,1,1,5,0,0,10,7,0,0,0,0,1,"Perth Stadium",37623,"West Coast","Essendon",85,55
13111,"Harley","Reid","West Coast",9,"13","2026-05-31",10,14,24,1,1,4,0,2,1,3,4,9,5,4,0,11,17,0,1,1,0,1,"Perth Stadium",37623,"West Coast","Essendon",85,55
13247,"Jobe","Shanahan","West Coast",35,"13","2026-05-31",5,1,6,6,1,1,0,1,0,1,0,3,0,2,0,2,5,1,2,4,0,1,"Perth Stadium",37623,"West Coast","Essendon",85,55
12601,"Jake","Waterman","West Coast",2,"13","2026-05-31",14,2,16,9,3,3,0,1,0,3,0,3,1,1,0,2,14,0,7,2,0,1,"Perth Stadium",37623,"West Coast","Essendon",85,55
12836,"Bailey","Williams","West Coast",32,"13","2026-05-31",4,7,11,2,1,0,17,0,0,1,4,2,2,1,0,11,3,2,0,1,0,0,"Perth Stadium",37623,"West Coast","Essendon",85,55
12962,"Jack","Williams","West Coast",34,"13","2026-05-31",3,4,7,3,0,0,11,4,0,3,1,4,0,2,0,3,3,0,0,0,0,1,"Perth Stadium",37623,"West Coast","Essendon",85,55
12087,"Elliot","Yeo","West Coast",6,"13","2026-05-31",7,8,15,3,0,2,0,5,0,3,1,1,2,0,0,7,8,0,2,1,0,1,"Perth Stadium",37623,"West Coast","Essendon",85,55
13043,"Tylar","Young","West Coast",20,"13","2026-05-31",15,11,26,8,0,0,0,1,2,0,0,3,1,1,0,7,19,0,0,2,0,0,"Perth Stadium",37623,"West Coast","Essendon",85,55
13237,"Lachlan","Blakiston","Essendon",46,"13","2026-05-31",7,4,11,2,0,0,0,1,5,0,3,2,0,1,0,6,5,0,0,4,0,0,"Perth Stadium",37623,"West Coast","Essendon",85,55
12899,"Nick","Bryan","Essendon",24,"13","2026-05-31",5,7,12,0,0,0,28,1,0,0,4,5,0,5,0,5,8,0,0,5,0,0,"Perth Stadium",37623,"West Coast","Essendon",85,55
13148,"Nate","Caddy","Essendon",30,"13","2026-05-31",7,3,10,3,2,1,0,5,0,2,1,2,2,1,0,5,5,0,1,0,1,2,"Perth Stadium",37623,"West Coast","Essendon",85,55
12852,"Nik","Cox","Essendon",13,"13","2026-05-31",7,7,14,1,1,0,0,1,0,2,1,4,2,0,0,6,8,0,0,0,0,0,"Perth Stadium",37623,"West Coast","Essendon",85,55
13223,"Archer","Day-Wicks","Essendon",44,"13","2026-05-31",8,2,10,2,2,2,0,3,0,1,0,2,0,0,0,4,5,1,2,0,0,0,"Perth Stadium",37623,"West Coast","Essendon",85,55
12696,"Xavier","Duursma","Essendon",28,"13","2026-05-31",12,5,17,8,0,0,0,5,4,1,0,1,0,0,0,1,16,0,0,1,0,0,"Perth Stadium",37623,"West Coast","Essendon",85,55
13198,"Tom","Edwards","Essendon",45,"13","2026-05-31",2,3,5,0,1,0,0,2,0,1,1,2,0,0,0,3,2,0,0,0,0,1,"Perth Stadium",37623,"West Coast","Essendon",85,55
13203,"Saad","El-Hawli","Essendon",41,"13","2026-05-31",10,6,16,5,0,0,0,3,0,2,1,4,1,0,0,5,10,0,0,1,1,0,"Perth Stadium",37623,"West Coast","Essendon",85,55
NA,"Jacob","Farrow","Essendon",2,"13","2026-05-31",9,8,17,3,0,0,0,3,2,2,0,1,2,1,0,6,10,0,0,0,0,0,"Perth Stadium",37623,"West Coast","Essendon",85,55
12415,"Jade","Gresham","Essendon",11,"13","2026-05-31",6,6,12,0,0,0,0,3,0,2,0,3,1,1,0,3,8,0,0,0,1,1,"Perth Stadium",37623,"West Coast","Essendon",85,55
NA,"Max","Kondogiannis","Essendon",29,"13","2026-05-31",2,8,10,0,0,0,0,0,2,1,0,2,0,1,0,2,9,0,0,3,0,1,"Perth Stadium",37623,"West Coast","Essendon",85,55
12349,"Kyle","Langford","Essendon",4,"13","2026-05-31",12,9,21,7,0,0,0,2,6,1,2,5,3,2,0,9,14,1,0,6,0,0,"Perth Stadium",37623,"West Coast","Essendon",85,55
13238,"Archie","May","Essendon",26,"13","2026-05-31",0,0,0,0,0,0,0,0,0,0,0,0,0,0,0,0,0,0,0,0,0,0,"Perth Stadium",37623,"West Coast","Essendon",85,55
12580,"Ben","McKay","Essendon",32,"13","2026-05-31",9,5,14,3,1,1,6,3,1,4,6,2,3,1,0,9,3,1,1,1,0,0,"Perth Stadium",37623,"West Coast","Essendon",85,55
12241,"Zach","Merrett","Essendon",7,"13","2026-05-31",13,15,28,3,1,0,0,6,0,3,2,3,1,0,0,9,16,2,1,0,0,0,"Perth Stadium",37623,"West Coast","Essendon",85,55
12406,"Darcy","Parish","Essendon",3,"13","2026-05-31",10,17,27,5,0,0,0,2,0,2,4,8,2,2,0,10,18,0,1,0,0,0,"Perth Stadium",37623,"West Coast","Essendon",85,55
12879,"Archie","Perkins","Essendon",16,"13","2026-05-31",9,10,19,3,0,0,0,2,0,3,1,5,0,2,0,5,15,0,0,0,0,2,"Perth Stadium",37623,"West Coast","Essendon",85,55
12874,"Jaxon","Prior","Essendon",25,"13","2026-05-31",9,5,14,5,0,1,0,1,3,2,0,1,0,1,0,1,13,0,0,3,1,0,"Perth Stadium",37623,"West Coast","Essendon",85,55
12889,"Zach","Reid","Essendon",31,"13","2026-05-31",11,3,14,5,0,0,0,1,4,0,0,2,0,0,0,2,9,1,0,9,0,0,"Perth Stadium",37623,"West Coast","Essendon",85,55
13168,"Archie","Roberts","Essendon",21,"13","2026-05-31",18,13,31,2,0,0,0,1,10,0,1,5,0,4,0,6,14,1,0,0,0,0,"Perth Stadium",37623,"West Coast","Essendon",85,55
NA,"Sullivan","Robey","Essendon",9,"13","2026-05-31",8,11,19,2,0,0,0,6,3,0,9,5,1,2,0,13,8,0,0,0,0,0,"Perth Stadium",37623,"West Coast","Essendon",85,55
12567,"Will","Setterfield","Essendon",12,"13","2026-05-31",13,13,26,6,0,0,0,3,2,5,4,1,0,1,0,7,19,0,0,0,0,0,"Perth Stadium",37623,"West Coast","Essendon",85,55
13087,"Elijah","Tsatas","Essendon",5,"13","2026-05-31",13,13,26,3,0,0,0,2,1,6,5,4,0,0,0,9,16,0,0,0,0,0,"Perth Stadium",37623,"West Coast","Essendon",85,55
12414,"Callum","Ah Chee","Adelaide",4,"14","2026-06-04",4,7,11,2,1,0,0,1,0,3,1,2,0,2,0,4,9,0,1,2,0,1,"Adelaide Oval",42340,"Adelaide","Geelong",75,74
12849,"Sam","Berry","Adelaide",3,"14","2026-06-04",9,11,20,1,1,0,0,9,2,0,3,2,0,0,0,11,10,0,0,0,0,0,"Adelaide Oval",42340,"Adelaide","Geelong",75,74
13086,"James","Borlase","Adelaide",35,"14","2026-06-04",3,4,7,1,0,0,0,1,0,1,0,0,0,0,0,2,6,0,0,10,0,0,"Adelaide Oval",42340,"Adelaide","Geelong",75,74
12829,"Jordon","Butts","Adelaide",41,"14","2026-06-04",5,5,10,4,0,0,0,1,1,0,2,1,1,0,0,6,4,1,0,4,0,0,"Adelaide Oval",42340,"Adelaide","Geelong",75,74
12932,"Brayden","Cook","Adelaide",15,"14","2026-06-04",15,3,18,1,0,1,0,4,3,6,2,3,0,1,0,5,13,0,1,2,1,0,"Adelaide Oval",42340,"Adelaide","Geelong",75,74
13132,"Daniel","Curtin","Adelaide",6,"14","2026-06-04",17,9,26,5,0,1,0,3,3,3,5,4,1,1,0,14,14,0,0,5,0,1,"Adelaide Oval",42340,"Adelaide","Geelong",75,74
12516,"Jordan","Dawson","Adelaide",12,"14","2026-06-04",17,5,22,7,3,0,0,9,2,2,1,5,1,2,0,8,10,2,1,2,0,0,"Adelaide Oval",42340,"Adelaide","Geelong",75,74
12584,"Darcy","Fogarty","Adelaide",32,"14","2026-06-04",7,4,11,3,0,3,0,2,0,2,0,2,0,0,0,2,8,0,1,1,0,1,"Adelaide Oval",42340,"Adelaide","Geelong",75,74
NA,"Hugo","Hall-Kahan","Adelaide",40,"14","2026-06-04",12,4,16,1,0,0,0,1,5,4,2,1,3,1,0,7,10,0,0,2,0,0,"Adelaide Oval",42340,"Adelaide","Geelong",75,74
12434,"Ben","Keays","Adelaide",2,"14","2026-06-04",12,4,16,2,2,0,0,2,0,3,4,2,0,0,0,4,6,0,0,1,0,2,"Adelaide Oval",42340,"Adelaide","Geelong",75,74
12165,"Rory","Laird","Adelaide",29,"14","2026-06-04",13,10,23,1,0,0,0,6,3,3,1,3,2,1,0,5,17,0,0,1,0,0,"Adelaide Oval",42340,"Adelaide","Geelong",75,74
13065,"Lachlan","McAndrew","Adelaide",42,"14","2026-06-04",5,11,16,4,0,0,51,7,1,3,2,1,0,0,0,11,6,2,0,4,0,1,"Adelaide Oval",42340,"Adelaide","Geelong",75,74
13027,"Max","Michalanney","Adelaide",16,"14","2026-06-04",9,5,14,5,0,0,0,2,1,0,0,0,0,0,0,1,12,0,0,2,0,0,"Adelaide Oval",42340,"Adelaide","Geelong",75,74
12405,"Wayne","Milera","Adelaide",30,"14","2026-06-04",20,4,24,2,0,0,0,1,6,3,2,6,0,4,0,6,13,0,0,2,0,0,"Adelaide Oval",42340,"Adelaide","Geelong",75,74
NA,"Toby","Murray","Adelaide",39,"14","2026-06-04",5,1,6,2,0,0,10,2,1,2,0,4,1,3,0,4,3,1,0,0,0,0,"Adelaide Oval",42340,"Adelaide","Geelong",75,74
13081,"Luke","Nankervis","Adelaide",27,"14","2026-06-04",4,6,10,0,0,0,0,2,1,0,0,2,2,1,0,9,2,0,0,2,0,0,"Adelaide Oval",42340,"Adelaide","Geelong",75,74
12367,"Alex","Neal-Bullen","Adelaide",28,"14","2026-06-04",6,9,15,3,1,1,0,5,0,1,3,1,2,0,0,7,8,0,1,3,0,2,"Adelaide Oval",42340,"Adelaide","Geelong",75,74
12934,"James","Peatling","Adelaide",25,"14","2026-06-04",11,9,20,3,0,0,0,8,3,3,7,3,1,0,0,12,9,0,0,0,0,0,"Adelaide Oval",42340,"Adelaide","Geelong",75,74
12953,"Josh","Rachele","Adelaide",8,"14","2026-06-04",10,2,12,2,0,2,0,8,1,3,0,3,1,2,0,3,7,1,1,1,0,1,"Adelaide Oval",42340,"Adelaide","Geelong",75,74
12952,"Jake","Soligo","Adelaide",14,"14","2026-06-04",13,9,22,0,0,0,0,5,4,5,5,1,4,0,0,8,10,0,0,1,1,0,"Adelaide Oval",42340,"Adelaide","Geelong",75,74
13159,"Zac","Taylor","Adelaide",19,"14","2026-06-04",5,6,11,4,1,0,0,6,1,1,1,0,0,0,0,6,6,1,0,0,0,1,"Adelaide Oval",42340,"Adelaide","Geelong",75,74
11713,"Taylor","Walker","Adelaide",13,"14","2026-06-04",7,6,13,3,2,1,0,1,0,2,1,3,2,2,0,7,6,1,1,4,0,1,"Adelaide Oval",42340,"Adelaide","Geelong",75,74
12912,"Josh","Worrell","Adelaide",24,"14","2026-06-04",10,12,22,3,0,0,0,2,3,0,2,1,0,0,0,11,7,0,0,7,0,0,"Adelaide Oval",42340,"Adelaide","Geelong",75,74
12690,"Tom","Atkins","Geelong",30,"14","2026-06-04",7,9,16,1,0,0,0,5,1,2,4,3,2,2,0,7,10,0,0,2,0,1,"Adelaide Oval",42340,"Adelaide","Geelong",75,74
12153,"Mark","Blicavs","Geelong",46,"14","2026-06-04",6,6,12,1,0,1,16,4,1,1,1,3,0,3,0,6,8,0,0,2,0,0,"Adelaide Oval",42340,"Adelaide","Geelong",75,74
12499,"Jack","Bowes","Geelong",12,"14","2026-06-04",15,4,19,3,2,1,0,2,1,4,2,2,1,0,0,7,10,1,0,1,0,0,"Adelaide Oval",42340,"Adelaide","Geelong",75,74
12871,"Tanner","Bruhn","Geelong",4,"14","2026-06-04",20,3,23,5,0,0,0,1,3,3,0,3,0,0,0,2,18,0,0,0,0,0,"Adelaide Oval",42340,"Adelaide","Geelong",75,74
12017,"Jeremy","Cameron","Geelong",5,"14","2026-06-04",6,1,7,2,0,0,0,0,0,2,0,3,0,0,0,1,5,0,0,1,0,0,"Adelaide Oval",42340,"Adelaide","Geelong",75,74
11700,"Patrick","Dangerfield","Geelong",35,"14","2026-06-04",18,12,30,4,1,1,0,1,1,7,7,6,4,1,0,16,13,0,0,1,0,2,"Adelaide Oval",42340,"Adelaide","Geelong",75,74
12891,"Sam","De Koning","Geelong",16,"14","2026-06-04",7,18,25,1,0,0,16,4,0,1,11,3,1,1,0,23,2,1,0,3,0,1,"Adelaide Oval",42340,"Adelaide","Geelong",75,74
12974,"Oliver","Dempsey","Geelong",28,"14","2026-06-04",5,9,14,3,1,0,0,1,0,3,1,0,1,0,0,10,4,2,1,1,0,0,"Adelaide Oval",42340,"Adelaide","Geelong",75,74
12551,"Zach","Guthrie","Geelong",39,"14","2026-06-04",5,4,9,3,0,0,0,5,1,1,0,1,0,0,0,3,5,0,0,5,0,0,"Adelaide Oval",42340,"Adelaide","Geelong",75,74
12607,"Jack","Henry","Geelong",38,"14","2026-06-04",5,3,8,4,1,0,2,2,0,1,0,1,0,0,0,5,3,1,0,7,0,1,"Adelaide Oval",42340,"Adelaide","Geelong",75,74
12851,"Oliver","Henry","Geelong",36,"14","2026-06-04",7,6,13,5,1,2,0,1,1,3,1,3,0,2,0,6,7,2,0,1,0,0,"Adelaide Oval",42340,"Adelaide","Geelong",75,74
12881,"Max","Holmes","Geelong",9,"14","2026-06-04",16,14,30,3,0,0,0,6,3,3,3,2,1,0,0,11,13,0,0,3,0,0,"Adelaide Oval",42340,"Adelaide","Geelong",75,74
12370,"Jake","Kolodjashnij","Geelong",8,"14","2026-06-04",8,7,15,3,0,0,0,4,5,0,0,1,1,0,0,4,11,0,0,5,0,0,"Adelaide Oval",42340,"Adelaide","Geelong",75,74
13104,"Shaun","Mannagh","Geelong",7,"14","2026-06-04",11,3,14,3,1,3,0,1,1,2,3,1,0,1,0,5,9,0,1,1,0,0,"Adelaide Oval",42340,"Adelaide","Geelong",75,74
12236,"Jack","Martin","Geelong",19,"14","2026-06-04",6,5,11,3,2,1,0,2,0,1,2,3,1,2,0,8,4,2,1,2,0,0,"Adelaide Oval",42340,"Adelaide","Geelong",75,74
12689,"Gryan","Miers","Geelong",32,"14","2026-06-04",9,16,25,2,0,0,0,5,1,0,0,6,1,1,0,10,15,0,1,0,0,0,"Adelaide Oval",42340,"Adelaide","Geelong",75,74
13066,"Oisin","Mullin","Geelong",34,"14","2026-06-04",8,6,14,2,0,0,0,4,3,1,3,3,0,1,0,5,8,0,0,1,0,0,"Adelaide Oval",42340,"Adelaide","Geelong",75,74
12992,"Shannon","Neale","Geelong",33,"14","2026-06-04",5,2,7,3,1,2,9,4,0,4,1,1,0,0,0,3,4,1,1,0,0,1,"Adelaide Oval",42340,"Adelaide","Geelong",75,74
12531,"Mark","OConnor","Geelong",42,"14","2026-06-04",5,6,11,6,0,0,0,0,3,0,0,2,0,1,0,2,9,2,0,2,0,0,"Adelaide Oval",42340,"Adelaide","Geelong",75,74
13122,"Connor","OSullivan","Geelong",14,"14","2026-06-04",17,7,24,7,0,0,0,1,3,3,0,4,3,3,0,11,13,1,0,8,0,0,"Adelaide Oval",42340,"Adelaide","Geelong",75,74
12692,"Bailey","Smith","Geelong",3,"14","2026-06-04",19,15,34,3,0,0,0,5,4,4,6,6,1,3,0,17,14,0,0,0,0,0,"Adelaide Oval",42340,"Adelaide","Geelong",75,74
12505,"Tom","Stewart","Geelong",44,"14","2026-06-04",9,6,15,2,0,0,0,2,5,1,0,0,1,0,0,4,6,0,0,3,0,0,"Adelaide Oval",42340,"Adelaide","Geelong",75,74
13217,"Oliver","Wiltshire","Geelong",21,"14","2026-06-04",8,5,13,2,0,0,0,2,1,5,1,2,2,0,0,5,7,0,0,0,0,0,"Adelaide Oval",42340,"Adelaide","Geelong",75,74
12357,"Karl","Amon","Hawthorn",10,"14","2026-06-05",18,6,24,8,0,0,0,1,2,2,0,1,0,0,0,2,20,0,0,0,0,0,"M.C.G.",59556,"Hawthorn","Western Bulldogs",71,77
12558,"Josh","Battle","Hawthorn",24,"14","2026-06-05",8,7,15,8,0,0,0,1,0,0,0,3,0,3,0,1,12,1,0,5,0,0,"M.C.G.",59556,"Hawthorn","Western Bulldogs",71,77
12485,"Mabior","Chol","Hawthorn",18,"14","2026-06-05",10,2,12,7,3,2,0,1,0,3,1,4,0,1,0,2,10,0,2,2,0,0,"M.C.G.",59556,"Hawthorn","Western Bulldogs",71,77
12998,"Massimo","DAmbrosio","Hawthorn",16,"14","2026-06-05",18,10,28,6,0,0,0,4,0,9,0,2,1,0,0,6,23,0,0,3,2,1,"M.C.G.",59556,"Hawthorn","Western Bulldogs",71,77
12794,"Will","Day","Hawthorn",12,"14","2026-06-05",11,14,25,5,1,0,0,8,3,3,7,2,1,0,0,11,14,0,1,3,0,0,"M.C.G.",59556,"Hawthorn","Western Bulldogs",71,77
12927,"Jack","Ginnivan","Hawthorn",33,"14","2026-06-05",14,12,26,6,0,3,0,2,0,7,1,2,0,0,0,5,19,1,1,0,0,0,"M.C.G.",59556,"Hawthorn","Western Bulldogs",71,77
12469,"Blake","Hardwick","Hawthorn",15,"14","2026-06-05",6,1,7,3,0,2,0,2,0,1,0,3,0,1,0,1,5,0,1,0,0,0,"M.C.G.",59556,"Hawthorn","Western Bulldogs",71,77
12237,"Jarman","Impey","Hawthorn",4,"14","2026-06-05",17,12,29,11,0,0,0,1,7,1,2,2,2,0,0,9,20,0,0,0,1,0,"M.C.G.",59556,"Hawthorn","Western Bulldogs",71,77
12636,"Mitch","Lewis","Hawthorn",2,"14","2026-06-05",4,5,9,1,0,2,0,2,0,1,0,3,2,0,0,3,6,0,0,1,0,2,"M.C.G.",59556,"Hawthorn","Western Bulldogs",71,77
13069,"Bailey","Macdonald","Hawthorn",42,"14","2026-06-05",2,11,13,4,0,0,0,3,0,0,0,1,0,1,0,4,9,0,0,2,0,0,"M.C.G.",59556,"Hawthorn","Western Bulldogs",71,77
12954,"Connor","Macdonald","Hawthorn",9,"14","2026-06-05",13,7,20,4,1,1,0,3,0,5,2,3,1,2,0,8,13,0,1,0,0,0,"M.C.G.",59556,"Hawthorn","Western Bulldogs",71,77
13031,"Cam","Mackenzie","Hawthorn",28,"14","2026-06-05",10,11,21,3,0,0,0,1,2,2,0,1,1,0,0,4,16,0,0,1,1,0,"M.C.G.",59556,"Hawthorn","Western Bulldogs",71,77
12856,"Lloyd","Meek","Hawthorn",17,"14","2026-06-05",10,6,16,3,0,1,21,3,0,2,5,4,2,0,0,13,2,3,2,3,0,0,"M.C.G.",59556,"Hawthorn","Western Bulldogs",71,77
12710,"Dylan","Moore","Hawthorn",8,"14","2026-06-05",5,12,17,5,0,1,0,3,1,2,1,1,0,0,0,5,13,1,0,1,0,2,"M.C.G.",59556,"Hawthorn","Western Bulldogs",71,77
NA,"Cameron","Nairn","Hawthorn",22,"14","2026-06-05",5,7,12,2,0,0,0,0,1,0,0,3,1,0,0,5,7,0,0,0,0,0,"M.C.G.",59556,"Hawthorn","Western Bulldogs",71,77
12915,"Jai","Newcombe","Hawthorn",3,"14","2026-06-05",17,19,36,4,0,0,0,3,4,8,9,7,4,1,0,18,18,1,0,2,0,1,"M.C.G.",59556,"Hawthorn","Western Bulldogs",71,77
12841,"Flynn","Perez","Hawthorn",39,"14","2026-06-05",4,9,13,2,0,0,0,5,0,1,0,5,1,4,0,6,7,0,0,1,0,0,"M.C.G.",59556,"Hawthorn","Western Bulldogs",71,77
12906,"Ned","Reeves","Hawthorn",7,"14","2026-06-05",6,3,9,2,1,0,21,4,0,2,2,2,1,0,0,3,6,0,0,0,0,0,"M.C.G.",59556,"Hawthorn","Western Bulldogs",71,77
NA,"Bodie","Ryan","Hawthorn",26,"14","2026-06-05",9,0,9,4,0,0,0,1,0,2,0,1,0,1,0,1,8,1,0,1,0,0,"M.C.G.",59556,"Hawthorn","Western Bulldogs",71,77
12332,"James","Sicily","Hawthorn",6,"14","2026-06-05",14,8,22,7,0,0,0,5,7,1,0,1,1,0,0,7,10,1,0,8,0,0,"M.C.G.",59556,"Hawthorn","Western Bulldogs",71,77
12955,"Josh","Ward","Hawthorn",25,"14","2026-06-05",13,16,29,6,0,0,0,3,0,6,4,3,1,1,0,9,21,0,0,1,0,0,"M.C.G.",59556,"Hawthorn","Western Bulldogs",71,77
13105,"Nick","Watson","Hawthorn",5,"14","2026-06-05",8,3,11,2,3,2,0,2,0,2,3,1,0,1,0,7,5,0,1,1,2,1,"M.C.G.",59556,"Hawthorn","Western Bulldogs",71,77
13057,"Josh","Weddle","Hawthorn",23,"14","2026-06-05",13,4,17,10,0,1,0,3,6,3,0,2,0,1,0,6,11,2,1,9,2,0,"M.C.G.",59556,"Hawthorn","Western Bulldogs",71,77
12269,"Marcus","Bontempelli","Western Bulldogs",4,"14","2026-06-05",14,10,24,3,2,0,0,7,3,5,6,5,1,1,0,10,13,0,1,1,0,1,"M.C.G.",59556,"Hawthorn","Western Bulldogs",71,77
12916,"Lachlan","Bramble","Western Bulldogs",29,"14","2026-06-05",12,6,18,4,0,0,0,4,3,1,0,1,2,0,0,4,11,0,0,1,4,0,"M.C.G.",59556,"Hawthorn","Western Bulldogs",71,77
12769,"Connor","Budarick","Western Bulldogs",19,"14","2026-06-05",7,2,9,2,0,0,0,2,3,0,0,3,0,1,0,2,4,0,0,3,0,0,"M.C.G.",59556,"Hawthorn","Western Bulldogs",71,77
12608,"Nick","Coffield","Western Bulldogs",17,"14","2026-06-05",12,3,15,6,0,0,0,1,4,1,0,0,1,0,0,5,10,0,0,3,0,0,"M.C.G.",59556,"Hawthorn","Western Bulldogs",71,77
13265,"Jordan","Croft","Western Bulldogs",16,"14","2026-06-05",8,2,10,4,3,0,0,2,0,1,0,4,3,1,0,6,5,1,0,2,0,0,"M.C.G.",59556,"Hawthorn","Western Bulldogs",71,77
12354,"Bailey","Dale","Western Bulldogs",31,"14","2026-06-05",24,12,36,6,1,0,0,1,11,0,0,4,1,0,0,8,15,0,0,1,4,0,"M.C.G.",59556,"Hawthorn","Western Bulldogs",71,77
12537,"Tim","English","Western Bulldogs",44,"14","2026-06-05",8,6,14,4,1,0,22,3,2,3,0,3,1,3,0,3,11,1,1,0,1,0,"M.C.G.",59556,"Hawthorn","Western Bulldogs",71,77
13140,"Joel","Freijah","Western Bulldogs",27,"14","2026-06-05",8,4,12,1,0,1,0,3,0,2,4,5,0,2,0,6,5,0,0,1,0,2,"M.C.G.",59556,"Hawthorn","Western Bulldogs",71,77
13213,"Cooper","Hynes","Western Bulldogs",6,"14","2026-06-05",14,7,21,3,0,0,0,2,3,6,2,1,0,0,0,6,13,0,0,2,0,1,"M.C.G.",59556,"Hawthorn","Western Bulldogs",71,77
13046,"Arthur","Jones","Western Bulldogs",32,"14","2026-06-05",10,8,18,3,1,0,0,1,1,3,0,6,1,0,0,7,11,0,0,2,2,0,"M.C.G.",59556,"Hawthorn","Western Bulldogs",71,77
12455,"Matthew","Kennedy","Western Bulldogs",8,"14","2026-06-05",9,13,22,4,0,0,0,3,0,3,3,8,0,6,0,8,15,0,0,0,0,0,"M.C.G.",59556,"Hawthorn","Western Bulldogs",71,77
12900,"Buku","Khamis","Western Bulldogs",24,"14","2026-06-05",6,4,10,3,0,0,0,2,4,0,0,4,1,1,0,3,5,0,0,11,0,0,"M.C.G.",59556,"Hawthorn","Western Bulldogs",71,77
NA,"Will","Lewis","Western Bulldogs",28,"14","2026-06-05",3,1,4,0,1,0,0,2,0,1,0,2,2,2,0,4,2,0,0,1,0,0,"M.C.G.",59556,"Hawthorn","Western Bulldogs",71,77
12282,"Rory","Lobb","Western Bulldogs",7,"14","2026-06-05",7,4,11,4,0,0,4,4,3,1,1,1,1,0,0,7,6,0,0,3,0,0,"M.C.G.",59556,"Hawthorn","Western Bulldogs",71,77
12854,"Lachlan","McNeil","Western Bulldogs",30,"14","2026-06-05",0,3,3,1,0,0,0,3,0,0,0,0,0,0,0,1,2,0,0,0,0,0,"M.C.G.",59556,"Hawthorn","Western Bulldogs",71,77
12594,"Aaron","Naughton","Western Bulldogs",33,"14","2026-06-05",4,6,10,4,1,0,0,2,0,1,0,1,0,1,0,7,3,3,1,1,0,1,"M.C.G.",59556,"Hawthorn","Western Bulldogs",71,77
13061,"James","ODonnell","Western Bulldogs",18,"14","2026-06-05",8,3,11,4,0,0,0,0,4,1,0,3,0,0,0,2,9,0,0,9,0,0,"M.C.G.",59556,"Hawthorn","Western Bulldogs",71,77
12605,"Ed","Richards","Western Bulldogs",20,"14","2026-06-05",20,8,28,3,0,1,0,2,3,9,7,0,1,0,0,11,16,0,0,1,3,1,"M.C.G.",59556,"Hawthorn","Western Bulldogs",71,77
13103,"Ryley","Sanders","Western Bulldogs",9,"14","2026-06-05",10,13,23,2,0,0,0,5,0,3,7,1,0,0,0,10,11,0,0,0,0,0,"M.C.G.",59556,"Hawthorn","Western Bulldogs",71,77
13276,"Michael","Sellwood","Western Bulldogs",37,"14","2026-06-05",7,4,11,4,0,0,0,3,6,0,0,1,0,1,0,3,9,1,0,6,0,0,"M.C.G.",59556,"Hawthorn","Western Bulldogs",71,77
12054,"Adam","Treloar","Western Bulldogs",1,"14","2026-06-05",7,5,12,3,1,1,0,2,2,3,0,1,1,0,0,1,11,0,1,2,0,0,"M.C.G.",59556,"Hawthorn","Western Bulldogs",71,77
12800,"Cody","Weightman","Western Bulldogs",3,"14","2026-06-05",6,5,11,1,0,0,0,2,1,1,1,0,1,0,0,5,5,0,0,0,0,0,"M.C.G.",59556,"Hawthorn","Western Bulldogs",71,77
12748,"Rhylee","West","Western Bulldogs",14,"14","2026-06-05",7,3,10,3,1,2,0,2,0,0,2,2,0,0,0,3,6,0,1,1,0,0,"M.C.G.",59556,"Hawthorn","Western Bulldogs",71,77
12938,"Charlie","Comben","North Melbourne",30,"14","2026-06-06",9,2,11,8,0,0,0,1,3,1,0,0,0,0,0,0,11,0,0,5,0,0,"Hands Oval",13331,"North Melbourne","Fremantle",31,155
12975,"Paul","Curtis","North Melbourne",25,"14","2026-06-06",3,4,7,3,0,1,0,6,0,1,1,1,0,1,0,2,5,0,1,2,0,0,"Hands Oval",13331,"North Melbourne","Fremantle",31,155
12373,"Caleb","Daniel","North Melbourne",5,"14","2026-06-06",17,10,27,6,0,0,0,1,2,1,3,2,0,0,0,5,17,0,0,2,0,1,"Hands Oval",13331,"North Melbourne","Fremantle",31,155
11905,"Jack","Darling","North Melbourne",27,"14","2026-06-06",5,5,10,4,1,0,0,0,0,1,0,1,0,0,0,6,4,2,1,0,0,0,"Hands Oval",13331,"North Melbourne","Fremantle",31,155
12590,"Luke","Davies-Uniacke","North Melbourne",9,"14","2026-06-06",11,9,20,3,0,0,0,2,3,5,4,5,2,1,0,11,10,0,0,2,0,0,"Hands Oval",13331,"North Melbourne","Fremantle",31,155
13144,"Wil","Dawson","North Melbourne",18,"14","2026-06-06",3,1,4,2,0,0,3,2,0,0,0,2,0,2,0,0,4,0,0,0,0,0,"Hands Oval",13331,"North Melbourne","Fremantle",31,155
13106,"Zane","Duursma","North Melbourne",7,"14","2026-06-06",4,2,6,6,0,0,0,0,0,1,0,0,0,0,0,1,5,1,0,0,0,0,"Hands Oval",13331,"North Melbourne","Fremantle",31,155
12520,"Zac","Fisher","North Melbourne",16,"14","2026-06-06",8,6,14,3,0,0,0,2,0,0,0,1,1,0,0,3,10,0,0,0,1,0,"Hands Oval",13331,"North Melbourne","Fremantle",31,155
13130,"Riley","Hardeman","North Melbourne",17,"14","2026-06-06",6,2,8,3,0,0,0,0,3,1,0,1,0,0,0,0,8,0,0,1,0,0,"Hands Oval",13331,"North Melbourne","Fremantle",31,155
13186,"Jacob","Konstanty","North Melbourne",41,"14","2026-06-06",4,4,8,1,0,0,0,1,0,1,1,3,0,1,0,2,5,0,0,0,0,0,"Hands Oval",13331,"North Melbourne","Fremantle",31,155
12563,"Nick","Larkey","North Melbourne",20,"14","2026-06-06",6,1,7,4,1,1,0,1,0,1,0,0,2,0,0,3,4,1,0,0,0,0,"Hands Oval",13331,"North Melbourne","Fremantle",31,155
12511,"Griffin","Logue","North Melbourne",19,"14","2026-06-06",6,5,11,3,0,0,0,0,3,1,0,2,0,2,0,4,8,0,0,2,1,0,"Hands Oval",13331,"North Melbourne","Fremantle",31,155
12246,"Luke","McDonald","North Melbourne",11,"14","2026-06-06",10,6,16,7,0,0,0,1,4,0,0,5,0,3,0,1,15,0,0,3,0,0,"Hands Oval",13331,"North Melbourne","Fremantle",31,155
13107,"Colby","McKercher","North Melbourne",10,"14","2026-06-06",10,9,19,3,0,0,0,2,1,2,3,4,0,3,0,6,13,0,0,0,1,0,"Hands Oval",13331,"North Melbourne","Fremantle",31,155
11953,"Luke","Parker","North Melbourne",26,"14","2026-06-06",17,9,26,6,0,0,0,2,4,4,1,7,2,2,0,7,16,0,0,3,0,0,"Hands Oval",13331,"North Melbourne","Fremantle",31,155
13034,"Harry","Sheezel","North Melbourne",3,"14","2026-06-06",10,17,27,7,0,0,0,2,2,2,3,4,0,1,0,10,17,0,0,0,0,0,"Hands Oval",13331,"North Melbourne","Fremantle",31,155
12502,"Jy","Simpkin","North Melbourne",12,"14","2026-06-06",10,7,17,4,0,1,0,2,1,2,0,1,1,1,0,2,16,0,0,1,0,0,"Hands Oval",13331,"North Melbourne","Fremantle",31,155
12622,"Charlie","Spargo","North Melbourne",13,"14","2026-06-06",8,5,13,8,0,0,0,2,1,3,0,1,0,1,0,2,11,0,0,0,0,0,"Hands Oval",13331,"North Melbourne","Fremantle",31,155
12796,"Dylan","Stephens","North Melbourne",15,"14","2026-06-06",14,8,22,4,0,0,0,1,5,2,0,3,1,2,0,4,18,1,0,0,0,0,"Hands Oval",13331,"North Melbourne","Fremantle",31,155
13263,"Cooper","Trembath","North Melbourne",47,"14","2026-06-06",12,2,14,7,1,0,4,2,1,1,2,1,2,0,0,3,9,1,1,1,0,0,"Hands Oval",13331,"North Melbourne","Fremantle",31,155
13064,"George","Wardlaw","North Melbourne",6,"14","2026-06-06",6,5,11,1,1,0,0,7,0,0,7,2,2,0,0,9,4,0,0,4,0,0,"Hands Oval",13331,"North Melbourne","Fremantle",31,155
12788,"Tristan","Xerri","North Melbourne",38,"14","2026-06-06",2,10,12,2,0,1,15,4,0,0,3,2,1,1,0,9,3,0,0,2,0,0,"Hands Oval",13331,"North Melbourne","Fremantle",31,155
12557,"Cameron","Zurhaar","North Melbourne",44,"14","2026-06-06",12,3,15,6,0,1,0,2,0,2,1,5,0,1,0,6,8,1,0,3,0,0,"Hands Oval",13331,"North Melbourne","Fremantle",31,155
12983,"Jye","Amiss","Fremantle",24,"14","2026-06-06",8,2,10,6,2,1,0,1,0,0,0,1,2,0,0,6,4,3,4,1,0,0,"Hands Oval",13331,"North Melbourne","Fremantle",31,155
12535,"Shai","Bolton","Fremantle",10,"14","2026-06-06",14,13,27,7,0,0,0,4,1,4,3,4,2,3,0,7,22,0,0,0,2,2,"Hands Oval",13331,"North Melbourne","Fremantle",31,155
12589,"Andrew","Brayshaw","Fremantle",8,"14","2026-06-06",12,18,30,1,0,0,0,3,1,4,9,1,1,0,0,13,18,0,0,5,2,0,"Hands Oval",13331,"North Melbourne","Fremantle",31,155
12875,"Heath","Chapman","Fremantle",5,"14","2026-06-06",8,4,12,7,0,0,0,1,0,1,0,1,0,1,0,1,11,0,0,2,1,0,"Hands Oval",13331,"North Melbourne","Fremantle",31,155
12688,"Jordan","Clark","Fremantle",6,"14","2026-06-06",12,7,19,7,0,0,0,1,3,3,1,2,0,1,0,2,16,0,0,2,2,0,"Hands Oval",13331,"North Melbourne","Fremantle",31,155
12428,"Mason","Cox","Fremantle",18,"14","2026-06-06",1,2,3,1,0,0,14,2,0,0,1,2,0,1,0,2,1,1,0,0,0,0,"Hands Oval",13331,"North Melbourne","Fremantle",31,155
13204,"Isaiah","Dudley","Fremantle",43,"14","2026-06-06",5,7,12,1,1,0,0,0,0,1,0,2,0,1,0,5,6,0,0,0,1,0,"Hands Oval",13331,"North Melbourne","Fremantle",31,155
12966,"Neil","Erasmus","Fremantle",28,"14","2026-06-06",8,14,22,6,1,0,0,10,0,4,2,3,1,1,0,9,15,0,0,1,0,1,"Hands Oval",13331,"North Melbourne","Fremantle",31,155
12801,"Michael","Frederick","Fremantle",32,"14","2026-06-06",7,4,11,5,2,1,0,0,0,2,0,0,1,0,0,1,10,0,2,0,0,2,"Hands Oval",13331,"North Melbourne","Fremantle",31,155
12779,"Luke","Jackson","Fremantle",9,"14","2026-06-06",6,13,19,4,3,0,22,1,1,3,4,3,1,2,0,5,14,0,1,1,0,1,"Hands Oval",13331,"North Melbourne","Fremantle",31,155
12394,"Oscar","McDonald","Fremantle",21,"14","2026-06-06",12,2,14,6,0,0,0,1,4,1,0,1,0,0,0,3,11,1,0,6,0,1,"Hands Oval",13331,"North Melbourne","Fremantle",31,155
13033,"Judd","McVee","Fremantle",17,"14","2026-06-06",7,9,16,3,0,0,0,0,3,2,1,2,2,0,0,2,13,0,0,1,7,1,"Hands Oval",13331,"North Melbourne","Fremantle",31,155
12960,"Nathan","ODriscoll","Fremantle",30,"14","2026-06-06",9,14,23,4,0,1,0,1,2,3,1,2,2,0,0,5,17,0,0,1,1,1,"Hands Oval",13331,"North Melbourne","Fremantle",31,155
12141,"Jaeger","OMeara","Fremantle",2,"14","2026-06-06",6,10,16,5,0,0,0,3,1,2,3,3,1,1,0,6,12,0,0,1,0,2,"Hands Oval",13331,"North Melbourne","Fremantle",31,155
12352,"Alex","Pearce","Fremantle",25,"14","2026-06-06",3,1,4,3,0,0,0,0,2,0,0,1,0,0,0,2,2,1,0,2,0,0,"Hands Oval",13331,"North Melbourne","Fremantle",31,155
13180,"Murphy","Reid","Fremantle",16,"14","2026-06-06",15,8,23,8,2,1,0,1,2,4,2,5,0,0,0,7,19,0,3,3,1,0,"Hands Oval",13331,"North Melbourne","Fremantle",31,155
12542,"Luke","Ryan","Fremantle",13,"14","2026-06-06",16,8,24,11,0,0,0,1,4,1,0,1,0,1,0,4,17,0,0,3,5,0,"Hands Oval",13331,"North Melbourne","Fremantle",31,155
12672,"Sam","Switkowski","Fremantle",39,"14","2026-06-06",7,6,13,3,3,0,0,1,0,3,3,0,1,0,0,6,7,0,1,0,1,1,"Hands Oval",13331,"North Melbourne","Fremantle",31,155
12887,"Josh","Treacy","Fremantle",35,"14","2026-06-06",9,4,13,6,4,0,0,1,1,1,0,3,3,0,0,5,8,1,5,2,0,0,"Hands Oval",13331,"North Melbourne","Fremantle",31,155
13129,"Patrick","Voss","Fremantle",20,"14","2026-06-06",16,4,20,10,4,4,0,2,0,6,0,3,2,0,0,6,14,1,6,1,0,3,"Hands Oval",13331,"North Melbourne","Fremantle",31,155
12453,"Corey","Wagner","Fremantle",34,"14","2026-06-06",10,5,15,4,0,0,0,5,0,5,0,2,0,1,0,0,16,0,0,1,1,1,"Hands Oval",13331,"North Melbourne","Fremantle",31,155
13075,"Karl","Worner","Fremantle",23,"14","2026-06-06",11,3,14,6,0,0,0,0,2,1,0,1,0,0,0,1,11,0,0,2,1,0,"Hands Oval",13331,"North Melbourne","Fremantle",31,155
12777,"Hayden","Young","Fremantle",26,"14","2026-06-06",12,11,23,4,2,0,0,4,1,6,7,5,3,0,0,11,11,0,0,1,0,1,"Hands Oval",13331,"North Melbourne","Fremantle",31,155
13251,"Oscar","Adams","Gold Coast",48,"14","2026-06-06",8,4,12,3,0,0,0,2,3,0,0,4,2,2,0,4,7,0,0,2,0,0,"Carrara",21139,"Gold Coast","Brisbane Lions",75,106
12767,"Noah","Anderson","Gold Coast",15,"14","2026-06-06",13,12,25,5,0,1,0,3,3,5,4,6,1,3,0,12,15,1,0,0,3,0,"Carrara",21139,"Gold Coast","Brisbane Lions",75,106
13019,"Mac","Andrew","Gold Coast",1,"14","2026-06-06",11,4,15,7,1,0,0,0,4,2,0,3,2,1,0,6,9,1,0,6,0,0,"Carrara",21139,"Gold Coast","Brisbane Lions",75,106
12444,"Sam","Collins","Gold Coast",25,"14","2026-06-06",9,6,15,5,0,0,0,2,2,0,0,2,2,1,0,5,10,0,0,7,0,0,"Carrara",21139,"Gold Coast","Brisbane Lions",75,106
13120,"Will","Graham","Gold Coast",26,"14","2026-06-06",3,1,4,1,0,1,0,2,0,1,0,0,0,0,0,3,1,1,0,1,0,1,"Carrara",21139,"Gold Coast","Brisbane Lions",75,106
13272,"Lachlan","Gulbin","Gold Coast",39,"14","2026-06-06",3,9,12,1,0,0,0,0,0,1,0,2,0,0,0,2,8,0,0,2,0,0,"Carrara",21139,"Gold Coast","Brisbane Lions",75,106
13049,"Bailey","Humphrey","Gold Coast",19,"14","2026-06-06",6,6,12,3,0,1,0,3,0,2,1,5,0,4,0,4,8,1,1,0,0,0,"Carrara",21139,"Gold Coast","Brisbane Lions",75,106
12933,"Joel","Jeffrey","Gold Coast",16,"14","2026-06-06",8,2,10,4,0,0,0,3,2,3,1,0,0,0,0,1,9,0,0,0,0,2,"Carrara",21139,"Gold Coast","Brisbane Lions",75,106
12728,"Ben","King","Gold Coast",34,"14","2026-06-06",6,2,8,6,4,2,0,0,0,0,0,1,0,1,0,2,6,1,6,0,0,0,"Carrara",21139,"Gold Coast","Brisbane Lions",75,106
13232,"Leo","Lombard","Gold Coast",8,"14","2026-06-06",5,14,19,0,0,0,0,4,0,4,0,5,0,2,0,9,13,0,0,1,0,2,"Carrara",21139,"Gold Coast","Brisbane Lions",75,106
12521,"Ben","Long","Gold Coast",22,"14","2026-06-06",7,6,13,2,2,0,0,0,0,2,0,4,1,2,0,7,5,1,1,2,0,0,"Carrara",21139,"Gold Coast","Brisbane Lions",75,106
12331,"Touk","Miller","Gold Coast",11,"14","2026-06-06",11,13,24,8,0,1,0,3,0,2,0,1,1,1,0,2,22,1,0,0,0,1,"Carrara",21139,"Gold Coast","Brisbane Lions",75,106
13050,"Ned","Moyle","Gold Coast",23,"14","2026-06-06",5,4,9,3,0,0,21,4,1,3,3,1,2,0,0,8,2,2,0,2,0,1,"Carrara",21139,"Gold Coast","Brisbane Lions",75,106
NA,"Jai","Murray","Gold Coast",35,"14","2026-06-06",6,3,9,4,0,0,0,0,1,1,0,0,0,0,0,2,7,0,0,0,0,0,"Carrara",21139,"Gold Coast","Brisbane Lions",75,106
12743,"John","Noble","Gold Coast",2,"14","2026-06-06",23,13,36,15,0,0,0,1,11,3,0,2,2,0,0,8,26,1,0,0,1,1,"Carrara",21139,"Gold Coast","Brisbane Lions",75,106
12430,"Christian","Petracca","Gold Coast",3,"14","2026-06-06",7,13,20,5,1,1,0,1,0,5,6,5,1,1,0,10,10,1,0,0,0,0,"Carrara",21139,"Gold Coast","Brisbane Lions",75,106
12652,"Wil","Powell","Gold Coast",27,"14","2026-06-06",13,4,17,4,0,0,0,0,6,0,0,1,1,1,0,5,9,0,0,2,0,0,"Carrara",21139,"Gold Coast","Brisbane Lions",75,106
12403,"Daniel","Rioli","Gold Coast",17,"14","2026-06-06",15,12,27,2,0,1,0,0,9,3,0,4,0,1,0,3,18,0,0,0,7,0,"Carrara",21139,"Gold Coast","Brisbane Lions",75,106
12768,"Matt","Rowell","Gold Coast",18,"14","2026-06-06",9,7,16,2,1,0,0,5,0,2,3,2,1,0,0,6,9,0,0,0,0,1,"Carrara",21139,"Gold Coast","Brisbane Lions",75,106
13041,"Bodhi","Uwland","Gold Coast",6,"14","2026-06-06",15,8,23,6,0,0,0,0,5,1,1,4,0,2,0,4,13,0,0,5,2,1,"Carrara",21139,"Gold Coast","Brisbane Lions",75,106
13114,"Jed","Walter","Gold Coast",4,"14","2026-06-06",5,2,7,4,2,0,0,1,0,2,0,2,1,0,0,3,4,1,2,0,0,0,"Carrara",21139,"Gold Coast","Brisbane Lions",75,106
12385,"Lachie","Weller","Gold Coast",14,"14","2026-06-06",4,4,8,2,0,0,0,0,0,0,0,1,0,0,0,2,6,0,0,0,0,0,"Carrara",21139,"Gold Coast","Brisbane Lions",75,106
12177,"Jarrod","Witts","Gold Coast",28,"14","2026-06-06",4,0,4,1,0,0,16,1,3,1,2,3,1,1,0,3,1,1,0,2,0,0,"Carrara",21139,"Gold Coast","Brisbane Lions",75,106
12340,"Harris","Andrews","Brisbane Lions",31,"14","2026-06-06",7,5,12,5,0,0,0,1,2,0,0,0,1,0,0,6,5,2,0,5,0,0,"Carrara",21139,"Gold Coast","Brisbane Lions",75,106
12718,"Noah","Answerth","Brisbane Lions",43,"14","2026-06-06",6,3,9,1,0,0,0,0,1,2,0,1,1,0,0,3,5,0,0,4,0,1,"Carrara",21139,"Gold Coast","Brisbane Lions",75,106
13197,"Levi","Ashcroft","Brisbane Lions",10,"14","2026-06-06",10,4,14,8,0,1,0,0,2,2,1,2,0,1,0,4,12,0,1,1,0,0,"Carrara",21139,"Gold Coast","Brisbane Lions",75,106
13040,"Will","Ashcroft","Brisbane Lions",8,"14","2026-06-06",14,8,22,5,0,1,0,3,1,5,2,2,0,0,0,5,14,0,0,0,0,2,"Carrara",21139,"Gold Coast","Brisbane Lions",75,106
12610,"Zac","Bailey","Brisbane Lions",33,"14","2026-06-06",13,11,24,5,0,0,0,2,2,5,2,4,0,2,0,5,18,0,0,0,0,2,"Carrara",21139,"Gold Coast","Brisbane Lions",75,106
12519,"Jarrod","Berry","Brisbane Lions",7,"14","2026-06-06",15,4,19,6,1,1,0,3,2,5,3,4,2,0,0,8,9,1,1,0,1,0,"Carrara",21139,"Gold Coast","Brisbane Lions",75,106
13142,"Shadeau","Brain","Brisbane Lions",34,"14","2026-06-06",11,2,13,4,0,0,0,0,2,4,0,3,1,0,0,2,11,0,0,3,0,1,"Carrara",21139,"Gold Coast","Brisbane Lions",75,106
12277,"Charlie","Cameron","Brisbane Lions",23,"14","2026-06-06",14,4,18,5,2,1,0,2,1,1,0,2,1,1,0,4,11,0,2,0,0,1,"Carrara",21139,"Gold Coast","Brisbane Lions",75,106
12810,"Sam","Draper","Brisbane Lions",2,"14","2026-06-06",9,0,9,2,1,1,16,1,1,3,2,2,1,1,0,2,5,0,1,1,0,2,"Carrara",21139,"Gold Coast","Brisbane Lions",75,106
12408,"Josh","Dunkley","Brisbane Lions",5,"14","2026-06-06",11,8,19,3,0,2,0,7,1,4,4,5,2,1,0,12,8,0,1,4,0,0,"Carrara",21139,"Gold Coast","Brisbane Lions",75,106
13072,"Jaspa","Fletcher","Brisbane Lions",3,"14","2026-06-06",6,7,13,0,0,0,0,2,3,1,0,1,0,0,0,2,9,0,0,0,2,0,"Carrara",21139,"Gold Coast","Brisbane Lions",75,106
12724,"Darcy","Fort","Brisbane Lions",32,"14","2026-06-06",9,3,12,7,1,0,3,1,0,4,3,3,1,1,0,7,6,2,1,5,0,0,"Carrara",21139,"Gold Coast","Brisbane Lions",75,106
13235,"Ty","Gallop","Brisbane Lions",22,"14","2026-06-06",4,2,6,5,1,1,1,4,0,1,0,7,0,2,0,4,4,1,3,1,0,0,"Carrara",21139,"Gold Coast","Brisbane Lions",75,106
12267,"Darcy","Gardiner","Brisbane Lions",27,"14","2026-06-06",3,3,6,2,0,0,0,3,2,0,0,2,1,1,0,3,3,0,0,3,0,0,"Carrara",21139,"Gold Coast","Brisbane Lions",75,106
12654,"Darragh","Joyce","Brisbane Lions",41,"14","2026-06-06",7,1,8,6,0,0,0,0,1,0,0,2,0,1,0,2,5,1,0,3,0,0,"Carrara",21139,"Gold Coast","Brisbane Lions",75,106
12968,"Kai","Lohmann","Brisbane Lions",1,"14","2026-06-06",6,6,12,3,0,0,0,4,1,3,1,1,1,1,0,5,7,0,0,1,0,2,"Carrara",21139,"Gold Coast","Brisbane Lions",75,106
12391,"Conor","McKenna","Brisbane Lions",26,"14","2026-06-06",5,3,8,1,1,1,0,4,0,3,0,3,2,2,0,4,4,0,1,2,1,0,"Carrara",21139,"Gold Coast","Brisbane Lions",75,106
13137,"Logan","Morris","Brisbane Lions",13,"14","2026-06-06",17,0,17,9,7,4,0,1,0,6,0,2,3,1,0,9,7,4,5,1,0,1,"Carrara",21139,"Gold Coast","Brisbane Lions",75,106
12055,"Lachie","Neale","Brisbane Lions",9,"14","2026-06-06",18,19,37,5,0,0,0,3,1,5,10,3,3,0,0,19,16,0,0,1,1,0,"Carrara",21139,"Gold Coast","Brisbane Lions",75,106
12592,"Cam","Rayner","Brisbane Lions",16,"14","2026-06-06",8,6,14,1,0,0,0,4,0,5,2,2,2,0,0,4,10,0,0,0,0,1,"Carrara",21139,"Gold Coast","Brisbane Lions",75,106
13138,"Bruce","Reville","Brisbane Lions",38,"14","2026-06-06",11,5,16,5,0,0,0,3,2,4,0,1,0,1,0,4,12,0,0,0,0,1,"Carrara",21139,"Gold Coast","Brisbane Lions",75,106
13005,"James","Tunstill","Brisbane Lions",29,"14","2026-06-06",5,5,10,1,1,0,0,0,0,0,1,3,0,1,0,4,5,0,0,2,0,0,"Carrara",21139,"Gold Coast","Brisbane Lions",75,106
13026,"Darcy","Wilmot","Brisbane Lions",44,"14","2026-06-06",20,5,25,9,0,0,0,2,5,2,0,2,1,1,0,5,15,1,0,2,1,0,"Carrara",21139,"Gold Coast","Brisbane Lions",75,106
13221,"Bo","Allan","West Coast",26,"14","2026-06-06",10,4,14,4,1,0,0,1,2,2,1,2,0,0,0,5,9,1,1,0,0,1,"Perth Stadium",47479,"West Coast","Port Adelaide",71,77
12661,"Liam","Baker","West Coast",3,"14","2026-06-06",11,10,21,5,0,0,0,2,1,4,0,1,0,1,0,5,17,0,0,3,0,1,"Perth Stadium",47479,"West Coast","Port Adelaide",71,77
13000,"Rhett","Bazzo","West Coast",33,"14","2026-06-06",4,7,11,4,0,0,0,0,0,1,0,3,2,2,0,7,4,2,0,8,0,0,"Perth Stadium",47479,"West Coast","Port Adelaide",71,77
13250,"Malakai","Champion","West Coast",37,"14","2026-06-06",2,2,4,0,0,1,0,2,0,0,2,3,1,2,0,3,1,0,0,0,0,0,"Perth Stadium",47479,"West Coast","Port Adelaide",71,77
12446,"Tom","Cole","West Coast",28,"14","2026-06-06",10,4,14,2,2,1,0,3,0,5,1,3,2,0,0,3,8,0,2,0,0,0,"Perth Stadium",47479,"West Coast","Port Adelaide",71,77
13210,"Hamish","Davis","West Coast",38,"14","2026-06-06",1,16,17,0,0,0,0,1,0,0,3,2,0,1,0,9,9,0,0,1,0,0,"Perth Stadium",47479,"West Coast","Port Adelaide",71,77
NA,"Cooper","Duff-Tytler","West Coast",21,"14","2026-06-06",2,7,9,3,0,1,7,4,0,0,2,0,0,0,0,3,6,0,1,2,0,0,"Perth Stadium",47479,"West Coast","Port Adelaide",71,77
12334,"Liam","Duggan","West Coast",14,"14","2026-06-06",12,6,18,3,0,1,0,2,2,3,0,0,0,0,0,4,14,0,0,4,0,0,"Perth Stadium",47479,"West Coast","Port Adelaide",71,77
NA,"Willem","Duursma","West Coast",1,"14","2026-06-06",8,15,23,1,1,0,0,6,2,3,2,6,2,1,0,12,11,1,0,0,0,0,"Perth Stadium",47479,"West Coast","Port Adelaide",71,77
13038,"Reuben","Ginbey","West Coast",7,"14","2026-06-06",7,5,12,5,0,0,0,1,2,2,0,0,0,0,0,6,6,1,0,3,0,1,"Perth Stadium",47479,"West Coast","Port Adelaide",71,77
12957,"Brady","Hough","West Coast",19,"14","2026-06-06",7,3,10,4,1,0,0,5,2,0,0,3,0,2,0,3,7,0,0,0,0,0,"Perth Stadium",47479,"West Coast","Port Adelaide",71,77
13136,"Harvey","Johnston","West Coast",24,"14","2026-06-06",3,5,8,3,0,0,0,1,0,0,1,1,0,0,0,2,6,0,0,0,0,1,"Perth Stadium",47479,"West Coast","Port Adelaide",71,77
12595,"Tim","Kelly","West Coast",11,"14","2026-06-06",16,10,26,5,0,1,0,4,4,5,6,5,1,1,0,10,17,0,1,0,1,1,"Perth Stadium",47479,"West Coast","Port Adelaide",71,77
13070,"Ryan","Maric","West Coast",23,"14","2026-06-06",10,6,16,3,0,0,0,1,1,4,0,4,2,2,0,5,12,0,0,0,0,1,"Perth Stadium",47479,"West Coast","Port Adelaide",71,77
13240,"Tom","McCarthy","West Coast",18,"14","2026-06-06",23,8,31,11,0,0,0,3,9,3,0,2,0,0,0,5,20,0,0,0,1,0,"Perth Stadium",47479,"West Coast","Port Adelaide",71,77
NA,"Milan","Murdock","West Coast",47,"14","2026-06-06",6,10,16,3,0,0,0,6,1,0,0,2,1,0,0,3,13,0,0,0,0,0,"Perth Stadium",47479,"West Coast","Port Adelaide",71,77
13111,"Harley","Reid","West Coast",9,"14","2026-06-06",8,17,25,2,0,1,0,5,0,6,7,4,0,2,0,10,14,1,0,0,1,0,"Perth Stadium",47479,"West Coast","Port Adelaide",71,77
13247,"Jobe","Shanahan","West Coast",35,"14","2026-06-06",7,2,9,5,1,1,0,2,1,3,0,1,0,0,0,3,6,0,3,0,0,0,"Perth Stadium",47479,"West Coast","Port Adelaide",71,77
12668,"Brandon","Starcevich","West Coast",4,"14","2026-06-06",8,5,13,1,0,0,0,4,4,1,2,4,0,2,0,8,4,0,0,2,0,0,"Perth Stadium",47479,"West Coast","Port Adelaide",71,77
12601,"Jake","Waterman","West Coast",2,"14","2026-06-06",14,5,19,11,3,2,0,3,0,2,0,4,2,0,0,5,15,1,5,1,0,1,"Perth Stadium",47479,"West Coast","Port Adelaide",71,77
12836,"Bailey","Williams","West Coast",32,"14","2026-06-06",8,4,12,4,0,0,29,3,2,5,3,2,0,0,0,7,6,1,0,4,0,0,"Perth Stadium",47479,"West Coast","Port Adelaide",71,77
12087,"Elliot","Yeo","West Coast",6,"14","2026-06-06",12,3,15,7,1,0,0,7,1,5,4,1,1,1,0,5,9,0,2,2,0,0,"Perth Stadium",47479,"West Coast","Port Adelaide",71,77
13043,"Tylar","Young","West Coast",20,"14","2026-06-06",8,6,14,4,0,0,0,2,2,2,0,1,2,0,0,7,7,0,0,1,0,0,"Perth Stadium",47479,"West Coast","Port Adelaide",71,77
12433,"Aliir","Aliir","Port Adelaide",21,"14","2026-06-06",10,2,12,5,0,0,0,2,2,0,0,3,1,2,0,7,5,0,0,5,0,0,"Perth Stadium",47479,"West Coast","Port Adelaide",71,77
13188,"Joe","Berry","Port Adelaide",5,"14","2026-06-06",5,3,8,2,2,1,0,1,0,0,0,0,0,0,0,3,5,0,1,1,0,0,"Perth Stadium",47479,"West Coast","Port Adelaide",71,77
13007,"Jase","Burgoyne","Port Adelaide",7,"14","2026-06-06",17,7,24,5,0,1,0,4,5,2,2,3,0,0,0,5,14,0,1,1,0,0,"Perth Stadium",47479,"West Coast","Port Adelaide",71,77
12698,"Zak","Butters","Port Adelaide",9,"14","2026-06-06",9,18,27,0,0,0,0,1,2,2,7,3,4,0,0,17,10,0,0,2,1,0,"Perth Stadium",47479,"West Coast","Port Adelaide",71,77
12422,"Darcy","Byrne-Jones","Port Adelaide",33,"14","2026-06-06",14,10,24,4,0,0,0,1,9,1,1,3,1,2,0,6,14,0,0,0,0,0,"Perth Stadium",47479,"West Coast","Port Adelaide",71,77
13205,"Tom","Cochrane","Port Adelaide",26,"14","2026-06-06",7,2,9,2,1,2,0,6,0,5,0,5,0,1,0,5,5,0,2,1,0,3,"Perth Stadium",47479,"West Coast","Port Adelaide",71,77
12695,"Willem","Drew","Port Adelaide",28,"14","2026-06-06",8,9,17,3,0,0,0,5,2,3,3,2,0,0,0,8,10,0,0,3,0,0,"Perth Stadium",47479,"West Coast","Port Adelaide",71,77
12936,"Corey","Durdin","Port Adelaide",44,"14","2026-06-06",10,2,12,3,1,2,0,2,0,3,0,4,1,1,0,3,8,1,2,0,2,1,"Perth Stadium",47479,"West Coast","Port Adelaide",71,77
13156,"Logan","Evans","Port Adelaide",22,"14","2026-06-06",14,6,20,6,0,0,0,5,4,1,1,4,0,1,0,4,14,2,0,3,0,0,"Perth Stadium",47479,"West Coast","Port Adelaide",71,77
12766,"Mitch","Georgiades","Port Adelaide",19,"14","2026-06-06",10,5,15,9,1,2,0,0,0,1,0,2,0,0,0,5,12,2,3,3,0,1,"Perth Stadium",47479,"West Coast","Port Adelaide",71,77
12956,"Jason","Horne-Francis","Port Adelaide",18,"14","2026-06-06",13,5,18,6,3,1,0,3,1,3,4,1,4,1,0,7,11,0,2,1,2,0,"Perth Stadium",47479,"West Coast","Port Adelaide",71,77
12882,"Lachie","Jones","Port Adelaide",34,"14","2026-06-06",6,6,12,3,0,0,0,3,2,2,0,0,0,0,0,4,6,0,0,2,0,0,"Perth Stadium",47479,"West Coast","Port Adelaide",71,77
NA,"Josh","Lai","Port Adelaide",43,"14","2026-06-06",2,2,4,1,0,0,0,2,1,0,0,0,1,0,0,2,2,0,0,2,0,0,"Perth Stadium",47479,"West Coast","Port Adelaide",71,77
13269,"Ewan","Mackinlay","Port Adelaide",31,"14","2026-06-06",7,2,9,2,0,0,0,1,2,2,1,1,0,0,0,1,8,0,0,0,0,1,"Perth Stadium",47479,"West Coast","Port Adelaide",71,77
12575,"Todd","Marshall","Port Adelaide",4,"14","2026-06-06",6,2,8,3,1,0,0,2,0,2,0,2,1,2,0,3,5,0,1,0,0,1,"Perth Stadium",47479,"West Coast","Port Adelaide",71,77
12946,"Jackson","Mead","Port Adelaide",3,"14","2026-06-06",8,7,15,2,0,0,0,7,3,4,4,2,0,0,0,6,7,0,0,0,0,0,"Perth Stadium",47479,"West Coast","Port Adelaide",71,77
13199,"Christian","Moraes","Port Adelaide",11,"14","2026-06-06",5,2,7,3,1,0,0,1,0,2,0,0,0,0,0,3,4,0,1,0,0,0,"Perth Stadium",47479,"West Coast","Port Adelaide",71,77
12597,"Esava","Ratugolea","Port Adelaide",27,"14","2026-06-06",9,7,16,9,0,0,0,4,3,1,1,2,0,0,0,10,6,4,0,8,0,0,"Perth Stadium",47479,"West Coast","Port Adelaide",71,77
13139,"Joe","Richards","Port Adelaide",35,"14","2026-06-06",11,7,18,3,0,0,0,7,2,4,3,3,1,1,0,8,10,0,0,1,2,1,"Perth Stadium",47479,"West Coast","Port Adelaide",71,77
12890,"Jordon","Sweet","Port Adelaide",24,"14","2026-06-06",6,10,16,2,1,1,38,1,0,2,7,2,0,1,0,10,5,1,1,4,0,0,"Perth Stadium",47479,"West Coast","Port Adelaide",71,77
12991,"Jacob","Wehr","Port Adelaide",15,"14","2026-06-06",9,3,12,3,0,0,0,2,4,2,1,2,0,1,0,4,7,0,1,1,0,0,"Perth Stadium",47479,"West Coast","Port Adelaide",71,77
13259,"Jack","Whitlock","Port Adelaide",17,"14","2026-06-06",3,1,4,0,0,1,3,0,1,1,0,4,1,2,0,1,3,0,0,2,0,0,"Perth Stadium",47479,"West Coast","Port Adelaide",71,77
12150,"Ollie","Wines","Port Adelaide",16,"14","2026-06-06",9,10,19,6,0,0,0,3,2,5,4,2,2,1,0,10,9,0,1,0,1,1,"Perth Stadium",47479,"West Coast","Port Adelaide",71,77
12844,"Joel","Amartey","Sydney",36,"14","2026-06-07",4,7,11,1,1,2,0,1,0,0,0,2,0,1,0,5,7,0,1,1,0,0,"S.C.G.",42143,"Sydney","St Kilda",104,102
13195,"Riley","Bice","Sydney",26,"14","2026-06-07",13,12,25,4,0,0,0,2,0,1,2,2,0,0,0,6,14,0,0,2,0,0,"S.C.G.",42143,"Sydney","St Kilda",104,102
12699,"Nick","Blakey","Sydney",22,"14","2026-06-07",20,6,26,8,0,0,0,3,7,4,0,2,0,1,0,1,19,0,0,3,6,0,"S.C.G.",42143,"Sydney","St Kilda",104,102
13157,"Caiden","Cleary","Sydney",33,"14","2026-06-07",4,13,17,4,0,2,0,6,0,3,0,3,0,1,0,7,10,0,1,0,0,0,"S.C.G.",42143,"Sydney","St Kilda",104,102
12421,"Charlie","Curnow","Sydney",35,"14","2026-06-07",14,1,15,4,2,3,0,0,0,6,0,3,2,1,0,7,8,1,2,3,0,1,"S.C.G.",42143,"Sydney","St Kilda",104,102
NA,"Will","Edwards","Sydney",28,"14","2026-06-07",7,9,16,3,0,0,0,1,2,2,0,2,1,1,0,6,9,1,0,11,0,1,"S.C.G.",42143,"Sydney","St Kilda",104,102
12217,"Brodie","Grundy","Sydney",4,"14","2026-06-07",7,9,16,0,0,0,30,3,2,2,7,3,4,3,0,14,4,0,0,3,0,0,"S.C.G.",42143,"Sydney","St Kilda",104,102
12326,"Isaac","Heeney","Sydney",5,"14","2026-06-07",15,15,30,1,2,1,0,6,1,5,8,6,1,2,0,11,16,0,0,2,0,2,"S.C.G.",42143,"Sydney","St Kilda",104,102
12860,"James","Jordon","Sydney",17,"14","2026-06-07",9,10,19,2,0,0,0,6,2,3,3,2,1,0,0,3,16,0,0,0,0,0,"S.C.G.",42143,"Sydney","St Kilda",104,102
NA,"Harry","Kyle","Sydney",32,"14","2026-06-07",6,7,13,1,0,0,0,2,3,0,1,1,1,0,0,5,7,0,0,1,0,0,"S.C.G.",42143,"Sydney","St Kilda",104,102
12268,"Jake","Lloyd","Sydney",44,"14","2026-06-07",11,16,27,4,0,1,0,3,3,7,1,3,1,0,0,6,23,0,0,4,1,0,"S.C.G.",42143,"Sydney","St Kilda",104,102
12627,"Tom","McCartin","Sydney",30,"14","2026-06-07",10,1,11,7,0,0,0,2,2,0,0,3,2,1,0,2,9,0,0,4,0,0,"S.C.G.",42143,"Sydney","St Kilda",104,102
12861,"Logan","McDonald","Sydney",6,"14","2026-06-07",11,10,21,11,1,2,0,1,2,1,0,1,0,0,0,4,17,2,3,0,0,1,"S.C.G.",42143,"Sydney","St Kilda",104,102
12711,"Justin","McInerney","Sydney",27,"14","2026-06-07",8,6,14,3,1,1,0,3,1,3,2,3,1,0,0,5,9,0,0,0,0,0,"S.C.G.",42143,"Sydney","St Kilda",104,102
12745,"Hayden","McLean","Sydney",2,"14","2026-06-07",6,4,10,2,2,0,7,0,1,2,1,4,0,0,0,6,4,1,1,6,0,1,"S.C.G.",42143,"Sydney","St Kilda",104,102
12413,"Callum","Mills","Sydney",14,"14","2026-06-07",10,15,25,6,0,0,0,1,6,0,0,3,0,0,0,6,17,0,0,5,0,0,"S.C.G.",42143,"Sydney","St Kilda",104,102
12994,"Matt","Roberts","Sydney",34,"14","2026-06-07",7,7,14,3,0,0,0,1,0,2,0,1,0,0,0,4,10,0,0,1,0,0,"S.C.G.",42143,"Sydney","St Kilda",104,102
12903,"Malcolm","Rosas","Sydney",10,"14","2026-06-07",6,6,12,3,2,0,0,4,0,5,2,3,2,2,0,6,6,0,1,1,3,0,"S.C.G.",42143,"Sydney","St Kilda",104,102
12714,"James","Rowbottom","Sydney",8,"14","2026-06-07",11,6,17,0,1,1,0,4,1,5,4,5,0,0,0,11,7,0,0,4,0,0,"S.C.G.",42143,"Sydney","St Kilda",104,102
13022,"Jai","Serong","Sydney",13,"14","2026-06-07",13,15,28,8,1,0,0,0,6,2,0,3,1,0,0,10,17,1,0,3,0,0,"S.C.G.",42143,"Sydney","St Kilda",104,102
12951,"Angus","Sheldrick","Sydney",12,"14","2026-06-07",5,12,17,3,0,0,0,7,0,2,1,2,0,1,0,6,12,0,0,0,0,0,"S.C.G.",42143,"Sydney","St Kilda",104,102
12797,"Chad","Warner","Sydney",1,"14","2026-06-07",16,13,29,5,2,1,0,2,1,7,2,4,0,1,0,8,20,0,1,0,2,1,"S.C.G.",42143,"Sydney","St Kilda",104,102
12818,"Sam","Wicks","Sydney",15,"14","2026-06-07",14,8,22,7,0,0,0,1,4,1,0,6,2,3,0,6,14,0,0,0,3,0,"S.C.G.",42143,"Sydney","St Kilda",104,102
12802,"Ryan","Byrnes","St Kilda",13,"14","2026-06-07",6,7,13,2,0,0,0,4,0,0,1,2,0,0,0,2,11,0,0,1,0,0,"S.C.G.",42143,"Sydney","St Kilda",104,102
13035,"Anthony","Caminiti","St Kilda",47,"14","2026-06-07",1,7,8,1,0,0,0,2,3,0,0,0,0,0,0,6,2,0,0,6,0,0,"S.C.G.",42143,"Sydney","St Kilda",104,102
12674,"Tom","De Koning","St Kilda",21,"14","2026-06-07",5,10,15,1,2,1,9,3,0,3,5,6,1,4,0,13,3,0,1,0,0,0,"S.C.G.",42143,"Sydney","St Kilda",104,102
13125,"Hugo","Garcia","St Kilda",34,"14","2026-06-07",14,15,29,4,0,1,0,6,2,7,9,4,1,1,0,13,15,0,0,0,1,1,"S.C.G.",42143,"Sydney","St Kilda",104,102
13193,"Max","Hall","St Kilda",40,"14","2026-06-07",13,14,27,5,1,0,0,5,2,5,4,1,0,0,0,12,16,0,0,3,1,1,"S.C.G.",42143,"Sydney","St Kilda",104,102
13116,"Angus","Hastie","St Kilda",24,"14","2026-06-07",5,4,9,2,0,0,0,8,0,2,0,1,1,1,0,2,8,0,0,3,0,0,"S.C.G.",42143,"Sydney","St Kilda",104,102
12060,"Bradley","Hill","St Kilda",8,"14","2026-06-07",14,10,24,6,1,0,0,2,4,1,0,1,0,1,0,3,19,0,0,1,1,0,"S.C.G.",42143,"Sydney","St Kilda",104,102
NA,"Campbell","Lake","St Kilda",39,"14","2026-06-07",5,6,11,3,0,0,0,2,0,4,1,2,0,2,0,5,7,0,0,1,1,0,"S.C.G.",42143,"Sydney","St Kilda",104,102
12166,"Jack","Macrae","St Kilda",6,"14","2026-06-07",5,14,19,0,0,0,0,4,1,1,3,3,1,0,0,10,9,0,0,0,0,1,"S.C.G.",42143,"Sydney","St Kilda",104,102
12564,"Rowan","Marshall","St Kilda",19,"14","2026-06-07",12,13,25,4,0,1,17,3,3,3,9,3,3,2,0,15,10,1,1,2,0,0,"S.C.G.",42143,"Sydney","St Kilda",104,102
12948,"Mitch","Owens","St Kilda",10,"14","2026-06-07",5,4,9,1,1,1,0,0,0,2,0,2,2,2,0,5,5,0,1,1,0,0,"S.C.G.",42143,"Sydney","St Kilda",104,102
13036,"Mattaes","Phillipou","St Kilda",25,"14","2026-06-07",1,3,4,1,0,0,0,2,0,1,1,3,1,2,0,4,2,0,0,0,0,0,"S.C.G.",42143,"Sydney","St Kilda",104,102
12600,"Liam","Ryan","St Kilda",31,"14","2026-06-07",9,3,12,4,5,1,0,0,0,2,0,1,2,0,0,7,6,1,3,0,1,2,"S.C.G.",42143,"Sydney","St Kilda",104,102
12929,"Cooper","Sharman","St Kilda",43,"14","2026-06-07",7,6,13,6,2,0,0,0,2,3,0,3,0,0,0,6,8,2,3,2,0,3,"S.C.G.",42143,"Sydney","St Kilda",104,102
12458,"Jack","Silvagni","St Kilda",3,"14","2026-06-07",10,5,15,6,0,0,0,3,5,2,0,3,2,2,0,4,10,1,0,2,1,0,"S.C.G.",42143,"Sydney","St Kilda",104,102
12325,"Jack","Sinclair","St Kilda",35,"14","2026-06-07",17,11,28,5,1,0,0,2,7,1,2,2,1,0,0,8,16,0,0,2,0,1,"S.C.G.",42143,"Sydney","St Kilda",104,102
12721,"Liam","Stocker","St Kilda",14,"14","2026-06-07",7,5,12,2,0,0,0,3,1,2,0,0,1,0,0,4,7,0,0,0,0,0,"S.C.G.",42143,"Sydney","St Kilda",104,102
13243,"Alix","Tauru","St Kilda",26,"14","2026-06-07",3,3,6,3,0,0,0,0,1,0,0,0,0,0,0,1,5,0,0,5,0,0,"S.C.G.",42143,"Sydney","St Kilda",104,102
12950,"Nasiah","Wanganeen-Milera","St Kilda",7,"14","2026-06-07",22,10,32,1,1,2,0,2,2,7,6,5,0,0,0,8,21,0,0,2,5,0,"S.C.G.",42143,"Sydney","St Kilda",104,102
12703,"Callum","Wilkie","St Kilda",44,"14","2026-06-07",17,7,24,6,0,0,0,1,8,2,0,3,0,0,0,4,15,0,0,6,3,0,"S.C.G.",42143,"Sydney","St Kilda",104,102
13110,"Darcy","Wilson","St Kilda",22,"14","2026-06-07",15,10,25,6,1,3,0,2,3,6,0,5,0,1,0,7,17,1,0,0,5,1,"S.C.G.",42143,"Sydney","St Kilda",104,102
12967,"Marcus","Windhager","St Kilda",2,"14","2026-06-07",16,8,24,1,0,1,0,0,2,3,3,7,1,1,0,6,17,0,0,0,0,0,"S.C.G.",42143,"Sydney","St Kilda",104,102
12312,"Mason","Wood","St Kilda",32,"14","2026-06-07",7,6,13,5,0,0,0,1,2,2,0,1,1,0,0,4,9,0,0,0,0,1,"S.C.G.",42143,"Sydney","St Kilda",104,102
13237,"Lachlan","Blakiston","Essendon",46,"14","2026-06-07",5,5,10,3,0,0,9,1,3,0,3,2,3,2,0,8,4,1,0,4,0,0,"M.C.G.",76745,"Essendon","Carlton",67,72
12899,"Nick","Bryan","Essendon",24,"14","2026-06-07",4,8,12,2,0,0,22,4,0,3,4,2,3,1,0,8,7,0,0,2,0,0,"M.C.G.",76745,"Essendon","Carlton",67,72
13148,"Nate","Caddy","Essendon",30,"14","2026-06-07",5,1,6,5,1,1,0,1,0,2,0,1,1,1,0,4,3,2,2,2,0,1,"M.C.G.",76745,"Essendon","Carlton",67,72
12852,"Nik","Cox","Essendon",13,"14","2026-06-07",5,6,11,7,0,0,0,1,1,1,2,2,0,1,0,5,9,1,0,2,0,0,"M.C.G.",76745,"Essendon","Carlton",67,72
13223,"Archer","Day-Wicks","Essendon",44,"14","2026-06-07",4,8,12,2,0,0,0,1,1,1,0,3,1,0,0,5,7,0,0,1,1,0,"M.C.G.",76745,"Essendon","Carlton",67,72
12925,"Sam","Durham","Essendon",22,"14","2026-06-07",16,14,30,10,1,0,0,5,2,7,3,2,0,0,0,11,20,0,1,2,0,0,"M.C.G.",76745,"Essendon","Carlton",67,72
12696,"Xavier","Duursma","Essendon",28,"14","2026-06-07",7,15,22,4,0,0,0,3,1,2,1,1,2,1,0,7,16,0,0,0,0,0,"M.C.G.",76745,"Essendon","Carlton",67,72
NA,"Hussien","El Achkar","Essendon",33,"14","2026-06-07",4,2,6,2,2,1,0,1,0,0,0,0,0,0,0,3,3,0,2,0,0,0,"M.C.G.",76745,"Essendon","Carlton",67,72
13203,"Saad","El-Hawli","Essendon",41,"14","2026-06-07",4,4,8,1,0,0,0,0,1,2,0,5,1,1,0,3,5,0,0,0,1,0,"M.C.G.",76745,"Essendon","Carlton",67,72
NA,"Jacob","Farrow","Essendon",2,"14","2026-06-07",11,6,17,8,0,0,0,0,3,2,2,1,1,1,0,7,10,0,0,0,1,1,"M.C.G.",76745,"Essendon","Carlton",67,72
12853,"Harry","Jones","Essendon",23,"14","2026-06-07",3,6,9,4,1,0,0,0,0,0,1,1,0,1,0,3,6,0,1,0,0,1,"M.C.G.",76745,"Essendon","Carlton",67,72
NA,"Max","Kondogiannis","Essendon",29,"14","2026-06-07",6,2,8,3,1,0,0,0,0,1,0,1,0,0,0,1,7,0,0,0,1,0,"M.C.G.",76745,"Essendon","Carlton",67,72
12349,"Kyle","Langford","Essendon",4,"14","2026-06-07",11,6,17,6,0,0,0,0,4,1,0,3,0,2,0,7,10,2,0,5,0,0,"M.C.G.",76745,"Essendon","Carlton",67,72
12580,"Ben","McKay","Essendon",32,"14","2026-06-07",8,1,9,7,2,2,0,0,0,1,0,4,1,0,0,3,6,2,5,0,0,1,"M.C.G.",76745,"Essendon","Carlton",67,72
12241,"Zach","Merrett","Essendon",7,"14","2026-06-07",23,10,33,8,0,0,0,3,4,5,1,7,1,0,0,4,26,0,0,4,2,0,"M.C.G.",76745,"Essendon","Carlton",67,72
12879,"Archie","Perkins","Essendon",16,"14","2026-06-07",8,9,17,5,0,0,0,1,0,3,0,3,0,1,0,2,15,0,0,0,0,0,"M.C.G.",76745,"Essendon","Carlton",67,72
12874,"Jaxon","Prior","Essendon",25,"14","2026-06-07",13,9,22,8,0,0,0,3,2,2,0,0,3,0,0,7,13,2,0,4,1,1,"M.C.G.",76745,"Essendon","Carlton",67,72
12437,"Mason","Redman","Essendon",27,"14","2026-06-07",9,3,12,5,1,0,0,1,3,2,0,1,1,1,0,0,11,0,0,3,0,2,"M.C.G.",76745,"Essendon","Carlton",67,72
12889,"Zach","Reid","Essendon",31,"14","2026-06-07",16,5,21,10,1,0,0,1,4,0,0,0,1,0,0,9,10,4,1,5,1,0,"M.C.G.",76745,"Essendon","Carlton",67,72
13168,"Archie","Roberts","Essendon",21,"14","2026-06-07",15,7,22,3,0,1,0,3,3,3,1,3,0,2,0,4,17,0,0,1,0,1,"M.C.G.",76745,"Essendon","Carlton",67,72
NA,"Sullivan","Robey","Essendon",9,"14","2026-06-07",8,7,15,5,0,1,0,6,0,3,4,4,1,3,0,7,9,1,0,2,0,0,"M.C.G.",76745,"Essendon","Carlton",67,72
12567,"Will","Setterfield","Essendon",12,"14","2026-06-07",17,12,29,4,0,0,0,4,3,5,6,4,1,1,0,10,19,0,0,1,0,0,"M.C.G.",76745,"Essendon","Carlton",67,72
13087,"Elijah","Tsatas","Essendon",5,"14","2026-06-07",11,14,25,3,0,0,0,0,0,3,7,0,3,0,0,14,9,0,0,0,0,0,"M.C.G.",76745,"Essendon","Carlton",67,72
12276,"Blake","Acres","Carlton",13,"14","2026-06-07",13,9,22,10,0,1,0,3,1,2,1,1,0,0,0,6,18,1,1,1,0,1,"M.C.G.",76745,"Essendon","Carlton",67,72
12498,"Ben","Ainsworth","Carlton",12,"14","2026-06-07",14,6,20,6,1,1,0,3,1,2,2,2,0,1,0,5,15,0,0,0,0,0,"M.C.G.",76745,"Essendon","Carlton",67,72
NA,"Talor","Byrne","Carlton",39,"14","2026-06-07",6,1,7,3,2,2,0,3,0,1,0,1,2,0,0,2,5,0,2,0,0,0,"M.C.G.",76745,"Essendon","Carlton",67,72
12603,"Adam","Cerra","Carlton",5,"14","2026-06-07",12,6,18,11,0,0,0,2,1,4,2,0,0,0,0,4,14,0,0,0,1,1,"M.C.G.",76745,"Essendon","Carlton",67,72
13028,"Lachlan","Cowan","Carlton",2,"14","2026-06-07",9,4,13,6,0,0,0,1,6,1,0,2,0,0,0,2,11,0,0,4,1,0,"M.C.G.",76745,"Essendon","Carlton",67,72
12261,"Patrick","Cripps","Carlton",9,"14","2026-06-07",10,13,23,4,0,1,0,5,2,4,3,4,0,3,0,6,15,1,1,0,0,0,"M.C.G.",76745,"Essendon","Carlton",67,72
13273,"Harry","Dean","Carlton",35,"14","2026-06-07",10,5,15,8,0,0,0,0,3,0,0,0,1,0,0,3,12,0,0,5,0,0,"M.C.G.",76745,"Essendon","Carlton",67,72
NA,"Wade","Derksen","Carlton",47,"14","2026-06-07",6,9,15,4,0,0,0,1,3,0,0,5,0,1,0,6,9,0,0,3,0,0,"M.C.G.",76745,"Essendon","Carlton",67,72
12873,"Francis","Evans","Carlton",44,"14","2026-06-07",9,2,11,2,0,0,0,3,2,1,0,2,1,1,0,3,8,0,0,1,0,1,"M.C.G.",76745,"Essendon","Carlton",67,72
12497,"Oliver","Florent","Carlton",14,"14","2026-06-07",12,3,15,4,0,0,0,1,3,3,0,3,0,2,0,3,9,0,0,1,2,1,"M.C.G.",76745,"Essendon","Carlton",67,72
12091,"Nick","Haynes","Carlton",26,"14","2026-06-07",11,6,17,8,0,0,0,1,4,0,0,2,1,0,0,3,14,0,2,7,0,0,"M.C.G.",76745,"Essendon","Carlton",67,72
12509,"Will","Hayward","Carlton",19,"14","2026-06-07",9,8,17,3,1,0,0,1,1,0,0,3,3,2,0,4,14,0,1,1,0,0,"M.C.G.",76745,"Essendon","Carlton",67,72
12411,"George","Hewett","Carlton",29,"14","2026-06-07",11,16,27,6,1,0,0,4,0,4,4,2,1,0,0,11,15,0,0,0,0,1,"M.C.G.",76745,"Essendon","Carlton",67,72
NA,"Jack","Ison","Carlton",30,"14","2026-06-07",5,2,7,3,0,1,0,1,0,1,0,2,0,1,0,2,5,0,1,3,0,0,"M.C.G.",76745,"Essendon","Carlton",67,72
12937,"Brodie","Kemp","Carlton",17,"14","2026-06-07",9,2,11,7,2,1,0,2,0,3,0,1,1,1,0,2,9,0,2,2,0,2,"M.C.G.",76745,"Essendon","Carlton",67,72
12404,"Mitch","McGovern","Carlton",11,"14","2026-06-07",6,3,9,4,0,0,0,2,1,1,0,0,1,0,0,4,5,1,0,3,0,0,"M.C.G.",76745,"Essendon","Carlton",67,72
12566,"Harry","McKay","Carlton",10,"14","2026-06-07",10,6,16,7,3,2,2,1,0,4,5,2,2,2,0,10,5,2,1,0,0,0,"M.C.G.",76745,"Essendon","Carlton",67,72
12508,"Nic","Newman","Carlton",24,"14","2026-06-07",17,6,23,6,0,0,0,2,4,2,0,2,1,2,0,3,17,0,0,1,0,0,"M.C.G.",76745,"Essendon","Carlton",67,72
12417,"Marc","Pittonet","Carlton",27,"14","2026-06-07",5,7,12,1,0,0,23,4,0,2,5,4,2,3,0,9,4,0,0,3,0,1,"M.C.G.",76745,"Essendon","Carlton",67,72
13274,"Jagga","Smith","Carlton",7,"14","2026-06-07",6,18,24,3,0,0,0,0,0,1,3,4,0,2,0,9,15,0,0,1,1,0,"M.C.G.",76745,"Essendon","Carlton",67,72
12684,"Sam","Walsh","Carlton",18,"14","2026-06-07",6,18,24,3,0,0,0,4,3,3,2,5,1,2,0,3,21,0,0,0,0,0,"M.C.G.",76745,"Essendon","Carlton",67,72
NA,"Billy","Wilson","Carlton",15,"14","2026-06-07",18,6,24,6,0,0,0,0,3,1,1,2,1,1,0,4,17,0,0,0,0,0,"M.C.G.",76745,"Essendon","Carlton",67,72
13245,"Flynn","Young","Carlton",45,"14","2026-06-07",6,6,12,4,0,0,0,1,1,5,0,0,1,0,0,3,9,0,0,2,0,1,"M.C.G.",76745,"Essendon","Carlton",67,72
13146,"Edward","Allan","Collingwood",16,"14","2026-06-08",11,10,21,2,0,1,0,5,1,7,4,5,1,1,0,9,12,0,0,0,1,0,"M.C.G.",88019,"Collingwood","Melbourne",75,83
NA,"Angus","Anderson","Collingwood",41,"14","2026-06-08",6,4,10,3,1,0,0,1,1,2,0,4,0,2,0,3,8,0,0,1,0,0,"M.C.G.",88019,"Collingwood","Melbourne",75,83
13071,"Jack","Buller","Collingwood",34,"14","2026-06-08",4,4,8,2,2,0,0,1,0,0,1,1,0,0,0,5,3,2,2,3,0,0,"M.C.G.",88019,"Collingwood","Melbourne",75,83
12660,"Darcy","Cameron","Collingwood",14,"14","2026-06-08",5,14,19,5,0,0,15,1,1,2,7,2,0,0,0,14,5,2,0,0,0,0,"M.C.G.",88019,"Collingwood","Melbourne",75,83
12061,"Jack","Crisp","Collingwood",25,"14","2026-06-08",6,10,16,4,0,0,0,7,0,2,0,6,1,3,0,7,9,0,0,2,0,0,"M.C.G.",88019,"Collingwood","Melbourne",75,83
12573,"Josh","Daicos","Collingwood",7,"14","2026-06-08",19,11,30,7,0,0,0,1,5,6,1,1,2,1,0,4,25,0,0,0,2,1,"M.C.G.",88019,"Collingwood","Melbourne",75,83
12943,"Nick","Daicos","Collingwood",35,"14","2026-06-08",16,19,35,6,2,0,0,1,4,7,6,6,0,1,0,12,20,0,1,1,2,1,"M.C.G.",88019,"Collingwood","Melbourne",75,83
12318,"Jordan","de Goey","Collingwood",2,"14","2026-06-08",10,11,21,5,2,2,0,2,1,2,3,4,2,0,0,5,16,2,3,0,0,0,"M.C.G.",88019,"Collingwood","Melbourne",75,83
12676,"Billy","Frampton","Collingwood",17,"14","2026-06-08",8,8,16,4,0,0,0,3,1,1,0,2,1,2,0,7,8,0,0,9,0,0,"M.C.G.",88019,"Collingwood","Melbourne",75,83
13068,"Harvey","Harrison","Collingwood",36,"14","2026-06-08",6,5,11,2,0,0,0,6,0,1,1,2,0,0,0,3,8,0,0,0,0,2,"M.C.G.",88019,"Collingwood","Melbourne",75,83
12495,"Dan","Houston","Collingwood",9,"14","2026-06-08",8,4,12,6,0,0,0,3,1,1,1,2,0,0,0,2,9,1,0,1,1,1,"M.C.G.",88019,"Collingwood","Melbourne",75,83
11967,"Jeremy","Howe","Collingwood",38,"14","2026-06-08",16,1,17,3,0,0,0,0,6,0,0,3,0,1,0,3,6,2,0,10,0,0,"M.C.G.",88019,"Collingwood","Melbourne",75,83
12578,"Patrick","Lipinski","Collingwood",1,"14","2026-06-08",9,19,28,7,0,0,0,0,4,1,1,3,1,0,0,7,20,0,0,1,0,0,"M.C.G.",88019,"Collingwood","Melbourne",75,83
12371,"Brayden","Maynard","Collingwood",4,"14","2026-06-08",6,2,8,1,0,0,0,2,3,1,0,0,0,0,0,1,7,0,0,0,0,0,"M.C.G.",88019,"Collingwood","Melbourne",75,83
12876,"Beau","McCreery","Collingwood",31,"14","2026-06-08",4,11,15,1,0,0,0,11,1,3,3,3,0,0,0,7,9,0,0,2,1,0,"M.C.G.",88019,"Collingwood","Melbourne",75,83
12291,"Daniel","McStay","Collingwood",11,"14","2026-06-08",5,6,11,3,2,2,8,5,0,1,2,0,2,0,0,8,3,1,2,0,0,1,"M.C.G.",88019,"Collingwood","Melbourne",75,83
12300,"Tim","Membrey","Collingwood",28,"14","2026-06-08",5,6,11,4,0,1,0,2,0,3,0,3,0,0,0,3,9,1,2,1,0,0,"M.C.G.",88019,"Collingwood","Melbourne",75,83
4182,"Scott","Pendlebury","Collingwood",10,"14","2026-06-08",10,10,20,2,0,1,0,2,1,0,3,4,0,1,0,5,15,0,0,0,0,0,"M.C.G.",88019,"Collingwood","Melbourne",75,83
12536,"Harry","Perryman","Collingwood",12,"14","2026-06-08",16,4,20,3,0,0,0,6,7,3,2,2,1,0,0,6,13,0,0,2,0,0,"M.C.G.",88019,"Collingwood","Melbourne",75,83
NA,"Mitch","Podhajski","Collingwood",46,"14","2026-06-08",8,5,13,3,1,1,0,2,0,3,0,3,1,0,0,5,7,0,2,1,0,1,"M.C.G.",88019,"Collingwood","Melbourne",75,83
12740,"Isaac","Quaynor","Collingwood",3,"14","2026-06-08",8,9,17,4,0,0,0,2,5,0,0,2,1,1,0,4,12,0,0,4,0,0,"M.C.G.",88019,"Collingwood","Melbourne",75,83
12700,"Lachie","Schultz","Collingwood",8,"14","2026-06-08",12,7,19,3,0,1,0,4,2,7,3,3,2,1,0,9,12,0,1,1,0,1,"M.C.G.",88019,"Collingwood","Melbourne",75,83
13248,"Roan","Steele","Collingwood",45,"14","2026-06-08",10,8,18,2,1,0,0,3,4,4,1,5,1,0,0,8,8,0,0,0,0,1,"M.C.G.",88019,"Collingwood","Melbourne",75,83
12931,"Jake","Bowey","Melbourne",17,"14","2026-06-08",13,6,19,4,0,1,0,1,3,2,0,4,0,0,0,6,10,0,0,3,0,0,"M.C.G.",88019,"Collingwood","Melbourne",75,83
12756,"Kade","Chandler","Melbourne",37,"14","2026-06-08",7,12,19,1,0,0,0,6,0,7,3,2,1,1,0,9,9,1,0,0,0,2,"M.C.G.",88019,"Collingwood","Melbourne",75,83
NA,"Paddy","Cross","Melbourne",41,"14","2026-06-08",5,4,9,2,1,0,0,2,1,2,1,1,0,0,0,2,8,1,0,2,0,1,"M.C.G.",88019,"Collingwood","Melbourne",75,83
12598,"Bayley","Fritsch","Melbourne",31,"14","2026-06-08",10,5,15,2,3,1,0,4,0,4,2,1,1,0,0,7,9,2,2,0,0,2,"M.C.G.",88019,"Collingwood","Melbourne",75,83
11966,"Max","Gawn","Melbourne",11,"14","2026-06-08",13,9,22,5,0,0,46,1,2,7,6,2,1,0,0,8,12,0,0,3,0,0,"M.C.G.",88019,"Collingwood","Melbourne",75,83
13098,"Blake","Howes","Melbourne",22,"14","2026-06-08",8,8,16,5,0,0,0,4,3,0,2,0,0,0,0,7,9,0,0,4,0,0,"M.C.G.",88019,"Collingwood","Melbourne",75,83
NA,"Luker","Kentfield","Melbourne",44,"14","2026-06-08",3,1,4,3,1,0,5,4,0,0,0,1,0,0,0,2,2,1,2,1,0,0,"M.C.G.",88019,"Collingwood","Melbourne",75,83
12393,"Ed","Langdon","Melbourne",15,"14","2026-06-08",9,14,23,3,0,0,0,1,2,5,1,0,0,0,0,6,17,0,0,4,0,1,"M.C.G.",88019,"Collingwood","Melbourne",75,83
13184,"Harvey","Langford","Melbourne",4,"14","2026-06-08",12,14,26,6,1,1,0,4,0,2,1,4,2,1,0,9,17,0,1,0,1,1,"M.C.G.",88019,"Collingwood","Melbourne",75,83
12351,"Jake","Lever","Melbourne",8,"14","2026-06-08",11,4,15,9,0,0,0,1,6,1,0,0,0,0,0,5,10,2,0,6,0,0,"M.C.G.",88019,"Collingwood","Melbourne",75,83
12009,"Tom","McDonald","Melbourne",25,"14","2026-06-08",9,2,11,5,0,0,0,1,4,0,0,5,0,2,0,3,7,1,0,5,1,0,"M.C.G.",88019,"Collingwood","Melbourne",75,83
12639,"Brody","Mihocek","Melbourne",28,"14","2026-06-08",1,0,1,1,0,0,0,0,0,0,0,2,0,1,0,1,1,1,0,1,0,0,"M.C.G.",88019,"Collingwood","Melbourne",75,83
12653,"Harry","Petty","Melbourne",35,"14","2026-06-08",7,7,14,6,2,1,0,1,0,3,0,2,1,1,0,5,9,2,2,3,0,2,"M.C.G.",88019,"Collingwood","Melbourne",75,83
12771,"Kysaiah","Pickett","Melbourne",36,"14","2026-06-08",20,8,28,5,3,1,0,2,2,5,5,8,1,3,0,9,18,0,3,3,2,0,"M.C.G.",88019,"Collingwood","Melbourne",75,83
NA,"Latrelle","Pickett","Melbourne",33,"14","2026-06-08",4,3,7,3,0,1,0,2,0,1,1,4,1,2,0,5,5,0,1,0,1,0,"M.C.G.",88019,"Collingwood","Melbourne",75,83
12778,"Trent","Rivers","Melbourne",24,"14","2026-06-08",6,11,17,3,0,0,0,3,3,0,0,1,0,0,0,6,10,0,0,2,0,0,"M.C.G.",88019,"Collingwood","Melbourne",75,83
12864,"Harry","Sharp","Melbourne",30,"14","2026-06-08",10,6,16,2,0,0,0,2,2,5,3,4,2,2,0,7,9,0,0,1,0,2,"M.C.G.",88019,"Collingwood","Melbourne",75,83
12693,"Tom","Sparrow","Melbourne",32,"14","2026-06-08",11,13,24,4,0,0,0,6,2,3,4,5,1,1,0,8,15,0,0,1,0,0,"M.C.G.",88019,"Collingwood","Melbourne",75,83
12368,"Jack","Steele","Melbourne",9,"14","2026-06-08",9,17,26,2,0,0,0,6,2,3,5,2,1,0,0,13,12,1,0,0,1,0,"M.C.G.",88019,"Collingwood","Melbourne",75,83
13123,"Koltyn","Tholstrup","Melbourne",12,"14","2026-06-08",14,3,17,4,0,0,0,3,8,1,1,1,1,0,0,4,9,0,0,4,1,0,"M.C.G.",88019,"Collingwood","Melbourne",75,83
12996,"Daniel","Turner","Melbourne",10,"14","2026-06-08",7,7,14,6,0,0,0,6,5,0,0,4,0,2,0,2,11,0,0,4,0,0,"M.C.G.",88019,"Collingwood","Melbourne",75,83
13048,"Jacob","van Rooyen","Melbourne",2,"14","2026-06-08",9,3,12,7,1,2,1,1,0,4,0,2,1,0,0,2,10,1,2,2,0,0,"M.C.G.",88019,"Collingwood","Melbourne",75,83
13099,"Caleb","Windsor","Melbourne",6,"14","2026-06-08",10,6,16,1,0,1,0,1,0,5,0,2,0,0,0,4,11,0,0,0,2,0,"M.C.G.",88019,"Collingwood","Melbourne",75,83
