"Year","Round.Number","First.Name","Surname","Team.Name","Coaches.Votes","Home.Team","Away.Team"
2015,1,"Taylor","Hunt","RICH",7,"Carlton","Richmond"
2015,1,"Brandon","Ellis","RICH",6,"Carlton","Richmond"
2015,1,"Shane","Edwards","RICH",6,"Carlton","Richmond"
2015,1,"Kamdyn","McIntosh","RICH",5,"Carlton","Richmond"
2015,1,"Sam","Docherty","CARL",3,"Carlton","Richmond"
2015,1,"Nick","Vlastuin","RICH",3,"Carlton","Richmond"
2015,1,"Tom","McDonald","MELB",10,"Melbourne","Gold Coast Suns"
2015,1,"Jack","Watts","MELB",6,"Melbourne","Gold Coast Suns"
2015,1,"Jeremy","Howe","MELB",4,"Melbourne","Gold Coast Suns"
2015,1,"Jeff","Garlett","MELB",4,"Melbourne","Gold Coast Suns"
2015,1,"Nathan","Jones","MELB",2,"Melbourne","Gold Coast Suns"
2015,1,"Jack","Viney","MELB",2,"Melbourne","Gold Coast Suns"
2015,1,"Dion","Prestia","GCFC",1,"Melbourne","Gold Coast Suns"
2015,1,"Michael","Rischitelli","GCFC",1,"Melbourne","Gold Coast Suns"
2015,1,"Luke","Parker","SYD",8,"Sydney Swans","Essendon"
2015,1,"Kieren","Jack","SYD",7,"Sydney Swans","Essendon"
2015,1,"Josh","Kennedy","SYD",6,"Sydney Swans","Essendon"
2015,1,"Dan","Hannebery","SYD",5,"Sydney Swans","Essendon"
2015,1,"Michael","Hurley","ESS",2,"Sydney Swans","Essendon"
2015,1,"Lance","Franklin","SYD",1,"Sydney Swans","Essendon"
2015,1,"Jake","Melksham","ESS",1,"Sydney Swans","Essendon"
2015,1,"Steele","Sidebottom","COLL",10,"Brisbane Lions","Collingwood"
2015,1,"Brodie","Grundy","COLL",4,"Brisbane Lions","Collingwood"
2015,1,"Daniel","Rich","BL",4,"Brisbane Lions","Collingwood"
2015,1,"Scott","Pendlebury","COLL",4,"Brisbane Lions","Collingwood"
2015,1,"Josh","Green","BL",3,"Brisbane Lions","Collingwood"
2015,1,"Jarryd","Blair","COLL",2,"Brisbane Lions","Collingwood"
2015,1,"Taylor","Adams","COLL",2,"Brisbane Lions","Collingwood"
2015,1,"Alan","Toovey","COLL",1,"Brisbane Lions","Collingwood"
2015,1,"Jeremy","McGovern","WCE",10,"Western Bulldogs","West Coast Eagles"
2015,1,"Jake","Stringer","WB",5,"Western Bulldogs","West Coast Eagles"
2015,1,"Jamie","Cripps","WCE",5,"Western Bulldogs","West Coast Eagles"
2015,1,"Matthew","Boyd","WB",4,"Western Bulldogs","West Coast Eagles"
2015,1,"Will","Minson","WB",4,"Western Bulldogs","West Coast Eagles"
2015,1,"Marcus","Bontempelli","WB",1,"Western Bulldogs","West Coast Eagles"
2015,1,"Mitch","Wallis","WB",1,"Western Bulldogs","West Coast Eagles"
2015,1,"Dylan","Shiel","GWS",10,"St Kilda","GWS Giants"
2015,1,"Jarryn","Geary","STK",4,"St Kilda","GWS Giants"
2015,1,"Adam","Treloar","GWS",4,"St Kilda","GWS Giants"
2015,1,"Jack","Steven","STK",4,"St Kilda","GWS Giants"
2015,1,"Lachie","Whitfield","GWS",3,"St Kilda","GWS Giants"
2015,1,"Shane","Savage","STK",2,"St Kilda","GWS Giants"
2015,1,"Maverick","Weller","STK",2,"St Kilda","GWS Giants"
2015,1,"Cam","McCarthy","GWS",1,"St Kilda","GWS Giants"
2015,1,"Taylor","Walker","ADEL",10,"Adelaide Crows","North Melbourne"
2015,1,"Patrick","Dangerfield","ADEL",7,"Adelaide Crows","North Melbourne"
2015,1,"Rory","Sloane","ADEL",4,"Adelaide Crows","North Melbourne"
2015,1,"Eddie","Betts","ADEL",3,"Adelaide Crows","North Melbourne"
2015,1,"Rory","Laird","ADEL",3,"Adelaide Crows","North Melbourne"
2015,1,"Richard","Douglas","ADEL",2,"Adelaide Crows","North Melbourne"
2015,1,"Shaun","Higgins","NMFC",1,"Adelaide Crows","North Melbourne"
2015,1,"Nathan","Fyfe","FRE",10,"Fremantle","Port Adelaide"
2015,1,"Danyle","Pearce","FRE",6,"Fremantle","Port Adelaide"
2015,1,"Ollie","Wines","PORT",4,"Fremantle","Port Adelaide"
2015,1,"David","Mundy","FRE",4,"Fremantle","Port Adelaide"
2015,1,"Matthew","Pavlich","FRE",3,"Fremantle","Port Adelaide"
2015,1,"Jared","Polec","PORT",2,"Fremantle","Port Adelaide"
2015,1,"Brad","Ebert","PORT",1,"Fremantle","Port Adelaide"
2015,1,"Jordan","Lewis","HAW",8,"Hawthorn","Geelong Cats"
2015,1,"Josh","Gibson","HAW",8,"Hawthorn","Geelong Cats"
2015,1,"Shaun","Burgoyne","HAW",6,"Hawthorn","Geelong Cats"
2015,1,"Luke","Breust","HAW",4,"Hawthorn","Geelong Cats"
2015,1,"Luke","Hodge","HAW",2,"Hawthorn","Geelong Cats"
2015,1,"Jarryd","Roughead","HAW",1,"Hawthorn","Geelong Cats"
2015,1,"Paul","Puopolo","HAW",1,"Hawthorn","Geelong Cats"
2015,2,"Josh","J Kennedy","WCE",10,"West Coast Eagles","Carlton"
2015,2,"Matt","Priddis","WCE",6,"West Coast Eagles","Carlton"
2015,2,"Matt","Rosa","WCE",5,"West Coast Eagles","Carlton"
2015,2,"Nic","Naitanui","WCE",5,"West Coast Eagles","Carlton"
2015,2,"Luke","Shuey","WCE",4,"West Coast Eagles","Carlton"
2015,2,"Marcus","Bontempelli","WB",9,"Richmond","Western Bulldogs"
2015,2,"Alex","Rance","RICH",9,"Richmond","Western Bulldogs"
2015,2,"Tory","Dickson","WB",6,"Richmond","Western Bulldogs"
2015,2,"Robert","Murphy","WB",3,"Richmond","Western Bulldogs"
2015,2,"Matthew","Boyd","WB",2,"Richmond","Western Bulldogs"
2015,2,"Dustin","Martin","RICH",1,"Richmond","Western Bulldogs"
2015,2,"Dylan","Shiel","GWS",9,"GWS Giants","Melbourne"
2015,2,"Stephen","Coniglio","GWS",9,"GWS Giants","Melbourne"
2015,2,"Callan","Ward","GWS",5,"GWS Giants","Melbourne"
2015,2,"Adam","Treloar","GWS",3,"GWS Giants","Melbourne"
2015,2,"Shane","Mumford","GWS",2,"GWS Giants","Melbourne"
2015,2,"Tom","McDonald","MELB",2,"GWS Giants","Melbourne"
2015,2,"Brodie","Smith","ADEL",10,"Collingwood","Adelaide Crows"
2015,2,"Rory","Sloane","ADEL",8,"Collingwood","Adelaide Crows"
2015,2,"Daniel","Talia","ADEL",4,"Collingwood","Adelaide Crows"
2015,2,"Sam","Jacobs","ADEL",3,"Collingwood","Adelaide Crows"
2015,2,"Patrick","Dangerfield","ADEL",3,"Collingwood","Adelaide Crows"
2015,2,"Scott","Pendlebury","COLL",1,"Collingwood","Adelaide Crows"
2015,2,"Ricky","Henderson","ADEL",1,"Collingwood","Adelaide Crows"
2015,2,"Josh","Kennedy","SYD",10,"Port Adelaide","Sydney Swans"
2015,2,"Kieren","Jack","SYD",7,"Port Adelaide","Sydney Swans"
2015,2,"Dan","Hannebery","SYD",6,"Port Adelaide","Sydney Swans"
2015,2,"Dane","Rampe","SYD",5,"Port Adelaide","Sydney Swans"
2015,2,"Craig","Bird","SYD",1,"Port Adelaide","Sydney Swans"
2015,2,"Jarrad","McVeigh","SYD",1,"Port Adelaide","Sydney Swans"
2015,2,"David","Armitage","STK",9,"Gold Coast Suns","St Kilda"
2015,2,"Josh","Bruce","STK",9,"Gold Coast Suns","St Kilda"
2015,2,"Sam","Fisher","STK",5,"Gold Coast Suns","St Kilda"
2015,2,"Jack","Steven","STK",3,"Gold Coast Suns","St Kilda"
2015,2,"Nick","Riewoldt","STK",2,"Gold Coast Suns","St Kilda"
2015,2,"Jarryn","Geary","STK",1,"Gold Coast Suns","St Kilda"
2015,2,"Shane","Savage","STK",1,"Gold Coast Suns","St Kilda"
2015,2,"Nathan","Fyfe","FRE",10,"Geelong Cats","Fremantle"
2015,2,"David","Mundy","FRE",8,"Geelong Cats","Fremantle"
2015,2,"Stephen","Hill","FRE",6,"Geelong Cats","Fremantle"
2015,2,"Michael","Barlow","FRE",3,"Geelong Cats","Fremantle"
2015,2,"Garrick","Ibbotson","FRE",2,"Geelong Cats","Fremantle"
2015,2,"Michael","Johnson","FRE",1,"Geelong Cats","Fremantle"
2015,2,"Cale","Hooker","ESS",9,"Essendon","Hawthorn"
2015,2,"Michael","Hurley","ESS",7,"Essendon","Hawthorn"
2015,2,"Zach","Merrett","ESS",5,"Essendon","Hawthorn"
2015,2,"Brian","Lake","HAW",3,"Essendon","Hawthorn"
2015,2,"Travis","Colyer","ESS",2,"Essendon","Hawthorn"
2015,2,"Jordan","Lewis","HAW",2,"Essendon","Hawthorn"
2015,2,"Dyson","Heppell","ESS",1,"Essendon","Hawthorn"
2015,2,"Jack","Gunston","HAW",1,"Essendon","Hawthorn"
2015,2,"Todd","Goldstein","NMFC",10,"North Melbourne","Brisbane Lions"
2015,2,"Jarrad","Waite","NMFC",8,"North Melbourne","Brisbane Lions"
2015,2,"Ben","Cunnington","NMFC",6,"North Melbourne","Brisbane Lions"
2015,2,"Jack","Ziebell","NMFC",4,"North Melbourne","Brisbane Lions"
2015,2,"Luke","McDonald","NMFC",1,"North Melbourne","Brisbane Lions"
2015,2,"Sam","Gibson","NMFC",1,"North Melbourne","Brisbane Lions"
2015,3,"Dane","Swan","COLL",10,"Collingwood","St Kilda"
2015,3,"Brodie","Grundy","COLL",7,"Collingwood","St Kilda"
2015,3,"Scott","Pendlebury","COLL",7,"Collingwood","St Kilda"
2015,3,"Travis","Cloke","COLL",4,"Collingwood","St Kilda"
2015,3,"Travis","Varcoe","COLL",1,"Collingwood","St Kilda"
2015,3,"David","Armitage","STK",1,"Collingwood","St Kilda"
2015,3,"Rory","Sloane","ADEL",9,"Adelaide Crows","Melbourne"
2015,3,"David","MacKay","ADEL",6,"Adelaide Crows","Melbourne"
2015,3,"Scott","Thompson","ADEL",6,"Adelaide Crows","Melbourne"
2015,3,"Tom","McDonald","MELB",5,"Adelaide Crows","Melbourne"
2015,3,"Heritier","Lumumba","MELB",2,"Adelaide Crows","Melbourne"
2015,3,"Bernie","Vince","MELB",2,"Adelaide Crows","Melbourne"
2015,3,"Jobe","Watson","ESS",10,"Carlton","Essendon"
2015,3,"Cale","Hooker","ESS",7,"Carlton","Essendon"
2015,3,"Michael","Hurley","ESS",6,"Carlton","Essendon"
2015,3,"Michael","Hibberd","ESS",3,"Carlton","Essendon"
2015,3,"Dyson","Heppell","ESS",2,"Carlton","Essendon"
2015,3,"Ben","Howlett","ESS",2,"Carlton","Essendon"
2015,3,"Lance","Franklin","SYD",9,"Sydney Swans","GWS Giants"
2015,3,"Dan","Hannebery","SYD",9,"Sydney Swans","GWS Giants"
2015,3,"Lachie","Whitfield","GWS",6,"Sydney Swans","GWS Giants"
2015,3,"Craig","Bird","SYD",2,"Sydney Swans","GWS Giants"
2015,3,"Isaac","Heeney","SYD",2,"Sydney Swans","GWS Giants"
2015,3,"Devon","Smith","GWS",2,"Sydney Swans","GWS Giants"
2015,3,"Brad","Ebert","PORT",10,"North Melbourne","Port Adelaide"
2015,3,"Jasper","Pittard","PORT",4,"North Melbourne","Port Adelaide"
2015,3,"Matthew","Broadbent","PORT",4,"North Melbourne","Port Adelaide"
2015,3,"Sam","Gibson","NMFC",3,"North Melbourne","Port Adelaide"
2015,3,"Andrew","Swallow","NMFC",3,"North Melbourne","Port Adelaide"
2015,3,"Robbie","Gray","PORT",2,"North Melbourne","Port Adelaide"
2015,3,"Hamish","Hartlett","PORT",2,"North Melbourne","Port Adelaide"
2015,3,"Lindsay","Thomas","NMFC",1,"North Melbourne","Port Adelaide"
2015,3,"Luke","McDonald","NMFC",1,"North Melbourne","Port Adelaide"
2015,3,"Trent","Cotchin","RICH",10,"Brisbane Lions","Richmond"
2015,3,"Bachar","Houli","RICH",8,"Brisbane Lions","Richmond"
2015,3,"Shane","Edwards","RICH",6,"Brisbane Lions","Richmond"
2015,3,"Dustin","Martin","RICH",2,"Brisbane Lions","Richmond"
2015,3,"Dayne","Beams","BL",2,"Brisbane Lions","Richmond"
2015,3,"Stefan","Martin","BL",2,"Brisbane Lions","Richmond"
2015,3,"Luke","Hodge","HAW",10,"Hawthorn","Western Bulldogs"
2015,3,"Jarryd","Roughead","HAW",8,"Hawthorn","Western Bulldogs"
2015,3,"Grant","Birchall","HAW",5,"Hawthorn","Western Bulldogs"
2015,3,"Jordan","Lewis","HAW",3,"Hawthorn","Western Bulldogs"
2015,3,"Taylor","Duryea","HAW",2,"Hawthorn","Western Bulldogs"
2015,3,"Brian","Lake","HAW",2,"Hawthorn","Western Bulldogs"
2015,3,"Lachie","Neale","FRE",10,"West Coast Eagles","Fremantle"
2015,3,"Stephen","Hill","FRE",8,"West Coast Eagles","Fremantle"
2015,3,"Danyle","Pearce","FRE",5,"West Coast Eagles","Fremantle"
2015,3,"Nathan","Fyfe","FRE",3,"West Coast Eagles","Fremantle"
2015,3,"Luke","McPharlin","FRE",2,"West Coast Eagles","Fremantle"
2015,3,"Zac","Clarke","FRE",1,"West Coast Eagles","Fremantle"
2015,3,"Garrick","Ibbotson","FRE",1,"West Coast Eagles","Fremantle"
2015,3,"Joel","Selwood","GEEL",10,"Geelong Cats","Gold Coast Suns"
2015,3,"Tom","J Lynch","GCFC",5,"Geelong Cats","Gold Coast Suns"
2015,3,"Michael","Rischitelli","GCFC",4,"Geelong Cats","Gold Coast Suns"
2015,3,"Harley","Bennell","GCFC",4,"Geelong Cats","Gold Coast Suns"
2015,3,"Mark","Blicavs","GEEL",3,"Geelong Cats","Gold Coast Suns"
2015,3,"James","Kelly","GEEL",2,"Geelong Cats","Gold Coast Suns"
2015,3,"Dion","Prestia","GCFC",1,"Geelong Cats","Gold Coast Suns"
2015,3,"Cory","Gregson","GEEL",1,"Geelong Cats","Gold Coast Suns"
2015,4,"Nathan","Jones","MELB",10,"Richmond","Melbourne"
2015,4,"Shane","Edwards","RICH",5,"Richmond","Melbourne"
2015,4,"Jesse","Hogan","MELB",4,"Richmond","Melbourne"
2015,4,"Bernie","Vince","MELB",4,"Richmond","Melbourne"
2015,4,"Aaron","vandenBerg","MELB",3,"Richmond","Melbourne"
2015,4,"Tom","McDonald","MELB",3,"Richmond","Melbourne"
2015,4,"Ivan","Maric","RICH",1,"Richmond","Melbourne"
2015,4,"Patrick","Cripps","CARL",8,"St Kilda","Carlton"
2015,4,"Marc","Murphy","CARL",8,"St Kilda","Carlton"
2015,4,"Tom","Bell","CARL",5,"St Kilda","Carlton"
2015,4,"Lachie","Henderson","CARL",4,"St Kilda","Carlton"
2015,4,"Zach","Tuohy","CARL",2,"St Kilda","Carlton"
2015,4,"Ed","Curnow","CARL",2,"St Kilda","Carlton"
2015,4,"David","Armitage","STK",1,"St Kilda","Carlton"
2015,4,"Paul","Seedsman","COLL",8,"Essendon","Collingwood"
2015,4,"Scott","Pendlebury","COLL",7,"Essendon","Collingwood"
2015,4,"Dyson","Heppell","ESS",4,"Essendon","Collingwood"
2015,4,"Taylor","Adams","COLL",4,"Essendon","Collingwood"
2015,4,"Cale","Hooker","ESS",3,"Essendon","Collingwood"
2015,4,"Marley","Williams","COLL",2,"Essendon","Collingwood"
2015,4,"Tyson","Goldsack","COLL",1,"Essendon","Collingwood"
2015,4,"Michael","Hibberd","ESS",1,"Essendon","Collingwood"
2015,4,"Dylan","Shiel","GWS",10,"GWS Giants","Gold Coast Suns"
2015,4,"Jeremy","Cameron","GWS",7,"GWS Giants","Gold Coast Suns"
2015,4,"Shane","Mumford","GWS",4,"GWS Giants","Gold Coast Suns"
2015,4,"Nick","Haynes","GWS",3,"GWS Giants","Gold Coast Suns"
2015,4,"Callan","Ward","GWS",2,"GWS Giants","Gold Coast Suns"
2015,4,"Cam","McCarthy","GWS",2,"GWS Giants","Gold Coast Suns"
2015,4,"Phil","Davis","GWS",2,"GWS Giants","Gold Coast Suns"
2015,4,"Nathan","Fyfe","FRE",10,"Fremantle","Sydney Swans"
2015,4,"Luke","McPharlin","FRE",7,"Fremantle","Sydney Swans"
2015,4,"Michael","Johnson","FRE",4,"Fremantle","Sydney Swans"
2015,4,"Sam","Reid","SYD",3,"Fremantle","Sydney Swans"
2015,4,"Aaron","Sandilands","FRE",2,"Fremantle","Sydney Swans"
2015,4,"Jake","Lloyd","SYD",2,"Fremantle","Sydney Swans"
2015,4,"Dan","Hannebery","SYD",2,"Fremantle","Sydney Swans"
2015,4,"Jay","Schulz","PORT",8,"Port Adelaide","Hawthorn"
2015,4,"Travis","Boak","PORT",7,"Port Adelaide","Hawthorn"
2015,4,"Chad","Wingard","PORT",5,"Port Adelaide","Hawthorn"
2015,4,"Isaac","Smith","HAW",5,"Port Adelaide","Hawthorn"
2015,4,"Alipate","Carlile","PORT",3,"Port Adelaide","Hawthorn"
2015,4,"Josh","Gibson","HAW",1,"Port Adelaide","Hawthorn"
2015,4,"Taylor","Duryea","HAW",1,"Port Adelaide","Hawthorn"
2015,4,"Matt","Priddis","WCE",9,"Brisbane Lions","West Coast Eagles"
2015,4,"Sam","Butler","WCE",7,"Brisbane Lions","West Coast Eagles"
2015,4,"Jeremy","McGovern","WCE",6,"Brisbane Lions","West Coast Eagles"
2015,4,"Matt","Rosa","WCE",4,"Brisbane Lions","West Coast Eagles"
2015,4,"Andrew","Gaff","WCE",2,"Brisbane Lions","West Coast Eagles"
2015,4,"Elliot","Yeo","WCE",1,"Brisbane Lions","West Coast Eagles"
2015,4,"Josh","J Kennedy","WCE",1,"Brisbane Lions","West Coast Eagles"
2015,4,"Todd","Goldstein","NMFC",10,"Geelong Cats","North Melbourne"
2015,4,"Ben","Cunnington","NMFC",4,"Geelong Cats","North Melbourne"
2015,4,"Jed","Bews","GEEL",4,"Geelong Cats","North Melbourne"
2015,4,"Robbie","Tarrant","NMFC",4,"Geelong Cats","North Melbourne"
2015,4,"Joel","Selwood","GEEL",3,"Geelong Cats","North Melbourne"
2015,4,"Sam","Wright","NMFC",2,"Geelong Cats","North Melbourne"
2015,4,"Jack","Ziebell","NMFC",2,"Geelong Cats","North Melbourne"
2015,4,"Jared","Rivers","GEEL",1,"Geelong Cats","North Melbourne"
2015,4,"Jake","Stringer","WB",9,"Western Bulldogs","Adelaide Crows"
2015,4,"Robert","Murphy","WB",8,"Western Bulldogs","Adelaide Crows"
2015,4,"Liam","Picken","WB",5,"Western Bulldogs","Adelaide Crows"
2015,4,"Michael","Talia","WB",5,"Western Bulldogs","Adelaide Crows"
2015,4,"Luke","Dahlhaus","WB",2,"Western Bulldogs","Adelaide Crows"
2015,4,"Jack","Macrae","WB",1,"Western Bulldogs","Adelaide Crows"
2015,5,"Scott","Pendlebury","COLL",10,"Carlton","Collingwood"
2015,5,"Adam","Oxley","COLL",8,"Carlton","Collingwood"
2015,5,"Jack","Crisp","COLL",5,"Carlton","Collingwood"
2015,5,"Taylor","Adams","COLL",4,"Carlton","Collingwood"
2015,5,"Tyson","Goldsack","COLL",2,"Carlton","Collingwood"
2015,5,"Dane","Swan","COLL",1,"Carlton","Collingwood"
2015,5,"Mitch","Duncan","GEEL",10,"Richmond","Geelong Cats"
2015,5,"Harry","Taylor","GEEL",8,"Richmond","Geelong Cats"
2015,5,"Bachar","Houli","RICH",6,"Richmond","Geelong Cats"
2015,5,"Jared","Rivers","GEEL",4,"Richmond","Geelong Cats"
2015,5,"Brandon","Ellis","RICH",1,"Richmond","Geelong Cats"
2015,5,"Mark","Blicavs","GEEL",1,"Richmond","Geelong Cats"
2015,5,"Liam","Picken","WB",9,"Sydney Swans","Western Bulldogs"
2015,5,"Dan","Hannebery","SYD",8,"Sydney Swans","Western Bulldogs"
2015,5,"Robert","Murphy","WB",7,"Sydney Swans","Western Bulldogs"
2015,5,"Michael","Pyke","SYD",2,"Sydney Swans","Western Bulldogs"
2015,5,"Marcus","Bontempelli","WB",2,"Sydney Swans","Western Bulldogs"
2015,5,"Easton","Wood","WB",1,"Sydney Swans","Western Bulldogs"
2015,5,"Luke","Dahlhaus","WB",1,"Sydney Swans","Western Bulldogs"
2015,5,"Charlie","Dixon","GCFC",10,"Gold Coast Suns","Brisbane Lions"
2015,5,"Adam","Saad","GCFC",7,"Gold Coast Suns","Brisbane Lions"
2015,5,"Touk","Miller","GCFC",4,"Gold Coast Suns","Brisbane Lions"
2015,5,"Harley","Bennell","GCFC",4,"Gold Coast Suns","Brisbane Lions"
2015,5,"Kade","Kolodjashnij","GCFC",3,"Gold Coast Suns","Brisbane Lions"
2015,5,"Jarrod","Harbrow","GCFC",1,"Gold Coast Suns","Brisbane Lions"
2015,5,"Dayne","Beams","BL",1,"Gold Coast Suns","Brisbane Lions"
2015,5,"Josh","J Kennedy","WCE",10,"West Coast Eagles","GWS Giants"
2015,5,"Elliot","Yeo","WCE",7,"West Coast Eagles","GWS Giants"
2015,5,"Andrew","Gaff","WCE",6,"West Coast Eagles","GWS Giants"
2015,5,"Luke","Shuey","WCE",3,"West Coast Eagles","GWS Giants"
2015,5,"Chris","Masten","WCE",3,"West Coast Eagles","GWS Giants"
2015,5,"Josh","Hill","WCE",1,"West Coast Eagles","GWS Giants"
2015,5,"Jack","Gunston","HAW",9,"North Melbourne","Hawthorn"
2015,5,"Sam","Mitchell","HAW",7,"North Melbourne","Hawthorn"
2015,5,"Isaac","Smith","HAW",5,"North Melbourne","Hawthorn"
2015,5,"Luke","Breust","HAW",3,"North Melbourne","Hawthorn"
2015,5,"Ben","Stratton","HAW",3,"North Melbourne","Hawthorn"
2015,5,"Bradley","Hill","HAW",2,"North Melbourne","Hawthorn"
2015,5,"Grant","Birchall","HAW",1,"North Melbourne","Hawthorn"
2015,5,"David","Mundy","FRE",9,"Melbourne","Fremantle"
2015,5,"Nathan","Fyfe","FRE",9,"Melbourne","Fremantle"
2015,5,"Chris","Mayne","FRE",5,"Melbourne","Fremantle"
2015,5,"Lachie","Neale","FRE",3,"Melbourne","Fremantle"
2015,5,"Danyle","Pearce","FRE",2,"Melbourne","Fremantle"
2015,5,"Jeff","Garlett","MELB",1,"Melbourne","Fremantle"
2015,5,"Tom","McDonald","MELB",1,"Melbourne","Fremantle"
2015,5,"David","Armitage","STK",10,"St Kilda","Essendon"
2015,5,"Josh","Bruce","STK",7,"St Kilda","Essendon"
2015,5,"Brent","Stanton","ESS",4,"St Kilda","Essendon"
2015,5,"Brendon","Goddard","ESS",4,"St Kilda","Essendon"
2015,5,"Jack","Steven","STK",3,"St Kilda","Essendon"
2015,5,"Michael","Hurley","ESS",1,"St Kilda","Essendon"
2015,5,"Sean","Dempster","STK",1,"St Kilda","Essendon"
2015,5,"Robbie","Gray","PORT",9,"Adelaide Crows","Port Adelaide"
2015,5,"Jay","Schulz","PORT",6,"Adelaide Crows","Port Adelaide"
2015,5,"Patrick","Dangerfield","ADEL",6,"Adelaide Crows","Port Adelaide"
2015,5,"Travis","Boak","PORT",5,"Adelaide Crows","Port Adelaide"
2015,5,"Eddie","Betts","ADEL",3,"Adelaide Crows","Port Adelaide"
2015,5,"Alipate","Carlile","PORT",1,"Adelaide Crows","Port Adelaide"
2015,6,"Mitch","Duncan","GEEL",10,"Collingwood","Geelong Cats"
2015,6,"Mark","Blicavs","GEEL",8,"Collingwood","Geelong Cats"
2015,6,"Corey","Enright","GEEL",5,"Collingwood","Geelong Cats"
2015,6,"Cory","Gregson","GEEL",3,"Collingwood","Geelong Cats"
2015,6,"Josh","Caddy","GEEL",2,"Collingwood","Geelong Cats"
2015,6,"Scott","Pendlebury","COLL",1,"Collingwood","Geelong Cats"
2015,6,"Steven","Motlop","GEEL",1,"Collingwood","Geelong Cats"
2015,6,"Drew","Petrie","NMFC",9,"North Melbourne","Richmond"
2015,6,"Anthony","Miles","RICH",6,"North Melbourne","Richmond"
2015,6,"Lindsay","Thomas","NMFC",5,"North Melbourne","Richmond"
2015,6,"Jack","Ziebell","NMFC",5,"North Melbourne","Richmond"
2015,6,"Todd","Goldstein","NMFC",2,"North Melbourne","Richmond"
2015,6,"Ivan","Maric","RICH",2,"North Melbourne","Richmond"
2015,6,"Shaun","Higgins","NMFC",1,"North Melbourne","Richmond"
2015,6,"David","Armitage","STK",10,"Western Bulldogs","St Kilda"
2015,6,"Jack","Billings","STK",7,"Western Bulldogs","St Kilda"
2015,6,"Easton","Wood","WB",4,"Western Bulldogs","St Kilda"
2015,6,"Jack","Steven","STK",4,"Western Bulldogs","St Kilda"
2015,6,"Sam","Fisher","STK",2,"Western Bulldogs","St Kilda"
2015,6,"Liam","Picken","WB",2,"Western Bulldogs","St Kilda"
2015,6,"Jason","Johannisen","WB",1,"Western Bulldogs","St Kilda"
2015,6,"Shane","Mumford","GWS",9,"GWS Giants","Hawthorn"
2015,6,"Jeremy","Cameron","GWS",9,"GWS Giants","Hawthorn"
2015,6,"Callan","Ward","GWS",5,"GWS Giants","Hawthorn"
2015,6,"Shaun","Burgoyne","HAW",4,"GWS Giants","Hawthorn"
2015,6,"Devon","Smith","GWS",2,"GWS Giants","Hawthorn"
2015,6,"Isaac","Smith","HAW",1,"GWS Giants","Hawthorn"
2015,6,"Eddie","Betts","ADEL",9,"Gold Coast Suns","Adelaide Crows"
2015,6,"Sam","Jacobs","ADEL",7,"Gold Coast Suns","Adelaide Crows"
2015,6,"Rory","Laird","ADEL",5,"Gold Coast Suns","Adelaide Crows"
2015,6,"Taylor","Walker","ADEL",3,"Gold Coast Suns","Adelaide Crows"
2015,6,"Dion","Prestia","GCFC",2,"Gold Coast Suns","Adelaide Crows"
2015,6,"Matthew","Wright","ADEL",2,"Gold Coast Suns","Adelaide Crows"
2015,6,"Adam","Saad","GCFC",1,"Gold Coast Suns","Adelaide Crows"
2015,6,"Alex","Sexton","GCFC",1,"Gold Coast Suns","Adelaide Crows"
2015,6,"Nathan","Fyfe","FRE",8,"Fremantle","Essendon"
2015,6,"Matthew","Pavlich","FRE",8,"Fremantle","Essendon"
2015,6,"Lachie","Neale","FRE",8,"Fremantle","Essendon"
2015,6,"David","Mundy","FRE",2,"Fremantle","Essendon"
2015,6,"Brendon","Goddard","ESS",2,"Fremantle","Essendon"
2015,6,"Lee","Spurr","FRE",1,"Fremantle","Essendon"
2015,6,"Danyle","Pearce","FRE",1,"Fremantle","Essendon"
2015,6,"Josh","Kennedy","SYD",10,"Melbourne","Sydney Swans"
2015,6,"Tom","McDonald","MELB",6,"Melbourne","Sydney Swans"
2015,6,"Kieren","Jack","SYD",4,"Melbourne","Sydney Swans"
2015,6,"Luke","Parker","SYD",3,"Melbourne","Sydney Swans"
2015,6,"Jarrad","McVeigh","SYD",3,"Melbourne","Sydney Swans"
2015,6,"Kurt","Tippett","SYD",2,"Melbourne","Sydney Swans"
2015,6,"Lewis","Jetta","SYD",2,"Melbourne","Sydney Swans"
2015,6,"Tom","Bell","CARL",7,"Carlton","Brisbane Lions"
2015,6,"Stefan","Martin","BL",7,"Carlton","Brisbane Lions"
2015,6,"Dayne","Beams","BL",5,"Carlton","Brisbane Lions"
2015,6,"Daniel","McStay","BL",4,"Carlton","Brisbane Lions"
2015,6,"Jack","Redden","BL",3,"Carlton","Brisbane Lions"
2015,6,"Levi","Casboult","CARL",2,"Carlton","Brisbane Lions"
2015,6,"Ed","Curnow","CARL",1,"Carlton","Brisbane Lions"
2015,6,"Harris","Andrews","BL",1,"Carlton","Brisbane Lions"
2015,6,"Mark","Lecras","WCE",10,"Port Adelaide","West Coast Eagles"
2015,6,"Matt","Priddis","WCE",8,"Port Adelaide","West Coast Eagles"
2015,6,"Robbie","Gray","PORT",4,"Port Adelaide","West Coast Eagles"
2015,6,"Elliot","Yeo","WCE",3,"Port Adelaide","West Coast Eagles"
2015,6,"Will","Schofield","WCE",2,"Port Adelaide","West Coast Eagles"
2015,6,"Brad","Sheppard","WCE",2,"Port Adelaide","West Coast Eagles"
2015,6,"Chad","Wingard","PORT",1,"Port Adelaide","West Coast Eagles"
2015,7,"Jack","Ziebell","NMFC",10,"Essendon","North Melbourne"
2015,7,"Lachlan","Hansen","NMFC",5,"Essendon","North Melbourne"
2015,7,"Drew","Petrie","NMFC",5,"Essendon","North Melbourne"
2015,7,"Ben","Cunnington","NMFC",4,"Essendon","North Melbourne"
2015,7,"Michael","Hurley","ESS",3,"Essendon","North Melbourne"
2015,7,"Brendon","Goddard","ESS",2,"Essendon","North Melbourne"
2015,7,"Dyson","Heppell","ESS",1,"Essendon","North Melbourne"
2015,7,"Eddie","Betts","ADEL",10,"Adelaide Crows","St Kilda"
2015,7,"Josh","Bruce","STK",6,"Adelaide Crows","St Kilda"
2015,7,"David","MacKay","ADEL",4,"Adelaide Crows","St Kilda"
2015,7,"Scott","Thompson","ADEL",4,"Adelaide Crows","St Kilda"
2015,7,"Sam","Jacobs","ADEL",3,"Adelaide Crows","St Kilda"
2015,7,"Rory","Laird","ADEL",2,"Adelaide Crows","St Kilda"
2015,7,"David","Armitage","STK",1,"Adelaide Crows","St Kilda"
2015,7,"Sam","Mitchell","HAW",7,"Hawthorn","Melbourne"
2015,7,"Liam","Shiels","HAW",7,"Hawthorn","Melbourne"
2015,7,"Jarryd","Roughead","HAW",5,"Hawthorn","Melbourne"
2015,7,"Cyril","Rioli","HAW",5,"Hawthorn","Melbourne"
2015,7,"Bradley","Hill","HAW",2,"Hawthorn","Melbourne"
2015,7,"Shaun","Burgoyne","HAW",2,"Hawthorn","Melbourne"
2015,7,"Will","Langford","HAW",1,"Hawthorn","Melbourne"
2015,7,"Billy","Hartung","HAW",1,"Hawthorn","Melbourne"
2015,7,"Stephen","Coniglio","GWS",9,"Carlton","GWS Giants"
2015,7,"Adam","Treloar","GWS",9,"Carlton","GWS Giants"
2015,7,"Dylan","Shiel","GWS",3,"Carlton","GWS Giants"
2015,7,"Jeremy","Cameron","GWS",3,"Carlton","GWS Giants"
2015,7,"Nick","Haynes","GWS",3,"Carlton","GWS Giants"
2015,7,"Shane","Mumford","GWS",3,"Carlton","GWS Giants"
2015,7,"Elliot","Yeo","WCE",9,"West Coast Eagles","Gold Coast Suns"
2015,7,"Matt","Priddis","WCE",9,"West Coast Eagles","Gold Coast Suns"
2015,7,"Chris","Masten","WCE",6,"West Coast Eagles","Gold Coast Suns"
2015,7,"Shannon","Hurn","WCE",3,"West Coast Eagles","Gold Coast Suns"
2015,7,"Luke","Shuey","WCE",2,"West Coast Eagles","Gold Coast Suns"
2015,7,"Brad","Sheppard","WCE",1,"West Coast Eagles","Gold Coast Suns"
2015,7,"Luke","Parker","SYD",10,"Sydney Swans","Geelong Cats"
2015,7,"Lance","Franklin","SYD",6,"Sydney Swans","Geelong Cats"
2015,7,"Dan","Hannebery","SYD",6,"Sydney Swans","Geelong Cats"
2015,7,"Tom","Mitchell","SYD",4,"Sydney Swans","Geelong Cats"
2015,7,"Josh","Kennedy","SYD",3,"Sydney Swans","Geelong Cats"
2015,7,"Lewis","Jetta","SYD",1,"Sydney Swans","Geelong Cats"
2015,7,"Tory","Dickson","WB",10,"Western Bulldogs","Fremantle"
2015,7,"Nathan","Fyfe","FRE",8,"Western Bulldogs","Fremantle"
2015,7,"Robert","Murphy","WB",4,"Western Bulldogs","Fremantle"
2015,7,"Matthew","Pavlich","FRE",3,"Western Bulldogs","Fremantle"
2015,7,"Michael","Johnson","FRE",2,"Western Bulldogs","Fremantle"
2015,7,"Easton","Wood","WB",2,"Western Bulldogs","Fremantle"
2015,7,"Jason","Johannisen","WB",1,"Western Bulldogs","Fremantle"
2015,7,"Trent","Cotchin","RICH",9,"Richmond","Collingwood"
2015,7,"Dane","Swan","COLL",7,"Richmond","Collingwood"
2015,7,"Brett","Deledio","RICH",7,"Richmond","Collingwood"
2015,7,"Shaun","Grigg","RICH",5,"Richmond","Collingwood"
2015,7,"Ivan","Maric","RICH",1,"Richmond","Collingwood"
2015,7,"Jack","Riewoldt","RICH",1,"Richmond","Collingwood"
2015,7,"Dayne","Beams","BL",10,"Brisbane Lions","Port Adelaide"
2015,7,"Stefan","Martin","BL",6,"Brisbane Lions","Port Adelaide"
2015,7,"Daniel","Rich","BL",6,"Brisbane Lions","Port Adelaide"
2015,7,"Lewis","Taylor","BL",4,"Brisbane Lions","Port Adelaide"
2015,7,"Josh","Green","BL",3,"Brisbane Lions","Port Adelaide"
2015,7,"Robbie","Gray","PORT",1,"Brisbane Lions","Port Adelaide"
2015,8,"Jordan","Murdoch","GEEL",10,"Geelong Cats","Carlton"
2015,8,"Mark","Blicavs","GEEL",8,"Geelong Cats","Carlton"
2015,8,"Josh","Caddy","GEEL",6,"Geelong Cats","Carlton"
2015,8,"Cameron","Guthrie","GEEL",3,"Geelong Cats","Carlton"
2015,8,"Tom","Lonergan","GEEL",2,"Geelong Cats","Carlton"
2015,8,"Steve","Johnson","GEEL",1,"Geelong Cats","Carlton"
2015,8,"Luke","Shuey","WCE",10,"St Kilda","West Coast Eagles"
2015,8,"Andrew","Gaff","WCE",8,"St Kilda","West Coast Eagles"
2015,8,"Matt","Priddis","WCE",5,"St Kilda","West Coast Eagles"
2015,8,"Jack","Steven","STK",5,"St Kilda","West Coast Eagles"
2015,8,"Leigh","Montagna","STK",1,"St Kilda","West Coast Eagles"
2015,8,"Elliot","Yeo","WCE",1,"St Kilda","West Coast Eagles"
2015,8,"Dylan","Shiel","GWS",10,"GWS Giants","Adelaide Crows"
2015,8,"Adam","Treloar","GWS",7,"GWS Giants","Adelaide Crows"
2015,8,"Ryan","Griffen","GWS",6,"GWS Giants","Adelaide Crows"
2015,8,"Cam","McCarthy","GWS",3,"GWS Giants","Adelaide Crows"
2015,8,"Devon","Smith","GWS",2,"GWS Giants","Adelaide Crows"
2015,8,"Patrick","Dangerfield","ADEL",1,"GWS Giants","Adelaide Crows"
2015,8,"Taylor","Walker","ADEL",1,"GWS Giants","Adelaide Crows"
2015,8,"Scott","Pendlebury","COLL",10,"Gold Coast Suns","Collingwood"
2015,8,"Travis","Varcoe","COLL",6,"Gold Coast Suns","Collingwood"
2015,8,"Jamie","Elliott","COLL",4,"Gold Coast Suns","Collingwood"
2015,8,"Steele","Sidebottom","COLL",3,"Gold Coast Suns","Collingwood"
2015,8,"Marley","Williams","COLL",3,"Gold Coast Suns","Collingwood"
2015,8,"Tyson","Goldsack","COLL",2,"Gold Coast Suns","Collingwood"
2015,8,"Dane","Swan","COLL",1,"Gold Coast Suns","Collingwood"
2015,8,"Jack","Crisp","COLL",1,"Gold Coast Suns","Collingwood"
2015,8,"Nathan","Fyfe","FRE",10,"Fremantle","North Melbourne"
2015,8,"Michael","Barlow","FRE",7,"Fremantle","North Melbourne"
2015,8,"Michael","Walters","FRE",7,"Fremantle","North Melbourne"
2015,8,"Lee","Spurr","FRE",2,"Fremantle","North Melbourne"
2015,8,"Lachie","Neale","FRE",2,"Fremantle","North Melbourne"
2015,8,"Michael","Johnson","FRE",1,"Fremantle","North Melbourne"
2015,8,"Garrick","Ibbotson","FRE",1,"Fremantle","North Melbourne"
2015,8,"Dan","Hannebery","SYD",10,"Hawthorn","Sydney Swans"
2015,8,"Luke","Parker","SYD",6,"Hawthorn","Sydney Swans"
2015,8,"Cyril","Rioli","HAW",4,"Hawthorn","Sydney Swans"
2015,8,"Sam","Reid","SYD",3,"Hawthorn","Sydney Swans"
2015,8,"Sam","Mitchell","HAW",3,"Hawthorn","Sydney Swans"
2015,8,"James","Frawley","HAW",2,"Hawthorn","Sydney Swans"
2015,8,"Jarrad","McVeigh","SYD",2,"Hawthorn","Sydney Swans"
2015,8,"Joe","Daniher","ESS",9,"Essendon","Brisbane Lions"
2015,8,"Cale","Hooker","ESS",9,"Essendon","Brisbane Lions"
2015,8,"Michael","Hibberd","ESS",5,"Essendon","Brisbane Lions"
2015,8,"Michael","Hurley","ESS",5,"Essendon","Brisbane Lions"
2015,8,"Ben","Howlett","ESS",1,"Essendon","Brisbane Lions"
2015,8,"Zach","Merrett","ESS",1,"Essendon","Brisbane Lions"
2015,8,"Aaron","vandenBerg","MELB",8,"Melbourne","Western Bulldogs"
2015,8,"Nathan","Jones","MELB",8,"Melbourne","Western Bulldogs"
2015,8,"Bernie","Vince","MELB",5,"Melbourne","Western Bulldogs"
2015,8,"Jesse","Hogan","MELB",4,"Melbourne","Western Bulldogs"
2015,8,"Luke","Dahlhaus","WB",3,"Melbourne","Western Bulldogs"
2015,8,"Daniel","Cross","MELB",1,"Melbourne","Western Bulldogs"
2015,8,"Cameron","Pedersen","MELB",1,"Melbourne","Western Bulldogs"
2015,8,"Jack","Riewoldt","RICH",10,"Port Adelaide","Richmond"
2015,8,"Dustin","Martin","RICH",8,"Port Adelaide","Richmond"
2015,8,"Brandon","Ellis","RICH",5,"Port Adelaide","Richmond"
2015,8,"Brett","Deledio","RICH",4,"Port Adelaide","Richmond"
2015,8,"Jack","Hombsch","PORT",2,"Port Adelaide","Richmond"
2015,8,"Kane","Cornes","PORT",1,"Port Adelaide","Richmond"
2015,9,"Lance","Franklin","SYD",10,"Sydney Swans","Carlton"
2015,9,"Kieren","Jack","SYD",6,"Sydney Swans","Carlton"
2015,9,"Dan","Hannebery","SYD",5,"Sydney Swans","Carlton"
2015,9,"Lewis","Jetta","SYD",5,"Sydney Swans","Carlton"
2015,9,"Tom","Mitchell","SYD",3,"Sydney Swans","Carlton"
2015,9,"Dane","Rampe","SYD",1,"Sydney Swans","Carlton"
2015,9,"Travis","Boak","PORT",9,"Melbourne","Port Adelaide"
2015,9,"Robbie","Gray","PORT",8,"Melbourne","Port Adelaide"
2015,9,"Brad","Ebert","PORT",7,"Melbourne","Port Adelaide"
2015,9,"Angus","Monfries","PORT",3,"Melbourne","Port Adelaide"
2015,9,"Ollie","Wines","PORT",2,"Melbourne","Port Adelaide"
2015,9,"Colin","Garland","MELB",1,"Melbourne","Port Adelaide"
2015,9,"Bradley","Hill","HAW",7,"Hawthorn","Gold Coast Suns"
2015,9,"Brian","Lake","HAW",6,"Hawthorn","Gold Coast Suns"
2015,9,"Sam","Mitchell","HAW",4,"Hawthorn","Gold Coast Suns"
2015,9,"Isaac","Smith","HAW",4,"Hawthorn","Gold Coast Suns"
2015,9,"Josh","Gibson","HAW",4,"Hawthorn","Gold Coast Suns"
2015,9,"Liam","Shiels","HAW",3,"Hawthorn","Gold Coast Suns"
2015,9,"Luke","Hodge","HAW",2,"Hawthorn","Gold Coast Suns"
2015,9,"Easton","Wood","WB",8,"Western Bulldogs","GWS Giants"
2015,9,"Mitch","Wallis","WB",8,"Western Bulldogs","GWS Giants"
2015,9,"Will","Minson","WB",6,"Western Bulldogs","GWS Giants"
2015,9,"Matthew","Boyd","WB",5,"Western Bulldogs","GWS Giants"
2015,9,"Liam","Picken","WB",2,"Western Bulldogs","GWS Giants"
2015,9,"Luke","Dahlhaus","WB",1,"Western Bulldogs","GWS Giants"
2015,9,"Nathan","Fyfe","FRE",10,"Adelaide Crows","Fremantle"
2015,9,"Patrick","Dangerfield","ADEL",8,"Adelaide Crows","Fremantle"
2015,9,"Aaron","Sandilands","FRE",4,"Adelaide Crows","Fremantle"
2015,9,"Michael","Walters","FRE",3,"Adelaide Crows","Fremantle"
2015,9,"Nathan","Van Berlo","ADEL",3,"Adelaide Crows","Fremantle"
2015,9,"Rory","Laird","ADEL",2,"Adelaide Crows","Fremantle"
2015,9,"Shane","Edwards","RICH",10,"Richmond","Essendon"
2015,9,"Brandon","Ellis","RICH",8,"Richmond","Essendon"
2015,9,"Dustin","Martin","RICH",6,"Richmond","Essendon"
2015,9,"Trent","Cotchin","RICH",4,"Richmond","Essendon"
2015,9,"Dyson","Heppell","ESS",1,"Richmond","Essendon"
2015,9,"Jake","Carlisle","ESS",1,"Richmond","Essendon"
2015,9,"David","Armitage","STK",10,"Brisbane Lions","St Kilda"
2015,9,"Dayne","Beams","BL",7,"Brisbane Lions","St Kilda"
2015,9,"Nick","Riewoldt","STK",5,"Brisbane Lions","St Kilda"
2015,9,"Adam","Schneider","STK",3,"Brisbane Lions","St Kilda"
2015,9,"Ryan","Lester","BL",2,"Brisbane Lions","St Kilda"
2015,9,"Stefan","Martin","BL",2,"Brisbane Lions","St Kilda"
2015,9,"Jack","Newnes","STK",1,"Brisbane Lions","St Kilda"
2015,9,"Josh","J Kennedy","WCE",10,"West Coast Eagles","Geelong Cats"
2015,9,"Nic","Naitanui","WCE",7,"West Coast Eagles","Geelong Cats"
2015,9,"Andrew","Gaff","WCE",7,"West Coast Eagles","Geelong Cats"
2015,9,"Chris","Masten","WCE",2,"West Coast Eagles","Geelong Cats"
2015,9,"Sharrod","Wellingham","WCE",2,"West Coast Eagles","Geelong Cats"
2015,9,"Tom","Hawkins","GEEL",1,"West Coast Eagles","Geelong Cats"
2015,9,"Mark","Lecras","WCE",1,"West Coast Eagles","Geelong Cats"
2015,9,"Jamie","Elliott","COLL",10,"Collingwood","North Melbourne"
2015,9,"Todd","Goldstein","NMFC",7,"Collingwood","North Melbourne"
2015,9,"Dane","Swan","COLL",6,"Collingwood","North Melbourne"
2015,9,"Steele","Sidebottom","COLL",5,"Collingwood","North Melbourne"
2015,9,"Brent","Harvey","NMFC",1,"Collingwood","North Melbourne"
2015,9,"Marley","Williams","COLL",1,"Collingwood","North Melbourne"
2015,10,"Dustin","Martin","RICH",10,"Fremantle","Richmond"
2015,10,"Shane","Edwards","RICH",5,"Fremantle","Richmond"
2015,10,"Brandon","Ellis","RICH",4,"Fremantle","Richmond"
2015,10,"Trent","Cotchin","RICH",4,"Fremantle","Richmond"
2015,10,"Aaron","Sandilands","FRE",4,"Fremantle","Richmond"
2015,10,"Nathan","Fyfe","FRE",2,"Fremantle","Richmond"
2015,10,"Bachar","Houli","RICH",1,"Fremantle","Richmond"
2015,10,"Josh","Jenkins","ADEL",9,"Carlton","Adelaide Crows"
2015,10,"Marc","Murphy","CARL",9,"Carlton","Adelaide Crows"
2015,10,"Rory","Laird","ADEL",4,"Carlton","Adelaide Crows"
2015,10,"Scott","Thompson","ADEL",3,"Carlton","Adelaide Crows"
2015,10,"Patrick","Cripps","CARL",2,"Carlton","Adelaide Crows"
2015,10,"Kade","Simpson","CARL",2,"Carlton","Adelaide Crows"
2015,10,"Zach","Tuohy","CARL",1,"Carlton","Adelaide Crows"
2015,10,"Dan","Hannebery","SYD",10,"Gold Coast Suns","Sydney Swans"
2015,10,"Jarrad","McVeigh","SYD",7,"Gold Coast Suns","Sydney Swans"
2015,10,"Dane","Rampe","SYD",6,"Gold Coast Suns","Sydney Swans"
2015,10,"Lewis","Jetta","SYD",5,"Gold Coast Suns","Sydney Swans"
2015,10,"Tom","J Lynch","GCFC",1,"Gold Coast Suns","Sydney Swans"
2015,10,"Tom","Mitchell","SYD",1,"Gold Coast Suns","Sydney Swans"
2015,10,"Ollie","Wines","PORT",10,"Port Adelaide","Western Bulldogs"
2015,10,"Chad","Wingard","PORT",7,"Port Adelaide","Western Bulldogs"
2015,10,"Jack","Macrae","WB",5,"Port Adelaide","Western Bulldogs"
2015,10,"Justin","Westhoff","PORT",3,"Port Adelaide","Western Bulldogs"
2015,10,"Easton","Wood","WB",2,"Port Adelaide","Western Bulldogs"
2015,10,"Angus","Monfries","PORT",2,"Port Adelaide","Western Bulldogs"
2015,10,"Alipate","Carlile","PORT",1,"Port Adelaide","Western Bulldogs"
2015,10,"Harry","Taylor","GEEL",10,"Essendon","Geelong Cats"
2015,10,"Corey","Enright","GEEL",6,"Essendon","Geelong Cats"
2015,10,"James","Kelly","GEEL",4,"Essendon","Geelong Cats"
2015,10,"Joel","Selwood","GEEL",4,"Essendon","Geelong Cats"
2015,10,"Steven","Motlop","GEEL",4,"Essendon","Geelong Cats"
2015,10,"Mark","Blicavs","GEEL",2,"Essendon","Geelong Cats"
2015,10,"Callan","Ward","GWS",10,"GWS Giants","Brisbane Lions"
2015,10,"Shane","Mumford","GWS",5,"GWS Giants","Brisbane Lions"
2015,10,"Dayne","Beams","BL",5,"GWS Giants","Brisbane Lions"
2015,10,"Stephen","Coniglio","GWS",3,"GWS Giants","Brisbane Lions"
2015,10,"Adam","Treloar","GWS",3,"GWS Giants","Brisbane Lions"
2015,10,"Lewis","Taylor","BL",2,"GWS Giants","Brisbane Lions"
2015,10,"Allen","Christensen","BL",2,"GWS Giants","Brisbane Lions"
2015,10,"Shaun","Higgins","NMFC",9,"North Melbourne","West Coast Eagles"
2015,10,"Jack","Ziebell","NMFC",8,"North Melbourne","West Coast Eagles"
2015,10,"Andrew","Gaff","WCE",6,"North Melbourne","West Coast Eagles"
2015,10,"Matt","Priddis","WCE",3,"North Melbourne","West Coast Eagles"
2015,10,"Sharrod","Wellingham","WCE",2,"North Melbourne","West Coast Eagles"
2015,10,"Drew","Petrie","NMFC",1,"North Melbourne","West Coast Eagles"
2015,10,"Brent","Harvey","NMFC",1,"North Melbourne","West Coast Eagles"
2015,10,"Sam","Mitchell","HAW",10,"St Kilda","Hawthorn"
2015,10,"Jack","Steven","STK",8,"St Kilda","Hawthorn"
2015,10,"Billy","Hartung","HAW",6,"St Kilda","Hawthorn"
2015,10,"Jarryn","Geary","STK",2,"St Kilda","Hawthorn"
2015,10,"Luke","Hodge","HAW",2,"St Kilda","Hawthorn"
2015,10,"Jarryd","Roughead","HAW",1,"St Kilda","Hawthorn"
2015,10,"Jack","Gunston","HAW",1,"St Kilda","Hawthorn"
2015,10,"Travis","Cloke","COLL",10,"Melbourne","Collingwood"
2015,10,"Bernie","Vince","MELB",7,"Melbourne","Collingwood"
2015,10,"Adam","Oxley","COLL",7,"Melbourne","Collingwood"
2015,10,"Nathan","Jones","MELB",4,"Melbourne","Collingwood"
2015,10,"Marley","Williams","COLL",1,"Melbourne","Collingwood"
2015,10,"Jack","Frost","COLL",1,"Melbourne","Collingwood"
2015,11,"Corey","Enright","GEEL",10,"Port Adelaide","Geelong Cats"
2015,11,"Chad","Wingard","PORT",8,"Port Adelaide","Geelong Cats"
2015,11,"Josh","Caddy","GEEL",3,"Port Adelaide","Geelong Cats"
2015,11,"Rhys","Stanley","GEEL",3,"Port Adelaide","Geelong Cats"
2015,11,"Cameron","Guthrie","GEEL",3,"Port Adelaide","Geelong Cats"
2015,11,"Mark","Blicavs","GEEL",2,"Port Adelaide","Geelong Cats"
2015,11,"Robbie","Gray","PORT",1,"Port Adelaide","Geelong Cats"
2015,11,"Nathan","Fyfe","FRE",10,"Gold Coast Suns","Fremantle"
2015,11,"Michael","Rischitelli","GCFC",7,"Gold Coast Suns","Fremantle"
2015,11,"Aaron","Sandilands","FRE",6,"Gold Coast Suns","Fremantle"
2015,11,"Luke","McPharlin","FRE",3,"Gold Coast Suns","Fremantle"
2015,11,"Kade","Kolodjashnij","GCFC",3,"Gold Coast Suns","Fremantle"
2015,11,"Andrew","Raines","GCFC",1,"Gold Coast Suns","Fremantle"
2015,11,"Matt","Priddis","WCE",7,"West Coast Eagles","Essendon"
2015,11,"Mark","Lecras","WCE",7,"West Coast Eagles","Essendon"
2015,11,"Andrew","Gaff","WCE",7,"West Coast Eagles","Essendon"
2015,11,"Zach","Merrett","ESS",4,"West Coast Eagles","Essendon"
2015,11,"Nic","Naitanui","WCE",3,"West Coast Eagles","Essendon"
2015,11,"Josh","Hill","WCE",1,"West Coast Eagles","Essendon"
2015,11,"Brent","Stanton","ESS",1,"West Coast Eagles","Essendon"
2015,11,"Todd","Goldstein","NMFC",8,"North Melbourne","Sydney Swans"
2015,11,"Luke","Parker","SYD",8,"North Melbourne","Sydney Swans"
2015,11,"Jarrad","McVeigh","SYD",7,"North Melbourne","Sydney Swans"
2015,11,"Lance","Franklin","SYD",3,"North Melbourne","Sydney Swans"
2015,11,"Lewis","Jetta","SYD",2,"North Melbourne","Sydney Swans"
2015,11,"Dane","Rampe","SYD",2,"North Melbourne","Sydney Swans"
2015,11,"Marley","Williams","COLL",8,"Collingwood","GWS Giants"
2015,11,"Taylor","Adams","COLL",7,"Collingwood","GWS Giants"
2015,11,"Nathan","Brown","COLL",6,"Collingwood","GWS Giants"
2015,11,"Scott","Pendlebury","COLL",5,"Collingwood","GWS Giants"
2015,11,"Heath","Shaw","GWS",2,"Collingwood","GWS Giants"
2015,11,"Dylan","Shiel","GWS",1,"Collingwood","GWS Giants"
2015,11,"Travis","Cloke","COLL",1,"Collingwood","GWS Giants"
2015,11,"Bernie","Vince","MELB",10,"St Kilda","Melbourne"
2015,11,"Leigh","Montagna","STK",8,"St Kilda","Melbourne"
2015,11,"Nick","Riewoldt","STK",5,"St Kilda","Melbourne"
2015,11,"Jesse","Hogan","MELB",5,"St Kilda","Melbourne"
2015,11,"Sean","Dempster","STK",2,"St Kilda","Melbourne"
2015,12,"Luke","Hodge","HAW",9,"Adelaide Crows","Hawthorn"
2015,12,"Liam","Shiels","HAW",5,"Adelaide Crows","Hawthorn"
2015,12,"David","Hale","HAW",5,"Adelaide Crows","Hawthorn"
2015,12,"Rory","Sloane","ADEL",3,"Adelaide Crows","Hawthorn"
2015,12,"Scott","Thompson","ADEL",3,"Adelaide Crows","Hawthorn"
2015,12,"Luke","Breust","HAW",2,"Adelaide Crows","Hawthorn"
2015,12,"Patrick","Dangerfield","ADEL",2,"Adelaide Crows","Hawthorn"
2015,12,"Shaun","Burgoyne","HAW",1,"Adelaide Crows","Hawthorn"
2015,12,"Nic","Naitanui","WCE",10,"Richmond","West Coast Eagles"
2015,12,"Dustin","Martin","RICH",7,"Richmond","West Coast Eagles"
2015,12,"Jeremy","McGovern","WCE",7,"Richmond","West Coast Eagles"
2015,12,"Andrew","Gaff","WCE",3,"Richmond","West Coast Eagles"
2015,12,"Elliot","Yeo","WCE",2,"Richmond","West Coast Eagles"
2015,12,"Matt","Priddis","WCE",1,"Richmond","West Coast Eagles"
2015,12,"Patrick","Cripps","CARL",10,"Carlton","Port Adelaide"
2015,12,"Chad","Wingard","PORT",6,"Carlton","Port Adelaide"
2015,12,"Marc","Murphy","CARL",5,"Carlton","Port Adelaide"
2015,12,"Travis","Boak","PORT",4,"Carlton","Port Adelaide"
2015,12,"Tom","Bell","CARL",3,"Carlton","Port Adelaide"
2015,12,"Andrew","Carrazzo","CARL",2,"Carlton","Port Adelaide"
2015,12,"Jamie","MacMillan","NMFC",9,"GWS Giants","North Melbourne"
2015,12,"Todd","Goldstein","NMFC",8,"GWS Giants","North Melbourne"
2015,12,"Nick","Dal Santo","NMFC",7,"GWS Giants","North Melbourne"
2015,12,"Heath","Shaw","GWS",3,"GWS Giants","North Melbourne"
2015,12,"Brent","Harvey","NMFC",2,"GWS Giants","North Melbourne"
2015,12,"Ben","Jacobs","NMFC",1,"GWS Giants","North Melbourne"
2015,12,"Jake","Stringer","WB",8,"Western Bulldogs","Brisbane Lions"
2015,12,"Mitch","Wallis","WB",8,"Western Bulldogs","Brisbane Lions"
2015,12,"Jack","Macrae","WB",6,"Western Bulldogs","Brisbane Lions"
2015,12,"Jarrad","Grant","WB",4,"Western Bulldogs","Brisbane Lions"
2015,12,"Dayne","Beams","BL",2,"Western Bulldogs","Brisbane Lions"
2015,12,"Luke","Dahlhaus","WB",1,"Western Bulldogs","Brisbane Lions"
2015,12,"Robert","Murphy","WB",1,"Western Bulldogs","Brisbane Lions"
2015,12,"Jack","Viney","MELB",8,"Geelong Cats","Melbourne"
2015,12,"Bernie","Vince","MELB",8,"Geelong Cats","Melbourne"
2015,12,"Lynden","Dunn","MELB",6,"Geelong Cats","Melbourne"
2015,12,"Nathan","Jones","MELB",3,"Geelong Cats","Melbourne"
2015,12,"Max","Gawn","MELB",3,"Geelong Cats","Melbourne"
2015,12,"Steven","Motlop","GEEL",2,"Geelong Cats","Melbourne"
2015,13,"Nathan","Fyfe","FRE",8,"Fremantle","Collingwood"
2015,13,"Stephen","Hill","FRE",5,"Fremantle","Collingwood"
2015,13,"Luke","McPharlin","FRE",4,"Fremantle","Collingwood"
2015,13,"Lachie","Neale","FRE",4,"Fremantle","Collingwood"
2015,13,"Dane","Swan","COLL",3,"Fremantle","Collingwood"
2015,13,"Garrick","Ibbotson","FRE",2,"Fremantle","Collingwood"
2015,13,"Michael","Walters","FRE",2,"Fremantle","Collingwood"
2015,13,"Marley","Williams","COLL",1,"Fremantle","Collingwood"
2015,13,"Jack","Frost","COLL",1,"Fremantle","Collingwood"
2015,13,"Jack","Riewoldt","RICH",10,"Sydney Swans","Richmond"
2015,13,"Trent","Cotchin","RICH",7,"Sydney Swans","Richmond"
2015,13,"Alex","Rance","RICH",6,"Sydney Swans","Richmond"
2015,13,"Anthony","Miles","RICH",4,"Sydney Swans","Richmond"
2015,13,"Luke","Parker","SYD",2,"Sydney Swans","Richmond"
2015,13,"Gary","Rohan","SYD",1,"Sydney Swans","Richmond"
2015,13,"Jarryd","Roughead","HAW",10,"Hawthorn","Essendon"
2015,13,"Sam","Mitchell","HAW",6,"Hawthorn","Essendon"
2015,13,"Jack","Gunston","HAW",4,"Hawthorn","Essendon"
2015,13,"Taylor","Duryea","HAW",4,"Hawthorn","Essendon"
2015,13,"Josh","Gibson","HAW",2,"Hawthorn","Essendon"
2015,13,"Zach","Merrett","ESS",2,"Hawthorn","Essendon"
2015,13,"Brendon","Goddard","ESS",1,"Hawthorn","Essendon"
2015,13,"Liam","Shiels","HAW",1,"Hawthorn","Essendon"
2015,13,"Dayne","Beams","BL",9,"Brisbane Lions","Adelaide Crows"
2015,13,"Scott","Thompson","ADEL",9,"Brisbane Lions","Adelaide Crows"
2015,13,"Dayne","Zorko","BL",3,"Brisbane Lions","Adelaide Crows"
2015,13,"Stefan","Martin","BL",3,"Brisbane Lions","Adelaide Crows"
2015,13,"Jack","Redden","BL",2,"Brisbane Lions","Adelaide Crows"
2015,13,"Matt","Crouch","ADEL",2,"Brisbane Lions","Adelaide Crows"
2015,13,"Rory","Laird","ADEL",1,"Brisbane Lions","Adelaide Crows"
2015,13,"Mitch","Robinson","BL",1,"Brisbane Lions","Adelaide Crows"
2015,13,"Easton","Wood","WB",10,"St Kilda","Western Bulldogs"
2015,13,"Robert","Murphy","WB",7,"St Kilda","Western Bulldogs"
2015,13,"Sean","Dempster","STK",4,"St Kilda","Western Bulldogs"
2015,13,"Leigh","Montagna","STK",3,"St Kilda","Western Bulldogs"
2015,13,"Jack","Newnes","STK",2,"St Kilda","Western Bulldogs"
2015,13,"Matthew","Boyd","WB",2,"St Kilda","Western Bulldogs"
2015,13,"Jarryn","Geary","STK",1,"St Kilda","Western Bulldogs"
2015,13,"Nick","Riewoldt","STK",1,"St Kilda","Western Bulldogs"
2015,13,"Tom","Bell","CARL",10,"Carlton","Gold Coast Suns"
2015,13,"Marc","Murphy","CARL",8,"Carlton","Gold Coast Suns"
2015,13,"Zach","Tuohy","CARL",6,"Carlton","Gold Coast Suns"
2015,13,"Andrew","Carrazzo","CARL",3,"Carlton","Gold Coast Suns"
2015,13,"Chris","Yarran","CARL",2,"Carlton","Gold Coast Suns"
2015,13,"Tom","J Lynch","GCFC",1,"Carlton","Gold Coast Suns"
2015,14,"Josh","Kennedy","SYD",10,"Sydney Swans","Port Adelaide"
2015,14,"Dan","Hannebery","SYD",8,"Sydney Swans","Port Adelaide"
2015,14,"Robbie","Gray","PORT",4,"Sydney Swans","Port Adelaide"
2015,14,"Adam","Goodes","SYD",3,"Sydney Swans","Port Adelaide"
2015,14,"Kieren","Jack","SYD",3,"Sydney Swans","Port Adelaide"
2015,14,"Chad","Wingard","PORT",1,"Sydney Swans","Port Adelaide"
2015,14,"Luke","Parker","SYD",1,"Sydney Swans","Port Adelaide"
2015,14,"Scott","Pendlebury","COLL",10,"Collingwood","Hawthorn"
2015,14,"Cyril","Rioli","HAW",8,"Collingwood","Hawthorn"
2015,14,"Liam","Shiels","HAW",5,"Collingwood","Hawthorn"
2015,14,"Jordan","Lewis","HAW",3,"Collingwood","Hawthorn"
2015,14,"Tom","Langdon","COLL",3,"Collingwood","Hawthorn"
2015,14,"Steele","Sidebottom","COLL",1,"Collingwood","Hawthorn"
2015,14,"Trent","Cotchin","RICH",10,"Richmond","GWS Giants"
2015,14,"Bachar","Houli","RICH",4,"Richmond","GWS Giants"
2015,14,"Shane","Edwards","RICH",4,"Richmond","GWS Giants"
2015,14,"Ryan","Griffen","GWS",3,"Richmond","GWS Giants"
2015,14,"Shaun","Grigg","RICH",3,"Richmond","GWS Giants"
2015,14,"Dustin","Martin","RICH",2,"Richmond","GWS Giants"
2015,14,"Alex","Rance","RICH",2,"Richmond","GWS Giants"
2015,14,"Heath","Shaw","GWS",1,"Richmond","GWS Giants"
2015,14,"Dylan","Shiel","GWS",1,"Richmond","GWS Giants"
2015,14,"Kade","Kolodjashnij","GCFC",9,"Gold Coast Suns","North Melbourne"
2015,14,"Charlie","Dixon","GCFC",9,"Gold Coast Suns","North Melbourne"
2015,14,"Steven","May","GCFC",6,"Gold Coast Suns","North Melbourne"
2015,14,"Gary","Ablett","GCFC",3,"Gold Coast Suns","North Melbourne"
2015,14,"Jamie","MacMillan","NMFC",2,"Gold Coast Suns","North Melbourne"
2015,14,"Michael","Rischitelli","GCFC",1,"Gold Coast Suns","North Melbourne"
2015,14,"Jack","Darling","WCE",10,"Melbourne","West Coast Eagles"
2015,14,"Andrew","Gaff","WCE",7,"Melbourne","West Coast Eagles"
2015,14,"Chris","Masten","WCE",5,"Melbourne","West Coast Eagles"
2015,14,"Sharrod","Wellingham","WCE",4,"Melbourne","West Coast Eagles"
2015,14,"Dom","Sheed","WCE",2,"Melbourne","West Coast Eagles"
2015,14,"Bernie","Vince","MELB",1,"Melbourne","West Coast Eagles"
2015,14,"Brad","Sheppard","WCE",1,"Melbourne","West Coast Eagles"
2015,14,"Zach","Tuohy","CARL",9,"Western Bulldogs","Carlton"
2015,14,"Matthew","Boyd","WB",9,"Western Bulldogs","Carlton"
2015,14,"Jack","Macrae","WB",3,"Western Bulldogs","Carlton"
2015,14,"Dennis","Armfield","CARL",3,"Western Bulldogs","Carlton"
2015,14,"Jason","Johannisen","WB",3,"Western Bulldogs","Carlton"
2015,14,"Liam","Picken","WB",2,"Western Bulldogs","Carlton"
2015,14,"Koby","Stevens","WB",1,"Western Bulldogs","Carlton"
2015,14,"David","Armitage","STK",10,"Essendon","St Kilda"
2015,14,"Josh","Bruce","STK",7,"Essendon","St Kilda"
2015,14,"Jack","Steven","STK",6,"Essendon","St Kilda"
2015,14,"Sean","Dempster","STK",3,"Essendon","St Kilda"
2015,14,"Dyson","Heppell","ESS",2,"Essendon","St Kilda"
2015,14,"Leigh","Montagna","STK",1,"Essendon","St Kilda"
2015,14,"Dylan","Roberton","STK",1,"Essendon","St Kilda"
2015,14,"David","Mundy","FRE",8,"Fremantle","Brisbane Lions"
2015,14,"Michael","Walters","FRE",8,"Fremantle","Brisbane Lions"
2015,14,"Matthew","Leuenberger","BL",5,"Fremantle","Brisbane Lions"
2015,14,"Dayne","Beams","BL",4,"Fremantle","Brisbane Lions"
2015,14,"Nathan","Fyfe","FRE",2,"Fremantle","Brisbane Lions"
2015,14,"Daniel","Rich","BL",2,"Fremantle","Brisbane Lions"
2015,14,"Luke","McPharlin","FRE",1,"Fremantle","Brisbane Lions"
2015,15,"Ollie","Wines","PORT",10,"Port Adelaide","Collingwood"
2015,15,"Chad","Wingard","PORT",6,"Port Adelaide","Collingwood"
2015,15,"Taylor","Adams","COLL",6,"Port Adelaide","Collingwood"
2015,15,"Steele","Sidebottom","COLL",5,"Port Adelaide","Collingwood"
2015,15,"Jack","Hombsch","PORT",2,"Port Adelaide","Collingwood"
2015,15,"Justin","Westhoff","PORT",1,"Port Adelaide","Collingwood"
2015,15,"Alex","Rance","RICH",10,"Richmond","Carlton"
2015,15,"Shaun","Grigg","RICH",8,"Richmond","Carlton"
2015,15,"Trent","Cotchin","RICH",5,"Richmond","Carlton"
2015,15,"Brandon","Ellis","RICH",3,"Richmond","Carlton"
2015,15,"Jack","Riewoldt","RICH",2,"Richmond","Carlton"
2015,15,"Brett","Deledio","RICH",1,"Richmond","Carlton"
2015,15,"Shaun","Hampson","RICH",1,"Richmond","Carlton"
2015,15,"Michael","Hurley","ESS",9,"Essendon","Melbourne"
2015,15,"Joe","Daniher","ESS",9,"Essendon","Melbourne"
2015,15,"Bernie","Vince","MELB",5,"Essendon","Melbourne"
2015,15,"Brendon","Goddard","ESS",3,"Essendon","Melbourne"
2015,15,"Brent","Stanton","ESS",3,"Essendon","Melbourne"
2015,15,"Max","Gawn","MELB",1,"Essendon","Melbourne"
2015,15,"Marcus","Bontempelli","WB",10,"Western Bulldogs","Gold Coast Suns"
2015,15,"Liam","Picken","WB",7,"Western Bulldogs","Gold Coast Suns"
2015,15,"Gary","Ablett","GCFC",4,"Western Bulldogs","Gold Coast Suns"
2015,15,"Jack","Macrae","WB",3,"Western Bulldogs","Gold Coast Suns"
2015,15,"Robert","Murphy","WB",2,"Western Bulldogs","Gold Coast Suns"
2015,15,"Kade","Kolodjashnij","GCFC",2,"Western Bulldogs","Gold Coast Suns"
2015,15,"Tom","J Lynch","GCFC",2,"Western Bulldogs","Gold Coast Suns"
2015,15,"Nic","Naitanui","WCE",9,"West Coast Eagles","Adelaide Crows"
2015,15,"Andrew","Gaff","WCE",9,"West Coast Eagles","Adelaide Crows"
2015,15,"Patrick","Dangerfield","ADEL",5,"West Coast Eagles","Adelaide Crows"
2015,15,"Luke","Shuey","WCE",3,"West Coast Eagles","Adelaide Crows"
2015,15,"Matt","Priddis","WCE",2,"West Coast Eagles","Adelaide Crows"
2015,15,"Jamie","Cripps","WCE",2,"West Coast Eagles","Adelaide Crows"
2015,15,"Ben","Cunnington","NMFC",10,"North Melbourne","Geelong Cats"
2015,15,"James","Bartel","GEEL",7,"North Melbourne","Geelong Cats"
2015,15,"Todd","Goldstein","NMFC",7,"North Melbourne","Geelong Cats"
2015,15,"Shaun","Higgins","NMFC",4,"North Melbourne","Geelong Cats"
2015,15,"Shaun","Atley","NMFC",2,"North Melbourne","Geelong Cats"
2015,15,"Callan","Ward","GWS",9,"GWS Giants","St Kilda"
2015,15,"Jeremy","Cameron","GWS",9,"GWS Giants","St Kilda"
2015,15,"Heath","Shaw","GWS",5,"GWS Giants","St Kilda"
2015,15,"Leigh","Montagna","STK",3,"GWS Giants","St Kilda"
2015,15,"Jack","Steven","STK",2,"GWS Giants","St Kilda"
2015,15,"Adam","Treloar","GWS",1,"GWS Giants","St Kilda"
2015,15,"Stephen","Coniglio","GWS",1,"GWS Giants","St Kilda"
2015,15,"Sam","Mitchell","HAW",10,"Hawthorn","Fremantle"
2015,15,"Luke","Hodge","HAW",8,"Hawthorn","Fremantle"
2015,15,"Josh","Gibson","HAW",5,"Hawthorn","Fremantle"
2015,15,"Luke","Breust","HAW",3,"Hawthorn","Fremantle"
2015,15,"Paul","Puopolo","HAW",2,"Hawthorn","Fremantle"
2015,15,"Ben","McEvoy","HAW",1,"Hawthorn","Fremantle"
2015,15,"Grant","Birchall","HAW",1,"Hawthorn","Fremantle"
2015,15,"Josh","Kennedy","SYD",10,"Brisbane Lions","Sydney Swans"
2015,15,"Dayne","Zorko","BL",7,"Brisbane Lions","Sydney Swans"
2015,15,"Dan","Hannebery","SYD",6,"Brisbane Lions","Sydney Swans"
2015,15,"Dayne","Beams","BL",4,"Brisbane Lions","Sydney Swans"
2015,15,"Kurt","Tippett","SYD",3,"Brisbane Lions","Sydney Swans"
2015,16,"Todd","Goldstein","NMFC",10,"North Melbourne","Essendon"
2015,16,"Michael","Hurley","ESS",7,"North Melbourne","Essendon"
2015,16,"Cale","Hooker","ESS",5,"North Melbourne","Essendon"
2015,16,"Jack","Ziebell","NMFC",4,"North Melbourne","Essendon"
2015,16,"Nick","Dal Santo","NMFC",2,"North Melbourne","Essendon"
2015,16,"Ben","Brown","NMFC",1,"North Melbourne","Essendon"
2015,16,"Ben","Jacobs","NMFC",1,"North Melbourne","Essendon"
2015,16,"Josh","Caddy","GEEL",10,"Geelong Cats","Western Bulldogs"
2015,16,"Mitch","Duncan","GEEL",8,"Geelong Cats","Western Bulldogs"
2015,16,"Luke","Dahlhaus","WB",6,"Geelong Cats","Western Bulldogs"
2015,16,"Steven","Motlop","GEEL",3,"Geelong Cats","Western Bulldogs"
2015,16,"Mark","Blicavs","GEEL",2,"Geelong Cats","Western Bulldogs"
2015,16,"James","Kelly","GEEL",1,"Geelong Cats","Western Bulldogs"
2015,16,"Devon","Smith","GWS",10,"Gold Coast Suns","GWS Giants"
2015,16,"Gary","Ablett","GCFC",8,"Gold Coast Suns","GWS Giants"
2015,16,"Callan","Ward","GWS",6,"Gold Coast Suns","GWS Giants"
2015,16,"Heath","Shaw","GWS",4,"Gold Coast Suns","GWS Giants"
2015,16,"Touk","Miller","GCFC",2,"Gold Coast Suns","GWS Giants"
2015,16,"Mark","Lecras","WCE",10,"Collingwood","West Coast Eagles"
2015,16,"Steele","Sidebottom","COLL",6,"Collingwood","West Coast Eagles"
2015,16,"Andrew","Gaff","WCE",4,"Collingwood","West Coast Eagles"
2015,16,"Jack","Crisp","COLL",4,"Collingwood","West Coast Eagles"
2015,16,"Jamie","Cripps","WCE",3,"Collingwood","West Coast Eagles"
2015,16,"Chris","Masten","WCE",2,"Collingwood","West Coast Eagles"
2015,16,"Marley","Williams","COLL",1,"Collingwood","West Coast Eagles"
2015,16,"Stephen","Hill","FRE",9,"Fremantle","Carlton"
2015,16,"David","Mundy","FRE",9,"Fremantle","Carlton"
2015,16,"Chris","Mayne","FRE",6,"Fremantle","Carlton"
2015,16,"Simon","White","CARL",2,"Fremantle","Carlton"
2015,16,"Marc","Murphy","CARL",2,"Fremantle","Carlton"
2015,16,"Garrick","Ibbotson","FRE",1,"Fremantle","Carlton"
2015,16,"Ed","Curnow","CARL",1,"Fremantle","Carlton"
2015,16,"Cyril","Rioli","HAW",9,"Sydney Swans","Hawthorn"
2015,16,"Jack","Gunston","HAW",6,"Sydney Swans","Hawthorn"
2015,16,"Jarryd","Roughead","HAW",5,"Sydney Swans","Hawthorn"
2015,16,"Grant","Birchall","HAW",4,"Sydney Swans","Hawthorn"
2015,16,"Luke","Breust","HAW",2,"Sydney Swans","Hawthorn"
2015,16,"Luke","Hodge","HAW",2,"Sydney Swans","Hawthorn"
2015,16,"Brian","Lake","HAW",1,"Sydney Swans","Hawthorn"
2015,16,"Sam","Mitchell","HAW",1,"Sydney Swans","Hawthorn"
2015,16,"Jesse","Hogan","MELB",10,"Melbourne","Brisbane Lions"
2015,16,"Jeremy","Howe","MELB",7,"Melbourne","Brisbane Lions"
2015,16,"Max","Gawn","MELB",6,"Melbourne","Brisbane Lions"
2015,16,"Jack","Viney","MELB",3,"Melbourne","Brisbane Lions"
2015,16,"Allen","Christensen","BL",3,"Melbourne","Brisbane Lions"
2015,16,"Dayne","Beams","BL",1,"Melbourne","Brisbane Lions"
2015,16,"Scott","Thompson","ADEL",10,"Port Adelaide","Adelaide Crows"
2015,16,"Sam","Jacobs","ADEL",6,"Port Adelaide","Adelaide Crows"
2015,16,"Patrick","Dangerfield","ADEL",4,"Port Adelaide","Adelaide Crows"
2015,16,"Travis","Boak","PORT",3,"Port Adelaide","Adelaide Crows"
2015,16,"Robbie","Gray","PORT",3,"Port Adelaide","Adelaide Crows"
2015,16,"Richard","Douglas","ADEL",2,"Port Adelaide","Adelaide Crows"
2015,16,"Paddy","Ryder","PORT",1,"Port Adelaide","Adelaide Crows"
2015,16,"Chad","Wingard","PORT",1,"Port Adelaide","Adelaide Crows"
2015,16,"Brett","Deledio","RICH",9,"St Kilda","Richmond"
2015,16,"Dustin","Martin","RICH",9,"St Kilda","Richmond"
2015,16,"Maverick","Weller","STK",6,"St Kilda","Richmond"
2015,16,"Nick","Vlastuin","RICH",2,"St Kilda","Richmond"
2015,16,"Jack","Steven","STK",2,"St Kilda","Richmond"
2015,16,"David","Armitage","STK",1,"St Kilda","Richmond"
2015,16,"Ben","Lennon","RICH",1,"St Kilda","Richmond"
2015,17,"Jack","Gunston","HAW",10,"Carlton","Hawthorn"
2015,17,"Jordan","Lewis","HAW",8,"Carlton","Hawthorn"
2015,17,"Luke","Hodge","HAW",4,"Carlton","Hawthorn"
2015,17,"Billy","Hartung","HAW",3,"Carlton","Hawthorn"
2015,17,"Luke","Breust","HAW",3,"Carlton","Hawthorn"
2015,17,"Josh","Gibson","HAW",2,"Carlton","Hawthorn"
2015,17,"Patrick","Dangerfield","ADEL",9,"Adelaide Crows","Gold Coast Suns"
2015,17,"Charlie","Cameron","ADEL",6,"Adelaide Crows","Gold Coast Suns"
2015,17,"Scott","Thompson","ADEL",5,"Adelaide Crows","Gold Coast Suns"
2015,17,"Tom","J Lynch","GCFC",4,"Adelaide Crows","Gold Coast Suns"
2015,17,"Harley","Bennell","GCFC",3,"Adelaide Crows","Gold Coast Suns"
2015,17,"Rory","Laird","ADEL",3,"Adelaide Crows","Gold Coast Suns"
2015,17,"Steven","Motlop","GEEL",10,"GWS Giants","Geelong Cats"
2015,17,"Tom","Hawkins","GEEL",8,"GWS Giants","Geelong Cats"
2015,17,"Adam","Treloar","GWS",4,"GWS Giants","Geelong Cats"
2015,17,"Harry","Taylor","GEEL",4,"GWS Giants","Geelong Cats"
2015,17,"Joel","Selwood","GEEL",3,"GWS Giants","Geelong Cats"
2015,17,"James","Kelly","GEEL",1,"GWS Giants","Geelong Cats"
2015,17,"David","Mundy","FRE",9,"Richmond","Fremantle"
2015,17,"Troy","Chaplin","RICH",8,"Richmond","Fremantle"
2015,17,"Brandon","Ellis","RICH",4,"Richmond","Fremantle"
2015,17,"Michael","Barlow","FRE",3,"Richmond","Fremantle"
2015,17,"Kane","Lambert","RICH",2,"Richmond","Fremantle"
2015,17,"Shaun","Grigg","RICH",2,"Richmond","Fremantle"
2015,17,"Matthew","Pavlich","FRE",1,"Richmond","Fremantle"
2015,17,"Stephen","Hill","FRE",1,"Richmond","Fremantle"
2015,17,"Travis","Boak","PORT",10,"Essendon","Port Adelaide"
2015,17,"Cale","Hooker","ESS",7,"Essendon","Port Adelaide"
2015,17,"Chad","Wingard","PORT",6,"Essendon","Port Adelaide"
2015,17,"Robbie","Gray","PORT",3,"Essendon","Port Adelaide"
2015,17,"Ollie","Wines","PORT",2,"Essendon","Port Adelaide"
2015,17,"Brendon","Goddard","ESS",1,"Essendon","Port Adelaide"
2015,17,"Nick","O'Brien","ESS",1,"Essendon","Port Adelaide"
2015,17,"Drew","Petrie","NMFC",10,"Brisbane Lions","North Melbourne"
2015,17,"Nick","Dal Santo","NMFC",8,"Brisbane Lions","North Melbourne"
2015,17,"Brent","Harvey","NMFC",5,"Brisbane Lions","North Melbourne"
2015,17,"Ben","Jacobs","NMFC",3,"Brisbane Lions","North Melbourne"
2015,17,"Shaun","Higgins","NMFC",2,"Brisbane Lions","North Melbourne"
2015,17,"Jack","Redden","BL",1,"Brisbane Lions","North Melbourne"
2015,17,"Mitch","Robinson","BL",1,"Brisbane Lions","North Melbourne"
2015,17,"Lachie","Hunter","WB",8,"Western Bulldogs","Collingwood"
2015,17,"Steele","Sidebottom","COLL",7,"Western Bulldogs","Collingwood"
2015,17,"Matthew","Boyd","WB",5,"Western Bulldogs","Collingwood"
2015,17,"Mitch","Wallis","WB",4,"Western Bulldogs","Collingwood"
2015,17,"Jason","Johannisen","WB",2,"Western Bulldogs","Collingwood"
2015,17,"Robert","Murphy","WB",2,"Western Bulldogs","Collingwood"
2015,17,"Dale","Morris","WB",1,"Western Bulldogs","Collingwood"
2015,17,"Darcy","Moore","COLL",1,"Western Bulldogs","Collingwood"
2015,17,"Matt","Priddis","WCE",10,"West Coast Eagles","Sydney Swans"
2015,17,"Mark","Lecras","WCE",6,"West Coast Eagles","Sydney Swans"
2015,17,"Brad","Sheppard","WCE",6,"West Coast Eagles","Sydney Swans"
2015,17,"Callum","Sinclair","WCE",3,"West Coast Eagles","Sydney Swans"
2015,17,"Nic","Naitanui","WCE",3,"West Coast Eagles","Sydney Swans"
2015,17,"Lewis","Jetta","SYD",1,"West Coast Eagles","Sydney Swans"
2015,17,"Andrew","Gaff","WCE",1,"West Coast Eagles","Sydney Swans"
2015,17,"Sean","Dempster","STK",10,"Melbourne","St Kilda"
2015,17,"Jack","Viney","MELB",7,"Melbourne","St Kilda"
2015,17,"Dylan","Roberton","STK",5,"Melbourne","St Kilda"
2015,17,"Nick","Riewoldt","STK",4,"Melbourne","St Kilda"
2015,17,"Shane","Savage","STK",3,"Melbourne","St Kilda"
2015,17,"Jimmy","Webster","STK",1,"Melbourne","St Kilda"
2015,18,"Brett","Deledio","RICH",9,"Hawthorn","Richmond"
2015,18,"Anthony","Miles","RICH",7,"Hawthorn","Richmond"
2015,18,"Trent","Cotchin","RICH",4,"Hawthorn","Richmond"
2015,18,"Ivan","Maric","RICH",4,"Hawthorn","Richmond"
2015,18,"Alex","Rance","RICH",4,"Hawthorn","Richmond"
2015,18,"Jack","Gunston","HAW",2,"Hawthorn","Richmond"
2015,18,"Cameron","Guthrie","GEEL",10,"Geelong Cats","Brisbane Lions"
2015,18,"Josh","Walker","GEEL",6,"Geelong Cats","Brisbane Lions"
2015,18,"Steven","Motlop","GEEL",6,"Geelong Cats","Brisbane Lions"
2015,18,"Josh","Caddy","GEEL",4,"Geelong Cats","Brisbane Lions"
2015,18,"Harris","Andrews","BL",3,"Geelong Cats","Brisbane Lions"
2015,18,"Mark","Blicavs","GEEL",1,"Geelong Cats","Brisbane Lions"
2015,18,"Bernie","Vince","MELB",10,"Collingwood","Melbourne"
2015,18,"Jesse","Hogan","MELB",6,"Collingwood","Melbourne"
2015,18,"Max","Gawn","MELB",4,"Collingwood","Melbourne"
2015,18,"Jack","Viney","MELB",3,"Collingwood","Melbourne"
2015,18,"Jack","Watts","MELB",3,"Collingwood","Melbourne"
2015,18,"Colin","Garland","MELB",2,"Collingwood","Melbourne"
2015,18,"Dane","Swan","COLL",2,"Collingwood","Melbourne"
2015,18,"Dan","Hannebery","SYD",10,"Sydney Swans","Adelaide Crows"
2015,18,"Jarrad","McVeigh","SYD",8,"Sydney Swans","Adelaide Crows"
2015,18,"Kurt","Tippett","SYD",5,"Sydney Swans","Adelaide Crows"
2015,18,"Josh","Kennedy","SYD",4,"Sydney Swans","Adelaide Crows"
2015,18,"Tom","Mitchell","SYD",2,"Sydney Swans","Adelaide Crows"
2015,18,"Luke","Parker","SYD",1,"Sydney Swans","Adelaide Crows"
2015,18,"Shaun","Higgins","NMFC",9,"Carlton","North Melbourne"
2015,18,"Jack","Ziebell","NMFC",9,"Carlton","North Melbourne"
2015,18,"Todd","Goldstein","NMFC",3,"Carlton","North Melbourne"
2015,18,"Patrick","Cripps","CARL",3,"Carlton","North Melbourne"
2015,18,"Nick","Dal Santo","NMFC",2,"Carlton","North Melbourne"
2015,18,"Marc","Murphy","CARL",2,"Carlton","North Melbourne"
2015,18,"Shaun","Atley","NMFC",2,"Carlton","North Melbourne"
2015,18,"Tom","J Lynch","GCFC",7,"Gold Coast Suns","West Coast Eagles"
2015,18,"Dom","Sheed","WCE",6,"Gold Coast Suns","West Coast Eagles"
2015,18,"Steven","May","GCFC",6,"Gold Coast Suns","West Coast Eagles"
2015,18,"Harley","Bennell","GCFC",5,"Gold Coast Suns","West Coast Eagles"
2015,18,"Matt","Priddis","WCE",5,"Gold Coast Suns","West Coast Eagles"
2015,18,"Kade","Kolodjashnij","GCFC",1,"Gold Coast Suns","West Coast Eagles"
2015,18,"Robbie","Gray","PORT",10,"Port Adelaide","St Kilda"
2015,18,"Justin","Westhoff","PORT",6,"Port Adelaide","St Kilda"
2015,18,"Chad","Wingard","PORT",6,"Port Adelaide","St Kilda"
2015,18,"Travis","Boak","PORT",6,"Port Adelaide","St Kilda"
2015,18,"Sam","Gray","PORT",1,"Port Adelaide","St Kilda"
2015,18,"Hamish","Hartlett","PORT",1,"Port Adelaide","St Kilda"
2015,18,"David","Mundy","FRE",7,"Fremantle","GWS Giants"
2015,18,"Aaron","Sandilands","FRE",5,"Fremantle","GWS Giants"
2015,18,"Lachie","Neale","FRE",5,"Fremantle","GWS Giants"
2015,18,"Michael","Walters","FRE",4,"Fremantle","GWS Giants"
2015,18,"Luke","McPharlin","FRE",4,"Fremantle","GWS Giants"
2015,18,"Stephen","Hill","FRE",2,"Fremantle","GWS Giants"
2015,18,"Adam","Treloar","GWS",2,"Fremantle","GWS Giants"
2015,18,"Jeremy","Cameron","GWS",1,"Fremantle","GWS Giants"
2015,18,"Stewart","Crameri","WB",10,"Essendon","Western Bulldogs"
2015,18,"Jason","Johannisen","WB",6,"Essendon","Western Bulldogs"
2015,18,"Easton","Wood","WB",4,"Essendon","Western Bulldogs"
2015,18,"Mitch","Wallis","WB",3,"Essendon","Western Bulldogs"
2015,18,"Jack","Macrae","WB",3,"Essendon","Western Bulldogs"
2015,18,"Lachie","Hunter","WB",2,"Essendon","Western Bulldogs"
2015,18,"Jake","Stringer","WB",2,"Essendon","Western Bulldogs"
2015,19,"Taylor","Walker","ADEL",9,"Adelaide Crows","Richmond"
2015,19,"Sam","Jacobs","ADEL",7,"Adelaide Crows","Richmond"
2015,19,"Rory","Sloane","ADEL",6,"Adelaide Crows","Richmond"
2015,19,"Patrick","Dangerfield","ADEL",4,"Adelaide Crows","Richmond"
2015,19,"Scott","Thompson","ADEL",2,"Adelaide Crows","Richmond"
2015,19,"Daniel","Talia","ADEL",1,"Adelaide Crows","Richmond"
2015,19,"Ricky","Henderson","ADEL",1,"Adelaide Crows","Richmond"
2015,19,"Dane","Swan","COLL",10,"Collingwood","Carlton"
2015,19,"Marc","Murphy","CARL",8,"Collingwood","Carlton"
2015,19,"Scott","Pendlebury","COLL",5,"Collingwood","Carlton"
2015,19,"Patrick","Cripps","CARL",5,"Collingwood","Carlton"
2015,19,"Alex","Fasolo","COLL",2,"Collingwood","Carlton"
2015,19,"Mitch","Wallis","WB",9,"Western Bulldogs","Port Adelaide"
2015,19,"Marcus","Bontempelli","WB",5,"Western Bulldogs","Port Adelaide"
2015,19,"Matthew","Boyd","WB",4,"Western Bulldogs","Port Adelaide"
2015,19,"Jake","Stringer","WB",4,"Western Bulldogs","Port Adelaide"
2015,19,"Stewart","Crameri","WB",3,"Western Bulldogs","Port Adelaide"
2015,19,"Tory","Dickson","WB",3,"Western Bulldogs","Port Adelaide"
2015,19,"Dale","Morris","WB",2,"Western Bulldogs","Port Adelaide"
2015,19,"Tom","J Lynch","GCFC",9,"Brisbane Lions","Gold Coast Suns"
2015,19,"Aaron","Hall","GCFC",9,"Brisbane Lions","Gold Coast Suns"
2015,19,"Pearce","Hanley","BL",6,"Brisbane Lions","Gold Coast Suns"
2015,19,"Stefan","Martin","BL",3,"Brisbane Lions","Gold Coast Suns"
2015,19,"Allen","Christensen","BL",3,"Brisbane Lions","Gold Coast Suns"
2015,19,"Sam","Mitchell","HAW",10,"West Coast Eagles","Hawthorn"
2015,19,"Andrew","Gaff","WCE",7,"West Coast Eagles","Hawthorn"
2015,19,"Luke","Breust","HAW",7,"West Coast Eagles","Hawthorn"
2015,19,"Grant","Birchall","HAW",2,"West Coast Eagles","Hawthorn"
2015,19,"Luke","Shuey","WCE",2,"West Coast Eagles","Hawthorn"
2015,19,"Josh","J Kennedy","WCE",1,"West Coast Eagles","Hawthorn"
2015,19,"Liam","Shiels","HAW",1,"West Coast Eagles","Hawthorn"
2015,19,"Joel","Selwood","GEEL",10,"Geelong Cats","Sydney Swans"
2015,19,"Steven","Motlop","GEEL",4,"Geelong Cats","Sydney Swans"
2015,19,"Corey","Enright","GEEL",4,"Geelong Cats","Sydney Swans"
2015,19,"Cameron","Guthrie","GEEL",3,"Geelong Cats","Sydney Swans"
2015,19,"Josh","Kennedy","SYD",3,"Geelong Cats","Sydney Swans"
2015,19,"Lewis","Jetta","SYD",2,"Geelong Cats","Sydney Swans"
2015,19,"Mark","Blicavs","GEEL",2,"Geelong Cats","Sydney Swans"
2015,19,"Harry","Taylor","GEEL",2,"Geelong Cats","Sydney Swans"
2015,19,"Shaun","Higgins","NMFC",10,"Melbourne","North Melbourne"
2015,19,"Jesse","Hogan","MELB",7,"Melbourne","North Melbourne"
2015,19,"Ben","Cunnington","NMFC",6,"Melbourne","North Melbourne"
2015,19,"Todd","Goldstein","NMFC",5,"Melbourne","North Melbourne"
2015,19,"Lindsay","Thomas","NMFC",2,"Melbourne","North Melbourne"
2015,19,"Toby","Greene","GWS",8,"GWS Giants","Essendon"
2015,19,"Stephen","Coniglio","GWS",7,"GWS Giants","Essendon"
2015,19,"Josh","Kelly","GWS",5,"GWS Giants","Essendon"
2015,19,"Michael","Hibberd","ESS",3,"GWS Giants","Essendon"
2015,19,"Adam","Treloar","GWS",3,"GWS Giants","Essendon"
2015,19,"Brent","Stanton","ESS",2,"GWS Giants","Essendon"
2015,19,"Brendon","Goddard","ESS",1,"GWS Giants","Essendon"
2015,19,"Jonathan","Giles","ESS",1,"GWS Giants","Essendon"
2015,19,"David","Mundy","FRE",9,"St Kilda","Fremantle"
2015,19,"Stephen","Hill","FRE",9,"St Kilda","Fremantle"
2015,19,"Aaron","Sandilands","FRE",5,"St Kilda","Fremantle"
2015,19,"Lachie","Neale","FRE",3,"St Kilda","Fremantle"
2015,19,"Jack","Steven","STK",2,"St Kilda","Fremantle"
2015,19,"Leigh","Montagna","STK",2,"St Kilda","Fremantle"
2015,20,"Tom","Mitchell","SYD",9,"Sydney Swans","Collingwood"
2015,20,"Josh","Kennedy","SYD",8,"Sydney Swans","Collingwood"
2015,20,"Dane","Swan","COLL",4,"Sydney Swans","Collingwood"
2015,20,"Kieren","Jack","SYD",4,"Sydney Swans","Collingwood"
2015,20,"Jarrad","McVeigh","SYD",3,"Sydney Swans","Collingwood"
2015,20,"Steele","Sidebottom","COLL",2,"Sydney Swans","Collingwood"
2015,20,"Patrick","Dangerfield","ADEL",10,"Essendon","Adelaide Crows"
2015,20,"Eddie","Betts","ADEL",5,"Essendon","Adelaide Crows"
2015,20,"Rory","Sloane","ADEL",4,"Essendon","Adelaide Crows"
2015,20,"Tom","Lynch","ADEL",4,"Essendon","Adelaide Crows"
2015,20,"Brodie","Smith","ADEL",4,"Essendon","Adelaide Crows"
2015,20,"Sam","Jacobs","ADEL",2,"Essendon","Adelaide Crows"
2015,20,"Rory","Laird","ADEL",1,"Essendon","Adelaide Crows"
2015,20,"Andrew","Swallow","NMFC",10,"North Melbourne","St Kilda"
2015,20,"David","Armitage","STK",4,"North Melbourne","St Kilda"
2015,20,"Drew","Petrie","NMFC",4,"North Melbourne","St Kilda"
2015,20,"Ben","Cunnington","NMFC",4,"North Melbourne","St Kilda"
2015,20,"Todd","Goldstein","NMFC",3,"North Melbourne","St Kilda"
2015,20,"Ben","Jacobs","NMFC",3,"North Melbourne","St Kilda"
2015,20,"Jack","Newnes","STK",2,"North Melbourne","St Kilda"
2015,20,"Brendon","Ah Chee","PORT",10,"Port Adelaide","GWS Giants"
2015,20,"Rhys","Palmer","GWS",8,"Port Adelaide","GWS Giants"
2015,20,"Chad","Wingard","PORT",6,"Port Adelaide","GWS Giants"
2015,20,"Callan","Ward","GWS",3,"Port Adelaide","GWS Giants"
2015,20,"Robbie","Gray","PORT",2,"Port Adelaide","GWS Giants"
2015,20,"Paddy","Ryder","PORT",1,"Port Adelaide","GWS Giants"
2015,20,"Cyril","Rioli","HAW",10,"Geelong Cats","Hawthorn"
2015,20,"Luke","Hodge","HAW",8,"Geelong Cats","Hawthorn"
2015,20,"Cameron","Guthrie","GEEL",6,"Geelong Cats","Hawthorn"
2015,20,"Liam","Shiels","HAW",2,"Geelong Cats","Hawthorn"
2015,20,"Sam","Mitchell","HAW",2,"Geelong Cats","Hawthorn"
2015,20,"Ben","McEvoy","HAW",1,"Geelong Cats","Hawthorn"
2015,20,"Joel","Selwood","GEEL",1,"Geelong Cats","Hawthorn"
2015,20,"Mitch","Robinson","BL",10,"Brisbane Lions","Carlton"
2015,20,"Tom","Rockliff","BL",8,"Brisbane Lions","Carlton"
2015,20,"Stefan","Martin","BL",6,"Brisbane Lions","Carlton"
2015,20,"Jack","Redden","BL",2,"Brisbane Lions","Carlton"
2015,20,"Dayne","Zorko","BL",2,"Brisbane Lions","Carlton"
2015,20,"Patrick","Cripps","CARL",1,"Brisbane Lions","Carlton"
2015,20,"Tom","Cutler","BL",1,"Brisbane Lions","Carlton"
2015,20,"Dustin","Martin","RICH",10,"Richmond","Gold Coast Suns"
2015,20,"Alex","Rance","RICH",6,"Richmond","Gold Coast Suns"
2015,20,"Kane","Lambert","RICH",5,"Richmond","Gold Coast Suns"
2015,20,"Nick","Vlastuin","RICH",3,"Richmond","Gold Coast Suns"
2015,20,"Brandon","Ellis","RICH",3,"Richmond","Gold Coast Suns"
2015,20,"Aaron","Hall","GCFC",2,"Richmond","Gold Coast Suns"
2015,20,"Tom","J Lynch","GCFC",1,"Richmond","Gold Coast Suns"
2015,20,"Josh","Hill","WCE",8,"Fremantle","West Coast Eagles"
2015,20,"Luke","Shuey","WCE",7,"Fremantle","West Coast Eagles"
2015,20,"Josh","J Kennedy","WCE",6,"Fremantle","West Coast Eagles"
2015,20,"Aaron","Sandilands","FRE",3,"Fremantle","West Coast Eagles"
2015,20,"Stephen","Hill","FRE",3,"Fremantle","West Coast Eagles"
2015,20,"Michael","Walters","FRE",2,"Fremantle","West Coast Eagles"
2015,20,"Matt","Priddis","WCE",1,"Fremantle","West Coast Eagles"
2015,20,"Luke","Dahlhaus","WB",10,"Western Bulldogs","Melbourne"
2015,20,"Mitch","Wallis","WB",7,"Western Bulldogs","Melbourne"
2015,20,"Jake","Stringer","WB",4,"Western Bulldogs","Melbourne"
2015,20,"Shane","Biggs","WB",4,"Western Bulldogs","Melbourne"
2015,20,"Lachie","Hunter","WB",4,"Western Bulldogs","Melbourne"
2015,20,"Easton","Wood","WB",1,"Western Bulldogs","Melbourne"
2015,21,"Robbie","Gray","PORT",10,"Hawthorn","Port Adelaide"
2015,21,"Paddy","Ryder","PORT",8,"Hawthorn","Port Adelaide"
2015,21,"Chad","Wingard","PORT",5,"Hawthorn","Port Adelaide"
2015,21,"Sam","Gray","PORT",5,"Hawthorn","Port Adelaide"
2015,21,"Josh","Gibson","HAW",1,"Hawthorn","Port Adelaide"
2015,21,"Hamish","Hartlett","PORT",1,"Hawthorn","Port Adelaide"
2015,21,"Ty","Vickery","RICH",9,"Collingwood","Richmond"
2015,21,"Dustin","Martin","RICH",6,"Collingwood","Richmond"
2015,21,"Alex","Rance","RICH",5,"Collingwood","Richmond"
2015,21,"Brandon","Ellis","RICH",4,"Collingwood","Richmond"
2015,21,"Ivan","Maric","RICH",3,"Collingwood","Richmond"
2015,21,"Taylor","Hunt","RICH",2,"Collingwood","Richmond"
2015,21,"Bachar","Houli","RICH",1,"Collingwood","Richmond"
2015,21,"Josh","Kennedy","SYD",9,"GWS Giants","Sydney Swans"
2015,21,"Kurt","Tippett","SYD",9,"GWS Giants","Sydney Swans"
2015,21,"Harry","Cunningham","SYD",3,"GWS Giants","Sydney Swans"
2015,21,"Jarrad","McVeigh","SYD",3,"GWS Giants","Sydney Swans"
2015,21,"Adam","Goodes","SYD",2,"GWS Giants","Sydney Swans"
2015,21,"Kieren","Jack","SYD",2,"GWS Giants","Sydney Swans"
2015,21,"Sam","Reid","SYD",1,"GWS Giants","Sydney Swans"
2015,21,"Heath","Shaw","GWS",1,"GWS Giants","Sydney Swans"
2015,21,"Aaron","Hall","GCFC",10,"Gold Coast Suns","Essendon"
2015,21,"Shaun","McKernan","ESS",8,"Gold Coast Suns","Essendon"
2015,21,"Jack","Martin","GCFC",6,"Gold Coast Suns","Essendon"
2015,21,"Brandon","Matera","GCFC",2,"Gold Coast Suns","Essendon"
2015,21,"Dyson","Heppell","ESS",2,"Gold Coast Suns","Essendon"
2015,21,"Courtenay","Dempsey","ESS",1,"Gold Coast Suns","Essendon"
2015,21,"Tom","J Lynch","GCFC",1,"Gold Coast Suns","Essendon"
2015,21,"Taylor","Walker","ADEL",10,"Adelaide Crows","Brisbane Lions"
2015,21,"Rory","Sloane","ADEL",7,"Adelaide Crows","Brisbane Lions"
2015,21,"Tom","Lynch","ADEL",7,"Adelaide Crows","Brisbane Lions"
2015,21,"Brodie","Smith","ADEL",2,"Adelaide Crows","Brisbane Lions"
2015,21,"Ricky","Henderson","ADEL",2,"Adelaide Crows","Brisbane Lions"
2015,21,"Dayne","Zorko","BL",1,"Adelaide Crows","Brisbane Lions"
2015,21,"Sam","Jacobs","ADEL",1,"Adelaide Crows","Brisbane Lions"
2015,21,"Cameron","Guthrie","GEEL",8,"St Kilda","Geelong Cats"
2015,21,"Jack","Steven","STK",8,"St Kilda","Geelong Cats"
2015,21,"Steven","Motlop","GEEL",8,"St Kilda","Geelong Cats"
2015,21,"Sam","Gilbert","STK",4,"St Kilda","Geelong Cats"
2015,21,"Sebastian","Ross","STK",1,"St Kilda","Geelong Cats"
2015,21,"Steve","Johnson","GEEL",1,"St Kilda","Geelong Cats"
2015,21,"Andrew","Swallow","NMFC",5,"North Melbourne","Fremantle"
2015,21,"Brent","Harvey","NMFC",5,"North Melbourne","Fremantle"
2015,21,"Ben","Cunnington","NMFC",4,"North Melbourne","Fremantle"
2015,21,"Aaron","Sandilands","FRE",4,"North Melbourne","Fremantle"
2015,21,"Michael","Johnson","FRE",4,"North Melbourne","Fremantle"
2015,21,"Lachie","Neale","FRE",3,"North Melbourne","Fremantle"
2015,21,"Ben","Brown","NMFC",3,"North Melbourne","Fremantle"
2015,21,"Robbie","Tarrant","NMFC",1,"North Melbourne","Fremantle"
2015,21,"Nick","Dal Santo","NMFC",1,"North Melbourne","Fremantle"
2015,21,"Josh","J Kennedy","WCE",10,"West Coast Eagles","Western Bulldogs"
2015,21,"Jake","Stringer","WB",7,"West Coast Eagles","Western Bulldogs"
2015,21,"Nic","Naitanui","WCE",7,"West Coast Eagles","Western Bulldogs"
2015,21,"Matt","Priddis","WCE",3,"West Coast Eagles","Western Bulldogs"
2015,21,"Luke","Shuey","WCE",2,"West Coast Eagles","Western Bulldogs"
2015,21,"Andrew","Gaff","WCE",1,"West Coast Eagles","Western Bulldogs"
2015,21,"Patrick","Cripps","CARL",10,"Carlton","Melbourne"
2015,21,"Matthew","Kreuzer","CARL",8,"Carlton","Melbourne"
2015,21,"Tom","McDonald","MELB",6,"Carlton","Melbourne"
2015,21,"Zach","Tuohy","CARL",4,"Carlton","Melbourne"
2015,21,"Andrew","Walker","CARL",2,"Carlton","Melbourne"
2015,22,"Taylor","Adams","COLL",10,"Geelong Cats","Collingwood"
2015,22,"Scott","Pendlebury","COLL",7,"Geelong Cats","Collingwood"
2015,22,"Mark","Blicavs","GEEL",4,"Geelong Cats","Collingwood"
2015,22,"Levi","Greenwood","COLL",3,"Geelong Cats","Collingwood"
2015,22,"Jordan","De Goey","COLL",2,"Geelong Cats","Collingwood"
2015,22,"Brodie","Grundy","COLL",2,"Geelong Cats","Collingwood"
2015,22,"Daniel","Menzel","GEEL",1,"Geelong Cats","Collingwood"
2015,22,"Jack","Crisp","COLL",1,"Geelong Cats","Collingwood"
2015,22,"Adam","Treloar","GWS",9,"GWS Giants","Carlton"
2015,22,"Jeremy","Cameron","GWS",9,"GWS Giants","Carlton"
2015,22,"Heath","Shaw","GWS",5,"GWS Giants","Carlton"
2015,22,"Callan","Ward","GWS",3,"GWS Giants","Carlton"
2015,22,"Patrick","Cripps","CARL",2,"GWS Giants","Carlton"
2015,22,"Adam","Kennedy","GWS",2,"GWS Giants","Carlton"
2015,22,"Liam","Shiels","HAW",7,"Hawthorn","Brisbane Lions"
2015,22,"Jarryd","Roughead","HAW",5,"Hawthorn","Brisbane Lions"
2015,22,"Tom","Rockliff","BL",5,"Hawthorn","Brisbane Lions"
2015,22,"Jack","Gunston","HAW",5,"Hawthorn","Brisbane Lions"
2015,22,"Bradley","Hill","HAW",5,"Hawthorn","Brisbane Lions"
2015,22,"Jordan","Lewis","HAW",2,"Hawthorn","Brisbane Lions"
2015,22,"Shaun","Burgoyne","HAW",1,"Hawthorn","Brisbane Lions"
2015,22,"Marcus","Bontempelli","WB",10,"North Melbourne","Western Bulldogs"
2015,22,"Mitch","Wallis","WB",6,"North Melbourne","Western Bulldogs"
2015,22,"Lachie","Hunter","WB",5,"North Melbourne","Western Bulldogs"
2015,22,"Robbie","Tarrant","NMFC",4,"North Melbourne","Western Bulldogs"
2015,22,"Jake","Stringer","WB",4,"North Melbourne","Western Bulldogs"
2015,22,"Shane","Biggs","WB",1,"North Melbourne","Western Bulldogs"
2015,22,"Brett","Deledio","RICH",8,"Essendon","Richmond"
2015,22,"Alex","Rance","RICH",7,"Essendon","Richmond"
2015,22,"Nick","Vlastuin","RICH",5,"Essendon","Richmond"
2015,22,"Kamdyn","McIntosh","RICH",5,"Essendon","Richmond"
2015,22,"Michael","Hurley","ESS",2,"Essendon","Richmond"
2015,22,"Cale","Hooker","ESS",2,"Essendon","Richmond"
2015,22,"Dyson","Heppell","ESS",1,"Essendon","Richmond"
2015,22,"Sam","Gray","PORT",9,"Gold Coast Suns","Port Adelaide"
2015,22,"Hamish","Hartlett","PORT",9,"Gold Coast Suns","Port Adelaide"
2015,22,"Kade","Kolodjashnij","GCFC",4,"Gold Coast Suns","Port Adelaide"
2015,22,"Matthew","Broadbent","PORT",3,"Gold Coast Suns","Port Adelaide"
2015,22,"Brandon","Matera","GCFC",2,"Gold Coast Suns","Port Adelaide"
2015,22,"Brad","Ebert","PORT",2,"Gold Coast Suns","Port Adelaide"
2015,22,"Karl","Amon","PORT",1,"Gold Coast Suns","Port Adelaide"
2015,22,"Josh","Jenkins","ADEL",10,"Adelaide Crows","West Coast Eagles"
2015,22,"Brodie","Smith","ADEL",8,"Adelaide Crows","West Coast Eagles"
2015,22,"Patrick","Dangerfield","ADEL",6,"Adelaide Crows","West Coast Eagles"
2015,22,"Daniel","Talia","ADEL",2,"Adelaide Crows","West Coast Eagles"
2015,22,"Taylor","Walker","ADEL",2,"Adelaide Crows","West Coast Eagles"
2015,22,"Rory","Sloane","ADEL",1,"Adelaide Crows","West Coast Eagles"
2015,22,"Scott","Thompson","ADEL",1,"Adelaide Crows","West Coast Eagles"
2015,22,"Danyle","Pearce","FRE",8,"Fremantle","Melbourne"
2015,22,"David","Mundy","FRE",8,"Fremantle","Melbourne"
2015,22,"Lachie","Neale","FRE",6,"Fremantle","Melbourne"
2015,22,"Stephen","Hill","FRE",4,"Fremantle","Melbourne"
2015,22,"Luke","McPharlin","FRE",2,"Fremantle","Melbourne"
2015,22,"Michael","Barlow","FRE",1,"Fremantle","Melbourne"
2015,22,"Jack","Viney","MELB",1,"Fremantle","Melbourne"
2015,22,"Josh","Kennedy","SYD",9,"St Kilda","Sydney Swans"
2015,22,"Dan","Hannebery","SYD",9,"St Kilda","Sydney Swans"
2015,22,"Heath","Grundy","SYD",6,"St Kilda","Sydney Swans"
2015,22,"Kurt","Tippett","SYD",4,"St Kilda","Sydney Swans"
2015,22,"Dane","Rampe","SYD",1,"St Kilda","Sydney Swans"
2015,22,"Tom","Mitchell","SYD",1,"St Kilda","Sydney Swans"
2015,23,"Brett","Deledio","RICH",10,"Richmond","North Melbourne"
2015,23,"Trent","Cotchin","RICH",8,"Richmond","North Melbourne"
2015,23,"Lachlan","Hansen","NMFC",3,"Richmond","North Melbourne"
2015,23,"Brandon","Ellis","RICH",3,"Richmond","North Melbourne"
2015,23,"Alex","Rance","RICH",2,"Richmond","North Melbourne"
2015,23,"Anthony","Miles","RICH",2,"Richmond","North Melbourne"
2015,23,"Bachar","Houli","RICH",1,"Richmond","North Melbourne"
2015,23,"Kayne","Turner","NMFC",1,"Richmond","North Melbourne"
2015,23,"Andrew","Mackie","GEEL",10,"Geelong Cats","Adelaide Crows"
2015,23,"Joel","Selwood","GEEL",7,"Geelong Cats","Adelaide Crows"
2015,23,"Cameron","Guthrie","GEEL",6,"Geelong Cats","Adelaide Crows"
2015,23,"Corey","Enright","GEEL",5,"Geelong Cats","Adelaide Crows"
2015,23,"Daniel","Talia","ADEL",1,"Geelong Cats","Adelaide Crows"
2015,23,"Eddie","Betts","ADEL",1,"Geelong Cats","Adelaide Crows"
2015,23,"Stefan","Martin","BL",10,"Brisbane Lions","Western Bulldogs"
2015,23,"Marcus","Bontempelli","WB",6,"Brisbane Lions","Western Bulldogs"
2015,23,"Tom","Rockliff","BL",6,"Brisbane Lions","Western Bulldogs"
2015,23,"Pearce","Hanley","BL",5,"Brisbane Lions","Western Bulldogs"
2015,23,"Jed","Adcock","BL",3,"Brisbane Lions","Western Bulldogs"
2015,23,"Hamish","Hartlett","PORT",7,"Port Adelaide","Fremantle"
2015,23,"Justin","Westhoff","PORT",5,"Port Adelaide","Fremantle"
2015,23,"Sam","Gray","PORT",5,"Port Adelaide","Fremantle"
2015,23,"Robbie","Gray","PORT",4,"Port Adelaide","Fremantle"
2015,23,"Brad","Ebert","PORT",3,"Port Adelaide","Fremantle"
2015,23,"Michael","Barlow","FRE",3,"Port Adelaide","Fremantle"
2015,23,"Nathan","Krakouer","PORT",2,"Port Adelaide","Fremantle"
2015,23,"Paddy","Ryder","PORT",1,"Port Adelaide","Fremantle"
2015,23,"Sam","Mitchell","HAW",9,"Hawthorn","Carlton"
2015,23,"Josh","Gibson","HAW",7,"Hawthorn","Carlton"
2015,23,"Jarryd","Roughead","HAW",5,"Hawthorn","Carlton"
2015,23,"Jack","Gunston","HAW",3,"Hawthorn","Carlton"
2015,23,"Andrew","Carrazzo","CARL",3,"Hawthorn","Carlton"
2015,23,"Bradley","Hill","HAW",3,"Hawthorn","Carlton"
2015,23,"Nic","Naitanui","WCE",9,"West Coast Eagles","St Kilda"
2015,23,"Andrew","Gaff","WCE",6,"West Coast Eagles","St Kilda"
2015,23,"Matt","Priddis","WCE",6,"West Coast Eagles","St Kilda"
2015,23,"Dom","Sheed","WCE",4,"West Coast Eagles","St Kilda"
2015,23,"Mark","Lecras","WCE",2,"West Coast Eagles","St Kilda"
2015,23,"Luke","Shuey","WCE",2,"West Coast Eagles","St Kilda"
2015,23,"Jeremy","McGovern","WCE",1,"West Coast Eagles","St Kilda"
2015,23,"Tom","Mitchell","SYD",9,"Sydney Swans","Gold Coast Suns"
2015,23,"Sam","Reid","SYD",7,"Sydney Swans","Gold Coast Suns"
2015,23,"Dan","Hannebery","SYD",7,"Sydney Swans","Gold Coast Suns"
2015,23,"Josh","Kennedy","SYD",5,"Sydney Swans","Gold Coast Suns"
2015,23,"Kade","Kolodjashnij","GCFC",1,"Sydney Swans","Gold Coast Suns"
2015,23,"Kurt","Tippett","SYD",1,"Sydney Swans","Gold Coast Suns"
2015,23,"Bernie","Vince","MELB",10,"Melbourne","GWS Giants"
2015,23,"Jack","Viney","MELB",7,"Melbourne","GWS Giants"
2015,23,"Nathan","Jones","MELB",6,"Melbourne","GWS Giants"
2015,23,"Tom","McDonald","MELB",3,"Melbourne","GWS Giants"
2015,23,"Jesse","Hogan","MELB",2,"Melbourne","GWS Giants"
2015,23,"Callan","Ward","GWS",1,"Melbourne","GWS Giants"
2015,23,"Zac","Williams","GWS",1,"Melbourne","GWS Giants"
2015,23,"Shaun","McKernan","ESS",7,"Collingwood","Essendon"
2015,23,"Taylor","Adams","COLL",6,"Collingwood","Essendon"
2015,23,"Heath","Hocking","ESS",6,"Collingwood","Essendon"
2015,23,"Dyson","Heppell","ESS",6,"Collingwood","Essendon"
2015,23,"Brent","Stanton","ESS",4,"Collingwood","Essendon"
2015,23,"Alex","Fasolo","COLL",1,"Collingwood","Essendon"
2016,1,"Kane","Lambert","RICH",10,"Richmond","Carlton"
2016,1,"Marc","Murphy","CARL",6,"Richmond","Carlton"
2016,1,"Alex","Rance","RICH",6,"Richmond","Carlton"
2016,1,"Bryce","Gibbs","CARL",4,"Richmond","Carlton"
2016,1,"Sam","Docherty","CARL",3,"Richmond","Carlton"
2016,1,"Patrick","Cripps","CARL",1,"Richmond","Carlton"
2016,1,"Jack","Viney","MELB",10,"Melbourne","GWS Giants"
2016,1,"Tom","McDonald","MELB",6,"Melbourne","GWS Giants"
2016,1,"Callan","Ward","GWS",5,"Melbourne","GWS Giants"
2016,1,"Phil","Davis","GWS",4,"Melbourne","GWS Giants"
2016,1,"Jack","Watts","MELB",4,"Melbourne","GWS Giants"
2016,1,"Jesse","Hogan","MELB",1,"Melbourne","GWS Giants"
2016,1,"Aaron","Hall","GCFC",10,"Gold Coast Suns","Essendon"
2016,1,"Gary","Ablett","GCFC",8,"Gold Coast Suns","Essendon"
2016,1,"David","Zaharakis","ESS",5,"Gold Coast Suns","Essendon"
2016,1,"Tom","J Lynch","GCFC",5,"Gold Coast Suns","Essendon"
2016,1,"Nick","Malceski","GCFC",1,"Gold Coast Suns","Essendon"
2016,1,"Steven","May","GCFC",1,"Gold Coast Suns","Essendon"
2016,1,"Todd","Goldstein","NMFC",6,"North Melbourne","Adelaide Crows"
2016,1,"Josh","Jenkins","ADEL",6,"North Melbourne","Adelaide Crows"
2016,1,"Ben","Cunnington","NMFC",5,"North Melbourne","Adelaide Crows"
2016,1,"Jack","Ziebell","NMFC",5,"North Melbourne","Adelaide Crows"
2016,1,"Robbie","Tarrant","NMFC",4,"North Melbourne","Adelaide Crows"
2016,1,"Jarrad","Waite","NMFC",2,"North Melbourne","Adelaide Crows"
2016,1,"Scott","Thompson","ADEL",2,"North Melbourne","Adelaide Crows"
2016,1,"Luke","Parker","SYD",10,"Sydney Swans","Collingwood"
2016,1,"Jake","Lloyd","SYD",6,"Sydney Swans","Collingwood"
2016,1,"Tom","Mitchell","SYD",6,"Sydney Swans","Collingwood"
2016,1,"Kieren","Jack","SYD",5,"Sydney Swans","Collingwood"
2016,1,"Lance","Franklin","SYD",3,"Sydney Swans","Collingwood"
2016,1,"Shane","Biggs","WB",7,"Western Bulldogs","Fremantle"
2016,1,"Jake","Stringer","WB",7,"Western Bulldogs","Fremantle"
2016,1,"Jason","Johannisen","WB",5,"Western Bulldogs","Fremantle"
2016,1,"Tom","Liberatore","WB",5,"Western Bulldogs","Fremantle"
2016,1,"Luke","Dahlhaus","WB",3,"Western Bulldogs","Fremantle"
2016,1,"Robert","Murphy","WB",2,"Western Bulldogs","Fremantle"
2016,1,"Jack","Macrae","WB",1,"Western Bulldogs","Fremantle"
2016,1,"Robbie","Gray","PORT",10,"Port Adelaide","St Kilda"
2016,1,"Tom","Hickey","STK",5,"Port Adelaide","St Kilda"
2016,1,"Sam","Gray","PORT",4,"Port Adelaide","St Kilda"
2016,1,"Jasper","Pittard","PORT",4,"Port Adelaide","St Kilda"
2016,1,"Brad","Ebert","PORT",3,"Port Adelaide","St Kilda"
2016,1,"Jack","Steven","STK",3,"Port Adelaide","St Kilda"
2016,1,"Justin","Westhoff","PORT",1,"Port Adelaide","St Kilda"
2016,1,"Josh","J Kennedy","WCE",9,"West Coast Eagles","Brisbane Lions"
2016,1,"Matt","Priddis","WCE",9,"West Coast Eagles","Brisbane Lions"
2016,1,"Nic","Naitanui","WCE",6,"West Coast Eagles","Brisbane Lions"
2016,1,"Andrew","Gaff","WCE",4,"West Coast Eagles","Brisbane Lions"
2016,1,"Daniel","Rich","BL",1,"West Coast Eagles","Brisbane Lions"
2016,1,"Allen","Christensen","BL",1,"West Coast Eagles","Brisbane Lions"
2016,1,"Patrick","Dangerfield","GEEL",10,"Geelong Cats","Hawthorn"
2016,1,"Josh","Caddy","GEEL",8,"Geelong Cats","Hawthorn"
2016,1,"Zac","Smith","GEEL",4,"Geelong Cats","Hawthorn"
2016,1,"Sam","Mitchell","HAW",4,"Geelong Cats","Hawthorn"
2016,1,"James","Frawley","HAW",2,"Geelong Cats","Hawthorn"
2016,1,"Cameron","Guthrie","GEEL",2,"Geelong Cats","Hawthorn"
2016,2,"Alex","Fasolo","COLL",10,"Collingwood","Richmond"
2016,2,"Dustin","Martin","RICH",7,"Collingwood","Richmond"
2016,2,"Bachar","Houli","RICH",4,"Collingwood","Richmond"
2016,2,"Trent","Cotchin","RICH",4,"Collingwood","Richmond"
2016,2,"Ben","Sinclair","COLL",3,"Collingwood","Richmond"
2016,2,"Adam","Treloar","COLL",1,"Collingwood","Richmond"
2016,2,"Jackson","Ramsay","COLL",1,"Collingwood","Richmond"
2016,2,"Tom","Lynch","ADEL",10,"Adelaide Crows","Port Adelaide"
2016,2,"Eddie","Betts","ADEL",8,"Adelaide Crows","Port Adelaide"
2016,2,"Rory","Laird","ADEL",5,"Adelaide Crows","Port Adelaide"
2016,2,"Luke","Brown","ADEL",5,"Adelaide Crows","Port Adelaide"
2016,2,"Daniel","Talia","ADEL",1,"Adelaide Crows","Port Adelaide"
2016,2,"Robbie","Gray","PORT",1,"Adelaide Crows","Port Adelaide"
2016,2,"David","Zaharakis","ESS",9,"Essendon","Melbourne"
2016,2,"Joe","Daniher","ESS",9,"Essendon","Melbourne"
2016,2,"Zach","Merrett","ESS",6,"Essendon","Melbourne"
2016,2,"James","Gwilt","ESS",2,"Essendon","Melbourne"
2016,2,"Ben","Kennedy","MELB",2,"Essendon","Melbourne"
2016,2,"James","Kelly","ESS",2,"Essendon","Melbourne"
2016,2,"Jarrad","Waite","NMFC",10,"Brisbane Lions","North Melbourne"
2016,2,"Daniel","Wells","NMFC",7,"Brisbane Lions","North Melbourne"
2016,2,"Ben","Jacobs","NMFC",5,"Brisbane Lions","North Melbourne"
2016,2,"Jack","Ziebell","NMFC",4,"Brisbane Lions","North Melbourne"
2016,2,"Dayne","Zorko","BL",2,"Brisbane Lions","North Melbourne"
2016,2,"Lewis","Taylor","BL",1,"Brisbane Lions","North Melbourne"
2016,2,"Brent","Harvey","NMFC",1,"Brisbane Lions","North Melbourne"
2016,2,"Tom","J Lynch","GCFC",9,"Fremantle","Gold Coast Suns"
2016,2,"Jack","Martin","GCFC",8,"Fremantle","Gold Coast Suns"
2016,2,"Nathan","Fyfe","FRE",5,"Fremantle","Gold Coast Suns"
2016,2,"Jarrod","Harbrow","GCFC",4,"Fremantle","Gold Coast Suns"
2016,2,"Alex","Sexton","GCFC",3,"Fremantle","Gold Coast Suns"
2016,2,"Aaron","Hall","GCFC",1,"Fremantle","Gold Coast Suns"
2016,2,"Jason","Johannisen","WB",9,"St Kilda","Western Bulldogs"
2016,2,"Lachie","Hunter","WB",8,"St Kilda","Western Bulldogs"
2016,2,"Marcus","Adams","WB",4,"St Kilda","Western Bulldogs"
2016,2,"Tom","Liberatore","WB",4,"St Kilda","Western Bulldogs"
2016,2,"Robert","Murphy","WB",4,"St Kilda","Western Bulldogs"
2016,2,"Liam","Picken","WB",1,"St Kilda","Western Bulldogs"
2016,2,"Tom","Scully","GWS",9,"GWS Giants","Geelong Cats"
2016,2,"Ryan","Griffen","GWS",8,"GWS Giants","Geelong Cats"
2016,2,"Shane","Mumford","GWS",6,"GWS Giants","Geelong Cats"
2016,2,"Tom","Hawkins","GEEL",3,"GWS Giants","Geelong Cats"
2016,2,"Cameron","Guthrie","GEEL",3,"GWS Giants","Geelong Cats"
2016,2,"Mark","Blicavs","GEEL",1,"GWS Giants","Geelong Cats"
2016,2,"Josh","Gibson","HAW",10,"Hawthorn","West Coast Eagles"
2016,2,"Sam","Mitchell","HAW",8,"Hawthorn","West Coast Eagles"
2016,2,"Cyril","Rioli","HAW",5,"Hawthorn","West Coast Eagles"
2016,2,"Billy","Hartung","HAW",4,"Hawthorn","West Coast Eagles"
2016,2,"James","Sicily","HAW",2,"Hawthorn","West Coast Eagles"
2016,2,"Ben","Stratton","HAW",1,"Hawthorn","West Coast Eagles"
2016,2,"Tom","Mitchell","SYD",9,"Carlton","Sydney Swans"
2016,2,"Luke","Parker","SYD",9,"Carlton","Sydney Swans"
2016,2,"Callum","Sinclair","SYD",3,"Carlton","Sydney Swans"
2016,2,"Josh","Kennedy","SYD",3,"Carlton","Sydney Swans"
2016,2,"Kurt","Tippett","SYD",3,"Carlton","Sydney Swans"
2016,2,"Dan","Hannebery","SYD",2,"Carlton","Sydney Swans"
2016,2,"Lance","Franklin","SYD",1,"Carlton","Sydney Swans"
2016,3,"Robbie","Gray","PORT",10,"Port Adelaide","Essendon"
2016,3,"Matthew","Broadbent","PORT",7,"Port Adelaide","Essendon"
2016,3,"Jasper","Pittard","PORT",4,"Port Adelaide","Essendon"
2016,3,"Jimmy","Toumpas","PORT",3,"Port Adelaide","Essendon"
2016,3,"Ollie","Wines","PORT",3,"Port Adelaide","Essendon"
2016,3,"Jared","Polec","PORT",2,"Port Adelaide","Essendon"
2016,3,"Brad","Ebert","PORT",1,"Port Adelaide","Essendon"
2016,3,"Leigh","Montagna","STK",9,"St Kilda","Collingwood"
2016,3,"Sebastian","Ross","STK",6,"St Kilda","Collingwood"
2016,3,"Jack","Newnes","STK",5,"St Kilda","Collingwood"
2016,3,"Luke","Dunstan","STK",3,"St Kilda","Collingwood"
2016,3,"Jack","Billings","STK",3,"St Kilda","Collingwood"
2016,3,"Jack","Steven","STK",3,"St Kilda","Collingwood"
2016,3,"Maverick","Weller","STK",1,"St Kilda","Collingwood"
2016,3,"Brodie","Smith","ADEL",9,"Richmond","Adelaide Crows"
2016,3,"Scott","Thompson","ADEL",5,"Richmond","Adelaide Crows"
2016,3,"Rory","Sloane","ADEL",4,"Richmond","Adelaide Crows"
2016,3,"Kyle","Cheney","ADEL",3,"Richmond","Adelaide Crows"
2016,3,"Richard","Douglas","ADEL",3,"Richmond","Adelaide Crows"
2016,3,"Trent","Cotchin","RICH",3,"Richmond","Adelaide Crows"
2016,3,"Eddie","Betts","ADEL",2,"Richmond","Adelaide Crows"
2016,3,"Bachar","Houli","RICH",1,"Richmond","Adelaide Crows"
2016,3,"Luke","Parker","SYD",10,"Sydney Swans","GWS Giants"
2016,3,"Dan","Hannebery","SYD",6,"Sydney Swans","GWS Giants"
2016,3,"Josh","Kennedy","SYD",4,"Sydney Swans","GWS Giants"
2016,3,"Heath","Grundy","SYD",4,"Sydney Swans","GWS Giants"
2016,3,"Lance","Franklin","SYD",4,"Sydney Swans","GWS Giants"
2016,3,"Dylan","Shiel","GWS",2,"Sydney Swans","GWS Giants"
2016,3,"Matt","Priddis","WCE",9,"West Coast Eagles","Fremantle"
2016,3,"Luke","Shuey","WCE",8,"West Coast Eagles","Fremantle"
2016,3,"Jack","Darling","WCE",5,"West Coast Eagles","Fremantle"
2016,3,"Andrew","Gaff","WCE",5,"West Coast Eagles","Fremantle"
2016,3,"Nathan","Fyfe","FRE",2,"West Coast Eagles","Fremantle"
2016,3,"Elliot","Yeo","WCE",1,"West Coast Eagles","Fremantle"
2016,3,"Aaron","Hall","GCFC",9,"Gold Coast Suns","Carlton"
2016,3,"Tom","J Lynch","GCFC",8,"Gold Coast Suns","Carlton"
2016,3,"Jack","Martin","GCFC",5,"Gold Coast Suns","Carlton"
2016,3,"Gary","Ablett","GCFC",5,"Gold Coast Suns","Carlton"
2016,3,"Clay","Cameron","GCFC",2,"Gold Coast Suns","Carlton"
2016,3,"Jacob","Weitering","CARL",1,"Gold Coast Suns","Carlton"
2016,3,"Todd","Goldstein","NMFC",10,"North Melbourne","Melbourne"
2016,3,"Max","Gawn","MELB",7,"North Melbourne","Melbourne"
2016,3,"Brent","Harvey","NMFC",6,"North Melbourne","Melbourne"
2016,3,"Jack","Ziebell","NMFC",3,"North Melbourne","Melbourne"
2016,3,"Jack","Viney","MELB",2,"North Melbourne","Melbourne"
2016,3,"Bernie","Vince","MELB",2,"North Melbourne","Melbourne"
2016,3,"Luke","Dahlhaus","WB",8,"Western Bulldogs","Hawthorn"
2016,3,"Ben","Stratton","HAW",8,"Western Bulldogs","Hawthorn"
2016,3,"Marcus","Adams","WB",7,"Western Bulldogs","Hawthorn"
2016,3,"Caleb","Daniel","WB",5,"Western Bulldogs","Hawthorn"
2016,3,"Sam","Mitchell","HAW",2,"Western Bulldogs","Hawthorn"
2016,3,"Joel","Selwood","GEEL",10,"Geelong Cats","Brisbane Lions"
2016,3,"Corey","Enright","GEEL",7,"Geelong Cats","Brisbane Lions"
2016,3,"Patrick","Dangerfield","GEEL",6,"Geelong Cats","Brisbane Lions"
2016,3,"Steven","Motlop","GEEL",3,"Geelong Cats","Brisbane Lions"
2016,3,"Mitch","Duncan","GEEL",2,"Geelong Cats","Brisbane Lions"
2016,3,"Zac","Smith","GEEL",1,"Geelong Cats","Brisbane Lions"
2016,3,"Tom","Hawkins","GEEL",1,"Geelong Cats","Brisbane Lions"
2016,4,"Elliot","Yeo","WCE",10,"West Coast Eagles","Richmond"
2016,4,"Jack","Darling","WCE",7,"West Coast Eagles","Richmond"
2016,4,"Luke","Shuey","WCE",6,"West Coast Eagles","Richmond"
2016,4,"Andrew","Gaff","WCE",5,"West Coast Eagles","Richmond"
2016,4,"Jeremy","McGovern","WCE",1,"West Coast Eagles","Richmond"
2016,4,"Jack","Riewoldt","RICH",1,"West Coast Eagles","Richmond"
2016,4,"Matthew","Leuenberger","ESS",6,"Essendon","Geelong Cats"
2016,4,"Tom","Lonergan","GEEL",6,"Essendon","Geelong Cats"
2016,4,"Patrick","Dangerfield","GEEL",5,"Essendon","Geelong Cats"
2016,4,"Zach","Merrett","ESS",4,"Essendon","Geelong Cats"
2016,4,"Steven","Motlop","GEEL",4,"Essendon","Geelong Cats"
2016,4,"Mitch","Duncan","GEEL",3,"Essendon","Geelong Cats"
2016,4,"David","Zaharakis","ESS",2,"Essendon","Geelong Cats"
2016,4,"Sam","Mitchell","HAW",9,"Hawthorn","St Kilda"
2016,4,"David","Armitage","STK",9,"Hawthorn","St Kilda"
2016,4,"Jordan","Lewis","HAW",3,"Hawthorn","St Kilda"
2016,4,"Sean","Dempster","STK",3,"Hawthorn","St Kilda"
2016,4,"Jack","Billings","STK",2,"Hawthorn","St Kilda"
2016,4,"Shane","Savage","STK",2,"Hawthorn","St Kilda"
2016,4,"Jack","Steven","STK",1,"Hawthorn","St Kilda"
2016,4,"Isaac","Smith","HAW",1,"Hawthorn","St Kilda"
2016,4,"Pearce","Hanley","BL",10,"Brisbane Lions","Gold Coast Suns"
2016,4,"Dayne","Zorko","BL",8,"Brisbane Lions","Gold Coast Suns"
2016,4,"Tom","J Lynch","GCFC",6,"Brisbane Lions","Gold Coast Suns"
2016,4,"Tom","Bell","BL",4,"Brisbane Lions","Gold Coast Suns"
2016,4,"Daniel","Rich","BL",2,"Brisbane Lions","Gold Coast Suns"
2016,4,"Rory","Sloane","ADEL",9,"Adelaide Crows","Sydney Swans"
2016,4,"Dan","Hannebery","SYD",8,"Adelaide Crows","Sydney Swans"
2016,4,"Isaac","Heeney","SYD",5,"Adelaide Crows","Sydney Swans"
2016,4,"Eddie","Betts","ADEL",5,"Adelaide Crows","Sydney Swans"
2016,4,"Scott","Thompson","ADEL",3,"Adelaide Crows","Sydney Swans"
2016,4,"Shane","Biggs","WB",8,"Carlton","Western Bulldogs"
2016,4,"Lachie","Hunter","WB",7,"Carlton","Western Bulldogs"
2016,4,"Matthew","Suckling","WB",7,"Carlton","Western Bulldogs"
2016,4,"Koby","Stevens","WB",4,"Carlton","Western Bulldogs"
2016,4,"Dale","Morris","WB",2,"Carlton","Western Bulldogs"
2016,4,"Sam","Docherty","CARL",1,"Carlton","Western Bulldogs"
2016,4,"Jordan","Roughead","WB",1,"Carlton","Western Bulldogs"
2016,4,"Stephen","Coniglio","GWS",9,"GWS Giants","Port Adelaide"
2016,4,"Dylan","Shiel","GWS",9,"GWS Giants","Port Adelaide"
2016,4,"Callan","Ward","GWS",6,"GWS Giants","Port Adelaide"
2016,4,"Rory","Lobb","GWS",3,"GWS Giants","Port Adelaide"
2016,4,"Toby","Greene","GWS",3,"GWS Giants","Port Adelaide"
2016,4,"Jack","Viney","MELB",10,"Collingwood","Melbourne"
2016,4,"Jack","Watts","MELB",7,"Collingwood","Melbourne"
2016,4,"Nathan","Jones","MELB",4,"Collingwood","Melbourne"
2016,4,"Adam","Treloar","COLL",3,"Collingwood","Melbourne"
2016,4,"Dean","Kent","MELB",2,"Collingwood","Melbourne"
2016,4,"Scott","Pendlebury","COLL",2,"Collingwood","Melbourne"
2016,4,"Tom","McDonald","MELB",1,"Collingwood","Melbourne"
2016,4,"Steele","Sidebottom","COLL",1,"Collingwood","Melbourne"
2016,4,"Jack","Ziebell","NMFC",10,"North Melbourne","Fremantle"
2016,4,"Jarrad","Waite","NMFC",5,"North Melbourne","Fremantle"
2016,4,"Nathan","Fyfe","FRE",5,"North Melbourne","Fremantle"
2016,4,"Todd","Goldstein","NMFC",4,"North Melbourne","Fremantle"
2016,4,"Sam","Gibson","NMFC",3,"North Melbourne","Fremantle"
2016,4,"Jamie","MacMillan","NMFC",2,"North Melbourne","Fremantle"
2016,4,"Lachie","Neale","FRE",1,"North Melbourne","Fremantle"
2016,5,"Paul","Puopolo","HAW",10,"Hawthorn","Adelaide Crows"
2016,5,"Cyril","Rioli","HAW",7,"Hawthorn","Adelaide Crows"
2016,5,"Scott","Thompson","ADEL",5,"Hawthorn","Adelaide Crows"
2016,5,"Rory","Sloane","ADEL",5,"Hawthorn","Adelaide Crows"
2016,5,"Sam","Mitchell","HAW",3,"Hawthorn","Adelaide Crows"
2016,5,"Ted","Richards","SYD",10,"Sydney Swans","West Coast Eagles"
2016,5,"Dane","Rampe","SYD",5,"Sydney Swans","West Coast Eagles"
2016,5,"Dan","Hannebery","SYD",4,"Sydney Swans","West Coast Eagles"
2016,5,"Tom","Papley","SYD",3,"Sydney Swans","West Coast Eagles"
2016,5,"Josh","Kennedy","SYD",3,"Sydney Swans","West Coast Eagles"
2016,5,"Luke","Parker","SYD",2,"Sydney Swans","West Coast Eagles"
2016,5,"Jeremy","McGovern","WCE",2,"Sydney Swans","West Coast Eagles"
2016,5,"Lance","Franklin","SYD",1,"Sydney Swans","West Coast Eagles"
2016,5,"Todd","Goldstein","NMFC",10,"Gold Coast Suns","North Melbourne"
2016,5,"Tom","J Lynch","GCFC",6,"Gold Coast Suns","North Melbourne"
2016,5,"Andrew","Swallow","NMFC",6,"Gold Coast Suns","North Melbourne"
2016,5,"Nick","Dal Santo","NMFC",4,"Gold Coast Suns","North Melbourne"
2016,5,"Peter","Wright","GCFC",2,"Gold Coast Suns","North Melbourne"
2016,5,"Shaun","Atley","NMFC",1,"Gold Coast Suns","North Melbourne"
2016,5,"Jack","Ziebell","NMFC",1,"Gold Coast Suns","North Melbourne"
2016,5,"Joel","Selwood","GEEL",9,"Port Adelaide","Geelong Cats"
2016,5,"Cameron","Guthrie","GEEL",9,"Port Adelaide","Geelong Cats"
2016,5,"Patrick","Dangerfield","GEEL",6,"Port Adelaide","Geelong Cats"
2016,5,"Mitch","Duncan","GEEL",2,"Port Adelaide","Geelong Cats"
2016,5,"Harry","Taylor","GEEL",2,"Port Adelaide","Geelong Cats"
2016,5,"Corey","Enright","GEEL",2,"Port Adelaide","Geelong Cats"
2016,5,"Koby","Stevens","WB",10,"Western Bulldogs","Brisbane Lions"
2016,5,"Matthew","Boyd","WB",6,"Western Bulldogs","Brisbane Lions"
2016,5,"Mitch","Wallis","WB",4,"Western Bulldogs","Brisbane Lions"
2016,5,"Dale","Morris","WB",4,"Western Bulldogs","Brisbane Lions"
2016,5,"Tom","Campbell","WB",2,"Western Bulldogs","Brisbane Lions"
2016,5,"Luke","Dahlhaus","WB",2,"Western Bulldogs","Brisbane Lions"
2016,5,"Lachie","Hunter","WB",2,"Western Bulldogs","Brisbane Lions"
2016,5,"Toby","Greene","GWS",10,"St Kilda","GWS Giants"
2016,5,"Tom","Scully","GWS",8,"St Kilda","GWS Giants"
2016,5,"Ryan","Griffen","GWS",3,"St Kilda","GWS Giants"
2016,5,"Stephen","Coniglio","GWS",3,"St Kilda","GWS Giants"
2016,5,"Jeremy","Cameron","GWS",2,"St Kilda","GWS Giants"
2016,5,"Nick","Riewoldt","STK",2,"St Kilda","GWS Giants"
2016,5,"Heath","Shaw","GWS",1,"St Kilda","GWS Giants"
2016,5,"Zac","Williams","GWS",1,"St Kilda","GWS Giants"
2016,5,"Kade","Simpson","CARL",9,"Fremantle","Carlton"
2016,5,"Patrick","Cripps","CARL",9,"Fremantle","Carlton"
2016,5,"Lachie","Neale","FRE",5,"Fremantle","Carlton"
2016,5,"Marc","Murphy","CARL",4,"Fremantle","Carlton"
2016,5,"Bryce","Gibbs","CARL",2,"Fremantle","Carlton"
2016,5,"Michael","Barlow","FRE",1,"Fremantle","Carlton"
2016,5,"Max","Gawn","MELB",9,"Melbourne","Richmond"
2016,5,"Jack","Viney","MELB",9,"Melbourne","Richmond"
2016,5,"Jack","Riewoldt","RICH",4,"Melbourne","Richmond"
2016,5,"Dom","Tyson","MELB",4,"Melbourne","Richmond"
2016,5,"Trent","Cotchin","RICH",3,"Melbourne","Richmond"
2016,5,"Jeff","Garlett","MELB",1,"Melbourne","Richmond"
2016,5,"Steele","Sidebottom","COLL",10,"Collingwood","Essendon"
2016,5,"Scott","Pendlebury","COLL",7,"Collingwood","Essendon"
2016,5,"Taylor","Adams","COLL",7,"Collingwood","Essendon"
2016,5,"Alex","Fasolo","COLL",2,"Collingwood","Essendon"
2016,5,"Levi","Greenwood","COLL",2,"Collingwood","Essendon"
2016,5,"Adam","Treloar","COLL",1,"Collingwood","Essendon"
2016,5,"Jack","Frost","COLL",1,"Collingwood","Essendon"
2016,6,"Scott","Thompson","NMFC",9,"North Melbourne","Western Bulldogs"
2016,6,"Jarrad","Waite","NMFC",7,"North Melbourne","Western Bulldogs"
2016,6,"Lachie","Hunter","WB",6,"North Melbourne","Western Bulldogs"
2016,6,"Daniel","Wells","NMFC",4,"North Melbourne","Western Bulldogs"
2016,6,"Jack","Macrae","WB",3,"North Melbourne","Western Bulldogs"
2016,6,"Andrew","Swallow","NMFC",1,"North Melbourne","Western Bulldogs"
2016,6,"Rory","Sloane","ADEL",10,"Adelaide Crows","Fremantle"
2016,6,"Eddie","Betts","ADEL",8,"Adelaide Crows","Fremantle"
2016,6,"Michael","Walters","FRE",5,"Adelaide Crows","Fremantle"
2016,6,"Luke","Brown","ADEL",4,"Adelaide Crows","Fremantle"
2016,6,"Tom","Lynch","ADEL",2,"Adelaide Crows","Fremantle"
2016,6,"Kyle","Hartigan","ADEL",1,"Adelaide Crows","Fremantle"
2016,6,"Nick","Riewoldt","STK",10,"Melbourne","St Kilda"
2016,6,"Jesse","Hogan","MELB",8,"Melbourne","St Kilda"
2016,6,"Blake","Acres","STK",6,"Melbourne","St Kilda"
2016,6,"Tom","Hickey","STK",2,"Melbourne","St Kilda"
2016,6,"Tim","Membrey","STK",2,"Melbourne","St Kilda"
2016,6,"Jack","Steven","STK",2,"Melbourne","St Kilda"
2016,6,"Rory","Lobb","GWS",10,"GWS Giants","Hawthorn"
2016,6,"Dylan","Shiel","GWS",7,"GWS Giants","Hawthorn"
2016,6,"Heath","Shaw","GWS",5,"GWS Giants","Hawthorn"
2016,6,"Steve","Johnson","GWS",4,"GWS Giants","Hawthorn"
2016,6,"Callan","Ward","GWS",2,"GWS Giants","Hawthorn"
2016,6,"Stephen","Coniglio","GWS",1,"GWS Giants","Hawthorn"
2016,6,"Tom","Scully","GWS",1,"GWS Giants","Hawthorn"
2016,6,"Joel","Selwood","GEEL",10,"Geelong Cats","Gold Coast Suns"
2016,6,"Patrick","Dangerfield","GEEL",8,"Geelong Cats","Gold Coast Suns"
2016,6,"Mark","Blicavs","GEEL",3,"Geelong Cats","Gold Coast Suns"
2016,6,"Steven","Motlop","GEEL",3,"Geelong Cats","Gold Coast Suns"
2016,6,"Daniel","Menzel","GEEL",3,"Geelong Cats","Gold Coast Suns"
2016,6,"James","Bartel","GEEL",2,"Geelong Cats","Gold Coast Suns"
2016,6,"Lachie","Henderson","GEEL",1,"Geelong Cats","Gold Coast Suns"
2016,6,"Matthew","Broadbent","PORT",10,"Richmond","Port Adelaide"
2016,6,"Jared","Polec","PORT",8,"Richmond","Port Adelaide"
2016,6,"Shaun","Grigg","RICH",5,"Richmond","Port Adelaide"
2016,6,"Jarman","Impey","PORT",3,"Richmond","Port Adelaide"
2016,6,"Jack","Hombsch","PORT",2,"Richmond","Port Adelaide"
2016,6,"Travis","Boak","PORT",2,"Richmond","Port Adelaide"
2016,6,"Lance","Franklin","SYD",10,"Brisbane Lions","Sydney Swans"
2016,6,"Dayne","Zorko","BL",8,"Brisbane Lions","Sydney Swans"
2016,6,"Luke","Parker","SYD",3,"Brisbane Lions","Sydney Swans"
2016,6,"Tom","Rockliff","BL",3,"Brisbane Lions","Sydney Swans"
2016,6,"Mitch","Robinson","BL",2,"Brisbane Lions","Sydney Swans"
2016,6,"Dan","Hannebery","SYD",2,"Brisbane Lions","Sydney Swans"
2016,6,"Kurt","Tippett","SYD",1,"Brisbane Lions","Sydney Swans"
2016,6,"Daniel","Rich","BL",1,"Brisbane Lions","Sydney Swans"
2016,6,"Mark","Lecras","WCE",9,"West Coast Eagles","Collingwood"
2016,6,"Nic","Naitanui","WCE",8,"West Coast Eagles","Collingwood"
2016,6,"Luke","Shuey","WCE",4,"West Coast Eagles","Collingwood"
2016,6,"Josh","J Kennedy","WCE",3,"West Coast Eagles","Collingwood"
2016,6,"Adam","Treloar","COLL",3,"West Coast Eagles","Collingwood"
2016,6,"Jack","Redden","WCE",2,"West Coast Eagles","Collingwood"
2016,6,"Sam","Butler","WCE",1,"West Coast Eagles","Collingwood"
2016,6,"Bryce","Gibbs","CARL",9,"Carlton","Essendon"
2016,6,"Dale","Thomas","CARL",9,"Carlton","Essendon"
2016,6,"Adam","Cooney","ESS",5,"Carlton","Essendon"
2016,6,"Kade","Simpson","CARL",3,"Carlton","Essendon"
2016,6,"Ed","Curnow","CARL",2,"Carlton","Essendon"
2016,6,"Courtenay","Dempsey","ESS",2,"Carlton","Essendon"
2016,7,"Jack","Gunston","HAW",7,"Richmond","Hawthorn"
2016,7,"Jordan","Lewis","HAW",5,"Richmond","Hawthorn"
2016,7,"Isaac","Smith","HAW",4,"Richmond","Hawthorn"
2016,7,"Luke","Breust","HAW",4,"Richmond","Hawthorn"
2016,7,"Cyril","Rioli","HAW",3,"Richmond","Hawthorn"
2016,7,"Dustin","Martin","RICH",3,"Richmond","Hawthorn"
2016,7,"Liam","Shiels","HAW",2,"Richmond","Hawthorn"
2016,7,"Josh","Gibson","HAW",2,"Richmond","Hawthorn"
2016,7,"Patrick","Cripps","CARL",8,"Collingwood","Carlton"
2016,7,"Levi","Casboult","CARL",8,"Collingwood","Carlton"
2016,7,"Kade","Simpson","CARL",6,"Collingwood","Carlton"
2016,7,"Bryce","Gibbs","CARL",5,"Collingwood","Carlton"
2016,7,"Scott","Pendlebury","COLL",2,"Collingwood","Carlton"
2016,7,"Steele","Sidebottom","COLL",1,"Collingwood","Carlton"
2016,7,"Joel","Selwood","GEEL",10,"Geelong Cats","West Coast Eagles"
2016,7,"Steven","Motlop","GEEL",8,"Geelong Cats","West Coast Eagles"
2016,7,"Patrick","Dangerfield","GEEL",4,"Geelong Cats","West Coast Eagles"
2016,7,"Cameron","Guthrie","GEEL",4,"Geelong Cats","West Coast Eagles"
2016,7,"Mark","Blicavs","GEEL",3,"Geelong Cats","West Coast Eagles"
2016,7,"Brad","Sheppard","WCE",1,"Geelong Cats","West Coast Eagles"
2016,7,"Isaac","Heeney","SYD",9,"Sydney Swans","Essendon"
2016,7,"Lance","Franklin","SYD",7,"Sydney Swans","Essendon"
2016,7,"Josh","Kennedy","SYD",7,"Sydney Swans","Essendon"
2016,7,"David","Zaharakis","ESS",4,"Sydney Swans","Essendon"
2016,7,"Dan","Hannebery","SYD",2,"Sydney Swans","Essendon"
2016,7,"Heath","Grundy","SYD",1,"Sydney Swans","Essendon"
2016,7,"Nathan","Jones","MELB",8,"Gold Coast Suns","Melbourne"
2016,7,"Max","Gawn","MELB",8,"Gold Coast Suns","Melbourne"
2016,7,"James","Harmes","MELB",5,"Gold Coast Suns","Melbourne"
2016,7,"Jack","Viney","MELB",5,"Gold Coast Suns","Melbourne"
2016,7,"Tom","J Lynch","GCFC",2,"Gold Coast Suns","Melbourne"
2016,7,"Bernie","Vince","MELB",2,"Gold Coast Suns","Melbourne"
2016,7,"Stephen","Coniglio","GWS",10,"Fremantle","GWS Giants"
2016,7,"Lachie","Neale","FRE",4,"Fremantle","GWS Giants"
2016,7,"Tom","Scully","GWS",4,"Fremantle","GWS Giants"
2016,7,"Callan","Ward","GWS",3,"Fremantle","GWS Giants"
2016,7,"Steve","Johnson","GWS",3,"Fremantle","GWS Giants"
2016,7,"Jonathon","Griffin","FRE",2,"Fremantle","GWS Giants"
2016,7,"Stephen","Hill","FRE",2,"Fremantle","GWS Giants"
2016,7,"Josh","Kelly","GWS",1,"Fremantle","GWS Giants"
2016,7,"Alex","Pearce","FRE",1,"Fremantle","GWS Giants"
2016,7,"Marcus","Bontempelli","WB",10,"Western Bulldogs","Adelaide Crows"
2016,7,"Josh","Jenkins","ADEL",8,"Western Bulldogs","Adelaide Crows"
2016,7,"Jake","Stringer","WB",5,"Western Bulldogs","Adelaide Crows"
2016,7,"Luke","Dahlhaus","WB",3,"Western Bulldogs","Adelaide Crows"
2016,7,"Tom","Liberatore","WB",3,"Western Bulldogs","Adelaide Crows"
2016,7,"Mitch","Wallis","WB",1,"Western Bulldogs","Adelaide Crows"
2016,7,"Ben","Cunnington","NMFC",9,"St Kilda","North Melbourne"
2016,7,"Nick","Riewoldt","STK",9,"St Kilda","North Melbourne"
2016,7,"Jack","Ziebell","NMFC",5,"St Kilda","North Melbourne"
2016,7,"Todd","Goldstein","NMFC",4,"St Kilda","North Melbourne"
2016,7,"Sam","Gilbert","STK",2,"St Kilda","North Melbourne"
2016,7,"Leigh","Montagna","STK",1,"St Kilda","North Melbourne"
2016,7,"Jackson","Trengove","PORT",10,"Port Adelaide","Brisbane Lions"
2016,7,"Ollie","Wines","PORT",8,"Port Adelaide","Brisbane Lions"
2016,7,"Brad","Ebert","PORT",3,"Port Adelaide","Brisbane Lions"
2016,7,"Travis","Boak","PORT",3,"Port Adelaide","Brisbane Lions"
2016,7,"Tom","Jonas","PORT",2,"Port Adelaide","Brisbane Lions"
2016,7,"Charlie","Dixon","PORT",2,"Port Adelaide","Brisbane Lions"
2016,7,"Jasper","Pittard","PORT",2,"Port Adelaide","Brisbane Lions"
2016,8,"Cameron","Guthrie","GEEL",10,"Adelaide Crows","Geelong Cats"
2016,8,"Steven","Motlop","GEEL",8,"Adelaide Crows","Geelong Cats"
2016,8,"Rory","Sloane","ADEL",4,"Adelaide Crows","Geelong Cats"
2016,8,"Patrick","Dangerfield","GEEL",4,"Adelaide Crows","Geelong Cats"
2016,8,"Harry","Taylor","GEEL",3,"Adelaide Crows","Geelong Cats"
2016,8,"Corey","Enright","GEEL",1,"Adelaide Crows","Geelong Cats"
2016,8,"Sam","Gibson","NMFC",10,"Essendon","North Melbourne"
2016,8,"Zach","Merrett","ESS",8,"Essendon","North Melbourne"
2016,8,"Robbie","Tarrant","NMFC",4,"Essendon","North Melbourne"
2016,8,"Todd","Goldstein","NMFC",3,"Essendon","North Melbourne"
2016,8,"Brendon","Goddard","ESS",2,"Essendon","North Melbourne"
2016,8,"Adam","Cooney","ESS",2,"Essendon","North Melbourne"
2016,8,"Andrew","Swallow","NMFC",1,"Essendon","North Melbourne"
2016,8,"Isaac","Smith","HAW",6,"Hawthorn","Fremantle"
2016,8,"Lachie","Neale","FRE",6,"Hawthorn","Fremantle"
2016,8,"Jordan","Lewis","HAW",5,"Hawthorn","Fremantle"
2016,8,"Jack","Gunston","HAW",4,"Hawthorn","Fremantle"
2016,8,"Josh","Gibson","HAW",4,"Hawthorn","Fremantle"
2016,8,"David","Mundy","FRE",4,"Hawthorn","Fremantle"
2016,8,"Michael","Walters","FRE",1,"Hawthorn","Fremantle"
2016,8,"Jeremy","Cameron","GWS",10,"GWS Giants","Gold Coast Suns"
2016,8,"Josh","Kelly","GWS",7,"GWS Giants","Gold Coast Suns"
2016,8,"Dylan","Shiel","GWS",7,"GWS Giants","Gold Coast Suns"
2016,8,"Jacob","Hopper","GWS",2,"GWS Giants","Gold Coast Suns"
2016,8,"Heath","Shaw","GWS",2,"GWS Giants","Gold Coast Suns"
2016,8,"Stephen","Coniglio","GWS",1,"GWS Giants","Gold Coast Suns"
2016,8,"Zac","Williams","GWS",1,"GWS Giants","Gold Coast Suns"
2016,8,"Dustin","Martin","RICH",8,"Richmond","Sydney Swans"
2016,8,"Ben","Griffiths","RICH",7,"Richmond","Sydney Swans"
2016,8,"Anthony","Miles","RICH",6,"Richmond","Sydney Swans"
2016,8,"Dan","Hannebery","SYD",6,"Richmond","Sydney Swans"
2016,8,"Lance","Franklin","SYD",3,"Richmond","Sydney Swans"
2016,8,"Adam","Treloar","COLL",10,"Brisbane Lions","Collingwood"
2016,8,"Scott","Pendlebury","COLL",8,"Brisbane Lions","Collingwood"
2016,8,"Taylor","Adams","COLL",4,"Brisbane Lions","Collingwood"
2016,8,"Brodie","Grundy","COLL",3,"Brisbane Lions","Collingwood"
2016,8,"Steele","Sidebottom","COLL",3,"Brisbane Lions","Collingwood"
2016,8,"Mason","Cox","COLL",2,"Brisbane Lions","Collingwood"
2016,8,"Bryce","Gibbs","CARL",10,"Carlton","Port Adelaide"
2016,8,"Patrick","Cripps","CARL",7,"Carlton","Port Adelaide"
2016,8,"Sam","Docherty","CARL",4,"Carlton","Port Adelaide"
2016,8,"Marc","Murphy","CARL",3,"Carlton","Port Adelaide"
2016,8,"Matthew","Kreuzer","CARL",3,"Carlton","Port Adelaide"
2016,8,"Ollie","Wines","PORT",2,"Carlton","Port Adelaide"
2016,8,"Kade","Simpson","CARL",1,"Carlton","Port Adelaide"
2016,8,"Luke","Shuey","WCE",10,"West Coast Eagles","St Kilda"
2016,8,"Mark","Lecras","WCE",6,"West Coast Eagles","St Kilda"
2016,8,"Nic","Naitanui","WCE",4,"West Coast Eagles","St Kilda"
2016,8,"Matt","Priddis","WCE",4,"West Coast Eagles","St Kilda"
2016,8,"Josh","J Kennedy","WCE",3,"West Coast Eagles","St Kilda"
2016,8,"Andrew","Gaff","WCE",2,"West Coast Eagles","St Kilda"
2016,8,"Brad","Sheppard","WCE",1,"West Coast Eagles","St Kilda"
2016,8,"Marcus","Bontempelli","WB",10,"Melbourne","Western Bulldogs"
2016,8,"Tom","Liberatore","WB",8,"Melbourne","Western Bulldogs"
2016,8,"Matthew","Boyd","WB",3,"Melbourne","Western Bulldogs"
2016,8,"Liam","Picken","WB",3,"Melbourne","Western Bulldogs"
2016,8,"Luke","Dahlhaus","WB",2,"Melbourne","Western Bulldogs"
2016,8,"Lachie","Hunter","WB",2,"Melbourne","Western Bulldogs"
2016,8,"Jack","Viney","MELB",1,"Melbourne","Western Bulldogs"
2016,8,"Dom","Tyson","MELB",1,"Melbourne","Western Bulldogs"
2016,9,"Dan","Hannebery","SYD",10,"Hawthorn","Sydney Swans"
2016,9,"Heath","Grundy","SYD",8,"Hawthorn","Sydney Swans"
2016,9,"Jack","Gunston","HAW",6,"Hawthorn","Sydney Swans"
2016,9,"Lance","Franklin","SYD",2,"Hawthorn","Sydney Swans"
2016,9,"Kurt","Tippett","SYD",2,"Hawthorn","Sydney Swans"
2016,9,"Tom","Mitchell","SYD",2,"Hawthorn","Sydney Swans"
2016,9,"Steele","Sidebottom","COLL",9,"Collingwood","Geelong Cats"
2016,9,"Scott","Pendlebury","COLL",9,"Collingwood","Geelong Cats"
2016,9,"Adam","Treloar","COLL",5,"Collingwood","Geelong Cats"
2016,9,"Brodie","Grundy","COLL",3,"Collingwood","Geelong Cats"
2016,9,"Levi","Greenwood","COLL",2,"Collingwood","Geelong Cats"
2016,9,"Jack","Crisp","COLL",1,"Collingwood","Geelong Cats"
2016,9,"James","Bartel","GEEL",1,"Collingwood","Geelong Cats"
2016,9,"Tom","Lynch","ADEL",8,"Gold Coast Suns","Adelaide Crows"
2016,9,"Taylor","Walker","ADEL",7,"Gold Coast Suns","Adelaide Crows"
2016,9,"Rory","Sloane","ADEL",6,"Gold Coast Suns","Adelaide Crows"
2016,9,"Brodie","Smith","ADEL",4,"Gold Coast Suns","Adelaide Crows"
2016,9,"Daniel","Talia","ADEL",4,"Gold Coast Suns","Adelaide Crows"
2016,9,"Rory","Atkins","ADEL",1,"Gold Coast Suns","Adelaide Crows"
2016,9,"Josh","J Kennedy","WCE",10,"Port Adelaide","West Coast Eagles"
2016,9,"Matt","Priddis","WCE",7,"Port Adelaide","West Coast Eagles"
2016,9,"Aaron","Young","PORT",4,"Port Adelaide","West Coast Eagles"
2016,9,"Robbie","Gray","PORT",3,"Port Adelaide","West Coast Eagles"
2016,9,"Charlie","Dixon","PORT",2,"Port Adelaide","West Coast Eagles"
2016,9,"Chad","Wingard","PORT",2,"Port Adelaide","West Coast Eagles"
2016,9,"Nic","Naitanui","WCE",1,"Port Adelaide","West Coast Eagles"
2016,9,"Shannon","Hurn","WCE",1,"Port Adelaide","West Coast Eagles"
2016,9,"Trent","Cotchin","RICH",10,"Fremantle","Richmond"
2016,9,"Dustin","Martin","RICH",8,"Fremantle","Richmond"
2016,9,"Shaun","Hampson","RICH",3,"Fremantle","Richmond"
2016,9,"Anthony","Miles","RICH",3,"Fremantle","Richmond"
2016,9,"Lachie","Neale","FRE",2,"Fremantle","Richmond"
2016,9,"Shane","Edwards","RICH",2,"Fremantle","Richmond"
2016,9,"Nick","Vlastuin","RICH",1,"Fremantle","Richmond"
2016,9,"Brandon","Ellis","RICH",1,"Fremantle","Richmond"
2016,9,"Todd","Goldstein","NMFC",10,"North Melbourne","Carlton"
2016,9,"Jack","Ziebell","NMFC",8,"North Melbourne","Carlton"
2016,9,"Robbie","Tarrant","NMFC",6,"North Melbourne","Carlton"
2016,9,"Brent","Harvey","NMFC",3,"North Melbourne","Carlton"
2016,9,"Sam","Docherty","CARL",2,"North Melbourne","Carlton"
2016,9,"Nick","Dal Santo","NMFC",1,"North Melbourne","Carlton"
2016,9,"Billy","Stretch","MELB",8,"Melbourne","Brisbane Lions"
2016,9,"Jesse","Hogan","MELB",8,"Melbourne","Brisbane Lions"
2016,9,"Tomas","Bugg","MELB",5,"Melbourne","Brisbane Lions"
2016,9,"Daniel","Rich","BL",3,"Melbourne","Brisbane Lions"
2016,9,"Jeff","Garlett","MELB",3,"Melbourne","Brisbane Lions"
2016,9,"Christian","Petracca","MELB",2,"Melbourne","Brisbane Lions"
2016,9,"Clayton","Oliver","MELB",1,"Melbourne","Brisbane Lions"
2016,9,"Heath","Shaw","GWS",8,"GWS Giants","Western Bulldogs"
2016,9,"Stephen","Coniglio","GWS",7,"GWS Giants","Western Bulldogs"
2016,9,"Callan","Ward","GWS",6,"GWS Giants","Western Bulldogs"
2016,9,"Dylan","Shiel","GWS",4,"GWS Giants","Western Bulldogs"
2016,9,"Marcus","Bontempelli","WB",3,"GWS Giants","Western Bulldogs"
2016,9,"Jeremy","Cameron","GWS",1,"GWS Giants","Western Bulldogs"
2016,9,"Dale","Morris","WB",1,"GWS Giants","Western Bulldogs"
2016,9,"Jack","Steven","STK",9,"St Kilda","Essendon"
2016,9,"Sebastian","Ross","STK",9,"St Kilda","Essendon"
2016,9,"Josh","Bruce","STK",6,"St Kilda","Essendon"
2016,9,"James","Kelly","ESS",2,"St Kilda","Essendon"
2016,9,"Tim","Membrey","STK",2,"St Kilda","Essendon"
2016,9,"Anthony","McDonald-Tipungwuti","ESS",1,"St Kilda","Essendon"
2016,9,"Matt","Dea","ESS",1,"St Kilda","Essendon"
2016,10,"Dan","Hannebery","SYD",9,"Sydney Swans","North Melbourne"
2016,10,"Tom","Mitchell","SYD",8,"Sydney Swans","North Melbourne"
2016,10,"Josh","Kennedy","SYD",7,"Sydney Swans","North Melbourne"
2016,10,"Kurt","Tippett","SYD",2,"Sydney Swans","North Melbourne"
2016,10,"Ben","Cunnington","NMFC",2,"Sydney Swans","North Melbourne"
2016,10,"Jarrad","McVeigh","SYD",2,"Sydney Swans","North Melbourne"
2016,10,"Brad","Ebert","PORT",6,"Melbourne","Port Adelaide"
2016,10,"Charlie","Dixon","PORT",6,"Melbourne","Port Adelaide"
2016,10,"Robbie","Gray","PORT",6,"Melbourne","Port Adelaide"
2016,10,"Justin","Westhoff","PORT",5,"Melbourne","Port Adelaide"
2016,10,"Chad","Wingard","PORT",3,"Melbourne","Port Adelaide"
2016,10,"Jasper","Pittard","PORT",3,"Melbourne","Port Adelaide"
2016,10,"Max","Gawn","MELB",1,"Melbourne","Port Adelaide"
2016,10,"Jordan","Lewis","HAW",10,"Brisbane Lions","Hawthorn"
2016,10,"Josh","Gibson","HAW",7,"Brisbane Lions","Hawthorn"
2016,10,"Cyril","Rioli","HAW",6,"Brisbane Lions","Hawthorn"
2016,10,"Jack","Gunston","HAW",3,"Brisbane Lions","Hawthorn"
2016,10,"Tom","Bell","BL",2,"Brisbane Lions","Hawthorn"
2016,10,"Ben","McEvoy","HAW",1,"Brisbane Lions","Hawthorn"
2016,10,"Allen","Christensen","BL",1,"Brisbane Lions","Hawthorn"
2016,10,"David","Armitage","STK",8,"St Kilda","Fremantle"
2016,10,"Jack","Steven","STK",6,"St Kilda","Fremantle"
2016,10,"Dylan","Roberton","STK",5,"St Kilda","Fremantle"
2016,10,"Nick","Riewoldt","STK",5,"St Kilda","Fremantle"
2016,10,"Lachie","Neale","FRE",3,"St Kilda","Fremantle"
2016,10,"Sam","Fisher","STK",2,"St Kilda","Fremantle"
2016,10,"Jarryn","Geary","STK",1,"St Kilda","Fremantle"
2016,10,"Eddie","Betts","ADEL",9,"Adelaide Crows","GWS Giants"
2016,10,"Taylor","Walker","ADEL",8,"Adelaide Crows","GWS Giants"
2016,10,"Josh","Kelly","GWS",4,"Adelaide Crows","GWS Giants"
2016,10,"Charlie","Cameron","ADEL",4,"Adelaide Crows","GWS Giants"
2016,10,"Brodie","Smith","ADEL",2,"Adelaide Crows","GWS Giants"
2016,10,"Rory","Atkins","ADEL",2,"Adelaide Crows","GWS Giants"
2016,10,"Daniel","Talia","ADEL",1,"Adelaide Crows","GWS Giants"
2016,10,"Dustin","Martin","RICH",10,"Essendon","Richmond"
2016,10,"Shane","Edwards","RICH",4,"Essendon","Richmond"
2016,10,"Brett","Deledio","RICH",4,"Essendon","Richmond"
2016,10,"Shaun","Grigg","RICH",4,"Essendon","Richmond"
2016,10,"Trent","Cotchin","RICH",3,"Essendon","Richmond"
2016,10,"David","Zaharakis","ESS",3,"Essendon","Richmond"
2016,10,"Brendon","Goddard","ESS",2,"Essendon","Richmond"
2016,10,"Bryce","Gibbs","CARL",10,"Carlton","Geelong Cats"
2016,10,"Sam","Docherty","CARL",4,"Carlton","Geelong Cats"
2016,10,"Cameron","Guthrie","GEEL",4,"Carlton","Geelong Cats"
2016,10,"Andrejs","Everitt","CARL",4,"Carlton","Geelong Cats"
2016,10,"Matthew","Kreuzer","CARL",3,"Carlton","Geelong Cats"
2016,10,"Patrick","Cripps","CARL",3,"Carlton","Geelong Cats"
2016,10,"Dennis","Armfield","CARL",1,"Carlton","Geelong Cats"
2016,10,"Patrick","Dangerfield","GEEL",1,"Carlton","Geelong Cats"
2016,10,"Luke","Shuey","WCE",10,"West Coast Eagles","Gold Coast Suns"
2016,10,"Josh","J Kennedy","WCE",8,"West Coast Eagles","Gold Coast Suns"
2016,10,"Gary","Ablett","GCFC",3,"West Coast Eagles","Gold Coast Suns"
2016,10,"Shannon","Hurn","WCE",3,"West Coast Eagles","Gold Coast Suns"
2016,10,"Matt","Priddis","WCE",2,"West Coast Eagles","Gold Coast Suns"
2016,10,"Jack","Redden","WCE",2,"West Coast Eagles","Gold Coast Suns"
2016,10,"Brad","Sheppard","WCE",1,"West Coast Eagles","Gold Coast Suns"
2016,10,"Jamie","Cripps","WCE",1,"West Coast Eagles","Gold Coast Suns"
2016,10,"Easton","Wood","WB",10,"Collingwood","Western Bulldogs"
2016,10,"Jeremy","Howe","COLL",8,"Collingwood","Western Bulldogs"
2016,10,"Luke","Dahlhaus","WB",5,"Collingwood","Western Bulldogs"
2016,10,"Scott","Pendlebury","COLL",3,"Collingwood","Western Bulldogs"
2016,10,"Dale","Morris","WB",2,"Collingwood","Western Bulldogs"
2016,10,"Ben","Reid","COLL",1,"Collingwood","Western Bulldogs"
2016,10,"Jack","Macrae","WB",1,"Collingwood","Western Bulldogs"
2016,11,"Daniel","Wells","NMFC",9,"North Melbourne","Richmond"
2016,11,"Andrew","Swallow","NMFC",7,"North Melbourne","Richmond"
2016,11,"Jack","Ziebell","NMFC",5,"North Melbourne","Richmond"
2016,11,"Nick","Dal Santo","NMFC",4,"North Melbourne","Richmond"
2016,11,"Brent","Harvey","NMFC",4,"North Melbourne","Richmond"
2016,11,"Ben","Cunnington","NMFC",1,"North Melbourne","Richmond"
2016,11,"Dom","Tyson","MELB",10,"Hawthorn","Melbourne"
2016,11,"Isaac","Smith","HAW",8,"Hawthorn","Melbourne"
2016,11,"James","Frawley","HAW",3,"Hawthorn","Melbourne"
2016,11,"Nathan","Jones","MELB",3,"Hawthorn","Melbourne"
2016,11,"Bernie","Vince","MELB",3,"Hawthorn","Melbourne"
2016,11,"Grant","Birchall","HAW",2,"Hawthorn","Melbourne"
2016,11,"Ben","Stratton","HAW",1,"Hawthorn","Melbourne"
2016,11,"Ed","Curnow","CARL",10,"Carlton","Brisbane Lions"
2016,11,"Tom","Rockliff","BL",8,"Carlton","Brisbane Lions"
2016,11,"Jacob","Weitering","CARL",5,"Carlton","Brisbane Lions"
2016,11,"Sam","Kerridge","CARL",4,"Carlton","Brisbane Lions"
2016,11,"Patrick","Cripps","CARL",2,"Carlton","Brisbane Lions"
2016,11,"Mitch","Robinson","BL",1,"Carlton","Brisbane Lions"
2016,11,"Zac","Smith","GEEL",8,"Geelong Cats","GWS Giants"
2016,11,"Dylan","Shiel","GWS",6,"Geelong Cats","GWS Giants"
2016,11,"Joel","Selwood","GEEL",5,"Geelong Cats","GWS Giants"
2016,11,"Cameron","Guthrie","GEEL",5,"Geelong Cats","GWS Giants"
2016,11,"Harry","Taylor","GEEL",2,"Geelong Cats","GWS Giants"
2016,11,"Patrick","Dangerfield","GEEL",2,"Geelong Cats","GWS Giants"
2016,11,"Corey","Enright","GEEL",2,"Geelong Cats","GWS Giants"
2016,11,"Lachie","Neale","FRE",9,"Fremantle","Essendon"
2016,11,"David","Mundy","FRE",6,"Fremantle","Essendon"
2016,11,"Michael","Walters","FRE",6,"Fremantle","Essendon"
2016,11,"Michael","Barlow","FRE",4,"Fremantle","Essendon"
2016,11,"Danyle","Pearce","FRE",2,"Fremantle","Essendon"
2016,11,"Zach","Merrett","ESS",2,"Fremantle","Essendon"
2016,11,"Hayden","Crozier","FRE",1,"Fremantle","Essendon"
2016,11,"Tom","Mitchell","SYD",7,"Gold Coast Suns","Sydney Swans"
2016,11,"Dane","Rampe","SYD",5,"Gold Coast Suns","Sydney Swans"
2016,11,"Dan","Hannebery","SYD",5,"Gold Coast Suns","Sydney Swans"
2016,11,"Kurt","Tippett","SYD",4,"Gold Coast Suns","Sydney Swans"
2016,11,"Gary","Rohan","SYD",4,"Gold Coast Suns","Sydney Swans"
2016,11,"Luke","Parker","SYD",4,"Gold Coast Suns","Sydney Swans"
2016,11,"Matt","Rosa","GCFC",1,"Gold Coast Suns","Sydney Swans"
2016,11,"Jarman","Impey","PORT",10,"Collingwood","Port Adelaide"
2016,11,"Charlie","Dixon","PORT",7,"Collingwood","Port Adelaide"
2016,11,"Aaron","Young","PORT",7,"Collingwood","Port Adelaide"
2016,11,"Chad","Wingard","PORT",3,"Collingwood","Port Adelaide"
2016,11,"Jake","Neade","PORT",2,"Collingwood","Port Adelaide"
2016,11,"Robbie","Gray","PORT",1,"Collingwood","Port Adelaide"
2016,11,"Marcus","Bontempelli","WB",8,"Western Bulldogs","West Coast Eagles"
2016,11,"Lachie","Hunter","WB",6,"Western Bulldogs","West Coast Eagles"
2016,11,"Tom","Liberatore","WB",5,"Western Bulldogs","West Coast Eagles"
2016,11,"Jack","Macrae","WB",5,"Western Bulldogs","West Coast Eagles"
2016,11,"Jake","Stringer","WB",3,"Western Bulldogs","West Coast Eagles"
2016,11,"Matthew","Boyd","WB",2,"Western Bulldogs","West Coast Eagles"
2016,11,"Matthew","Suckling","WB",1,"Western Bulldogs","West Coast Eagles"
2016,11,"Matt","Crouch","ADEL",8,"Adelaide Crows","St Kilda"
2016,11,"Josh","Jenkins","ADEL",8,"Adelaide Crows","St Kilda"
2016,11,"Rory","Sloane","ADEL",7,"Adelaide Crows","St Kilda"
2016,11,"Rory","Laird","ADEL",3,"Adelaide Crows","St Kilda"
2016,11,"Taylor","Walker","ADEL",2,"Adelaide Crows","St Kilda"
2016,11,"Brodie","Smith","ADEL",1,"Adelaide Crows","St Kilda"
2016,11,"Jake","Lever","ADEL",1,"Adelaide Crows","St Kilda"
2016,12,"Jordan","Lewis","HAW",7,"Essendon","Hawthorn"
2016,12,"Grant","Birchall","HAW",6,"Essendon","Hawthorn"
2016,12,"Paul","Puopolo","HAW",5,"Essendon","Hawthorn"
2016,12,"Josh","Gibson","HAW",4,"Essendon","Hawthorn"
2016,12,"Jack","Gunston","HAW",4,"Essendon","Hawthorn"
2016,12,"Liam","Shiels","HAW",2,"Essendon","Hawthorn"
2016,12,"Ben","Stratton","HAW",1,"Essendon","Hawthorn"
2016,12,"Luke","Breust","HAW",1,"Essendon","Hawthorn"
2016,12,"Marcus","Bontempelli","WB",10,"Port Adelaide","Western Bulldogs"
2016,12,"Robbie","Gray","PORT",8,"Port Adelaide","Western Bulldogs"
2016,12,"Jasper","Pittard","PORT",4,"Port Adelaide","Western Bulldogs"
2016,12,"Dale","Morris","WB",3,"Port Adelaide","Western Bulldogs"
2016,12,"Matthew","Boyd","WB",3,"Port Adelaide","Western Bulldogs"
2016,12,"Tom","Liberatore","WB",2,"Port Adelaide","Western Bulldogs"
2016,12,"Matt","Taberner","FRE",8,"Brisbane Lions","Fremantle"
2016,12,"Danyle","Pearce","FRE",5,"Brisbane Lions","Fremantle"
2016,12,"Lachie","Weller","FRE",5,"Brisbane Lions","Fremantle"
2016,12,"Connor","Blakely","FRE",4,"Brisbane Lions","Fremantle"
2016,12,"Hayden","Crozier","FRE",3,"Brisbane Lions","Fremantle"
2016,12,"Hayden","Ballantyne","FRE",3,"Brisbane Lions","Fremantle"
2016,12,"Chris","Mayne","FRE",2,"Brisbane Lions","Fremantle"
2016,12,"Rory","Sloane","ADEL",10,"West Coast Eagles","Adelaide Crows"
2016,12,"Eddie","Betts","ADEL",8,"West Coast Eagles","Adelaide Crows"
2016,12,"Rory","Laird","ADEL",4,"West Coast Eagles","Adelaide Crows"
2016,12,"Tom","Lynch","ADEL",3,"West Coast Eagles","Adelaide Crows"
2016,12,"Matt","Priddis","WCE",3,"West Coast Eagles","Adelaide Crows"
2016,12,"Sam","Jacobs","ADEL",2,"West Coast Eagles","Adelaide Crows"
2016,12,"Patrick","Dangerfield","GEEL",10,"Geelong Cats","North Melbourne"
2016,12,"Joel","Selwood","GEEL",8,"Geelong Cats","North Melbourne"
2016,12,"Daniel","Menzel","GEEL",5,"Geelong Cats","North Melbourne"
2016,12,"Harry","Taylor","GEEL",4,"Geelong Cats","North Melbourne"
2016,12,"Sam","Gibson","NMFC",2,"Geelong Cats","North Melbourne"
2016,12,"Daniel","Wells","NMFC",1,"Geelong Cats","North Melbourne"
2016,12,"Jack","Steven","STK",10,"St Kilda","Carlton"
2016,12,"Tom","Hickey","STK",8,"St Kilda","Carlton"
2016,12,"Tim","Membrey","STK",6,"St Kilda","Carlton"
2016,12,"Sebastian","Ross","STK",4,"St Kilda","Carlton"
2016,12,"Jarryn","Geary","STK",1,"St Kilda","Carlton"
2016,12,"Sam","Docherty","CARL",1,"St Kilda","Carlton"
2016,12,"Dustin","Martin","RICH",10,"Richmond","Gold Coast Suns"
2016,12,"Trent","Cotchin","RICH",5,"Richmond","Gold Coast Suns"
2016,12,"Tom","J Lynch","GCFC",5,"Richmond","Gold Coast Suns"
2016,12,"Shaun","Grigg","RICH",4,"Richmond","Gold Coast Suns"
2016,12,"Gary","Ablett","GCFC",4,"Richmond","Gold Coast Suns"
2016,12,"Shane","Edwards","RICH",2,"Richmond","Gold Coast Suns"
2016,12,"Toby","Greene","GWS",8,"GWS Giants","Sydney Swans"
2016,12,"Steve","Johnson","GWS",8,"GWS Giants","Sydney Swans"
2016,12,"Heath","Shaw","GWS",8,"GWS Giants","Sydney Swans"
2016,12,"Josh","Kelly","GWS",3,"GWS Giants","Sydney Swans"
2016,12,"Nathan","Wilson","GWS",2,"GWS Giants","Sydney Swans"
2016,12,"Dan","Hannebery","SYD",1,"GWS Giants","Sydney Swans"
2016,12,"Max","Gawn","MELB",9,"Melbourne","Collingwood"
2016,12,"Bernie","Vince","MELB",9,"Melbourne","Collingwood"
2016,12,"Nathan","Jones","MELB",6,"Melbourne","Collingwood"
2016,12,"Tom","McDonald","MELB",3,"Melbourne","Collingwood"
2016,12,"Dean","Kent","MELB",2,"Melbourne","Collingwood"
2016,12,"Tomas","Bugg","MELB",1,"Melbourne","Collingwood"
2016,13,"Robbie","Tarrant","NMFC",9,"North Melbourne","Hawthorn"
2016,13,"James","Sicily","HAW",8,"North Melbourne","Hawthorn"
2016,13,"Jordan","Lewis","HAW",7,"North Melbourne","Hawthorn"
2016,13,"Daniel","Wells","NMFC",4,"North Melbourne","Hawthorn"
2016,13,"Mason","Wood","NMFC",1,"North Melbourne","Hawthorn"
2016,13,"Cyril","Rioli","HAW",1,"North Melbourne","Hawthorn"
2016,13,"Luke","Shuey","WCE",10,"Brisbane Lions","West Coast Eagles"
2016,13,"Mitch","Robinson","BL",8,"Brisbane Lions","West Coast Eagles"
2016,13,"Josh","J Kennedy","WCE",4,"Brisbane Lions","West Coast Eagles"
2016,13,"Andrew","Gaff","WCE",4,"Brisbane Lions","West Coast Eagles"
2016,13,"Mark","Hutchings","WCE",3,"Brisbane Lions","West Coast Eagles"
2016,13,"Elliot","Yeo","WCE",1,"Brisbane Lions","West Coast Eagles"
2016,13,"Michael","Barlow","FRE",10,"Fremantle","Port Adelaide"
2016,13,"Lachie","Neale","FRE",8,"Fremantle","Port Adelaide"
2016,13,"Matthew","Pavlich","FRE",5,"Fremantle","Port Adelaide"
2016,13,"David","Mundy","FRE",3,"Fremantle","Port Adelaide"
2016,13,"Hayden","Crozier","FRE",2,"Fremantle","Port Adelaide"
2016,13,"Lee","Spurr","FRE",2,"Fremantle","Port Adelaide"
2016,13,"Patrick","Dangerfield","GEEL",10,"Western Bulldogs","Geelong Cats"
2016,13,"Joel","Selwood","GEEL",8,"Western Bulldogs","Geelong Cats"
2016,13,"Corey","Enright","GEEL",5,"Western Bulldogs","Geelong Cats"
2016,13,"Lachie","Henderson","GEEL",4,"Western Bulldogs","Geelong Cats"
2016,13,"Mark","Blicavs","GEEL",2,"Western Bulldogs","Geelong Cats"
2016,13,"Steven","Motlop","GEEL",1,"Western Bulldogs","Geelong Cats"
2016,13,"Jarrad","McVeigh","SYD",9,"Sydney Swans","Melbourne"
2016,13,"Dean","Towers","SYD",7,"Sydney Swans","Melbourne"
2016,13,"Lance","Franklin","SYD",4,"Sydney Swans","Melbourne"
2016,13,"Josh","Kennedy","SYD",4,"Sydney Swans","Melbourne"
2016,13,"Zak","Jones","SYD",3,"Sydney Swans","Melbourne"
2016,13,"Luke","Parker","SYD",3,"Sydney Swans","Melbourne"
2016,13,"Zac","Williams","GWS",7,"Essendon","GWS Giants"
2016,13,"Orazio","Fantasia","ESS",7,"Essendon","GWS Giants"
2016,13,"Toby","Greene","GWS",7,"Essendon","GWS Giants"
2016,13,"Stephen","Coniglio","GWS",5,"Essendon","GWS Giants"
2016,13,"Brendon","Goddard","ESS",2,"Essendon","GWS Giants"
2016,13,"Heath","Shaw","GWS",1,"Essendon","GWS Giants"
2016,13,"Zach","Merrett","ESS",1,"Essendon","GWS Giants"
2016,14,"Matt","Crouch","ADEL",9,"Adelaide Crows","North Melbourne"
2016,14,"Rory","Sloane","ADEL",9,"Adelaide Crows","North Melbourne"
2016,14,"Scott","Thompson","ADEL",4,"Adelaide Crows","North Melbourne"
2016,14,"Tom","Lynch","ADEL",3,"Adelaide Crows","North Melbourne"
2016,14,"Ben","Cunnington","NMFC",2,"Adelaide Crows","North Melbourne"
2016,14,"Jake","Lever","ADEL",2,"Adelaide Crows","North Melbourne"
2016,14,"Daniel","Talia","ADEL",1,"Adelaide Crows","North Melbourne"
2016,14,"Brodie","Grundy","COLL",10,"Collingwood","Fremantle"
2016,14,"Adam","Treloar","COLL",8,"Collingwood","Fremantle"
2016,14,"Ben","Reid","COLL",3,"Collingwood","Fremantle"
2016,14,"Steele","Sidebottom","COLL",3,"Collingwood","Fremantle"
2016,14,"Jeremy","Howe","COLL",2,"Collingwood","Fremantle"
2016,14,"Scott","Pendlebury","COLL",2,"Collingwood","Fremantle"
2016,14,"Josh","Smith","COLL",1,"Collingwood","Fremantle"
2016,14,"Jack","Crisp","COLL",1,"Collingwood","Fremantle"
2016,14,"Dustin","Martin","RICH",10,"Richmond","Brisbane Lions"
2016,14,"Jack","Riewoldt","RICH",5,"Richmond","Brisbane Lions"
2016,14,"Shaun","Grigg","RICH",4,"Richmond","Brisbane Lions"
2016,14,"Nick","Vlastuin","RICH",3,"Richmond","Brisbane Lions"
2016,14,"Brandon","Ellis","RICH",3,"Richmond","Brisbane Lions"
2016,14,"Anthony","Miles","RICH",2,"Richmond","Brisbane Lions"
2016,14,"Trent","Cotchin","RICH",2,"Richmond","Brisbane Lions"
2016,14,"Connor","Menadue","RICH",1,"Richmond","Brisbane Lions"
2016,14,"Dylan","Shiel","GWS",10,"GWS Giants","Carlton"
2016,14,"Steve","Johnson","GWS",7,"GWS Giants","Carlton"
2016,14,"Zac","Williams","GWS",7,"GWS Giants","Carlton"
2016,14,"Callan","Ward","GWS",4,"GWS Giants","Carlton"
2016,14,"Stephen","Coniglio","GWS",2,"GWS Giants","Carlton"
2016,14,"Sebastian","Ross","STK",10,"St Kilda","Geelong Cats"
2016,14,"Jack","Steven","STK",7,"St Kilda","Geelong Cats"
2016,14,"Maverick","Weller","STK",5,"St Kilda","Geelong Cats"
2016,14,"Joel","Selwood","GEEL",4,"St Kilda","Geelong Cats"
2016,14,"Lachie","Henderson","GEEL",4,"St Kilda","Geelong Cats"
2016,14,"Sam","Mitchell","HAW",10,"Hawthorn","Gold Coast Suns"
2016,14,"Tom","J Lynch","GCFC",6,"Hawthorn","Gold Coast Suns"
2016,14,"Gary","Ablett","GCFC",6,"Hawthorn","Gold Coast Suns"
2016,14,"Grant","Birchall","HAW",3,"Hawthorn","Gold Coast Suns"
2016,14,"Jordan","Lewis","HAW",3,"Hawthorn","Gold Coast Suns"
2016,14,"Luke","Hodge","HAW",1,"Hawthorn","Gold Coast Suns"
2016,14,"Isaac","Smith","HAW",1,"Hawthorn","Gold Coast Suns"
2016,15,"Luke","Shuey","WCE",9,"West Coast Eagles","Essendon"
2016,15,"Andrew","Gaff","WCE",8,"West Coast Eagles","Essendon"
2016,15,"Patrick","McGinnity","WCE",5,"West Coast Eagles","Essendon"
2016,15,"Joe","Daniher","ESS",3,"West Coast Eagles","Essendon"
2016,15,"Shannon","Hurn","WCE",3,"West Coast Eagles","Essendon"
2016,15,"Jeremy","McGovern","WCE",2,"West Coast Eagles","Essendon"
2016,15,"Travis","Boak","PORT",9,"Port Adelaide","Richmond"
2016,15,"Jackson","Trengove","PORT",6,"Port Adelaide","Richmond"
2016,15,"Ollie","Wines","PORT",5,"Port Adelaide","Richmond"
2016,15,"Alex","Rance","RICH",5,"Port Adelaide","Richmond"
2016,15,"Kane","Mitchell","PORT",4,"Port Adelaide","Richmond"
2016,15,"Robbie","Gray","PORT",1,"Port Adelaide","Richmond"
2016,15,"Dion","Prestia","GCFC",9,"Gold Coast Suns","St Kilda"
2016,15,"Michael","Rischitelli","GCFC",8,"Gold Coast Suns","St Kilda"
2016,15,"Nick","Malceski","GCFC",5,"Gold Coast Suns","St Kilda"
2016,15,"Aaron","Hall","GCFC",4,"Gold Coast Suns","St Kilda"
2016,15,"Jarrod","Harbrow","GCFC",2,"Gold Coast Suns","St Kilda"
2016,15,"Steven","May","GCFC",2,"Gold Coast Suns","St Kilda"
2016,15,"Luke","Parker","SYD",8,"Sydney Swans","Western Bulldogs"
2016,15,"Marcus","Bontempelli","WB",8,"Sydney Swans","Western Bulldogs"
2016,15,"Lance","Franklin","SYD",5,"Sydney Swans","Western Bulldogs"
2016,15,"Josh","Kennedy","SYD",5,"Sydney Swans","Western Bulldogs"
2016,15,"Matthew","Boyd","WB",2,"Sydney Swans","Western Bulldogs"
2016,15,"Tom","Liberatore","WB",1,"Sydney Swans","Western Bulldogs"
2016,15,"Lachie","Hunter","WB",1,"Sydney Swans","Western Bulldogs"
2016,15,"Scott","Pendlebury","COLL",10,"Carlton","Collingwood"
2016,15,"Ben","Sinclair","COLL",7,"Carlton","Collingwood"
2016,15,"Ben","Reid","COLL",4,"Carlton","Collingwood"
2016,15,"Brodie","Grundy","COLL",4,"Carlton","Collingwood"
2016,15,"Kade","Simpson","CARL",3,"Carlton","Collingwood"
2016,15,"Sam","Docherty","CARL",1,"Carlton","Collingwood"
2016,15,"Ed","Curnow","CARL",1,"Carlton","Collingwood"
2016,15,"Rory","Laird","ADEL",10,"Melbourne","Adelaide Crows"
2016,15,"Jack","Watts","MELB",7,"Melbourne","Adelaide Crows"
2016,15,"Charlie","Cameron","ADEL",4,"Melbourne","Adelaide Crows"
2016,15,"Taylor","Walker","ADEL",4,"Melbourne","Adelaide Crows"
2016,15,"Rory","Sloane","ADEL",3,"Melbourne","Adelaide Crows"
2016,15,"Nathan","Jones","MELB",2,"Melbourne","Adelaide Crows"
2016,16,"Cyril","Rioli","HAW",9,"Port Adelaide","Hawthorn"
2016,16,"Luke","Hodge","HAW",8,"Port Adelaide","Hawthorn"
2016,16,"Sam","Mitchell","HAW",6,"Port Adelaide","Hawthorn"
2016,16,"Robbie","Gray","PORT",5,"Port Adelaide","Hawthorn"
2016,16,"Shaun","Burgoyne","HAW",1,"Port Adelaide","Hawthorn"
2016,16,"Jordan","Lewis","HAW",1,"Port Adelaide","Hawthorn"
2016,16,"Dane","Rampe","SYD",10,"Geelong Cats","Sydney Swans"
2016,16,"Kieren","Jack","SYD",8,"Geelong Cats","Sydney Swans"
2016,16,"Heath","Grundy","SYD",3,"Geelong Cats","Sydney Swans"
2016,16,"Patrick","Dangerfield","GEEL",3,"Geelong Cats","Sydney Swans"
2016,16,"Josh","Kennedy","SYD",3,"Geelong Cats","Sydney Swans"
2016,16,"Luke","Parker","SYD",2,"Geelong Cats","Sydney Swans"
2016,16,"Tom","Mitchell","SYD",1,"Geelong Cats","Sydney Swans"
2016,16,"Brodie","Grundy","COLL",9,"GWS Giants","Collingwood"
2016,16,"Taylor","Adams","COLL",8,"GWS Giants","Collingwood"
2016,16,"Travis","Cloke","COLL",6,"GWS Giants","Collingwood"
2016,16,"Steele","Sidebottom","COLL",5,"GWS Giants","Collingwood"
2016,16,"Josh","Kelly","GWS",1,"GWS Giants","Collingwood"
2016,16,"Jeremy","Howe","COLL",1,"GWS Giants","Collingwood"
2016,16,"Touk","Miller","GCFC",10,"Gold Coast Suns","Brisbane Lions"
2016,16,"Jarrod","Harbrow","GCFC",5,"Gold Coast Suns","Brisbane Lions"
2016,16,"Peter","Wright","GCFC",5,"Gold Coast Suns","Brisbane Lions"
2016,16,"Jack","Martin","GCFC",4,"Gold Coast Suns","Brisbane Lions"
2016,16,"Dion","Prestia","GCFC",4,"Gold Coast Suns","Brisbane Lions"
2016,16,"Tom","J Lynch","GCFC",1,"Gold Coast Suns","Brisbane Lions"
2016,16,"Eric","Hipwood","BL",1,"Gold Coast Suns","Brisbane Lions"
2016,16,"Jack","Watts","MELB",9,"Melbourne","Fremantle"
2016,16,"Jesse","Hogan","MELB",7,"Melbourne","Fremantle"
2016,16,"Max","Gawn","MELB",7,"Melbourne","Fremantle"
2016,16,"Jack","Viney","MELB",5,"Melbourne","Fremantle"
2016,16,"Tom","McDonald","MELB",2,"Melbourne","Fremantle"
2016,16,"Marcus","Bontempelli","WB",10,"Western Bulldogs","Richmond"
2016,16,"Dustin","Martin","RICH",8,"Western Bulldogs","Richmond"
2016,16,"Easton","Wood","WB",4,"Western Bulldogs","Richmond"
2016,16,"Jack","Macrae","WB",3,"Western Bulldogs","Richmond"
2016,16,"Matthew","Boyd","WB",2,"Western Bulldogs","Richmond"
2016,16,"Lachie","Hunter","WB",2,"Western Bulldogs","Richmond"
2016,16,"Trent","Cotchin","RICH",1,"Western Bulldogs","Richmond"
2016,16,"Rory","Laird","ADEL",9,"Carlton","Adelaide Crows"
2016,16,"Rory","Sloane","ADEL",9,"Carlton","Adelaide Crows"
2016,16,"Daniel","Talia","ADEL",5,"Carlton","Adelaide Crows"
2016,16,"Sam","Jacobs","ADEL",5,"Carlton","Adelaide Crows"
2016,16,"Dennis","Armfield","CARL",1,"Carlton","Adelaide Crows"
2016,16,"Brad","Crouch","ADEL",1,"Carlton","Adelaide Crows"
2016,16,"Josh","J Kennedy","WCE",8,"West Coast Eagles","North Melbourne"
2016,16,"Luke","Shuey","WCE",6,"West Coast Eagles","North Melbourne"
2016,16,"Jeremy","McGovern","WCE",6,"West Coast Eagles","North Melbourne"
2016,16,"Todd","Goldstein","NMFC",4,"West Coast Eagles","North Melbourne"
2016,16,"Jamie","Cripps","WCE",3,"West Coast Eagles","North Melbourne"
2016,16,"Shannon","Hurn","WCE",2,"West Coast Eagles","North Melbourne"
2016,16,"Ben","Brown","NMFC",1,"West Coast Eagles","North Melbourne"
2016,16,"Jack","Steven","STK",10,"Essendon","St Kilda"
2016,16,"Zach","Merrett","ESS",8,"Essendon","St Kilda"
2016,16,"Tim","Membrey","STK",4,"Essendon","St Kilda"
2016,16,"Jarryn","Geary","STK",3,"Essendon","St Kilda"
2016,16,"Orazio","Fantasia","ESS",2,"Essendon","St Kilda"
2016,16,"Brendon","Goddard","ESS",2,"Essendon","St Kilda"
2016,16,"Tom","Hickey","STK",1,"Essendon","St Kilda"
2016,17,"Sam","Mitchell","HAW",8,"Sydney Swans","Hawthorn"
2016,17,"Luke","Parker","SYD",6,"Sydney Swans","Hawthorn"
2016,17,"Shaun","Burgoyne","HAW",6,"Sydney Swans","Hawthorn"
2016,17,"Gary","Rohan","SYD",5,"Sydney Swans","Hawthorn"
2016,17,"Jordan","Lewis","HAW",4,"Sydney Swans","Hawthorn"
2016,17,"Cyril","Rioli","HAW",1,"Sydney Swans","Hawthorn"
2016,17,"Patrick","Dangerfield","GEEL",10,"Fremantle","Geelong Cats"
2016,17,"Stephen","Hill","FRE",7,"Fremantle","Geelong Cats"
2016,17,"Corey","Enright","GEEL",6,"Fremantle","Geelong Cats"
2016,17,"Joel","Selwood","GEEL",5,"Fremantle","Geelong Cats"
2016,17,"Andrew","Mackie","GEEL",1,"Fremantle","Geelong Cats"
2016,17,"Michael","Walters","FRE",1,"Fremantle","Geelong Cats"
2016,17,"Dustin","Martin","RICH",10,"Richmond","Essendon"
2016,17,"Ben","Griffiths","RICH",7,"Richmond","Essendon"
2016,17,"Zach","Merrett","ESS",7,"Richmond","Essendon"
2016,17,"Trent","Cotchin","RICH",4,"Richmond","Essendon"
2016,17,"Orazio","Fantasia","ESS",1,"Richmond","Essendon"
2016,17,"Brendon","Goddard","ESS",1,"Richmond","Essendon"
2016,17,"Justin","Westhoff","PORT",7,"North Melbourne","Port Adelaide"
2016,17,"Robbie","Gray","PORT",6,"North Melbourne","Port Adelaide"
2016,17,"Travis","Boak","PORT",6,"North Melbourne","Port Adelaide"
2016,17,"Jackson","Trengove","PORT",5,"North Melbourne","Port Adelaide"
2016,17,"Chad","Wingard","PORT",5,"North Melbourne","Port Adelaide"
2016,17,"Brent","Harvey","NMFC",1,"North Melbourne","Port Adelaide"
2016,17,"Brad","Crouch","ADEL",5,"Adelaide Crows","Collingwood"
2016,17,"Tom","Lynch","ADEL",5,"Adelaide Crows","Collingwood"
2016,17,"Rory","Sloane","ADEL",4,"Adelaide Crows","Collingwood"
2016,17,"Daniel","Talia","ADEL",4,"Adelaide Crows","Collingwood"
2016,17,"Ricky","Henderson","ADEL",3,"Adelaide Crows","Collingwood"
2016,17,"Jarryd","Lyons","ADEL",3,"Adelaide Crows","Collingwood"
2016,17,"Adam","Treloar","COLL",2,"Adelaide Crows","Collingwood"
2016,17,"Ben","Sinclair","COLL",2,"Adelaide Crows","Collingwood"
2016,17,"Brodie","Grundy","COLL",1,"Adelaide Crows","Collingwood"
2016,17,"Taylor","Adams","COLL",1,"Adelaide Crows","Collingwood"
2016,17,"Koby","Stevens","WB",7,"Western Bulldogs","Gold Coast Suns"
2016,17,"Clay","Smith","WB",5,"Western Bulldogs","Gold Coast Suns"
2016,17,"Easton","Wood","WB",4,"Western Bulldogs","Gold Coast Suns"
2016,17,"Marcus","Bontempelli","WB",4,"Western Bulldogs","Gold Coast Suns"
2016,17,"Liam","Picken","WB",3,"Western Bulldogs","Gold Coast Suns"
2016,17,"Jack","Macrae","WB",3,"Western Bulldogs","Gold Coast Suns"
2016,17,"Mitch","Wallis","WB",2,"Western Bulldogs","Gold Coast Suns"
2016,17,"Shane","Biggs","WB",1,"Western Bulldogs","Gold Coast Suns"
2016,17,"Tom","J Lynch","GCFC",1,"Western Bulldogs","Gold Coast Suns"
2016,17,"Sam","Docherty","CARL",9,"Carlton","West Coast Eagles"
2016,17,"Jeremy","McGovern","WCE",6,"Carlton","West Coast Eagles"
2016,17,"Andrew","Gaff","WCE",6,"Carlton","West Coast Eagles"
2016,17,"Mark","Lecras","WCE",3,"Carlton","West Coast Eagles"
2016,17,"Luke","Shuey","WCE",3,"Carlton","West Coast Eagles"
2016,17,"Kade","Simpson","CARL",2,"Carlton","West Coast Eagles"
2016,17,"Bryce","Gibbs","CARL",1,"Carlton","West Coast Eagles"
2016,17,"Tom","Hickey","STK",10,"St Kilda","Melbourne"
2016,17,"Tim","Membrey","STK",8,"St Kilda","Melbourne"
2016,17,"Jack","Viney","MELB",6,"St Kilda","Melbourne"
2016,17,"Jack","Newnes","STK",2,"St Kilda","Melbourne"
2016,17,"Sean","Dempster","STK",2,"St Kilda","Melbourne"
2016,17,"Jarryn","Geary","STK",1,"St Kilda","Melbourne"
2016,17,"Leigh","Montagna","STK",1,"St Kilda","Melbourne"
2016,17,"Callan","Ward","GWS",9,"Brisbane Lions","GWS Giants"
2016,17,"Stephen","Coniglio","GWS",8,"Brisbane Lions","GWS Giants"
2016,17,"Dylan","Shiel","GWS",6,"Brisbane Lions","GWS Giants"
2016,17,"Toby","Greene","GWS",3,"Brisbane Lions","GWS Giants"
2016,17,"Josh","Kelly","GWS",3,"Brisbane Lions","GWS Giants"
2016,17,"Jeremy","Cameron","GWS",1,"Brisbane Lions","GWS Giants"
2016,18,"Daniel","Wells","NMFC",10,"Collingwood","North Melbourne"
2016,18,"Sam","Gibson","NMFC",7,"Collingwood","North Melbourne"
2016,18,"Scott","Pendlebury","COLL",4,"Collingwood","North Melbourne"
2016,18,"Lindsay","Thomas","NMFC",4,"Collingwood","North Melbourne"
2016,18,"Ryan","Clarke","NMFC",3,"Collingwood","North Melbourne"
2016,18,"Drew","Petrie","NMFC",1,"Collingwood","North Melbourne"
2016,18,"Steele","Sidebottom","COLL",1,"Collingwood","North Melbourne"
2016,18,"Josh","Kennedy","SYD",10,"Sydney Swans","Carlton"
2016,18,"Patrick","Cripps","CARL",6,"Sydney Swans","Carlton"
2016,18,"Bryce","Gibbs","CARL",5,"Sydney Swans","Carlton"
2016,18,"Lance","Franklin","SYD",4,"Sydney Swans","Carlton"
2016,18,"Luke","Parker","SYD",2,"Sydney Swans","Carlton"
2016,18,"Jake","Lloyd","SYD",2,"Sydney Swans","Carlton"
2016,18,"Kade","Simpson","CARL",1,"Sydney Swans","Carlton"
2016,18,"Alex","Sexton","GCFC",10,"Gold Coast Suns","Fremantle"
2016,18,"Touk","Miller","GCFC",7,"Gold Coast Suns","Fremantle"
2016,18,"Steven","May","GCFC",6,"Gold Coast Suns","Fremantle"
2016,18,"Tom","J Lynch","GCFC",3,"Gold Coast Suns","Fremantle"
2016,18,"Lachie","Neale","FRE",2,"Gold Coast Suns","Fremantle"
2016,18,"Sam","Day","GCFC",1,"Gold Coast Suns","Fremantle"
2016,18,"Tom","Nicholls","GCFC",1,"Gold Coast Suns","Fremantle"
2016,18,"Dom","Tyson","MELB",8,"West Coast Eagles","Melbourne"
2016,18,"Nathan","Jones","MELB",7,"West Coast Eagles","Melbourne"
2016,18,"Dean","Kent","MELB",4,"West Coast Eagles","Melbourne"
2016,18,"Matt","Priddis","WCE",4,"West Coast Eagles","Melbourne"
2016,18,"Jack","Viney","MELB",4,"West Coast Eagles","Melbourne"
2016,18,"Jeremy","McGovern","WCE",2,"West Coast Eagles","Melbourne"
2016,18,"Shannon","Hurn","WCE",1,"West Coast Eagles","Melbourne"
2016,18,"Jack","Steven","STK",9,"Western Bulldogs","St Kilda"
2016,18,"Marcus","Bontempelli","WB",6,"Western Bulldogs","St Kilda"
2016,18,"Sean","Dempster","STK",6,"Western Bulldogs","St Kilda"
2016,18,"Nick","Riewoldt","STK",5,"Western Bulldogs","St Kilda"
2016,18,"Jarryn","Geary","STK",2,"Western Bulldogs","St Kilda"
2016,18,"Maverick","Weller","STK",2,"Western Bulldogs","St Kilda"
2016,18,"Corey","Enright","GEEL",10,"Geelong Cats","Adelaide Crows"
2016,18,"James","Bartel","GEEL",7,"Geelong Cats","Adelaide Crows"
2016,18,"Patrick","Dangerfield","GEEL",6,"Geelong Cats","Adelaide Crows"
2016,18,"Joel","Selwood","GEEL",4,"Geelong Cats","Adelaide Crows"
2016,18,"Daniel","Menzel","GEEL",2,"Geelong Cats","Adelaide Crows"
2016,18,"Tom","Hawkins","GEEL",1,"Geelong Cats","Adelaide Crows"
2016,18,"Tom","Rockliff","BL",10,"Essendon","Brisbane Lions"
2016,18,"Stefan","Martin","BL",8,"Essendon","Brisbane Lions"
2016,18,"Daniel","Rich","BL",5,"Essendon","Brisbane Lions"
2016,18,"Zach","Merrett","ESS",3,"Essendon","Brisbane Lions"
2016,18,"Ryan","Bastinac","BL",2,"Essendon","Brisbane Lions"
2016,18,"Daniel","Merrett","BL",1,"Essendon","Brisbane Lions"
2016,18,"Mitch","Robinson","BL",1,"Essendon","Brisbane Lions"
2016,18,"Sam","Mitchell","HAW",9,"Hawthorn","Richmond"
2016,18,"Bradley","Hill","HAW",6,"Hawthorn","Richmond"
2016,18,"Ben","Stratton","HAW",5,"Hawthorn","Richmond"
2016,18,"Dustin","Martin","RICH",5,"Hawthorn","Richmond"
2016,18,"Josh","Gibson","HAW",4,"Hawthorn","Richmond"
2016,18,"Jack","Gunston","HAW",1,"Hawthorn","Richmond"
2016,18,"Josh","Kelly","GWS",9,"Port Adelaide","GWS Giants"
2016,18,"Robbie","Gray","PORT",5,"Port Adelaide","GWS Giants"
2016,18,"Nick","Haynes","GWS",5,"Port Adelaide","GWS Giants"
2016,18,"Dylan","Shiel","GWS",4,"Port Adelaide","GWS Giants"
2016,18,"Tom","Scully","GWS",3,"Port Adelaide","GWS Giants"
2016,18,"Brad","Ebert","PORT",2,"Port Adelaide","GWS Giants"
2016,18,"Heath","Shaw","GWS",2,"Port Adelaide","GWS Giants"
2016,19,"Patrick","Dangerfield","GEEL",10,"Geelong Cats","Western Bulldogs"
2016,19,"Rhys","Stanley","GEEL",7,"Geelong Cats","Western Bulldogs"
2016,19,"Marcus","Bontempelli","WB",4,"Geelong Cats","Western Bulldogs"
2016,19,"Corey","Enright","GEEL",3,"Geelong Cats","Western Bulldogs"
2016,19,"Andrew","Mackie","GEEL",2,"Geelong Cats","Western Bulldogs"
2016,19,"Mitch","Duncan","GEEL",2,"Geelong Cats","Western Bulldogs"
2016,19,"Liam","Picken","WB",1,"Geelong Cats","Western Bulldogs"
2016,19,"Luke","Dahlhaus","WB",1,"Geelong Cats","Western Bulldogs"
2016,19,"Tom","Scully","GWS",8,"GWS Giants","Richmond"
2016,19,"Alex","Rance","RICH",8,"GWS Giants","Richmond"
2016,19,"Stephen","Coniglio","GWS",6,"GWS Giants","Richmond"
2016,19,"Shane","Mumford","GWS",4,"GWS Giants","Richmond"
2016,19,"Heath","Shaw","GWS",2,"GWS Giants","Richmond"
2016,19,"Steve","Johnson","GWS",2,"GWS Giants","Richmond"
2016,19,"Shaun","Burgoyne","HAW",8,"Hawthorn","Carlton"
2016,19,"Zach","Tuohy","CARL",7,"Hawthorn","Carlton"
2016,19,"Patrick","Cripps","CARL",6,"Hawthorn","Carlton"
2016,19,"Isaac","Smith","HAW",5,"Hawthorn","Carlton"
2016,19,"Jordan","Lewis","HAW",3,"Hawthorn","Carlton"
2016,19,"Grant","Birchall","HAW",1,"Hawthorn","Carlton"
2016,19,"Taylor","Adams","COLL",9,"Collingwood","West Coast Eagles"
2016,19,"Scott","Pendlebury","COLL",8,"Collingwood","West Coast Eagles"
2016,19,"Adam","Treloar","COLL",4,"Collingwood","West Coast Eagles"
2016,19,"Steele","Sidebottom","COLL",3,"Collingwood","West Coast Eagles"
2016,19,"Brodie","Grundy","COLL",3,"Collingwood","West Coast Eagles"
2016,19,"Josh","Smith","COLL",2,"Collingwood","West Coast Eagles"
2016,19,"Andrew","Gaff","WCE",1,"Collingwood","West Coast Eagles"
2016,19,"Jackson","Trengove","PORT",10,"Brisbane Lions","Port Adelaide"
2016,19,"Ollie","Wines","PORT",6,"Brisbane Lions","Port Adelaide"
2016,19,"Robbie","Gray","PORT",6,"Brisbane Lions","Port Adelaide"
2016,19,"Chad","Wingard","PORT",4,"Brisbane Lions","Port Adelaide"
2016,19,"Brad","Ebert","PORT",3,"Brisbane Lions","Port Adelaide"
2016,19,"John","Butcher","PORT",1,"Brisbane Lions","Port Adelaide"
2016,19,"Jamie","MacMillan","NMFC",9,"North Melbourne","St Kilda"
2016,19,"Ben","Cunnington","NMFC",8,"North Melbourne","St Kilda"
2016,19,"Drew","Petrie","NMFC",6,"North Melbourne","St Kilda"
2016,19,"Sam","Gibson","NMFC",3,"North Melbourne","St Kilda"
2016,19,"Blake","Acres","STK",2,"North Melbourne","St Kilda"
2016,19,"Scott","Thompson","NMFC",2,"North Melbourne","St Kilda"
2016,19,"Tom","J Lynch","GCFC",8,"Melbourne","Gold Coast Suns"
2016,19,"Dom","Tyson","MELB",8,"Melbourne","Gold Coast Suns"
2016,19,"Jack","Watts","MELB",8,"Melbourne","Gold Coast Suns"
2016,19,"Max","Gawn","MELB",2,"Melbourne","Gold Coast Suns"
2016,19,"Aaron","vandenBerg","MELB",2,"Melbourne","Gold Coast Suns"
2016,19,"Jarrod","Harbrow","GCFC",1,"Melbourne","Gold Coast Suns"
2016,19,"Touk","Miller","GCFC",1,"Melbourne","Gold Coast Suns"
2016,19,"Josh","Kennedy","SYD",10,"Fremantle","Sydney Swans"
2016,19,"Dan","Hannebery","SYD",8,"Fremantle","Sydney Swans"
2016,19,"Tom","Mitchell","SYD",5,"Fremantle","Sydney Swans"
2016,19,"Luke","Parker","SYD",3,"Fremantle","Sydney Swans"
2016,19,"David","Mundy","FRE",2,"Fremantle","Sydney Swans"
2016,19,"Dane","Rampe","SYD",1,"Fremantle","Sydney Swans"
2016,19,"Heath","Grundy","SYD",1,"Fremantle","Sydney Swans"
2016,19,"Eddie","Betts","ADEL",10,"Adelaide Crows","Essendon"
2016,19,"Rory","Sloane","ADEL",8,"Adelaide Crows","Essendon"
2016,19,"Rory","Laird","ADEL",6,"Adelaide Crows","Essendon"
2016,19,"Joe","Daniher","ESS",3,"Adelaide Crows","Essendon"
2016,19,"Charlie","Cameron","ADEL",3,"Adelaide Crows","Essendon"
2016,20,"Trent","Cotchin","RICH",10,"Richmond","Collingwood"
2016,20,"Alex","Rance","RICH",8,"Richmond","Collingwood"
2016,20,"Dustin","Martin","RICH",5,"Richmond","Collingwood"
2016,20,"Shaun","Grigg","RICH",5,"Richmond","Collingwood"
2016,20,"Brodie","Grundy","COLL",1,"Richmond","Collingwood"
2016,20,"Jack","Riewoldt","RICH",1,"Richmond","Collingwood"
2016,20,"Dan","Hannebery","SYD",9,"Sydney Swans","Port Adelaide"
2016,20,"Luke","Parker","SYD",7,"Sydney Swans","Port Adelaide"
2016,20,"Isaac","Heeney","SYD",6,"Sydney Swans","Port Adelaide"
2016,20,"Tom","Mitchell","SYD",4,"Sydney Swans","Port Adelaide"
2016,20,"Josh","Kennedy","SYD",2,"Sydney Swans","Port Adelaide"
2016,20,"Dane","Rampe","SYD",1,"Sydney Swans","Port Adelaide"
2016,20,"Sam","Naismith","SYD",1,"Sydney Swans","Port Adelaide"
2016,20,"Max","Gawn","MELB",10,"Melbourne","Hawthorn"
2016,20,"Jack","Viney","MELB",8,"Melbourne","Hawthorn"
2016,20,"Cyril","Rioli","HAW",6,"Melbourne","Hawthorn"
2016,20,"Dom","Tyson","MELB",4,"Melbourne","Hawthorn"
2016,20,"Nathan","Jones","MELB",2,"Melbourne","Hawthorn"
2016,20,"Steven","May","GCFC",10,"Gold Coast Suns","GWS Giants"
2016,20,"Tom","J Lynch","GCFC",7,"Gold Coast Suns","GWS Giants"
2016,20,"Shane","Mumford","GWS",4,"Gold Coast Suns","GWS Giants"
2016,20,"Jeremy","Cameron","GWS",3,"Gold Coast Suns","GWS Giants"
2016,20,"Devon","Smith","GWS",2,"Gold Coast Suns","GWS Giants"
2016,20,"Tom","Scully","GWS",2,"Gold Coast Suns","GWS Giants"
2016,20,"Toby","Greene","GWS",1,"Gold Coast Suns","GWS Giants"
2016,20,"Stephen","Coniglio","GWS",1,"Gold Coast Suns","GWS Giants"
2016,20,"Daniel","Talia","ADEL",7,"Adelaide Crows","Brisbane Lions"
2016,20,"Rory","Sloane","ADEL",5,"Adelaide Crows","Brisbane Lions"
2016,20,"Brad","Crouch","ADEL",5,"Adelaide Crows","Brisbane Lions"
2016,20,"Rory","Laird","ADEL",5,"Adelaide Crows","Brisbane Lions"
2016,20,"Tom","Lynch","ADEL",3,"Adelaide Crows","Brisbane Lions"
2016,20,"Taylor","Walker","ADEL",3,"Adelaide Crows","Brisbane Lions"
2016,20,"Brodie","Smith","ADEL",2,"Adelaide Crows","Brisbane Lions"
2016,20,"Matthew","Boyd","WB",8,"Western Bulldogs","North Melbourne"
2016,20,"Marcus","Bontempelli","WB",5,"Western Bulldogs","North Melbourne"
2016,20,"Easton","Wood","WB",5,"Western Bulldogs","North Melbourne"
2016,20,"Jason","Johannisen","WB",3,"Western Bulldogs","North Melbourne"
2016,20,"Luke","Dahlhaus","WB",3,"Western Bulldogs","North Melbourne"
2016,20,"Tory","Dickson","WB",2,"Western Bulldogs","North Melbourne"
2016,20,"Jamie","MacMillan","NMFC",2,"Western Bulldogs","North Melbourne"
2016,20,"Fletcher","Roberts","WB",1,"Western Bulldogs","North Melbourne"
2016,20,"Ben","Cunnington","NMFC",1,"Western Bulldogs","North Melbourne"
2016,20,"Jade","Gresham","STK",8,"Carlton","St Kilda"
2016,20,"Tim","Membrey","STK",6,"Carlton","St Kilda"
2016,20,"Jack","Newnes","STK",6,"Carlton","St Kilda"
2016,20,"Nick","Riewoldt","STK",5,"Carlton","St Kilda"
2016,20,"Zach","Tuohy","CARL",2,"Carlton","St Kilda"
2016,20,"Dylan","Roberton","STK",2,"Carlton","St Kilda"
2016,20,"Sebastian","Ross","STK",1,"Carlton","St Kilda"
2016,20,"Josh","J Kennedy","WCE",10,"Fremantle","West Coast Eagles"
2016,20,"Chris","Masten","WCE",4,"Fremantle","West Coast Eagles"
2016,20,"Luke","Shuey","WCE",4,"Fremantle","West Coast Eagles"
2016,20,"Mark","Lecras","WCE",3,"Fremantle","West Coast Eagles"
2016,20,"Shannon","Hurn","WCE",3,"Fremantle","West Coast Eagles"
2016,20,"Stephen","Hill","FRE",2,"Fremantle","West Coast Eagles"
2016,20,"Matt","Priddis","WCE",2,"Fremantle","West Coast Eagles"
2016,20,"Jeremy","McGovern","WCE",1,"Fremantle","West Coast Eagles"
2016,20,"Tommy","Sheridan","FRE",1,"Fremantle","West Coast Eagles"
2016,20,"Corey","Enright","GEEL",9,"Geelong Cats","Essendon"
2016,20,"Harry","Taylor","GEEL",7,"Geelong Cats","Essendon"
2016,20,"Cameron","Guthrie","GEEL",6,"Geelong Cats","Essendon"
2016,20,"Patrick","Dangerfield","GEEL",4,"Geelong Cats","Essendon"
2016,20,"Lachie","Henderson","GEEL",3,"Geelong Cats","Essendon"
2016,20,"Mitch","Brown","ESS",1,"Geelong Cats","Essendon"
2016,21,"Marcus","Bontempelli","WB",10,"Western Bulldogs","Collingwood"
2016,21,"Adam","Treloar","COLL",8,"Western Bulldogs","Collingwood"
2016,21,"Liam","Picken","WB",3,"Western Bulldogs","Collingwood"
2016,21,"Luke","Dahlhaus","WB",3,"Western Bulldogs","Collingwood"
2016,21,"Darcy","Moore","COLL",2,"Western Bulldogs","Collingwood"
2016,21,"Brodie","Grundy","COLL",2,"Western Bulldogs","Collingwood"
2016,21,"Joel","Hamling","WB",1,"Western Bulldogs","Collingwood"
2016,21,"Tyson","Goldsack","COLL",1,"Western Bulldogs","Collingwood"
2016,21,"Dayne","Zorko","BL",10,"Brisbane Lions","Carlton"
2016,21,"Tom","Rockliff","BL",8,"Brisbane Lions","Carlton"
2016,21,"Patrick","Cripps","CARL",6,"Brisbane Lions","Carlton"
2016,21,"Kade","Simpson","CARL",2,"Brisbane Lions","Carlton"
2016,21,"Michael","Close","BL",2,"Brisbane Lions","Carlton"
2016,21,"Ed","Curnow","CARL",2,"Brisbane Lions","Carlton"
2016,21,"Isaac","Smith","HAW",10,"Hawthorn","North Melbourne"
2016,21,"Bradley","Hill","HAW",6,"Hawthorn","North Melbourne"
2016,21,"Robbie","Tarrant","NMFC",6,"Hawthorn","North Melbourne"
2016,21,"Sam","Mitchell","HAW",6,"Hawthorn","North Melbourne"
2016,21,"Grant","Birchall","HAW",1,"Hawthorn","North Melbourne"
2016,21,"Jack","Ziebell","NMFC",1,"Hawthorn","North Melbourne"
2016,21,"Luke","Shuey","WCE",10,"GWS Giants","West Coast Eagles"
2016,21,"Rory","Lobb","GWS",8,"GWS Giants","West Coast Eagles"
2016,21,"Nic","Naitanui","WCE",6,"GWS Giants","West Coast Eagles"
2016,21,"Toby","Greene","GWS",3,"GWS Giants","West Coast Eagles"
2016,21,"Matt","Priddis","WCE",2,"GWS Giants","West Coast Eagles"
2016,21,"Ryan","Griffen","GWS",1,"GWS Giants","West Coast Eagles"
2016,21,"Max","Gawn","MELB",10,"Port Adelaide","Melbourne"
2016,21,"Dom","Tyson","MELB",7,"Port Adelaide","Melbourne"
2016,21,"Tom","McDonald","MELB",4,"Port Adelaide","Melbourne"
2016,21,"Nathan","Jones","MELB",4,"Port Adelaide","Melbourne"
2016,21,"Bernie","Vince","MELB",3,"Port Adelaide","Melbourne"
2016,21,"Jared","Polec","PORT",1,"Port Adelaide","Melbourne"
2016,21,"Ollie","Wines","PORT",1,"Port Adelaide","Melbourne"
2016,21,"Lance","Franklin","SYD",10,"St Kilda","Sydney Swans"
2016,21,"Luke","Parker","SYD",8,"St Kilda","Sydney Swans"
2016,21,"Dan","Hannebery","SYD",5,"St Kilda","Sydney Swans"
2016,21,"Josh","Kennedy","SYD",3,"St Kilda","Sydney Swans"
2016,21,"Jake","Lloyd","SYD",3,"St Kilda","Sydney Swans"
2016,21,"Callum","Mills","SYD",1,"St Kilda","Sydney Swans"
2016,21,"David","Zaharakis","ESS",10,"Essendon","Gold Coast Suns"
2016,21,"Zach","Merrett","ESS",8,"Essendon","Gold Coast Suns"
2016,21,"Touk","Miller","GCFC",6,"Essendon","Gold Coast Suns"
2016,21,"Mathew","Stokes","ESS",2,"Essendon","Gold Coast Suns"
2016,21,"Mitch","Brown","ESS",2,"Essendon","Gold Coast Suns"
2016,21,"James","Kelly","ESS",1,"Essendon","Gold Coast Suns"
2016,21,"Steven","May","GCFC",1,"Essendon","Gold Coast Suns"
2016,21,"Brad","Crouch","ADEL",9,"Fremantle","Adelaide Crows"
2016,21,"Eddie","Betts","ADEL",7,"Fremantle","Adelaide Crows"
2016,21,"Josh","Jenkins","ADEL",6,"Fremantle","Adelaide Crows"
2016,21,"Scott","Thompson","ADEL",3,"Fremantle","Adelaide Crows"
2016,21,"Rory","Laird","ADEL",3,"Fremantle","Adelaide Crows"
2016,21,"Michael","Walters","FRE",2,"Fremantle","Adelaide Crows"
2016,21,"Alex","Rance","RICH",10,"Richmond","Geelong Cats"
2016,21,"Corey","Enright","GEEL",6,"Richmond","Geelong Cats"
2016,21,"Patrick","Dangerfield","GEEL",6,"Richmond","Geelong Cats"
2016,21,"Joel","Selwood","GEEL",4,"Richmond","Geelong Cats"
2016,21,"Dustin","Martin","RICH",4,"Richmond","Geelong Cats"
2016,22,"Andrew","Gaff","WCE",10,"West Coast Eagles","Hawthorn"
2016,22,"Josh","J Kennedy","WCE",6,"West Coast Eagles","Hawthorn"
2016,22,"Jeremy","McGovern","WCE",5,"West Coast Eagles","Hawthorn"
2016,22,"Matt","Priddis","WCE",4,"West Coast Eagles","Hawthorn"
2016,22,"Nic","Naitanui","WCE",4,"West Coast Eagles","Hawthorn"
2016,22,"Mark","Hutchings","WCE",1,"West Coast Eagles","Hawthorn"
2016,22,"Luke","Parker","SYD",9,"North Melbourne","Sydney Swans"
2016,22,"Brent","Harvey","NMFC",7,"North Melbourne","Sydney Swans"
2016,22,"Dan","Hannebery","SYD",6,"North Melbourne","Sydney Swans"
2016,22,"Nick","Dal Santo","NMFC",4,"North Melbourne","Sydney Swans"
2016,22,"Callum","Mills","SYD",3,"North Melbourne","Sydney Swans"
2016,22,"Daniel","Wells","NMFC",1,"North Melbourne","Sydney Swans"
2016,22,"Sebastian","Ross","STK",10,"Richmond","St Kilda"
2016,22,"Leigh","Montagna","STK",7,"Richmond","St Kilda"
2016,22,"Daniel","Rioli","RICH",6,"Richmond","St Kilda"
2016,22,"Sean","Dempster","STK",3,"Richmond","St Kilda"
2016,22,"Dustin","Martin","RICH",2,"Richmond","St Kilda"
2016,22,"Nick","Riewoldt","STK",1,"Richmond","St Kilda"
2016,22,"Blake","Acres","STK",1,"Richmond","St Kilda"
2016,22,"Ryan","Griffen","GWS",10,"GWS Giants","Fremantle"
2016,22,"Lachie","Whitfield","GWS",6,"GWS Giants","Fremantle"
2016,22,"Nick","Haynes","GWS",6,"GWS Giants","Fremantle"
2016,22,"Jonathon","Patton","GWS",6,"GWS Giants","Fremantle"
2016,22,"Nathan","Wilson","GWS",1,"GWS Giants","Fremantle"
2016,22,"Lachie","Neale","FRE",1,"GWS Giants","Fremantle"
2016,22,"Eddie","Betts","ADEL",10,"Port Adelaide","Adelaide Crows"
2016,22,"Ollie","Wines","PORT",8,"Port Adelaide","Adelaide Crows"
2016,22,"Robbie","Gray","PORT",5,"Port Adelaide","Adelaide Crows"
2016,22,"Matt","Crouch","ADEL",3,"Port Adelaide","Adelaide Crows"
2016,22,"Rory","Laird","ADEL",2,"Port Adelaide","Adelaide Crows"
2016,22,"Mitch","McGovern","ADEL",1,"Port Adelaide","Adelaide Crows"
2016,22,"Jarryd","Lyons","ADEL",1,"Port Adelaide","Adelaide Crows"
2016,22,"Adam","Treloar","COLL",10,"Collingwood","Gold Coast Suns"
2016,22,"Scott","Pendlebury","COLL",8,"Collingwood","Gold Coast Suns"
2016,22,"Josh","Smith","COLL",5,"Collingwood","Gold Coast Suns"
2016,22,"Jeremy","Howe","COLL",4,"Collingwood","Gold Coast Suns"
2016,22,"Brodie","Grundy","COLL",2,"Collingwood","Gold Coast Suns"
2016,22,"Jesse","White","COLL",1,"Collingwood","Gold Coast Suns"
2016,22,"Patrick","Cripps","CARL",10,"Carlton","Melbourne"
2016,22,"Bryce","Gibbs","CARL",8,"Carlton","Melbourne"
2016,22,"Kade","Simpson","CARL",4,"Carlton","Melbourne"
2016,22,"Matthew","Kreuzer","CARL",3,"Carlton","Melbourne"
2016,22,"Jack","Viney","MELB",2,"Carlton","Melbourne"
2016,22,"Sam","Docherty","CARL",2,"Carlton","Melbourne"
2016,22,"Dylan","Buckley","CARL",1,"Carlton","Melbourne"
2016,22,"Sam","Menegola","GEEL",10,"Brisbane Lions","Geelong Cats"
2016,22,"Patrick","Dangerfield","GEEL",7,"Brisbane Lions","Geelong Cats"
2016,22,"Steven","Motlop","GEEL",7,"Brisbane Lions","Geelong Cats"
2016,22,"Cameron","Guthrie","GEEL",2,"Brisbane Lions","Geelong Cats"
2016,22,"Daniel","Rich","BL",2,"Brisbane Lions","Geelong Cats"
2016,22,"Scott","Selwood","GEEL",1,"Brisbane Lions","Geelong Cats"
2016,22,"Tom","Rockliff","BL",1,"Brisbane Lions","Geelong Cats"
2016,22,"Liam","Picken","WB",8,"Essendon","Western Bulldogs"
2016,22,"Zach","Merrett","ESS",7,"Essendon","Western Bulldogs"
2016,22,"Jason","Johannisen","WB",7,"Essendon","Western Bulldogs"
2016,22,"Caleb","Daniel","WB",6,"Essendon","Western Bulldogs"
2016,22,"Matthew","Boyd","WB",2,"Essendon","Western Bulldogs"
2016,23,"Andrew","Gaff","WCE",10,"Adelaide Crows","West Coast Eagles"
2016,23,"Josh","J Kennedy","WCE",8,"Adelaide Crows","West Coast Eagles"
2016,23,"Tom","Barrass","WCE",6,"Adelaide Crows","West Coast Eagles"
2016,23,"Jonathan","Giles","WCE",3,"Adelaide Crows","West Coast Eagles"
2016,23,"Luke","Shuey","WCE",2,"Adelaide Crows","West Coast Eagles"
2016,23,"Matt","Priddis","WCE",1,"Adelaide Crows","West Coast Eagles"
2016,23,"Joel","Selwood","GEEL",9,"Geelong Cats","Melbourne"
2016,23,"Patrick","Dangerfield","GEEL",9,"Geelong Cats","Melbourne"
2016,23,"Tom","Hawkins","GEEL",6,"Geelong Cats","Melbourne"
2016,23,"Harry","Taylor","GEEL",4,"Geelong Cats","Melbourne"
2016,23,"Daniel","Menzel","GEEL",2,"Geelong Cats","Melbourne"
2016,23,"Zach","Merrett","ESS",9,"Essendon","Carlton"
2016,23,"Joe","Daniher","ESS",9,"Essendon","Carlton"
2016,23,"Anthony","McDonald-Tipungwuti","ESS",3,"Essendon","Carlton"
2016,23,"Matt","Dea","ESS",3,"Essendon","Carlton"
2016,23,"Brendon","Goddard","ESS",2,"Essendon","Carlton"
2016,23,"Patrick","Cripps","CARL",2,"Essendon","Carlton"
2016,23,"Kyle","Langford","ESS",2,"Essendon","Carlton"
2016,23,"Lance","Franklin","SYD",10,"Sydney Swans","Richmond"
2016,23,"Josh","Kennedy","SYD",8,"Sydney Swans","Richmond"
2016,23,"Gary","Rohan","SYD",5,"Sydney Swans","Richmond"
2016,23,"Ben","McGlynn","SYD",5,"Sydney Swans","Richmond"
2016,23,"Dane","Rampe","SYD",1,"Sydney Swans","Richmond"
2016,23,"Tom","Mitchell","SYD",1,"Sydney Swans","Richmond"
2016,23,"Robbie","Gray","PORT",10,"Gold Coast Suns","Port Adelaide"
2016,23,"Ollie","Wines","PORT",8,"Gold Coast Suns","Port Adelaide"
2016,23,"Sam","Gray","PORT",5,"Gold Coast Suns","Port Adelaide"
2016,23,"Brayden","Fiorini","GCFC",5,"Gold Coast Suns","Port Adelaide"
2016,23,"Steven","May","GCFC",2,"Gold Coast Suns","Port Adelaide"
2016,23,"Jonathon","Patton","GWS",10,"North Melbourne","GWS Giants"
2016,23,"Dylan","Shiel","GWS",6,"North Melbourne","GWS Giants"
2016,23,"Steve","Johnson","GWS",4,"North Melbourne","GWS Giants"
2016,23,"Devon","Smith","GWS",4,"North Melbourne","GWS Giants"
2016,23,"Brent","Harvey","NMFC",3,"North Melbourne","GWS Giants"
2016,23,"Tom","Scully","GWS",2,"North Melbourne","GWS Giants"
2016,23,"Ben","Brown","NMFC",1,"North Melbourne","GWS Giants"
2016,23,"Nick","Riewoldt","STK",10,"St Kilda","Brisbane Lions"
2016,23,"David","Armitage","STK",7,"St Kilda","Brisbane Lions"
2016,23,"Jack","Steven","STK",7,"St Kilda","Brisbane Lions"
2016,23,"Dylan","Roberton","STK",3,"St Kilda","Brisbane Lions"
2016,23,"Tom","Rockliff","BL",2,"St Kilda","Brisbane Lions"
2016,23,"Daniel","McKenzie","STK",1,"St Kilda","Brisbane Lions"
2016,23,"Lachie","Neale","FRE",10,"Fremantle","Western Bulldogs"
2016,23,"Stephen","Hill","FRE",8,"Fremantle","Western Bulldogs"
2016,23,"Danyle","Pearce","FRE",6,"Fremantle","Western Bulldogs"
2016,23,"Garrick","Ibbotson","FRE",4,"Fremantle","Western Bulldogs"
2016,23,"Matthew","Boyd","WB",2,"Fremantle","Western Bulldogs"
2016,23,"Adam","Treloar","COLL",9,"Hawthorn","Collingwood"
2016,23,"Steele","Sidebottom","COLL",8,"Hawthorn","Collingwood"
2016,23,"Scott","Pendlebury","COLL",5,"Hawthorn","Collingwood"
2016,23,"Luke","Breust","HAW",4,"Hawthorn","Collingwood"
2016,23,"Sam","Mitchell","HAW",3,"Hawthorn","Collingwood"
2016,23,"Jordan","Lewis","HAW",1,"Hawthorn","Collingwood"
2017,1,"Dustin","Martin","RICH",10,"Carlton","Richmond"
2017,1,"Dion","Prestia","RICH",8,"Carlton","Richmond"
2017,1,"Jason","Castagna","RICH",4,"Carlton","Richmond"
2017,1,"Matthew","Kreuzer","CARL",3,"Carlton","Richmond"
2017,1,"Marc","Murphy","CARL",3,"Carlton","Richmond"
2017,1,"Dan","Butler","RICH",1,"Carlton","Richmond"
2017,1,"Trent","Cotchin","RICH",1,"Carlton","Richmond"
2017,1,"Scott","Pendlebury","COLL",9,"Collingwood","Western Bulldogs"
2017,1,"Jason","Johannisen","WB",8,"Collingwood","Western Bulldogs"
2017,1,"Fletcher","Roberts","WB",4,"Collingwood","Western Bulldogs"
2017,1,"Lachie","Hunter","WB",3,"Collingwood","Western Bulldogs"
2017,1,"Steele","Sidebottom","COLL",3,"Collingwood","Western Bulldogs"
2017,1,"Robert","Murphy","WB",2,"Collingwood","Western Bulldogs"
2017,1,"Marcus","Bontempelli","WB",1,"Collingwood","Western Bulldogs"
2017,1,"Ollie","Wines","PORT",10,"Sydney Swans","Port Adelaide"
2017,1,"Brad","Ebert","PORT",4,"Sydney Swans","Port Adelaide"
2017,1,"Lance","Franklin","SYD",4,"Sydney Swans","Port Adelaide"
2017,1,"Sam","Powell-Pepper","PORT",4,"Sydney Swans","Port Adelaide"
2017,1,"Paddy","Ryder","PORT",4,"Sydney Swans","Port Adelaide"
2017,1,"Aaron","Young","PORT",2,"Sydney Swans","Port Adelaide"
2017,1,"Chad","Wingard","PORT",2,"Sydney Swans","Port Adelaide"
2017,1,"Clayton","Oliver","MELB",9,"St Kilda","Melbourne"
2017,1,"Max","Gawn","MELB",5,"St Kilda","Melbourne"
2017,1,"Bernie","Vince","MELB",5,"St Kilda","Melbourne"
2017,1,"Jordan","Lewis","MELB",4,"St Kilda","Melbourne"
2017,1,"Nathan","Jones","MELB",3,"St Kilda","Melbourne"
2017,1,"Jesse","Hogan","MELB",2,"St Kilda","Melbourne"
2017,1,"Nick","Riewoldt","STK",2,"St Kilda","Melbourne"
2017,1,"Dayne","Beams","BL",10,"Gold Coast Suns","Brisbane Lions"
2017,1,"Gary","Ablett","GCFC",6,"Gold Coast Suns","Brisbane Lions"
2017,1,"Touk","Miller","GCFC",5,"Gold Coast Suns","Brisbane Lions"
2017,1,"Tom","Rockliff","BL",5,"Gold Coast Suns","Brisbane Lions"
2017,1,"Harris","Andrews","BL",3,"Gold Coast Suns","Brisbane Lions"
2017,1,"Dayne","Zorko","BL",1,"Gold Coast Suns","Brisbane Lions"
2017,1,"Dyson","Heppell","ESS",9,"Essendon","Hawthorn"
2017,1,"Zach","Merrett","ESS",9,"Essendon","Hawthorn"
2017,1,"Tom","Mitchell","HAW",5,"Essendon","Hawthorn"
2017,1,"Orazio","Fantasia","ESS",5,"Essendon","Hawthorn"
2017,1,"Brendon","Goddard","ESS",1,"Essendon","Hawthorn"
2017,1,"Mark","Baguley","ESS",1,"Essendon","Hawthorn"
2017,1,"Josh","J Kennedy","WCE",10,"North Melbourne","West Coast Eagles"
2017,1,"Elliot","Yeo","WCE",8,"North Melbourne","West Coast Eagles"
2017,1,"Mark","Lecras","WCE",4,"North Melbourne","West Coast Eagles"
2017,1,"Shaun","Higgins","NMFC",3,"North Melbourne","West Coast Eagles"
2017,1,"Sam","Mitchell","WCE",2,"North Melbourne","West Coast Eagles"
2017,1,"Jack","Ziebell","NMFC",2,"North Melbourne","West Coast Eagles"
2017,1,"Todd","Goldstein","NMFC",1,"North Melbourne","West Coast Eagles"
2017,1,"Rory","Laird","ADEL",10,"Adelaide Crows","GWS Giants"
2017,1,"Charlie","Cameron","ADEL",6,"Adelaide Crows","GWS Giants"
2017,1,"Richard","Douglas","ADEL",4,"Adelaide Crows","GWS Giants"
2017,1,"Rory","Atkins","ADEL",4,"Adelaide Crows","GWS Giants"
2017,1,"Matt","Crouch","ADEL",3,"Adelaide Crows","GWS Giants"
2017,1,"Eddie","Betts","ADEL",2,"Adelaide Crows","GWS Giants"
2017,1,"Josh","Jenkins","ADEL",1,"Adelaide Crows","GWS Giants"
2017,1,"Andrew","Mackie","GEEL",9,"Fremantle","Geelong Cats"
2017,1,"Mitch","Duncan","GEEL",5,"Fremantle","Geelong Cats"
2017,1,"Joel","Selwood","GEEL",5,"Fremantle","Geelong Cats"
2017,1,"Patrick","Dangerfield","GEEL",4,"Fremantle","Geelong Cats"
2017,1,"Steven","Motlop","GEEL",3,"Fremantle","Geelong Cats"
2017,1,"Nakia","Cockatoo","GEEL",2,"Fremantle","Geelong Cats"
2017,1,"Zach","Tuohy","GEEL",1,"Fremantle","Geelong Cats"
2017,1,"Stephen","Hill","FRE",1,"Fremantle","Geelong Cats"
2017,2,"Trent","Cotchin","RICH",10,"Richmond","Collingwood"
2017,2,"Brodie","Grundy","COLL",7,"Richmond","Collingwood"
2017,2,"Adam","Treloar","COLL",4,"Richmond","Collingwood"
2017,2,"Dustin","Martin","RICH",3,"Richmond","Collingwood"
2017,2,"Toby","Nankervis","RICH",3,"Richmond","Collingwood"
2017,2,"Will","Hoskin-Elliott","COLL",2,"Richmond","Collingwood"
2017,2,"Tyson","Goldsack","COLL",1,"Richmond","Collingwood"
2017,2,"Marcus","Bontempelli","WB",9,"Western Bulldogs","Sydney Swans"
2017,2,"Sam","Reid","SYD",9,"Western Bulldogs","Sydney Swans"
2017,2,"Easton","Wood","WB",4,"Western Bulldogs","Sydney Swans"
2017,2,"Lin","Jong","WB",3,"Western Bulldogs","Sydney Swans"
2017,2,"Liam","Picken","WB",3,"Western Bulldogs","Sydney Swans"
2017,2,"Marcus","Adams","WB",1,"Western Bulldogs","Sydney Swans"
2017,2,"Lance","Franklin","SYD",1,"Western Bulldogs","Sydney Swans"
2017,2,"Sam","Jacobs","ADEL",10,"Hawthorn","Adelaide Crows"
2017,2,"Rory","Sloane","ADEL",6,"Hawthorn","Adelaide Crows"
2017,2,"Tom","Lynch","ADEL",4,"Hawthorn","Adelaide Crows"
2017,2,"Jaeger","O'Meara","HAW",4,"Hawthorn","Adelaide Crows"
2017,2,"Tom","Mitchell","HAW",3,"Hawthorn","Adelaide Crows"
2017,2,"Taylor","Walker","ADEL",2,"Hawthorn","Adelaide Crows"
2017,2,"Luke","Breust","HAW",1,"Hawthorn","Adelaide Crows"
2017,2,"Dylan","Shiel","GWS",7,"GWS Giants","Gold Coast Suns"
2017,2,"Toby","Greene","GWS",7,"GWS Giants","Gold Coast Suns"
2017,2,"Josh","Kelly","GWS",5,"GWS Giants","Gold Coast Suns"
2017,2,"Phil","Davis","GWS",4,"GWS Giants","Gold Coast Suns"
2017,2,"Jeremy","Cameron","GWS",4,"GWS Giants","Gold Coast Suns"
2017,2,"Callan","Ward","GWS",3,"GWS Giants","Gold Coast Suns"
2017,2,"Luke","Shuey","WCE",9,"West Coast Eagles","St Kilda"
2017,2,"Elliot","Yeo","WCE",7,"West Coast Eagles","St Kilda"
2017,2,"Sebastian","Ross","STK",6,"West Coast Eagles","St Kilda"
2017,2,"Andrew","Gaff","WCE",4,"West Coast Eagles","St Kilda"
2017,2,"Dylan","Roberton","STK",3,"West Coast Eagles","St Kilda"
2017,2,"Jeremy","McGovern","WCE",1,"West Coast Eagles","St Kilda"
2017,2,"Zach","Merrett","ESS",9,"Brisbane Lions","Essendon"
2017,2,"Orazio","Fantasia","ESS",7,"Brisbane Lions","Essendon"
2017,2,"Stefan","Martin","BL",7,"Brisbane Lions","Essendon"
2017,2,"Jobe","Watson","ESS",4,"Brisbane Lions","Essendon"
2017,2,"Dayne","Beams","BL",3,"Brisbane Lions","Essendon"
2017,2,"Shaun","Higgins","NMFC",10,"Geelong Cats","North Melbourne"
2017,2,"Joel","Selwood","GEEL",7,"Geelong Cats","North Melbourne"
2017,2,"Patrick","Dangerfield","GEEL",7,"Geelong Cats","North Melbourne"
2017,2,"Daniel","Menzel","GEEL",3,"Geelong Cats","North Melbourne"
2017,2,"Ben","Brown","NMFC",2,"Geelong Cats","North Melbourne"
2017,2,"Robbie","Tarrant","NMFC",1,"Geelong Cats","North Melbourne"
2017,2,"Christian","Salem","MELB",10,"Melbourne","Carlton"
2017,2,"Clayton","Oliver","MELB",8,"Melbourne","Carlton"
2017,2,"Matthew","Wright","CARL",3,"Melbourne","Carlton"
2017,2,"Marc","Murphy","CARL",3,"Melbourne","Carlton"
2017,2,"Patrick","Cripps","CARL",3,"Melbourne","Carlton"
2017,2,"Neville","Jetta","MELB",2,"Melbourne","Carlton"
2017,2,"Nathan","Jones","MELB",1,"Melbourne","Carlton"
2017,2,"Robbie","Gray","PORT",10,"Port Adelaide","Fremantle"
2017,2,"Ollie","Wines","PORT",8,"Port Adelaide","Fremantle"
2017,2,"Sam","Powell-Pepper","PORT",3,"Port Adelaide","Fremantle"
2017,2,"Jared","Polec","PORT",3,"Port Adelaide","Fremantle"
2017,2,"Tom","Jonas","PORT",2,"Port Adelaide","Fremantle"
2017,2,"Paddy","Ryder","PORT",2,"Port Adelaide","Fremantle"
2017,2,"Brad","Ebert","PORT",1,"Port Adelaide","Fremantle"
2017,2,"Charlie","Dixon","PORT",1,"Port Adelaide","Fremantle"
2017,3,"Taylor","Adams","COLL",9,"Sydney Swans","Collingwood"
2017,3,"Adam","Treloar","COLL",7,"Sydney Swans","Collingwood"
2017,3,"Alex","Fasolo","COLL",5,"Sydney Swans","Collingwood"
2017,3,"Josh","Kennedy","SYD",4,"Sydney Swans","Collingwood"
2017,3,"Henry","Schade","COLL",2,"Sydney Swans","Collingwood"
2017,3,"Scott","Pendlebury","COLL",2,"Sydney Swans","Collingwood"
2017,3,"Brayden","Maynard","COLL",1,"Sydney Swans","Collingwood"
2017,3,"Josh","Kelly","GWS",10,"North Melbourne","GWS Giants"
2017,3,"Callan","Ward","GWS",7,"North Melbourne","GWS Giants"
2017,3,"Jack","Ziebell","NMFC",5,"North Melbourne","GWS Giants"
2017,3,"Dylan","Shiel","GWS",4,"North Melbourne","GWS Giants"
2017,3,"Shane","Mumford","GWS",2,"North Melbourne","GWS Giants"
2017,3,"Braydon","Preuss","NMFC",1,"North Melbourne","GWS Giants"
2017,3,"Zac","Williams","GWS",1,"North Melbourne","GWS Giants"
2017,3,"Dustin","Martin","RICH",10,"Richmond","West Coast Eagles"
2017,3,"Alex","Rance","RICH",7,"Richmond","West Coast Eagles"
2017,3,"Trent","Cotchin","RICH",7,"Richmond","West Coast Eagles"
2017,3,"Mark","Lecras","WCE",4,"Richmond","West Coast Eagles"
2017,3,"Luke","Shuey","WCE",1,"Richmond","West Coast Eagles"
2017,3,"Andrew","Gaff","WCE",1,"Richmond","West Coast Eagles"
2017,3,"Patrick","Dangerfield","GEEL",8,"Geelong Cats","Melbourne"
2017,3,"Jayden","Hunt","MELB",8,"Geelong Cats","Melbourne"
2017,3,"Joel","Selwood","GEEL",6,"Geelong Cats","Melbourne"
2017,3,"Nathan","Jones","MELB",3,"Geelong Cats","Melbourne"
2017,3,"Mark","Blicavs","GEEL",3,"Geelong Cats","Melbourne"
2017,3,"Tom","Hawkins","GEEL",2,"Geelong Cats","Melbourne"
2017,3,"Stephen","Hill","FRE",10,"Fremantle","Western Bulldogs"
2017,3,"Nathan","Fyfe","FRE",6,"Fremantle","Western Bulldogs"
2017,3,"Joel","Hamling","FRE",4,"Fremantle","Western Bulldogs"
2017,3,"David","Mundy","FRE",3,"Fremantle","Western Bulldogs"
2017,3,"Bradley","Hill","FRE",3,"Fremantle","Western Bulldogs"
2017,3,"Jason","Johannisen","WB",3,"Fremantle","Western Bulldogs"
2017,3,"Lachie","Hunter","WB",1,"Fremantle","Western Bulldogs"
2017,3,"Rory","Sloane","ADEL",10,"Port Adelaide","Adelaide Crows"
2017,3,"Taylor","Walker","ADEL",8,"Port Adelaide","Adelaide Crows"
2017,3,"Ollie","Wines","PORT",6,"Port Adelaide","Adelaide Crows"
2017,3,"Richard","Douglas","ADEL",3,"Port Adelaide","Adelaide Crows"
2017,3,"Kyle","Hartigan","ADEL",2,"Port Adelaide","Adelaide Crows"
2017,3,"Darcy","Byrne-Jones","PORT",1,"Port Adelaide","Adelaide Crows"
2017,3,"Nick","Riewoldt","STK",10,"St Kilda","Brisbane Lions"
2017,3,"Leigh","Montagna","STK",7,"St Kilda","Brisbane Lions"
2017,3,"Daniel","Rich","BL",7,"St Kilda","Brisbane Lions"
2017,3,"Luke","Dunstan","STK",2,"St Kilda","Brisbane Lions"
2017,3,"Stefan","Martin","BL",2,"St Kilda","Brisbane Lions"
2017,3,"Dylan","Roberton","STK",1,"St Kilda","Brisbane Lions"
2017,3,"Tim","Membrey","STK",1,"St Kilda","Brisbane Lions"
2017,3,"Marc","Murphy","CARL",10,"Carlton","Essendon"
2017,3,"Bryce","Gibbs","CARL",8,"Carlton","Essendon"
2017,3,"Brendon","Goddard","ESS",3,"Carlton","Essendon"
2017,3,"Matthew","Kreuzer","CARL",3,"Carlton","Essendon"
2017,3,"Lachie","Plowman","CARL",2,"Carlton","Essendon"
2017,3,"Sam","Docherty","CARL",2,"Carlton","Essendon"
2017,3,"Kade","Simpson","CARL",1,"Carlton","Essendon"
2017,3,"Dyson","Heppell","ESS",1,"Carlton","Essendon"
2017,3,"David","Swallow","GCFC",10,"Gold Coast Suns","Hawthorn"
2017,3,"Jarrod","Witts","GCFC",6,"Gold Coast Suns","Hawthorn"
2017,3,"Gary","Ablett","GCFC",4,"Gold Coast Suns","Hawthorn"
2017,3,"Jack","Martin","GCFC",4,"Gold Coast Suns","Hawthorn"
2017,3,"Aaron","Hall","GCFC",3,"Gold Coast Suns","Hawthorn"
2017,3,"Touk","Miller","GCFC",2,"Gold Coast Suns","Hawthorn"
2017,3,"Brandon","Matera","GCFC",1,"Gold Coast Suns","Hawthorn"
2017,4,"Luke","Shuey","WCE",10,"West Coast Eagles","Sydney Swans"
2017,4,"Elliot","Yeo","WCE",6,"West Coast Eagles","Sydney Swans"
2017,4,"Josh","Kennedy","SYD",5,"West Coast Eagles","Sydney Swans"
2017,4,"Jamie","Cripps","WCE",3,"West Coast Eagles","Sydney Swans"
2017,4,"Andrew","Gaff","WCE",3,"West Coast Eagles","Sydney Swans"
2017,4,"Shannon","Hurn","WCE",2,"West Coast Eagles","Sydney Swans"
2017,4,"Josh","J Kennedy","WCE",1,"West Coast Eagles","Sydney Swans"
2017,4,"Luke","Dahlhaus","WB",9,"North Melbourne","Western Bulldogs"
2017,4,"Ben","Cunnington","NMFC",8,"North Melbourne","Western Bulldogs"
2017,4,"Toby","McLean","WB",4,"North Melbourne","Western Bulldogs"
2017,4,"Marcus","Bontempelli","WB",3,"North Melbourne","Western Bulldogs"
2017,4,"Matthew","Suckling","WB",3,"North Melbourne","Western Bulldogs"
2017,4,"Ben","Brown","NMFC",2,"North Melbourne","Western Bulldogs"
2017,4,"Robert","Murphy","WB",1,"North Melbourne","Western Bulldogs"
2017,4,"Lachie","Neale","FRE",10,"Melbourne","Fremantle"
2017,4,"David","Mundy","FRE",7,"Melbourne","Fremantle"
2017,4,"Nathan","Fyfe","FRE",4,"Melbourne","Fremantle"
2017,4,"Clayton","Oliver","MELB",3,"Melbourne","Fremantle"
2017,4,"Connor","Blakely","FRE",2,"Melbourne","Fremantle"
2017,4,"Lachie","Weller","FRE",2,"Melbourne","Fremantle"
2017,4,"Christian","Salem","MELB",1,"Melbourne","Fremantle"
2017,4,"Christian","Petracca","MELB",1,"Melbourne","Fremantle"
2017,4,"Tom","Scully","GWS",9,"GWS Giants","Port Adelaide"
2017,4,"Jonathon","Patton","GWS",8,"GWS Giants","Port Adelaide"
2017,4,"Nick","Haynes","GWS",7,"GWS Giants","Port Adelaide"
2017,4,"Dylan","Shiel","GWS",3,"GWS Giants","Port Adelaide"
2017,4,"Travis","Boak","PORT",2,"GWS Giants","Port Adelaide"
2017,4,"Shane","Mumford","GWS",1,"GWS Giants","Port Adelaide"
2017,4,"Eddie","Betts","ADEL",9,"Adelaide Crows","Essendon"
2017,4,"Taylor","Walker","ADEL",8,"Adelaide Crows","Essendon"
2017,4,"Rory","Sloane","ADEL",7,"Adelaide Crows","Essendon"
2017,4,"Brodie","Smith","ADEL",3,"Adelaide Crows","Essendon"
2017,4,"Rory","Laird","ADEL",2,"Adelaide Crows","Essendon"
2017,4,"Travis","Colyer","ESS",1,"Adelaide Crows","Essendon"
2017,4,"Tom","J Lynch","GCFC",10,"Carlton","Gold Coast Suns"
2017,4,"Brandon","Matera","GCFC",7,"Carlton","Gold Coast Suns"
2017,4,"Gary","Ablett","GCFC",6,"Carlton","Gold Coast Suns"
2017,4,"Jack","Martin","GCFC",3,"Carlton","Gold Coast Suns"
2017,4,"Marc","Murphy","CARL",3,"Carlton","Gold Coast Suns"
2017,4,"Aaron","Hall","GCFC",1,"Carlton","Gold Coast Suns"
2017,4,"Sebastian","Ross","STK",9,"Collingwood","St Kilda"
2017,4,"Jarryn","Geary","STK",5,"Collingwood","St Kilda"
2017,4,"Dylan","Roberton","STK",5,"Collingwood","St Kilda"
2017,4,"Jimmy","Webster","STK",4,"Collingwood","St Kilda"
2017,4,"Taylor","Adams","COLL",3,"Collingwood","St Kilda"
2017,4,"Jeremy","Howe","COLL",2,"Collingwood","St Kilda"
2017,4,"Brodie","Grundy","COLL",1,"Collingwood","St Kilda"
2017,4,"Jack","Billings","STK",1,"Collingwood","St Kilda"
2017,4,"Jack","Riewoldt","RICH",8,"Brisbane Lions","Richmond"
2017,4,"Shaun","Grigg","RICH",5,"Brisbane Lions","Richmond"
2017,4,"Stefan","Martin","BL",5,"Brisbane Lions","Richmond"
2017,4,"Tom","Rockliff","BL",4,"Brisbane Lions","Richmond"
2017,4,"Jason","Castagna","RICH",4,"Brisbane Lions","Richmond"
2017,4,"David","Astbury","RICH",3,"Brisbane Lions","Richmond"
2017,4,"Mitch","Robinson","BL",1,"Brisbane Lions","Richmond"
2017,4,"Mitch","Duncan","GEEL",8,"Hawthorn","Geelong Cats"
2017,4,"Zach","Tuohy","GEEL",5,"Hawthorn","Geelong Cats"
2017,4,"Steven","Motlop","GEEL",5,"Hawthorn","Geelong Cats"
2017,4,"Luke","Hodge","HAW",4,"Hawthorn","Geelong Cats"
2017,4,"Joel","Selwood","GEEL",3,"Hawthorn","Geelong Cats"
2017,4,"Tom","Hawkins","GEEL",3,"Hawthorn","Geelong Cats"
2017,4,"Cameron","Guthrie","GEEL",2,"Hawthorn","Geelong Cats"
2017,5,"Robbie","Gray","PORT",10,"Port Adelaide","Carlton"
2017,5,"Jared","Polec","PORT",6,"Port Adelaide","Carlton"
2017,5,"Brad","Ebert","PORT",5,"Port Adelaide","Carlton"
2017,5,"Ollie","Wines","PORT",5,"Port Adelaide","Carlton"
2017,5,"Matthew","Broadbent","PORT",4,"Port Adelaide","Carlton"
2017,5,"Dayne","Zorko","BL",9,"Western Bulldogs","Brisbane Lions"
2017,5,"Jason","Johannisen","WB",8,"Western Bulldogs","Brisbane Lions"
2017,5,"Jack","Macrae","WB",7,"Western Bulldogs","Brisbane Lions"
2017,5,"Zaine","Cordy","WB",2,"Western Bulldogs","Brisbane Lions"
2017,5,"Luke","Dahlhaus","WB",2,"Western Bulldogs","Brisbane Lions"
2017,5,"Mitch","Robinson","BL",2,"Western Bulldogs","Brisbane Lions"
2017,5,"Rory","Sloane","ADEL",10,"Gold Coast Suns","Adelaide Crows"
2017,5,"Matt","Crouch","ADEL",8,"Gold Coast Suns","Adelaide Crows"
2017,5,"Rory","Atkins","ADEL",3,"Gold Coast Suns","Adelaide Crows"
2017,5,"Brad","Crouch","ADEL",3,"Gold Coast Suns","Adelaide Crows"
2017,5,"Rory","Laird","ADEL",3,"Gold Coast Suns","Adelaide Crows"
2017,5,"Jake","Lever","ADEL",3,"Gold Coast Suns","Adelaide Crows"
2017,5,"David","Mundy","FRE",10,"Fremantle","North Melbourne"
2017,5,"Michael","Johnson","FRE",4,"Fremantle","North Melbourne"
2017,5,"Nathan","Fyfe","FRE",4,"Fremantle","North Melbourne"
2017,5,"Stephen","Hill","FRE",3,"Fremantle","North Melbourne"
2017,5,"Ben","Cunnington","NMFC",3,"Fremantle","North Melbourne"
2017,5,"Trent","Dumont","NMFC",2,"Fremantle","North Melbourne"
2017,5,"Marley","Williams","NMFC",2,"Fremantle","North Melbourne"
2017,5,"Jamie","MacMillan","NMFC",2,"Fremantle","North Melbourne"
2017,5,"Toby","Greene","GWS",9,"Sydney Swans","GWS Giants"
2017,5,"Shane","Mumford","GWS",9,"Sydney Swans","GWS Giants"
2017,5,"Jeremy","Cameron","GWS",6,"Sydney Swans","GWS Giants"
2017,5,"Callan","Ward","GWS",4,"Sydney Swans","GWS Giants"
2017,5,"Zac","Williams","GWS",1,"Sydney Swans","GWS Giants"
2017,5,"Nick","Haynes","GWS",1,"Sydney Swans","GWS Giants"
2017,5,"Joel","Selwood","GEEL",10,"St Kilda","Geelong Cats"
2017,5,"Zach","Tuohy","GEEL",7,"St Kilda","Geelong Cats"
2017,5,"Jack","Steven","STK",5,"St Kilda","Geelong Cats"
2017,5,"Mitch","Duncan","GEEL",4,"St Kilda","Geelong Cats"
2017,5,"Mark","Blicavs","GEEL",3,"St Kilda","Geelong Cats"
2017,5,"Patrick","Dangerfield","GEEL",1,"St Kilda","Geelong Cats"
2017,5,"Tom","Mitchell","HAW",8,"Hawthorn","West Coast Eagles"
2017,5,"Cyril","Rioli","HAW",7,"Hawthorn","West Coast Eagles"
2017,5,"Ben","McEvoy","HAW",6,"Hawthorn","West Coast Eagles"
2017,5,"Liam","Shiels","HAW",3,"Hawthorn","West Coast Eagles"
2017,5,"Ben","Stratton","HAW",3,"Hawthorn","West Coast Eagles"
2017,5,"Luke","Breust","HAW",2,"Hawthorn","West Coast Eagles"
2017,5,"Luke","Shuey","WCE",1,"Hawthorn","West Coast Eagles"
2017,5,"Jack","Riewoldt","RICH",10,"Richmond","Melbourne"
2017,5,"Michael","Hibberd","MELB",6,"Richmond","Melbourne"
2017,5,"Clayton","Oliver","MELB",5,"Richmond","Melbourne"
2017,5,"Toby","Nankervis","RICH",4,"Richmond","Melbourne"
2017,5,"Dustin","Martin","RICH",2,"Richmond","Melbourne"
2017,5,"Dylan","Grimes","RICH",2,"Richmond","Melbourne"
2017,5,"Bachar","Houli","RICH",1,"Richmond","Melbourne"
2017,5,"Joe","Daniher","ESS",9,"Essendon","Collingwood"
2017,5,"Orazio","Fantasia","ESS",5,"Essendon","Collingwood"
2017,5,"Zach","Merrett","ESS",5,"Essendon","Collingwood"
2017,5,"Brendon","Goddard","ESS",4,"Essendon","Collingwood"
2017,5,"Adam","Treloar","COLL",3,"Essendon","Collingwood"
2017,5,"Jeremy","Howe","COLL",2,"Essendon","Collingwood"
2017,5,"Daniel","Wells","COLL",1,"Essendon","Collingwood"
2017,5,"Jobe","Watson","ESS",1,"Essendon","Collingwood"
2017,6,"Marcus","Bontempelli","WB",9,"GWS Giants","Western Bulldogs"
2017,6,"Nick","Haynes","GWS",5,"GWS Giants","Western Bulldogs"
2017,6,"Caleb","Daniel","WB",5,"GWS Giants","Western Bulldogs"
2017,6,"Zac","Williams","GWS",4,"GWS Giants","Western Bulldogs"
2017,6,"Jack","Macrae","WB",3,"GWS Giants","Western Bulldogs"
2017,6,"Toby","Greene","GWS",2,"GWS Giants","Western Bulldogs"
2017,6,"Tom","Scully","GWS",1,"GWS Giants","Western Bulldogs"
2017,6,"Jonathon","Patton","GWS",1,"GWS Giants","Western Bulldogs"
2017,6,"Jack","Steven","STK",9,"Hawthorn","St Kilda"
2017,6,"Dylan","Roberton","STK",7,"Hawthorn","St Kilda"
2017,6,"Koby","Stevens","STK",6,"Hawthorn","St Kilda"
2017,6,"Jack","Steele","STK",4,"Hawthorn","St Kilda"
2017,6,"Jimmy","Webster","STK",2,"Hawthorn","St Kilda"
2017,6,"Tim","Membrey","STK",1,"Hawthorn","St Kilda"
2017,6,"Tom","Mitchell","HAW",1,"Hawthorn","St Kilda"
2017,6,"Matthew","Wright","CARL",9,"Carlton","Sydney Swans"
2017,6,"Sam","Docherty","CARL",9,"Carlton","Sydney Swans"
2017,6,"Kade","Simpson","CARL",6,"Carlton","Sydney Swans"
2017,6,"Alex","Silvagni","CARL",2,"Carlton","Sydney Swans"
2017,6,"Matthew","Kreuzer","CARL",2,"Carlton","Sydney Swans"
2017,6,"Jake","Lloyd","SYD",1,"Carlton","Sydney Swans"
2017,6,"Marc","Murphy","CARL",1,"Carlton","Sydney Swans"
2017,6,"Charlie","Dixon","PORT",10,"Brisbane Lions","Port Adelaide"
2017,6,"Chad","Wingard","PORT",8,"Brisbane Lions","Port Adelaide"
2017,6,"Paddy","Ryder","PORT",4,"Brisbane Lions","Port Adelaide"
2017,6,"Tom","Jonas","PORT",3,"Brisbane Lions","Port Adelaide"
2017,6,"Brad","Ebert","PORT",2,"Brisbane Lions","Port Adelaide"
2017,6,"Jarman","Impey","PORT",2,"Brisbane Lions","Port Adelaide"
2017,6,"Lewis","Taylor","BL",1,"Brisbane Lions","Port Adelaide"
2017,6,"Elliot","Yeo","WCE",8,"West Coast Eagles","Fremantle"
2017,6,"Jeremy","McGovern","WCE",8,"West Coast Eagles","Fremantle"
2017,6,"Josh","J Kennedy","WCE",8,"West Coast Eagles","Fremantle"
2017,6,"Andrew","Gaff","WCE",4,"West Coast Eagles","Fremantle"
2017,6,"Luke","Shuey","WCE",1,"West Coast Eagles","Fremantle"
2017,6,"Chris","Masten","WCE",1,"West Coast Eagles","Fremantle"
2017,6,"Gary","Ablett","GCFC",10,"North Melbourne","Gold Coast Suns"
2017,6,"Ben","Brown","NMFC",8,"North Melbourne","Gold Coast Suns"
2017,6,"Shaun","Higgins","NMFC",6,"North Melbourne","Gold Coast Suns"
2017,6,"Taylor","Garner","NMFC",2,"North Melbourne","Gold Coast Suns"
2017,6,"Scott","Thompson","NMFC",2,"North Melbourne","Gold Coast Suns"
2017,6,"Jarrod","Harbrow","GCFC",1,"North Melbourne","Gold Coast Suns"
2017,6,"Nathan","Hrovat","NMFC",1,"North Melbourne","Gold Coast Suns"
2017,6,"Clayton","Oliver","MELB",6,"Essendon","Melbourne"
2017,6,"Michael","Hurley","ESS",6,"Essendon","Melbourne"
2017,6,"Jack","Watts","MELB",6,"Essendon","Melbourne"
2017,6,"Christian","Petracca","MELB",4,"Essendon","Melbourne"
2017,6,"Tom","McDonald","MELB",4,"Essendon","Melbourne"
2017,6,"Jack","Viney","MELB",2,"Essendon","Melbourne"
2017,6,"Dom","Tyson","MELB",2,"Essendon","Melbourne"
2017,6,"Scott","Pendlebury","COLL",10,"Geelong Cats","Collingwood"
2017,6,"Taylor","Adams","COLL",8,"Geelong Cats","Collingwood"
2017,6,"Levi","Greenwood","COLL",5,"Geelong Cats","Collingwood"
2017,6,"Daniel","Wells","COLL",4,"Geelong Cats","Collingwood"
2017,6,"Will","Hoskin-Elliott","COLL",2,"Geelong Cats","Collingwood"
2017,6,"Zach","Tuohy","GEEL",1,"Geelong Cats","Collingwood"
2017,6,"Rory","Sloane","ADEL",9,"Adelaide Crows","Richmond"
2017,6,"Sam","Jacobs","ADEL",7,"Adelaide Crows","Richmond"
2017,6,"Matt","Crouch","ADEL",5,"Adelaide Crows","Richmond"
2017,6,"Rory","Laird","ADEL",5,"Adelaide Crows","Richmond"
2017,6,"Tom","Lynch","ADEL",2,"Adelaide Crows","Richmond"
2017,6,"Taylor","Walker","ADEL",1,"Adelaide Crows","Richmond"
2017,6,"Jake","Lever","ADEL",1,"Adelaide Crows","Richmond"
2017,7,"Sebastian","Ross","STK",9,"St Kilda","GWS Giants"
2017,7,"Jack","Steven","STK",9,"St Kilda","GWS Giants"
2017,7,"Koby","Stevens","STK",3,"St Kilda","GWS Giants"
2017,7,"Tom","Scully","GWS",3,"St Kilda","GWS Giants"
2017,7,"Dylan","Shiel","GWS",2,"St Kilda","GWS Giants"
2017,7,"Jimmy","Webster","STK",2,"St Kilda","GWS Giants"
2017,7,"Billy","Longer","STK",1,"St Kilda","GWS Giants"
2017,7,"Callan","Ward","GWS",1,"St Kilda","GWS Giants"
2017,7,"Jarrad","Waite","NMFC",10,"North Melbourne","Adelaide Crows"
2017,7,"Ben","Cunnington","NMFC",8,"North Melbourne","Adelaide Crows"
2017,7,"Scott","Thompson","NMFC",3,"North Melbourne","Adelaide Crows"
2017,7,"Sam","Gibson","NMFC",3,"North Melbourne","Adelaide Crows"
2017,7,"Luke","McDonald","NMFC",3,"North Melbourne","Adelaide Crows"
2017,7,"Kayne","Turner","NMFC",2,"North Melbourne","Adelaide Crows"
2017,7,"Mason","Wood","NMFC",1,"North Melbourne","Adelaide Crows"
2017,7,"Matthew","Kreuzer","CARL",9,"Collingwood","Carlton"
2017,7,"Sam","Petrevski-Seton","CARL",9,"Collingwood","Carlton"
2017,7,"Marc","Murphy","CARL",6,"Collingwood","Carlton"
2017,7,"Caleb","Marchbank","CARL",4,"Collingwood","Carlton"
2017,7,"Ben","Reid","COLL",1,"Collingwood","Carlton"
2017,7,"Taylor","Adams","COLL",1,"Collingwood","Carlton"
2017,7,"Elliot","Yeo","WCE",9,"Port Adelaide","West Coast Eagles"
2017,7,"Paddy","Ryder","PORT",7,"Port Adelaide","West Coast Eagles"
2017,7,"Charlie","Dixon","PORT",6,"Port Adelaide","West Coast Eagles"
2017,7,"Brad","Sheppard","WCE",3,"Port Adelaide","West Coast Eagles"
2017,7,"Tom","Barrass","WCE",3,"Port Adelaide","West Coast Eagles"
2017,7,"Mark","Lecras","WCE",2,"Port Adelaide","West Coast Eagles"
2017,7,"Aaron","Hall","GCFC",8,"Gold Coast Suns","Geelong Cats"
2017,7,"Gary","Ablett","GCFC",6,"Gold Coast Suns","Geelong Cats"
2017,7,"Tom","J Lynch","GCFC",5,"Gold Coast Suns","Geelong Cats"
2017,7,"Jarrod","Harbrow","GCFC",5,"Gold Coast Suns","Geelong Cats"
2017,7,"Steven","May","GCFC",3,"Gold Coast Suns","Geelong Cats"
2017,7,"David","Swallow","GCFC",2,"Gold Coast Suns","Geelong Cats"
2017,7,"Mitch","Duncan","GEEL",1,"Gold Coast Suns","Geelong Cats"
2017,7,"Marcus","Bontempelli","WB",9,"Western Bulldogs","Richmond"
2017,7,"Jack","Macrae","WB",5,"Western Bulldogs","Richmond"
2017,7,"Jack","Riewoldt","RICH",4,"Western Bulldogs","Richmond"
2017,7,"Luke","Dahlhaus","WB",4,"Western Bulldogs","Richmond"
2017,7,"Easton","Wood","WB",3,"Western Bulldogs","Richmond"
2017,7,"Shaun","Grigg","RICH",3,"Western Bulldogs","Richmond"
2017,7,"Alex","Rance","RICH",1,"Western Bulldogs","Richmond"
2017,7,"Thomas","Boyd","WB",1,"Western Bulldogs","Richmond"
2017,7,"Lance","Franklin","SYD",10,"Sydney Swans","Brisbane Lions"
2017,7,"Zak","Jones","SYD",8,"Sydney Swans","Brisbane Lions"
2017,7,"Isaac","Heeney","SYD",5,"Sydney Swans","Brisbane Lions"
2017,7,"Tom","Rockliff","BL",5,"Sydney Swans","Brisbane Lions"
2017,7,"Luke","Parker","SYD",1,"Sydney Swans","Brisbane Lions"
2017,7,"Jake","Lloyd","SYD",1,"Sydney Swans","Brisbane Lions"
2017,7,"Bradley","Hill","FRE",10,"Fremantle","Essendon"
2017,7,"Lachie","Neale","FRE",8,"Fremantle","Essendon"
2017,7,"Matt","Taberner","FRE",6,"Fremantle","Essendon"
2017,7,"Connor","Blakely","FRE",2,"Fremantle","Essendon"
2017,7,"Zach","Merrett","ESS",2,"Fremantle","Essendon"
2017,7,"Cale","Hooker","ESS",1,"Fremantle","Essendon"
2017,7,"Joe","Daniher","ESS",1,"Fremantle","Essendon"
2017,7,"Jack","Viney","MELB",10,"Melbourne","Hawthorn"
2017,7,"Jarryd","Roughead","HAW",6,"Melbourne","Hawthorn"
2017,7,"Shaun","Burgoyne","HAW",4,"Melbourne","Hawthorn"
2017,7,"Isaac","Smith","HAW",3,"Melbourne","Hawthorn"
2017,7,"Ben","McEvoy","HAW",3,"Melbourne","Hawthorn"
2017,7,"Nathan","Jones","MELB",3,"Melbourne","Hawthorn"
2017,7,"Sam","Frost","MELB",1,"Melbourne","Hawthorn"
2017,8,"Shannon","Hurn","WCE",7,"West Coast Eagles","Western Bulldogs"
2017,8,"Andrew","Gaff","WCE",6,"West Coast Eagles","Western Bulldogs"
2017,8,"Elliot","Yeo","WCE",5,"West Coast Eagles","Western Bulldogs"
2017,8,"Easton","Wood","WB",4,"West Coast Eagles","Western Bulldogs"
2017,8,"Caleb","Daniel","WB",3,"West Coast Eagles","Western Bulldogs"
2017,8,"Jason","Johannisen","WB",2,"West Coast Eagles","Western Bulldogs"
2017,8,"Sam","Mitchell","WCE",2,"West Coast Eagles","Western Bulldogs"
2017,8,"Jeremy","McGovern","WCE",1,"West Coast Eagles","Western Bulldogs"
2017,8,"Tom","Mitchell","HAW",7,"Hawthorn","Brisbane Lions"
2017,8,"Tom","Rockliff","BL",7,"Hawthorn","Brisbane Lions"
2017,8,"Dayne","Zorko","BL",5,"Hawthorn","Brisbane Lions"
2017,8,"Billy","Hartung","HAW",4,"Hawthorn","Brisbane Lions"
2017,8,"Luke","Hodge","HAW",3,"Hawthorn","Brisbane Lions"
2017,8,"Ben","McEvoy","HAW",2,"Hawthorn","Brisbane Lions"
2017,8,"Ryan","Burton","HAW",2,"Hawthorn","Brisbane Lions"
2017,8,"Jack","Billings","STK",10,"St Kilda","Carlton"
2017,8,"Sebastian","Ross","STK",7,"St Kilda","Carlton"
2017,8,"Patrick","Cripps","CARL",7,"St Kilda","Carlton"
2017,8,"Jack","Steven","STK",4,"St Kilda","Carlton"
2017,8,"Sam","Docherty","CARL",1,"St Kilda","Carlton"
2017,8,"Marc","Murphy","CARL",1,"St Kilda","Carlton"
2017,8,"Josh","Kelly","GWS",10,"GWS Giants","Collingwood"
2017,8,"Jeremy","Cameron","GWS",8,"GWS Giants","Collingwood"
2017,8,"Taylor","Adams","COLL",5,"GWS Giants","Collingwood"
2017,8,"Steele","Sidebottom","COLL",4,"GWS Giants","Collingwood"
2017,8,"Brodie","Grundy","COLL",2,"GWS Giants","Collingwood"
2017,8,"Devon","Smith","GWS",1,"GWS Giants","Collingwood"
2017,8,"Jack","Viney","MELB",10,"Adelaide Crows","Melbourne"
2017,8,"Michael","Hibberd","MELB",8,"Adelaide Crows","Melbourne"
2017,8,"Christian","Petracca","MELB",5,"Adelaide Crows","Melbourne"
2017,8,"Clayton","Oliver","MELB",5,"Adelaide Crows","Melbourne"
2017,8,"Bernie","Vince","MELB",2,"Adelaide Crows","Melbourne"
2017,8,"Joe","Daniher","ESS",9,"Essendon","Geelong Cats"
2017,8,"Michael","Hurley","ESS",7,"Essendon","Geelong Cats"
2017,8,"Anthony","McDonald-Tipungwuti","ESS",5,"Essendon","Geelong Cats"
2017,8,"Dyson","Heppell","ESS",4,"Essendon","Geelong Cats"
2017,8,"Orazio","Fantasia","ESS",3,"Essendon","Geelong Cats"
2017,8,"Zac","Smith","GEEL",1,"Essendon","Geelong Cats"
2017,8,"Zach","Merrett","ESS",1,"Essendon","Geelong Cats"
2017,8,"Michael","Walters","FRE",10,"Richmond","Fremantle"
2017,8,"Bradley","Hill","FRE",8,"Richmond","Fremantle"
2017,8,"Shaun","Grigg","RICH",5,"Richmond","Fremantle"
2017,8,"Alex","Rance","RICH",4,"Richmond","Fremantle"
2017,8,"Lachie","Neale","FRE",2,"Richmond","Fremantle"
2017,8,"Jack","Riewoldt","RICH",1,"Richmond","Fremantle"
2017,8,"Brad","Ebert","PORT",8,"Gold Coast Suns","Port Adelaide"
2017,8,"Tom","Jonas","PORT",7,"Gold Coast Suns","Port Adelaide"
2017,8,"Chad","Wingard","PORT",6,"Gold Coast Suns","Port Adelaide"
2017,8,"Paddy","Ryder","PORT",4,"Gold Coast Suns","Port Adelaide"
2017,8,"Travis","Boak","PORT",3,"Gold Coast Suns","Port Adelaide"
2017,8,"Steven","May","GCFC",1,"Gold Coast Suns","Port Adelaide"
2017,8,"Jarman","Impey","PORT",1,"Gold Coast Suns","Port Adelaide"
2017,8,"Josh","Kennedy","SYD",10,"North Melbourne","Sydney Swans"
2017,8,"Luke","Parker","SYD",8,"North Melbourne","Sydney Swans"
2017,8,"Dan","Hannebery","SYD",5,"North Melbourne","Sydney Swans"
2017,8,"Nic","Newman","SYD",4,"North Melbourne","Sydney Swans"
2017,8,"Sam","Reid","SYD",3,"North Melbourne","Sydney Swans"
2017,9,"Patrick","Dangerfield","GEEL",10,"Geelong Cats","Western Bulldogs"
2017,9,"Joel","Selwood","GEEL",7,"Geelong Cats","Western Bulldogs"
2017,9,"Zach","Tuohy","GEEL",4,"Geelong Cats","Western Bulldogs"
2017,9,"Caleb","Daniel","WB",4,"Geelong Cats","Western Bulldogs"
2017,9,"Zac","Smith","GEEL",4,"Geelong Cats","Western Bulldogs"
2017,9,"Mitch","Wallis","WB",1,"Geelong Cats","Western Bulldogs"
2017,9,"Dan","Hannebery","SYD",10,"St Kilda","Sydney Swans"
2017,9,"Jake","Lloyd","SYD",8,"St Kilda","Sydney Swans"
2017,9,"Josh","Kennedy","SYD",6,"St Kilda","Sydney Swans"
2017,9,"Nic","Newman","SYD",3,"St Kilda","Sydney Swans"
2017,9,"Nick","Smith","SYD",2,"St Kilda","Sydney Swans"
2017,9,"Sebastian","Ross","STK",1,"St Kilda","Sydney Swans"
2017,9,"Alex","Rance","RICH",10,"GWS Giants","Richmond"
2017,9,"Dustin","Martin","RICH",8,"GWS Giants","Richmond"
2017,9,"Josh","Kelly","GWS",5,"GWS Giants","Richmond"
2017,9,"Tom","Scully","GWS",3,"GWS Giants","Richmond"
2017,9,"Toby","Nankervis","RICH",2,"GWS Giants","Richmond"
2017,9,"David","Astbury","RICH",1,"GWS Giants","Richmond"
2017,9,"Trent","Cotchin","RICH",1,"GWS Giants","Richmond"
2017,9,"Charlie","Cameron","ADEL",6,"Brisbane Lions","Adelaide Crows"
2017,9,"Rory","Laird","ADEL",5,"Brisbane Lions","Adelaide Crows"
2017,9,"Eddie","Betts","ADEL",5,"Brisbane Lions","Adelaide Crows"
2017,9,"Rory","Sloane","ADEL",4,"Brisbane Lions","Adelaide Crows"
2017,9,"Dayne","Beams","BL",3,"Brisbane Lions","Adelaide Crows"
2017,9,"Matt","Crouch","ADEL",3,"Brisbane Lions","Adelaide Crows"
2017,9,"Luke","Brown","ADEL",2,"Brisbane Lions","Adelaide Crows"
2017,9,"Dayne","Zorko","BL",1,"Brisbane Lions","Adelaide Crows"
2017,9,"Jake","Lever","ADEL",1,"Brisbane Lions","Adelaide Crows"
2017,9,"Scott","Pendlebury","COLL",10,"Collingwood","Hawthorn"
2017,9,"Adam","Treloar","COLL",5,"Collingwood","Hawthorn"
2017,9,"Tom","Mitchell","HAW",5,"Collingwood","Hawthorn"
2017,9,"Jeremy","Howe","COLL",5,"Collingwood","Hawthorn"
2017,9,"Taylor","Adams","COLL",4,"Collingwood","Hawthorn"
2017,9,"Steele","Sidebottom","COLL",1,"Collingwood","Hawthorn"
2017,9,"Joe","Daniher","ESS",9,"Essendon","West Coast Eagles"
2017,9,"Michael","Hurley","ESS",9,"Essendon","West Coast Eagles"
2017,9,"David","Zaharakis","ESS",5,"Essendon","West Coast Eagles"
2017,9,"Zach","Merrett","ESS",5,"Essendon","West Coast Eagles"
2017,9,"Jobe","Watson","ESS",2,"Essendon","West Coast Eagles"
2017,9,"Lachie","Neale","FRE",9,"Fremantle","Carlton"
2017,9,"Michael","Walters","FRE",9,"Fremantle","Carlton"
2017,9,"Michael","Johnson","FRE",4,"Fremantle","Carlton"
2017,9,"Marc","Murphy","CARL",4,"Fremantle","Carlton"
2017,9,"David","Mundy","FRE",4,"Fremantle","Carlton"
2017,9,"Ben","Brown","NMFC",10,"Melbourne","North Melbourne"
2017,9,"Ben","Cunnington","NMFC",8,"Melbourne","North Melbourne"
2017,9,"Scott","Thompson","NMFC",4,"Melbourne","North Melbourne"
2017,9,"Todd","Goldstein","NMFC",3,"Melbourne","North Melbourne"
2017,9,"Mitch","Hannan","MELB",3,"Melbourne","North Melbourne"
2017,9,"Michael","Hibberd","MELB",2,"Melbourne","North Melbourne"
2017,10,"Patrick","Dangerfield","GEEL",9,"Geelong Cats","Port Adelaide"
2017,10,"Joel","Selwood","GEEL",8,"Geelong Cats","Port Adelaide"
2017,10,"Mitch","Duncan","GEEL",6,"Geelong Cats","Port Adelaide"
2017,10,"Jared","Polec","PORT",5,"Geelong Cats","Port Adelaide"
2017,10,"Paddy","Ryder","PORT",1,"Geelong Cats","Port Adelaide"
2017,10,"Tom","Jonas","PORT",1,"Geelong Cats","Port Adelaide"
2017,10,"Lance","Franklin","SYD",9,"Sydney Swans","Hawthorn"
2017,10,"Shaun","Burgoyne","HAW",9,"Sydney Swans","Hawthorn"
2017,10,"Liam","Shiels","HAW",5,"Sydney Swans","Hawthorn"
2017,10,"Luke","Hodge","HAW",3,"Sydney Swans","Hawthorn"
2017,10,"Isaac","Smith","HAW",2,"Sydney Swans","Hawthorn"
2017,10,"Josh","Kennedy","SYD",1,"Sydney Swans","Hawthorn"
2017,10,"Dan","Hannebery","SYD",1,"Sydney Swans","Hawthorn"
2017,10,"Jake","Stringer","WB",10,"Western Bulldogs","St Kilda"
2017,10,"Lachie","Hunter","WB",7,"Western Bulldogs","St Kilda"
2017,10,"Marcus","Adams","WB",4,"Western Bulldogs","St Kilda"
2017,10,"Jason","Johannisen","WB",3,"Western Bulldogs","St Kilda"
2017,10,"Mitch","Wallis","WB",2,"Western Bulldogs","St Kilda"
2017,10,"Bailey","Dale","WB",2,"Western Bulldogs","St Kilda"
2017,10,"Billy","Longer","STK",1,"Western Bulldogs","St Kilda"
2017,10,"Caleb","Daniel","WB",1,"Western Bulldogs","St Kilda"
2017,10,"Nathan","Jones","MELB",9,"Melbourne","Gold Coast Suns"
2017,10,"Clayton","Oliver","MELB",6,"Melbourne","Gold Coast Suns"
2017,10,"Jeff","Garlett","MELB",6,"Melbourne","Gold Coast Suns"
2017,10,"Jordan","Lewis","MELB",4,"Melbourne","Gold Coast Suns"
2017,10,"Jake","Melksham","MELB",2,"Melbourne","Gold Coast Suns"
2017,10,"Jack","Leslie","GCFC",2,"Melbourne","Gold Coast Suns"
2017,10,"Michael","Hibberd","MELB",1,"Melbourne","Gold Coast Suns"
2017,10,"Matt","Crouch","ADEL",10,"Adelaide Crows","Fremantle"
2017,10,"Rory","Sloane","ADEL",7,"Adelaide Crows","Fremantle"
2017,10,"Brad","Crouch","ADEL",7,"Adelaide Crows","Fremantle"
2017,10,"Jake","Lever","ADEL",4,"Adelaide Crows","Fremantle"
2017,10,"Rory","Atkins","ADEL",2,"Adelaide Crows","Fremantle"
2017,10,"Dustin","Martin","RICH",10,"Richmond","Essendon"
2017,10,"Alex","Rance","RICH",7,"Richmond","Essendon"
2017,10,"Trent","Cotchin","RICH",6,"Richmond","Essendon"
2017,10,"Brandon","Ellis","RICH",4,"Richmond","Essendon"
2017,10,"David","Zaharakis","ESS",2,"Richmond","Essendon"
2017,10,"Brendon","Goddard","ESS",1,"Richmond","Essendon"
2017,10,"Scott","Pendlebury","COLL",9,"Collingwood","Brisbane Lions"
2017,10,"Dayne","Beams","BL",6,"Collingwood","Brisbane Lions"
2017,10,"Steele","Sidebottom","COLL",5,"Collingwood","Brisbane Lions"
2017,10,"Jamie","Elliott","COLL",4,"Collingwood","Brisbane Lions"
2017,10,"Taylor","Adams","COLL",3,"Collingwood","Brisbane Lions"
2017,10,"Dayne","Zorko","BL",2,"Collingwood","Brisbane Lions"
2017,10,"Tyson","Goldsack","COLL",1,"Collingwood","Brisbane Lions"
2017,10,"Callan","Ward","GWS",10,"West Coast Eagles","GWS Giants"
2017,10,"Dylan","Shiel","GWS",5,"West Coast Eagles","GWS Giants"
2017,10,"Elliot","Yeo","WCE",4,"West Coast Eagles","GWS Giants"
2017,10,"Lewis","Jetta","WCE",4,"West Coast Eagles","GWS Giants"
2017,10,"Zac","Williams","GWS",3,"West Coast Eagles","GWS Giants"
2017,10,"Toby","Greene","GWS",3,"West Coast Eagles","GWS Giants"
2017,10,"Josh","Kelly","GWS",1,"West Coast Eagles","GWS Giants"
2017,10,"Bryce","Gibbs","CARL",10,"Carlton","North Melbourne"
2017,10,"Shaun","Higgins","NMFC",7,"Carlton","North Melbourne"
2017,10,"Matthew","Kreuzer","CARL",7,"Carlton","North Melbourne"
2017,10,"Jack","Ziebell","NMFC",3,"Carlton","North Melbourne"
2017,10,"Patrick","Cripps","CARL",3,"Carlton","North Melbourne"
2017,11,"Brad","Ebert","PORT",9,"Port Adelaide","Hawthorn"
2017,11,"Charlie","Dixon","PORT",9,"Port Adelaide","Hawthorn"
2017,11,"Matthew","Broadbent","PORT",4,"Port Adelaide","Hawthorn"
2017,11,"Ollie","Wines","PORT",3,"Port Adelaide","Hawthorn"
2017,11,"Paddy","Ryder","PORT",3,"Port Adelaide","Hawthorn"
2017,11,"Jarman","Impey","PORT",1,"Port Adelaide","Hawthorn"
2017,11,"Hamish","Hartlett","PORT",1,"Port Adelaide","Hawthorn"
2017,11,"Joel","Selwood","GEEL",10,"Geelong Cats","Adelaide Crows"
2017,11,"Patrick","Dangerfield","GEEL",8,"Geelong Cats","Adelaide Crows"
2017,11,"Zach","Tuohy","GEEL",6,"Geelong Cats","Adelaide Crows"
2017,11,"Andrew","Mackie","GEEL",2,"Geelong Cats","Adelaide Crows"
2017,11,"Tom","Stewart","GEEL",2,"Geelong Cats","Adelaide Crows"
2017,11,"Scott","Selwood","GEEL",2,"Geelong Cats","Adelaide Crows"
2017,11,"Elliot","Yeo","WCE",8,"Gold Coast Suns","West Coast Eagles"
2017,11,"Gary","Ablett","GCFC",8,"Gold Coast Suns","West Coast Eagles"
2017,11,"Pearce","Hanley","GCFC",7,"Gold Coast Suns","West Coast Eagles"
2017,11,"Steven","May","GCFC",3,"Gold Coast Suns","West Coast Eagles"
2017,11,"Dom","Sheed","WCE",2,"Gold Coast Suns","West Coast Eagles"
2017,11,"Tom","J Lynch","GCFC",1,"Gold Coast Suns","West Coast Eagles"
2017,11,"Drew","Petrie","WCE",1,"Gold Coast Suns","West Coast Eagles"
2017,11,"Josh","Kelly","GWS",10,"GWS Giants","Essendon"
2017,11,"Zac","Williams","GWS",7,"GWS Giants","Essendon"
2017,11,"Dylan","Shiel","GWS",4,"GWS Giants","Essendon"
2017,11,"Toby","Greene","GWS",4,"GWS Giants","Essendon"
2017,11,"Tom","Bellchambers","ESS",3,"GWS Giants","Essendon"
2017,11,"Jobe","Watson","ESS",2,"GWS Giants","Essendon"
2017,11,"Dustin","Martin","RICH",10,"North Melbourne","Richmond"
2017,11,"Bachar","Houli","RICH",7,"North Melbourne","Richmond"
2017,11,"Trent","Cotchin","RICH",5,"North Melbourne","Richmond"
2017,11,"Dion","Prestia","RICH",5,"North Melbourne","Richmond"
2017,11,"David","Astbury","RICH",2,"North Melbourne","Richmond"
2017,11,"Kane","Lambert","RICH",1,"North Melbourne","Richmond"
2017,11,"Adam","Treloar","COLL",10,"Fremantle","Collingwood"
2017,11,"Scott","Pendlebury","COLL",6,"Fremantle","Collingwood"
2017,11,"Steele","Sidebottom","COLL",5,"Fremantle","Collingwood"
2017,11,"Brodie","Grundy","COLL",3,"Fremantle","Collingwood"
2017,11,"Taylor","Adams","COLL",3,"Fremantle","Collingwood"
2017,11,"Jack","Crisp","COLL",2,"Fremantle","Collingwood"
2017,11,"Darcy","Moore","COLL",1,"Fremantle","Collingwood"
2017,12,"Josh","Kennedy","SYD",7,"Sydney Swans","Western Bulldogs"
2017,12,"Isaac","Heeney","SYD",6,"Sydney Swans","Western Bulldogs"
2017,12,"Sam","Reid","SYD",5,"Sydney Swans","Western Bulldogs"
2017,12,"Tom","Papley","SYD",4,"Sydney Swans","Western Bulldogs"
2017,12,"Lance","Franklin","SYD",3,"Sydney Swans","Western Bulldogs"
2017,12,"Luke","Parker","SYD",3,"Sydney Swans","Western Bulldogs"
2017,12,"Heath","Grundy","SYD",2,"Sydney Swans","Western Bulldogs"
2017,12,"Jake","Lever","ADEL",7,"Adelaide Crows","St Kilda"
2017,12,"Tom","Lynch","ADEL",7,"Adelaide Crows","St Kilda"
2017,12,"Rory","Laird","ADEL",7,"Adelaide Crows","St Kilda"
2017,12,"Richard","Douglas","ADEL",5,"Adelaide Crows","St Kilda"
2017,12,"Sam","Jacobs","ADEL",2,"Adelaide Crows","St Kilda"
2017,12,"Brodie","Smith","ADEL",2,"Adelaide Crows","St Kilda"
2017,12,"Gary","Ablett","GCFC",10,"Hawthorn","Gold Coast Suns"
2017,12,"Jack","Gunston","HAW",8,"Hawthorn","Gold Coast Suns"
2017,12,"Steven","May","GCFC",5,"Hawthorn","Gold Coast Suns"
2017,12,"Jarryd","Lyons","GCFC",3,"Hawthorn","Gold Coast Suns"
2017,12,"Tom","Mitchell","HAW",2,"Hawthorn","Gold Coast Suns"
2017,12,"Jarrod","Witts","GCFC",1,"Hawthorn","Gold Coast Suns"
2017,12,"Tom","J Lynch","GCFC",1,"Hawthorn","Gold Coast Suns"
2017,12,"Dayne","Zorko","BL",10,"Brisbane Lions","Fremantle"
2017,12,"Dayne","Beams","BL",8,"Brisbane Lions","Fremantle"
2017,12,"Lewis","Taylor","BL",6,"Brisbane Lions","Fremantle"
2017,12,"Stefan","Martin","BL",4,"Brisbane Lions","Fremantle"
2017,12,"Sam","Mayes","BL",2,"Brisbane Lions","Fremantle"
2017,12,"Zach","Merrett","ESS",10,"Essendon","Port Adelaide"
2017,12,"Cale","Hooker","ESS",8,"Essendon","Port Adelaide"
2017,12,"Anthony","McDonald-Tipungwuti","ESS",4,"Essendon","Port Adelaide"
2017,12,"Dyson","Heppell","ESS",4,"Essendon","Port Adelaide"
2017,12,"Conor","McKenna","ESS",3,"Essendon","Port Adelaide"
2017,12,"Michael","Hurley","ESS",1,"Essendon","Port Adelaide"
2017,12,"Sam","Docherty","CARL",9,"Carlton","GWS Giants"
2017,12,"Matthew","Kreuzer","CARL",8,"Carlton","GWS Giants"
2017,12,"Dylan","Shiel","GWS",7,"Carlton","GWS Giants"
2017,12,"Lachie","Whitfield","GWS",2,"Carlton","GWS Giants"
2017,12,"Marc","Murphy","CARL",2,"Carlton","GWS Giants"
2017,12,"Liam","Jones","CARL",2,"Carlton","GWS Giants"
2017,12,"Christian","Petracca","MELB",10,"Melbourne","Collingwood"
2017,12,"Steele","Sidebottom","COLL",4,"Melbourne","Collingwood"
2017,12,"Adam","Treloar","COLL",4,"Melbourne","Collingwood"
2017,12,"Clayton","Oliver","MELB",4,"Melbourne","Collingwood"
2017,12,"Jeremy","Howe","COLL",4,"Melbourne","Collingwood"
2017,12,"Nathan","Jones","MELB",3,"Melbourne","Collingwood"
2017,12,"Michael","Hibberd","MELB",1,"Melbourne","Collingwood"
2017,13,"Luke","Shuey","WCE",7,"West Coast Eagles","Geelong Cats"
2017,13,"Patrick","Dangerfield","GEEL",5,"West Coast Eagles","Geelong Cats"
2017,13,"Sam","Mitchell","WCE",5,"West Coast Eagles","Geelong Cats"
2017,13,"Mitch","Duncan","GEEL",4,"West Coast Eagles","Geelong Cats"
2017,13,"Mark","Hutchings","WCE",3,"West Coast Eagles","Geelong Cats"
2017,13,"Lewis","Jetta","WCE",3,"West Coast Eagles","Geelong Cats"
2017,13,"Elliot","Yeo","WCE",2,"West Coast Eagles","Geelong Cats"
2017,13,"Nathan","Vardy","WCE",1,"West Coast Eagles","Geelong Cats"
2017,13,"Sebastian","Ross","STK",10,"North Melbourne","St Kilda"
2017,13,"Jack","Billings","STK",6,"North Melbourne","St Kilda"
2017,13,"Josh","Bruce","STK",4,"North Melbourne","St Kilda"
2017,13,"Leigh","Montagna","STK",3,"North Melbourne","St Kilda"
2017,13,"Dylan","Roberton","STK",3,"North Melbourne","St Kilda"
2017,13,"Todd","Goldstein","NMFC",2,"North Melbourne","St Kilda"
2017,13,"Jarryn","Geary","STK",1,"North Melbourne","St Kilda"
2017,13,"Jack","Sinclair","STK",1,"North Melbourne","St Kilda"
2017,13,"Alex","Rance","RICH",10,"Richmond","Sydney Swans"
2017,13,"Nic","Newman","SYD",6,"Richmond","Sydney Swans"
2017,13,"Jake","Lloyd","SYD",4,"Richmond","Sydney Swans"
2017,13,"Tom","Papley","SYD",3,"Richmond","Sydney Swans"
2017,13,"Isaac","Heeney","SYD",3,"Richmond","Sydney Swans"
2017,13,"Bachar","Houli","RICH",2,"Richmond","Sydney Swans"
2017,13,"Zak","Jones","SYD",2,"Richmond","Sydney Swans"
2017,13,"Dayne","Zorko","BL",10,"Port Adelaide","Brisbane Lions"
2017,13,"Paddy","Ryder","PORT",8,"Port Adelaide","Brisbane Lions"
2017,13,"Darcy","Byrne-Jones","PORT",6,"Port Adelaide","Brisbane Lions"
2017,13,"Robbie","Gray","PORT",4,"Port Adelaide","Brisbane Lions"
2017,13,"Ollie","Wines","PORT",1,"Port Adelaide","Brisbane Lions"
2017,13,"Ryan","Bastinac","BL",1,"Port Adelaide","Brisbane Lions"
2017,13,"Bryce","Gibbs","CARL",10,"Gold Coast Suns","Carlton"
2017,13,"Sam","Docherty","CARL",8,"Gold Coast Suns","Carlton"
2017,13,"Kade","Simpson","CARL",5,"Gold Coast Suns","Carlton"
2017,13,"Liam","Jones","CARL",3,"Gold Coast Suns","Carlton"
2017,13,"Marc","Murphy","CARL",2,"Gold Coast Suns","Carlton"
2017,13,"Matthew","Kreuzer","CARL",1,"Gold Coast Suns","Carlton"
2017,13,"Jarryd","Lyons","GCFC",1,"Gold Coast Suns","Carlton"
2017,13,"Michael","Hibberd","MELB",10,"Western Bulldogs","Melbourne"
2017,13,"Christian","Salem","MELB",6,"Western Bulldogs","Melbourne"
2017,13,"Tom","McDonald","MELB",4,"Western Bulldogs","Melbourne"
2017,13,"Jordan","Lewis","MELB",3,"Western Bulldogs","Melbourne"
2017,13,"Jack","Watts","MELB",3,"Western Bulldogs","Melbourne"
2017,13,"Oscar","McDonald","MELB",3,"Western Bulldogs","Melbourne"
2017,13,"Neville","Jetta","MELB",1,"Western Bulldogs","Melbourne"
2017,14,"Shaun","Burgoyne","HAW",10,"Adelaide Crows","Hawthorn"
2017,14,"Ryan","Burton","HAW",6,"Adelaide Crows","Hawthorn"
2017,14,"Grant","Birchall","HAW",4,"Adelaide Crows","Hawthorn"
2017,14,"James","Sicily","HAW",4,"Adelaide Crows","Hawthorn"
2017,14,"Tom","Mitchell","HAW",3,"Adelaide Crows","Hawthorn"
2017,14,"Ricky","Henderson","HAW",2,"Adelaide Crows","Hawthorn"
2017,14,"Matt","Crouch","ADEL",1,"Adelaide Crows","Hawthorn"
2017,14,"Josh","Kennedy","SYD",10,"Sydney Swans","Essendon"
2017,14,"Zach","Merrett","ESS",7,"Sydney Swans","Essendon"
2017,14,"Michael","Hurley","ESS",5,"Sydney Swans","Essendon"
2017,14,"Isaac","Heeney","SYD",4,"Sydney Swans","Essendon"
2017,14,"Heath","Grundy","SYD",3,"Sydney Swans","Essendon"
2017,14,"Callum","Mills","SYD",1,"Sydney Swans","Essendon"
2017,14,"Robbie","Gray","PORT",10,"Collingwood","Port Adelaide"
2017,14,"Tom","Clurey","PORT",4,"Collingwood","Port Adelaide"
2017,14,"Hamish","Hartlett","PORT",4,"Collingwood","Port Adelaide"
2017,14,"Paddy","Ryder","PORT",3,"Collingwood","Port Adelaide"
2017,14,"Sam","Gray","PORT",3,"Collingwood","Port Adelaide"
2017,14,"Scott","Pendlebury","COLL",2,"Collingwood","Port Adelaide"
2017,14,"Jasper","Pittard","PORT",2,"Collingwood","Port Adelaide"
2017,14,"Matthew","White","PORT",1,"Collingwood","Port Adelaide"
2017,14,"Steele","Sidebottom","COLL",1,"Collingwood","Port Adelaide"
2017,14,"Dylan","Shiel","GWS",9,"Brisbane Lions","GWS Giants"
2017,14,"Jonathon","Patton","GWS",9,"Brisbane Lions","GWS Giants"
2017,14,"Jeremy","Cameron","GWS",6,"Brisbane Lions","GWS Giants"
2017,14,"Sam","Reid","GWS",3,"Brisbane Lions","GWS Giants"
2017,14,"Lachie","Whitfield","GWS",2,"Brisbane Lions","GWS Giants"
2017,14,"Tom","Rockliff","BL",1,"Brisbane Lions","GWS Giants"
2017,14,"Jack","Viney","MELB",10,"West Coast Eagles","Melbourne"
2017,14,"Tom","McDonald","MELB",8,"West Coast Eagles","Melbourne"
2017,14,"Jeremy","McGovern","WCE",5,"West Coast Eagles","Melbourne"
2017,14,"Drew","Petrie","WCE",3,"West Coast Eagles","Melbourne"
2017,14,"Brad","Sheppard","WCE",2,"West Coast Eagles","Melbourne"
2017,14,"Max","Gawn","MELB",1,"West Coast Eagles","Melbourne"
2017,14,"Tom","Barrass","WCE",1,"West Coast Eagles","Melbourne"
2017,14,"Marcus","Bontempelli","WB",9,"Western Bulldogs","North Melbourne"
2017,14,"Ben","Cunnington","NMFC",9,"Western Bulldogs","North Melbourne"
2017,14,"Liam","Picken","WB",3,"Western Bulldogs","North Melbourne"
2017,14,"Jack","Macrae","WB",3,"Western Bulldogs","North Melbourne"
2017,14,"Lachie","Hunter","WB",2,"Western Bulldogs","North Melbourne"
2017,14,"Luke","Dahlhaus","WB",2,"Western Bulldogs","North Melbourne"
2017,14,"Easton","Wood","WB",1,"Western Bulldogs","North Melbourne"
2017,14,"Jarrad","Waite","NMFC",1,"Western Bulldogs","North Melbourne"
2017,14,"Patrick","Dangerfield","GEEL",10,"Geelong Cats","Fremantle"
2017,14,"Zach","Tuohy","GEEL",5,"Geelong Cats","Fremantle"
2017,14,"Michael","Walters","FRE",5,"Geelong Cats","Fremantle"
2017,14,"Connor","Blakely","FRE",4,"Geelong Cats","Fremantle"
2017,14,"Tom","Lonergan","GEEL",3,"Geelong Cats","Fremantle"
2017,14,"Bradley","Hill","FRE",2,"Geelong Cats","Fremantle"
2017,14,"Andrew","Mackie","GEEL",1,"Geelong Cats","Fremantle"
2017,14,"Dustin","Martin","RICH",10,"Richmond","Carlton"
2017,14,"Matthew","Kreuzer","CARL",5,"Richmond","Carlton"
2017,14,"Kane","Lambert","RICH",5,"Richmond","Carlton"
2017,14,"Alex","Rance","RICH",4,"Richmond","Carlton"
2017,14,"Patrick","Cripps","CARL",3,"Richmond","Carlton"
2017,14,"Shaun","Grigg","RICH",3,"Richmond","Carlton"
2017,14,"Jack","Billings","STK",10,"St Kilda","Gold Coast Suns"
2017,14,"Jarryd","Lyons","GCFC",8,"St Kilda","Gold Coast Suns"
2017,14,"Jarrod","Harbrow","GCFC",5,"St Kilda","Gold Coast Suns"
2017,14,"Dylan","Roberton","STK",3,"St Kilda","Gold Coast Suns"
2017,14,"Jack","Steven","STK",2,"St Kilda","Gold Coast Suns"
2017,14,"Nathan","Brown","STK",2,"St Kilda","Gold Coast Suns"
2017,15,"Luke","Parker","SYD",10,"Melbourne","Sydney Swans"
2017,15,"Lance","Franklin","SYD",8,"Melbourne","Sydney Swans"
2017,15,"Zak","Jones","SYD",4,"Melbourne","Sydney Swans"
2017,15,"George","Hewett","SYD",3,"Melbourne","Sydney Swans"
2017,15,"Dane","Rampe","SYD",3,"Melbourne","Sydney Swans"
2017,15,"Josh","Kennedy","SYD",2,"Melbourne","Sydney Swans"
2017,15,"Jack","Darling","WCE",9,"Western Bulldogs","West Coast Eagles"
2017,15,"Andrew","Gaff","WCE",7,"Western Bulldogs","West Coast Eagles"
2017,15,"Zaine","Cordy","WB",4,"Western Bulldogs","West Coast Eagles"
2017,15,"Eric","Mackenzie","WCE",3,"Western Bulldogs","West Coast Eagles"
2017,15,"Dom","Sheed","WCE",3,"Western Bulldogs","West Coast Eagles"
2017,15,"Mark","Hutchings","WCE",2,"Western Bulldogs","West Coast Eagles"
2017,15,"Lachie","Hunter","WB",1,"Western Bulldogs","West Coast Eagles"
2017,15,"Brad","Sheppard","WCE",1,"Western Bulldogs","West Coast Eagles"
2017,15,"Bryce","Gibbs","CARL",8,"Carlton","Adelaide Crows"
2017,15,"Brodie","Smith","ADEL",7,"Carlton","Adelaide Crows"
2017,15,"Brad","Crouch","ADEL",4,"Carlton","Adelaide Crows"
2017,15,"Matt","Crouch","ADEL",4,"Carlton","Adelaide Crows"
2017,15,"Liam","Jones","CARL",3,"Carlton","Adelaide Crows"
2017,15,"Matthew","Kreuzer","CARL",2,"Carlton","Adelaide Crows"
2017,15,"Josh","Jenkins","ADEL",1,"Carlton","Adelaide Crows"
2017,15,"Patrick","Cripps","CARL",1,"Carlton","Adelaide Crows"
2017,15,"Jarryd","Lyons","GCFC",10,"Gold Coast Suns","North Melbourne"
2017,15,"Tom","J Lynch","GCFC",8,"Gold Coast Suns","North Melbourne"
2017,15,"Jack","Martin","GCFC",4,"Gold Coast Suns","North Melbourne"
2017,15,"Jarrad","Waite","NMFC",3,"Gold Coast Suns","North Melbourne"
2017,15,"Gary","Ablett","GCFC",3,"Gold Coast Suns","North Melbourne"
2017,15,"David","Swallow","GCFC",1,"Gold Coast Suns","North Melbourne"
2017,15,"Luke","McDonald","NMFC",1,"Gold Coast Suns","North Melbourne"
2017,15,"Dustin","Martin","RICH",10,"Port Adelaide","Richmond"
2017,15,"Kane","Lambert","RICH",8,"Port Adelaide","Richmond"
2017,15,"Chad","Wingard","PORT",4,"Port Adelaide","Richmond"
2017,15,"Alex","Rance","RICH",3,"Port Adelaide","Richmond"
2017,15,"Paddy","Ryder","PORT",2,"Port Adelaide","Richmond"
2017,15,"Brandon","Ellis","RICH",2,"Port Adelaide","Richmond"
2017,15,"Dylan","Grimes","RICH",1,"Port Adelaide","Richmond"
2017,15,"Patrick","Dangerfield","GEEL",10,"GWS Giants","Geelong Cats"
2017,15,"Sam","Menegola","GEEL",8,"GWS Giants","Geelong Cats"
2017,15,"Jonathon","Patton","GWS",6,"GWS Giants","Geelong Cats"
2017,15,"Nick","Haynes","GWS",2,"GWS Giants","Geelong Cats"
2017,15,"Mitch","Duncan","GEEL",2,"GWS Giants","Geelong Cats"
2017,15,"Harry","Taylor","GEEL",1,"GWS Giants","Geelong Cats"
2017,15,"Nathan","Wilson","GWS",1,"GWS Giants","Geelong Cats"
2017,15,"Dayne","Zorko","BL",10,"Essendon","Brisbane Lions"
2017,15,"Eric","Hipwood","BL",8,"Essendon","Brisbane Lions"
2017,15,"Brendon","Goddard","ESS",4,"Essendon","Brisbane Lions"
2017,15,"Daniel","McStay","BL",3,"Essendon","Brisbane Lions"
2017,15,"Lewis","Taylor","BL",2,"Essendon","Brisbane Lions"
2017,15,"Michael","Hurley","ESS",2,"Essendon","Brisbane Lions"
2017,15,"Alex","Witherden","BL",1,"Essendon","Brisbane Lions"
2017,15,"Michael","Walters","FRE",10,"Fremantle","St Kilda"
2017,15,"Sebastian","Ross","STK",6,"Fremantle","St Kilda"
2017,15,"Nick","Suban","FRE",4,"Fremantle","St Kilda"
2017,15,"Jack","Billings","STK",4,"Fremantle","St Kilda"
2017,15,"Jake","Carlisle","STK",3,"Fremantle","St Kilda"
2017,15,"Jade","Gresham","STK",2,"Fremantle","St Kilda"
2017,15,"Tim","Membrey","STK",1,"Fremantle","St Kilda"
2017,15,"Tom","Mitchell","HAW",10,"Hawthorn","Collingwood"
2017,15,"Jordan","De Goey","COLL",6,"Hawthorn","Collingwood"
2017,15,"Ryan","Burton","HAW",5,"Hawthorn","Collingwood"
2017,15,"Daniel","Howe","HAW",5,"Hawthorn","Collingwood"
2017,15,"James","Sicily","HAW",2,"Hawthorn","Collingwood"
2017,15,"Jack","Gunston","HAW",2,"Hawthorn","Collingwood"
2017,16,"Taylor","Walker","ADEL",9,"Adelaide Crows","Western Bulldogs"
2017,16,"Jake","Lever","ADEL",9,"Adelaide Crows","Western Bulldogs"
2017,16,"Josh","Jenkins","ADEL",5,"Adelaide Crows","Western Bulldogs"
2017,16,"Matt","Crouch","ADEL",3,"Adelaide Crows","Western Bulldogs"
2017,16,"Rory","Atkins","ADEL",2,"Adelaide Crows","Western Bulldogs"
2017,16,"Jake","Kelly","ADEL",1,"Adelaide Crows","Western Bulldogs"
2017,16,"Rory","Laird","ADEL",1,"Adelaide Crows","Western Bulldogs"
2017,16,"Tom","Mitchell","HAW",10,"Hawthorn","GWS Giants"
2017,16,"Jonathon","Patton","GWS",7,"Hawthorn","GWS Giants"
2017,16,"Callan","Ward","GWS",6,"Hawthorn","GWS Giants"
2017,16,"James","Sicily","HAW",5,"Hawthorn","GWS Giants"
2017,16,"Ben","McEvoy","HAW",1,"Hawthorn","GWS Giants"
2017,16,"Josh","Kelly","GWS",1,"Hawthorn","GWS Giants"
2017,16,"Orazio","Fantasia","ESS",8,"Collingwood","Essendon"
2017,16,"David","Zaharakis","ESS",7,"Collingwood","Essendon"
2017,16,"Michael","Hurley","ESS",5,"Collingwood","Essendon"
2017,16,"James","Kelly","ESS",4,"Collingwood","Essendon"
2017,16,"Jamie","Elliott","COLL",2,"Collingwood","Essendon"
2017,16,"Steele","Sidebottom","COLL",2,"Collingwood","Essendon"
2017,16,"Dyson","Heppell","ESS",1,"Collingwood","Essendon"
2017,16,"Darcy","Parish","ESS",1,"Collingwood","Essendon"
2017,16,"Gary","Rohan","SYD",10,"Sydney Swans","Gold Coast Suns"
2017,16,"Dane","Rampe","SYD",7,"Sydney Swans","Gold Coast Suns"
2017,16,"Luke","Parker","SYD",5,"Sydney Swans","Gold Coast Suns"
2017,16,"Dean","Towers","SYD",4,"Sydney Swans","Gold Coast Suns"
2017,16,"Jake","Lloyd","SYD",4,"Sydney Swans","Gold Coast Suns"
2017,16,"Dayne","Zorko","BL",9,"Brisbane Lions","Geelong Cats"
2017,16,"Patrick","Dangerfield","GEEL",9,"Brisbane Lions","Geelong Cats"
2017,16,"Mitch","Duncan","GEEL",6,"Brisbane Lions","Geelong Cats"
2017,16,"Mark","Blicavs","GEEL",3,"Brisbane Lions","Geelong Cats"
2017,16,"Lachie","Henderson","GEEL",2,"Brisbane Lions","Geelong Cats"
2017,16,"Jed","Bews","GEEL",1,"Brisbane Lions","Geelong Cats"
2017,16,"Sebastian","Ross","STK",10,"St Kilda","Richmond"
2017,16,"Tim","Membrey","STK",6,"St Kilda","Richmond"
2017,16,"Jack","Steven","STK",6,"St Kilda","Richmond"
2017,16,"Billy","Longer","STK",6,"St Kilda","Richmond"
2017,16,"Nick","Riewoldt","STK",2,"St Kilda","Richmond"
2017,16,"Nathan","Fyfe","FRE",10,"North Melbourne","Fremantle"
2017,16,"Shaun","Higgins","NMFC",6,"North Melbourne","Fremantle"
2017,16,"Connor","Blakely","FRE",4,"North Melbourne","Fremantle"
2017,16,"Michael","Walters","FRE",4,"North Melbourne","Fremantle"
2017,16,"Ben","Brown","NMFC",2,"North Melbourne","Fremantle"
2017,16,"Aaron","Mullett","NMFC",2,"North Melbourne","Fremantle"
2017,16,"Ryan","Nyhuis","FRE",1,"North Melbourne","Fremantle"
2017,16,"Jack","Ziebell","NMFC",1,"North Melbourne","Fremantle"
2017,16,"Paddy","Ryder","PORT",9,"West Coast Eagles","Port Adelaide"
2017,16,"Charlie","Dixon","PORT",9,"West Coast Eagles","Port Adelaide"
2017,16,"Travis","Boak","PORT",5,"West Coast Eagles","Port Adelaide"
2017,16,"Justin","Westhoff","PORT",3,"West Coast Eagles","Port Adelaide"
2017,16,"Brad","Ebert","PORT",2,"West Coast Eagles","Port Adelaide"
2017,16,"Chad","Wingard","PORT",1,"West Coast Eagles","Port Adelaide"
2017,16,"Ollie","Wines","PORT",1,"West Coast Eagles","Port Adelaide"
2017,16,"Marc","Murphy","CARL",9,"Carlton","Melbourne"
2017,16,"Christian","Petracca","MELB",5,"Carlton","Melbourne"
2017,16,"Tom","McDonald","MELB",5,"Carlton","Melbourne"
2017,16,"Charlie","Curnow","CARL",5,"Carlton","Melbourne"
2017,16,"Clayton","Oliver","MELB",4,"Carlton","Melbourne"
2017,16,"Neville","Jetta","MELB",1,"Carlton","Melbourne"
2017,16,"Matthew","Kreuzer","CARL",1,"Carlton","Melbourne"
2017,17,"Zach","Merrett","ESS",10,"St Kilda","Essendon"
2017,17,"Joe","Daniher","ESS",7,"St Kilda","Essendon"
2017,17,"Tom","Bellchambers","ESS",4,"St Kilda","Essendon"
2017,17,"David","Zaharakis","ESS",4,"St Kilda","Essendon"
2017,17,"James","Kelly","ESS",3,"St Kilda","Essendon"
2017,17,"Michael","Hurley","ESS",2,"St Kilda","Essendon"
2017,17,"Chad","Wingard","PORT",10,"Port Adelaide","North Melbourne"
2017,17,"Brad","Ebert","PORT",6,"Port Adelaide","North Melbourne"
2017,17,"Sam","Gray","PORT",5,"Port Adelaide","North Melbourne"
2017,17,"Ben","Cunnington","NMFC",4,"Port Adelaide","North Melbourne"
2017,17,"Sam","Powell-Pepper","PORT",2,"Port Adelaide","North Melbourne"
2017,17,"Ollie","Wines","PORT",2,"Port Adelaide","North Melbourne"
2017,17,"Paddy","Ryder","PORT",1,"Port Adelaide","North Melbourne"
2017,17,"Patrick","Dangerfield","GEEL",10,"Geelong Cats","Hawthorn"
2017,17,"Tom","Mitchell","HAW",8,"Geelong Cats","Hawthorn"
2017,17,"Liam","Shiels","HAW",6,"Geelong Cats","Hawthorn"
2017,17,"Joel","Selwood","GEEL",3,"Geelong Cats","Hawthorn"
2017,17,"Lachie","Henderson","GEEL",3,"Geelong Cats","Hawthorn"
2017,17,"Steele","Sidebottom","COLL",10,"Gold Coast Suns","Collingwood"
2017,17,"Gary","Ablett","GCFC",8,"Gold Coast Suns","Collingwood"
2017,17,"Taylor","Adams","COLL",4,"Gold Coast Suns","Collingwood"
2017,17,"Tyson","Goldsack","COLL",3,"Gold Coast Suns","Collingwood"
2017,17,"David","Swallow","GCFC",2,"Gold Coast Suns","Collingwood"
2017,17,"Adam","Treloar","COLL",2,"Gold Coast Suns","Collingwood"
2017,17,"Ben","Reid","COLL",1,"Gold Coast Suns","Collingwood"
2017,17,"Taylor","Walker","ADEL",9,"Melbourne","Adelaide Crows"
2017,17,"Tom","Lynch","ADEL",8,"Melbourne","Adelaide Crows"
2017,17,"Rory","Laird","ADEL",6,"Melbourne","Adelaide Crows"
2017,17,"Brad","Crouch","ADEL",4,"Melbourne","Adelaide Crows"
2017,17,"Matt","Crouch","ADEL",2,"Melbourne","Adelaide Crows"
2017,17,"David","MacKay","ADEL",1,"Melbourne","Adelaide Crows"
2017,17,"Lance","Franklin","SYD",10,"GWS Giants","Sydney Swans"
2017,17,"Callan","Ward","GWS",8,"GWS Giants","Sydney Swans"
2017,17,"Jarrad","McVeigh","SYD",5,"GWS Giants","Sydney Swans"
2017,17,"Kieren","Jack","SYD",4,"GWS Giants","Sydney Swans"
2017,17,"Jonathon","Patton","GWS",2,"GWS Giants","Sydney Swans"
2017,17,"Josh","Kelly","GWS",1,"GWS Giants","Sydney Swans"
2017,17,"Dustin","Martin","RICH",9,"Richmond","Brisbane Lions"
2017,17,"Trent","Cotchin","RICH",9,"Richmond","Brisbane Lions"
2017,17,"Dion","Prestia","RICH",6,"Richmond","Brisbane Lions"
2017,17,"Daniel","McStay","BL",2,"Richmond","Brisbane Lions"
2017,17,"Harris","Andrews","BL",2,"Richmond","Brisbane Lions"
2017,17,"Alex","Witherden","BL",1,"Richmond","Brisbane Lions"
2017,17,"Shane","Edwards","RICH",1,"Richmond","Brisbane Lions"
2017,17,"Shannon","Hurn","WCE",10,"Fremantle","West Coast Eagles"
2017,17,"Jeremy","McGovern","WCE",4,"Fremantle","West Coast Eagles"
2017,17,"Liam","Duggan","WCE",4,"Fremantle","West Coast Eagles"
2017,17,"Josh","J Kennedy","WCE",3,"Fremantle","West Coast Eagles"
2017,17,"Lachie","Neale","FRE",3,"Fremantle","West Coast Eagles"
2017,17,"Nathan","Fyfe","FRE",2,"Fremantle","West Coast Eagles"
2017,17,"Connor","Blakely","FRE",2,"Fremantle","West Coast Eagles"
2017,17,"Bradley","Hill","FRE",1,"Fremantle","West Coast Eagles"
2017,17,"Brad","Sheppard","WCE",1,"Fremantle","West Coast Eagles"
2017,17,"Marcus","Bontempelli","WB",9,"Carlton","Western Bulldogs"
2017,17,"Jack","Macrae","WB",7,"Carlton","Western Bulldogs"
2017,17,"Toby","McLean","WB",5,"Carlton","Western Bulldogs"
2017,17,"Bailey","Dale","WB",4,"Carlton","Western Bulldogs"
2017,17,"Bryce","Gibbs","CARL",3,"Carlton","Western Bulldogs"
2017,17,"Caleb","Daniel","WB",1,"Carlton","Western Bulldogs"
2017,17,"Matthew","Kreuzer","CARL",1,"Carlton","Western Bulldogs"
2017,18,"Rory","Sloane","ADEL",9,"Adelaide Crows","Geelong Cats"
2017,18,"Sam","Jacobs","ADEL",6,"Adelaide Crows","Geelong Cats"
2017,18,"Matt","Crouch","ADEL",5,"Adelaide Crows","Geelong Cats"
2017,18,"Richard","Douglas","ADEL",4,"Adelaide Crows","Geelong Cats"
2017,18,"Brad","Crouch","ADEL",3,"Adelaide Crows","Geelong Cats"
2017,18,"Hugh","Greenwood","ADEL",2,"Adelaide Crows","Geelong Cats"
2017,18,"Jed","Bews","GEEL",1,"Adelaide Crows","Geelong Cats"
2017,18,"Zach","Merrett","ESS",9,"Essendon","North Melbourne"
2017,18,"Dyson","Heppell","ESS",7,"Essendon","North Melbourne"
2017,18,"Ben","Brown","NMFC",7,"Essendon","North Melbourne"
2017,18,"Cale","Hooker","ESS",4,"Essendon","North Melbourne"
2017,18,"Jarrad","Waite","NMFC",3,"Essendon","North Melbourne"
2017,18,"Michael","Hibberd","MELB",10,"Melbourne","Port Adelaide"
2017,18,"Travis","Boak","PORT",5,"Melbourne","Port Adelaide"
2017,18,"Clayton","Oliver","MELB",4,"Melbourne","Port Adelaide"
2017,18,"Max","Gawn","MELB",4,"Melbourne","Port Adelaide"
2017,18,"Jack","Viney","MELB",3,"Melbourne","Port Adelaide"
2017,18,"Jayden","Hunt","MELB",3,"Melbourne","Port Adelaide"
2017,18,"Robbie","Gray","PORT",1,"Melbourne","Port Adelaide"
2017,18,"Liam","Picken","WB",10,"Western Bulldogs","Gold Coast Suns"
2017,18,"Lachie","Hunter","WB",6,"Western Bulldogs","Gold Coast Suns"
2017,18,"Shane","Biggs","WB",6,"Western Bulldogs","Gold Coast Suns"
2017,18,"Toby","McLean","WB",3,"Western Bulldogs","Gold Coast Suns"
2017,18,"Jason","Johannisen","WB",3,"Western Bulldogs","Gold Coast Suns"
2017,18,"Luke","Dahlhaus","WB",1,"Western Bulldogs","Gold Coast Suns"
2017,18,"Mitch","Wallis","WB",1,"Western Bulldogs","Gold Coast Suns"
2017,18,"Jack","Gunston","HAW",10,"Fremantle","Hawthorn"
2017,18,"Tom","Mitchell","HAW",7,"Fremantle","Hawthorn"
2017,18,"Luke","Breust","HAW",4,"Fremantle","Hawthorn"
2017,18,"Liam","Shiels","HAW",4,"Fremantle","Hawthorn"
2017,18,"James","Sicily","HAW",4,"Fremantle","Hawthorn"
2017,18,"Blake","Hardwick","HAW",1,"Fremantle","Hawthorn"
2017,18,"Callum","Sinclair","SYD",10,"Sydney Swans","St Kilda"
2017,18,"Lewis","Melican","SYD",5,"Sydney Swans","St Kilda"
2017,18,"Lance","Franklin","SYD",5,"Sydney Swans","St Kilda"
2017,18,"Heath","Grundy","SYD",4,"Sydney Swans","St Kilda"
2017,18,"Luke","Dunstan","STK",3,"Sydney Swans","St Kilda"
2017,18,"Isaac","Heeney","SYD",2,"Sydney Swans","St Kilda"
2017,18,"Josh","Kennedy","SYD",1,"Sydney Swans","St Kilda"
2017,18,"Dustin","Martin","RICH",10,"Richmond","GWS Giants"
2017,18,"Trent","Cotchin","RICH",6,"Richmond","GWS Giants"
2017,18,"Nick","Vlastuin","RICH",5,"Richmond","GWS Giants"
2017,18,"Phil","Davis","GWS",5,"Richmond","GWS Giants"
2017,18,"Callan","Ward","GWS",4,"Richmond","GWS Giants"
2017,18,"Jordan","De Goey","COLL",8,"Collingwood","West Coast Eagles"
2017,18,"Brodie","Grundy","COLL",5,"Collingwood","West Coast Eagles"
2017,18,"Josh","J Kennedy","WCE",5,"Collingwood","West Coast Eagles"
2017,18,"Jack","Crisp","COLL",5,"Collingwood","West Coast Eagles"
2017,18,"Levi","Greenwood","COLL",3,"Collingwood","West Coast Eagles"
2017,18,"Adam","Treloar","COLL",2,"Collingwood","West Coast Eagles"
2017,18,"Shannon","Hurn","WCE",2,"Collingwood","West Coast Eagles"
2017,18,"Dayne","Zorko","BL",9,"Brisbane Lions","Carlton"
2017,18,"Dayne","Beams","BL",7,"Brisbane Lions","Carlton"
2017,18,"Tom","Rockliff","BL",6,"Brisbane Lions","Carlton"
2017,18,"Ryan","Lester","BL",4,"Brisbane Lions","Carlton"
2017,18,"Harris","Andrews","BL",2,"Brisbane Lions","Carlton"
2017,18,"Marc","Murphy","CARL",2,"Brisbane Lions","Carlton"
2017,19,"Ben","McEvoy","HAW",10,"Hawthorn","Sydney Swans"
2017,19,"Liam","Shiels","HAW",8,"Hawthorn","Sydney Swans"
2017,19,"James","Sicily","HAW",5,"Hawthorn","Sydney Swans"
2017,19,"Luke","Parker","SYD",3,"Hawthorn","Sydney Swans"
2017,19,"Tom","Papley","SYD",2,"Hawthorn","Sydney Swans"
2017,19,"Daniel","Howe","HAW",1,"Hawthorn","Sydney Swans"
2017,19,"Jarryd","Roughead","HAW",1,"Hawthorn","Sydney Swans"
2017,19,"Ben","Brown","NMFC",8,"North Melbourne","Melbourne"
2017,19,"Clayton","Oliver","MELB",8,"North Melbourne","Melbourne"
2017,19,"Jack","Ziebell","NMFC",5,"North Melbourne","Melbourne"
2017,19,"Andrew","Swallow","NMFC",5,"North Melbourne","Melbourne"
2017,19,"Tom","McDonald","MELB",3,"North Melbourne","Melbourne"
2017,19,"Shaun","Higgins","NMFC",1,"North Melbourne","Melbourne"
2017,19,"Nathan","Fyfe","FRE",6,"GWS Giants","Fremantle"
2017,19,"Stephen","Coniglio","GWS",6,"GWS Giants","Fremantle"
2017,19,"Luke","Ryan","FRE",5,"GWS Giants","Fremantle"
2017,19,"Dylan","Shiel","GWS",5,"GWS Giants","Fremantle"
2017,19,"Josh","Kelly","GWS",4,"GWS Giants","Fremantle"
2017,19,"Dawson","Simpson","GWS",3,"GWS Giants","Fremantle"
2017,19,"Lachie","Neale","FRE",1,"GWS Giants","Fremantle"
2017,19,"Jake","Carlisle","STK",8,"Port Adelaide","St Kilda"
2017,19,"Paddy","Ryder","PORT",8,"Port Adelaide","St Kilda"
2017,19,"Robbie","Gray","PORT",8,"Port Adelaide","St Kilda"
2017,19,"Sebastian","Ross","STK",2,"Port Adelaide","St Kilda"
2017,19,"Tim","Membrey","STK",2,"Port Adelaide","St Kilda"
2017,19,"Luke","Dunstan","STK",2,"Port Adelaide","St Kilda"
2017,19,"Dustin","Martin","RICH",9,"Gold Coast Suns","Richmond"
2017,19,"Aaron","Hall","GCFC",9,"Gold Coast Suns","Richmond"
2017,19,"Trent","Cotchin","RICH",5,"Gold Coast Suns","Richmond"
2017,19,"Daniel","Rioli","RICH",3,"Gold Coast Suns","Richmond"
2017,19,"Pearce","Hanley","GCFC",2,"Gold Coast Suns","Richmond"
2017,19,"Jason","Castagna","RICH",2,"Gold Coast Suns","Richmond"
2017,19,"Tom","Hawkins","GEEL",10,"Carlton","Geelong Cats"
2017,19,"Mitch","Duncan","GEEL",7,"Carlton","Geelong Cats"
2017,19,"Jordan","Murdoch","GEEL",4,"Carlton","Geelong Cats"
2017,19,"Patrick","Dangerfield","GEEL",3,"Carlton","Geelong Cats"
2017,19,"Sam","Menegola","GEEL",2,"Carlton","Geelong Cats"
2017,19,"Zac","Smith","GEEL",2,"Carlton","Geelong Cats"
2017,19,"Joel","Selwood","GEEL",2,"Carlton","Geelong Cats"
2017,19,"Jason","Johannisen","WB",9,"Western Bulldogs","Essendon"
2017,19,"Joe","Daniher","ESS",9,"Western Bulldogs","Essendon"
2017,19,"Marcus","Bontempelli","WB",6,"Western Bulldogs","Essendon"
2017,19,"Jordan","Roughead","WB",2,"Western Bulldogs","Essendon"
2017,19,"Shane","Biggs","WB",2,"Western Bulldogs","Essendon"
2017,19,"Michael","Hurley","ESS",1,"Western Bulldogs","Essendon"
2017,19,"David","Zaharakis","ESS",1,"Western Bulldogs","Essendon"
2017,19,"Dom","Sheed","WCE",9,"West Coast Eagles","Brisbane Lions"
2017,19,"Josh","J Kennedy","WCE",9,"West Coast Eagles","Brisbane Lions"
2017,19,"Daniel","Rich","BL",4,"West Coast Eagles","Brisbane Lions"
2017,19,"Luke","Shuey","WCE",4,"West Coast Eagles","Brisbane Lions"
2017,19,"Dayne","Beams","BL",2,"West Coast Eagles","Brisbane Lions"
2017,19,"Drew","Petrie","WCE",2,"West Coast Eagles","Brisbane Lions"
2017,19,"Daniel","Wells","COLL",10,"Collingwood","Adelaide Crows"
2017,19,"Taylor","Adams","COLL",7,"Collingwood","Adelaide Crows"
2017,19,"Steele","Sidebottom","COLL",7,"Collingwood","Adelaide Crows"
2017,19,"Jeremy","Howe","COLL",3,"Collingwood","Adelaide Crows"
2017,19,"Brodie","Smith","ADEL",3,"Collingwood","Adelaide Crows"
2017,20,"Luke","Parker","SYD",9,"Geelong Cats","Sydney Swans"
2017,20,"Jarrad","McVeigh","SYD",6,"Geelong Cats","Sydney Swans"
2017,20,"Dan","Hannebery","SYD",5,"Geelong Cats","Sydney Swans"
2017,20,"Mitch","Duncan","GEEL",5,"Geelong Cats","Sydney Swans"
2017,20,"Sam","Reid","SYD",3,"Geelong Cats","Sydney Swans"
2017,20,"Tom","Papley","SYD",1,"Geelong Cats","Sydney Swans"
2017,20,"Sam","Menegola","GEEL",1,"Geelong Cats","Sydney Swans"
2017,20,"Josh","Kelly","GWS",10,"GWS Giants","Melbourne"
2017,20,"Callan","Ward","GWS",8,"GWS Giants","Melbourne"
2017,20,"Stephen","Coniglio","GWS",6,"GWS Giants","Melbourne"
2017,20,"Jordan","Lewis","MELB",2,"GWS Giants","Melbourne"
2017,20,"Max","Gawn","MELB",2,"GWS Giants","Melbourne"
2017,20,"Dylan","Shiel","GWS",1,"GWS Giants","Melbourne"
2017,20,"Heath","Shaw","GWS",1,"GWS Giants","Melbourne"
2017,20,"Dyson","Heppell","ESS",10,"Essendon","Carlton"
2017,20,"Anthony","McDonald-Tipungwuti","ESS",6,"Essendon","Carlton"
2017,20,"David","Zaharakis","ESS",4,"Essendon","Carlton"
2017,20,"Matthew","Kreuzer","CARL",4,"Essendon","Carlton"
2017,20,"Marc","Murphy","CARL",2,"Essendon","Carlton"
2017,20,"Liam","Jones","CARL",2,"Essendon","Carlton"
2017,20,"Brendon","Goddard","ESS",2,"Essendon","Carlton"
2017,20,"Marcus","Bontempelli","WB",10,"Brisbane Lions","Western Bulldogs"
2017,20,"Jack","Macrae","WB",7,"Brisbane Lions","Western Bulldogs"
2017,20,"Toby","McLean","WB",5,"Brisbane Lions","Western Bulldogs"
2017,20,"Daniel","Rich","BL",5,"Brisbane Lions","Western Bulldogs"
2017,20,"Lachie","Hunter","WB",2,"Brisbane Lions","Western Bulldogs"
2017,20,"Josh","Walker","BL",1,"Brisbane Lions","Western Bulldogs"
2017,20,"Bradley","Hill","FRE",10,"Fremantle","Gold Coast Suns"
2017,20,"Luke","Ryan","FRE",5,"Fremantle","Gold Coast Suns"
2017,20,"Lachie","Neale","FRE",4,"Fremantle","Gold Coast Suns"
2017,20,"Nathan","Fyfe","FRE",4,"Fremantle","Gold Coast Suns"
2017,20,"Stephen","Hill","FRE",4,"Fremantle","Gold Coast Suns"
2017,20,"Cameron","McCarthy","FRE",2,"Fremantle","Gold Coast Suns"
2017,20,"Pearce","Hanley","GCFC",1,"Fremantle","Gold Coast Suns"
2017,20,"Taylor","Adams","COLL",9,"North Melbourne","Collingwood"
2017,20,"Adam","Treloar","COLL",8,"North Melbourne","Collingwood"
2017,20,"Steele","Sidebottom","COLL",4,"North Melbourne","Collingwood"
2017,20,"Jack","Ziebell","NMFC",3,"North Melbourne","Collingwood"
2017,20,"Tom","Langdon","COLL",3,"North Melbourne","Collingwood"
2017,20,"Jack","Crisp","COLL",2,"North Melbourne","Collingwood"
2017,20,"Jordan","De Goey","COLL",1,"North Melbourne","Collingwood"
2017,20,"Jack","Steele","STK",10,"St Kilda","West Coast Eagles"
2017,20,"Josh","J Kennedy","WCE",5,"St Kilda","West Coast Eagles"
2017,20,"Luke","Dunstan","STK",4,"St Kilda","West Coast Eagles"
2017,20,"Billy","Longer","STK",4,"St Kilda","West Coast Eagles"
2017,20,"Jack","Billings","STK",3,"St Kilda","West Coast Eagles"
2017,20,"Shannon","Hurn","WCE",3,"St Kilda","West Coast Eagles"
2017,20,"Koby","Stevens","STK",1,"St Kilda","West Coast Eagles"
2017,20,"Kane","Lambert","RICH",10,"Richmond","Hawthorn"
2017,20,"Josh","Caddy","RICH",8,"Richmond","Hawthorn"
2017,20,"James","Sicily","HAW",5,"Richmond","Hawthorn"
2017,20,"Dion","Prestia","RICH",4,"Richmond","Hawthorn"
2017,20,"Dustin","Martin","RICH",3,"Richmond","Hawthorn"
2017,20,"Sam","Jacobs","ADEL",9,"Adelaide Crows","Port Adelaide"
2017,20,"Rory","Sloane","ADEL",7,"Adelaide Crows","Port Adelaide"
2017,20,"Taylor","Walker","ADEL",5,"Adelaide Crows","Port Adelaide"
2017,20,"Matt","Crouch","ADEL",4,"Adelaide Crows","Port Adelaide"
2017,20,"Eddie","Betts","ADEL",3,"Adelaide Crows","Port Adelaide"
2017,20,"Brad","Crouch","ADEL",1,"Adelaide Crows","Port Adelaide"
2017,20,"Tom","Lynch","ADEL",1,"Adelaide Crows","Port Adelaide"
2017,21,"Josh","Kelly","GWS",8,"Western Bulldogs","GWS Giants"
2017,21,"Stephen","Coniglio","GWS",6,"Western Bulldogs","GWS Giants"
2017,21,"Zac","Williams","GWS",6,"Western Bulldogs","GWS Giants"
2017,21,"Jonathon","Patton","GWS",5,"Western Bulldogs","GWS Giants"
2017,21,"Dylan","Shiel","GWS",4,"Western Bulldogs","GWS Giants"
2017,21,"Nick","Haynes","GWS",1,"Western Bulldogs","GWS Giants"
2017,21,"Luke","Parker","SYD",10,"Sydney Swans","Fremantle"
2017,21,"Lance","Franklin","SYD",7,"Sydney Swans","Fremantle"
2017,21,"Dan","Hannebery","SYD",7,"Sydney Swans","Fremantle"
2017,21,"Dane","Rampe","SYD",4,"Sydney Swans","Fremantle"
2017,21,"Isaac","Heeney","SYD",2,"Sydney Swans","Fremantle"
2017,21,"Harry","Taylor","GEEL",10,"Geelong Cats","Richmond"
2017,21,"Patrick","Dangerfield","GEEL",5,"Geelong Cats","Richmond"
2017,21,"Cameron","Guthrie","GEEL",4,"Geelong Cats","Richmond"
2017,21,"Jed","Bews","GEEL",4,"Geelong Cats","Richmond"
2017,21,"Nick","Vlastuin","RICH",3,"Geelong Cats","Richmond"
2017,21,"Dion","Prestia","RICH",3,"Geelong Cats","Richmond"
2017,21,"Tom","Stewart","GEEL",1,"Geelong Cats","Richmond"
2017,21,"Dayne","Beams","BL",10,"Brisbane Lions","Gold Coast Suns"
2017,21,"Lewis","Taylor","BL",7,"Brisbane Lions","Gold Coast Suns"
2017,21,"Tom","Rockliff","BL",7,"Brisbane Lions","Gold Coast Suns"
2017,21,"Stefan","Martin","BL",2,"Brisbane Lions","Gold Coast Suns"
2017,21,"Ryan","Lester","BL",2,"Brisbane Lions","Gold Coast Suns"
2017,21,"Daniel","Rich","BL",1,"Brisbane Lions","Gold Coast Suns"
2017,21,"Jack","Martin","GCFC",1,"Brisbane Lions","Gold Coast Suns"
2017,21,"Josh","J Kennedy","WCE",10,"West Coast Eagles","Carlton"
2017,21,"Marc","Murphy","CARL",7,"West Coast Eagles","Carlton"
2017,21,"Jeremy","McGovern","WCE",6,"West Coast Eagles","Carlton"
2017,21,"Luke","Shuey","WCE",3,"West Coast Eagles","Carlton"
2017,21,"Elliot","Yeo","WCE",2,"West Coast Eagles","Carlton"
2017,21,"Sam","Kerridge","CARL",1,"West Coast Eagles","Carlton"
2017,21,"Matthew","Kreuzer","CARL",1,"West Coast Eagles","Carlton"
2017,21,"Matt","Crouch","ADEL",9,"Essendon","Adelaide Crows"
2017,21,"Brodie","Smith","ADEL",7,"Essendon","Adelaide Crows"
2017,21,"Rory","Atkins","ADEL",5,"Essendon","Adelaide Crows"
2017,21,"Richard","Douglas","ADEL",3,"Essendon","Adelaide Crows"
2017,21,"Josh","Jenkins","ADEL",3,"Essendon","Adelaide Crows"
2017,21,"Andrew","McGrath","ESS",3,"Essendon","Adelaide Crows"
2017,21,"Nathan","Jones","MELB",9,"Melbourne","St Kilda"
2017,21,"Cameron","Pedersen","MELB",7,"Melbourne","St Kilda"
2017,21,"James","Harmes","MELB",5,"Melbourne","St Kilda"
2017,21,"Clayton","Oliver","MELB",4,"Melbourne","St Kilda"
2017,21,"Billy","Longer","STK",4,"Melbourne","St Kilda"
2017,21,"Jordan","Lewis","MELB",1,"Melbourne","St Kilda"
2017,21,"Isaac","Smith","HAW",10,"Hawthorn","North Melbourne"
2017,21,"Luke","Breust","HAW",8,"Hawthorn","North Melbourne"
2017,21,"Shaun","Higgins","NMFC",5,"Hawthorn","North Melbourne"
2017,21,"Jack","Gunston","HAW",5,"Hawthorn","North Melbourne"
2017,21,"Luke","Hodge","HAW",2,"Hawthorn","North Melbourne"
2017,21,"Chad","Wingard","PORT",9,"Port Adelaide","Collingwood"
2017,21,"Ollie","Wines","PORT",8,"Port Adelaide","Collingwood"
2017,21,"Ben","Reid","COLL",5,"Port Adelaide","Collingwood"
2017,21,"Robbie","Gray","PORT",4,"Port Adelaide","Collingwood"
2017,21,"Adam","Treloar","COLL",2,"Port Adelaide","Collingwood"
2017,21,"Travis","Boak","PORT",2,"Port Adelaide","Collingwood"
2017,22,"Dane","Rampe","SYD",7,"Adelaide Crows","Sydney Swans"
2017,22,"Matt","Crouch","ADEL",7,"Adelaide Crows","Sydney Swans"
2017,22,"Rory","Sloane","ADEL",6,"Adelaide Crows","Sydney Swans"
2017,22,"Josh","Kennedy","SYD",5,"Adelaide Crows","Sydney Swans"
2017,22,"Mitch","McGovern","ADEL",4,"Adelaide Crows","Sydney Swans"
2017,22,"Luke","Parker","SYD",1,"Adelaide Crows","Sydney Swans"
2017,22,"Travis","Boak","PORT",9,"Western Bulldogs","Port Adelaide"
2017,22,"Charlie","Dixon","PORT",8,"Western Bulldogs","Port Adelaide"
2017,22,"Jack","Macrae","WB",6,"Western Bulldogs","Port Adelaide"
2017,22,"Paddy","Ryder","PORT",3,"Western Bulldogs","Port Adelaide"
2017,22,"Bailey","Dale","WB",2,"Western Bulldogs","Port Adelaide"
2017,22,"Tom","Jonas","PORT",1,"Western Bulldogs","Port Adelaide"
2017,22,"Ollie","Wines","PORT",1,"Western Bulldogs","Port Adelaide"
2017,22,"Patrick","Dangerfield","GEEL",10,"Collingwood","Geelong Cats"
2017,22,"Sam","Menegola","GEEL",8,"Collingwood","Geelong Cats"
2017,22,"Will","Hoskin-Elliott","COLL",4,"Collingwood","Geelong Cats"
2017,22,"Taylor","Adams","COLL",3,"Collingwood","Geelong Cats"
2017,22,"Tom","Stewart","GEEL",2,"Collingwood","Geelong Cats"
2017,22,"Mason","Cox","COLL",2,"Collingwood","Geelong Cats"
2017,22,"Jordan","Murdoch","GEEL",1,"Collingwood","Geelong Cats"
2017,22,"Josh","Kelly","GWS",10,"GWS Giants","West Coast Eagles"
2017,22,"Lachie","Whitfield","GWS",8,"GWS Giants","West Coast Eagles"
2017,22,"Matt","Priddis","WCE",6,"GWS Giants","West Coast Eagles"
2017,22,"Callan","Ward","GWS",3,"GWS Giants","West Coast Eagles"
2017,22,"Elliot","Yeo","WCE",3,"GWS Giants","West Coast Eagles"
2017,22,"David","Zaharakis","ESS",10,"Gold Coast Suns","Essendon"
2017,22,"Steven","May","GCFC",6,"Gold Coast Suns","Essendon"
2017,22,"Brendon","Goddard","ESS",5,"Gold Coast Suns","Essendon"
2017,22,"Tom","Bellchambers","ESS",4,"Gold Coast Suns","Essendon"
2017,22,"Dyson","Heppell","ESS",3,"Gold Coast Suns","Essendon"
2017,22,"Aaron","Hall","GCFC",2,"Gold Coast Suns","Essendon"
2017,22,"Sam","Docherty","CARL",10,"Carlton","Hawthorn"
2017,22,"Tom","Mitchell","HAW",7,"Carlton","Hawthorn"
2017,22,"Jed","Lamb","CARL",5,"Carlton","Hawthorn"
2017,22,"Marc","Murphy","CARL",5,"Carlton","Hawthorn"
2017,22,"Isaac","Smith","HAW",2,"Carlton","Hawthorn"
2017,22,"Jarrod","Pickett","CARL",1,"Carlton","Hawthorn"
2017,22,"Jesse","Hogan","MELB",9,"Melbourne","Brisbane Lions"
2017,22,"Nathan","Jones","MELB",8,"Melbourne","Brisbane Lions"
2017,22,"Dayne","Beams","BL",7,"Melbourne","Brisbane Lions"
2017,22,"Cameron","Pedersen","MELB",3,"Melbourne","Brisbane Lions"
2017,22,"Clayton","Oliver","MELB",2,"Melbourne","Brisbane Lions"
2017,22,"Darcy","Gardiner","BL",1,"Melbourne","Brisbane Lions"
2017,22,"Jacob","Townsend","RICH",9,"Fremantle","Richmond"
2017,22,"Dustin","Martin","RICH",8,"Fremantle","Richmond"
2017,22,"Shaun","Grigg","RICH",7,"Fremantle","Richmond"
2017,22,"Jack","Riewoldt","RICH",2,"Fremantle","Richmond"
2017,22,"Kane","Lambert","RICH",2,"Fremantle","Richmond"
2017,22,"Bachar","Houli","RICH",1,"Fremantle","Richmond"
2017,22,"Nathan","Fyfe","FRE",1,"Fremantle","Richmond"
2017,22,"Jack","Steven","STK",10,"St Kilda","North Melbourne"
2017,22,"Sebastian","Ross","STK",8,"St Kilda","North Melbourne"
2017,22,"Luke","Dunstan","STK",5,"St Kilda","North Melbourne"
2017,22,"Ben","Cunnington","NMFC",5,"St Kilda","North Melbourne"
2017,22,"Jade","Gresham","STK",1,"St Kilda","North Melbourne"
2017,22,"Taylor","Garner","NMFC",1,"St Kilda","North Melbourne"
2017,23,"Jarryd","Roughead","HAW",10,"Hawthorn","Western Bulldogs"
2017,23,"Ben","McEvoy","HAW",8,"Hawthorn","Western Bulldogs"
2017,23,"Jack","Macrae","WB",4,"Hawthorn","Western Bulldogs"
2017,23,"Matthew","Boyd","WB",3,"Hawthorn","Western Bulldogs"
2017,23,"James","Sicily","HAW",2,"Hawthorn","Western Bulldogs"
2017,23,"Isaac","Smith","HAW",2,"Hawthorn","Western Bulldogs"
2017,23,"Jack","Gunston","HAW",1,"Hawthorn","Western Bulldogs"
2017,23,"Jamie","Elliott","COLL",10,"Collingwood","Melbourne"
2017,23,"Jeremy","Howe","COLL",4,"Collingwood","Melbourne"
2017,23,"Will","Hoskin-Elliott","COLL",4,"Collingwood","Melbourne"
2017,23,"Clayton","Oliver","MELB",3,"Collingwood","Melbourne"
2017,23,"Taylor","Adams","COLL",3,"Collingwood","Melbourne"
2017,23,"Tom","Phillips","COLL",2,"Collingwood","Melbourne"
2017,23,"Christian","Petracca","MELB",2,"Collingwood","Melbourne"
2017,23,"Jayden","Hunt","MELB",1,"Collingwood","Melbourne"
2017,23,"Tom","Langdon","COLL",1,"Collingwood","Melbourne"
2017,23,"Ben","Brown","NMFC",9,"Brisbane Lions","North Melbourne"
2017,23,"Shaun","Higgins","NMFC",9,"Brisbane Lions","North Melbourne"
2017,23,"Trent","Dumont","NMFC",5,"Brisbane Lions","North Melbourne"
2017,23,"Daniel","Rich","BL",3,"Brisbane Lions","North Melbourne"
2017,23,"Dayne","Zorko","BL",2,"Brisbane Lions","North Melbourne"
2017,23,"Scott","Thompson","NMFC",1,"Brisbane Lions","North Melbourne"
2017,23,"Luke","McDonald","NMFC",1,"Brisbane Lions","North Melbourne"
2017,23,"Lance","Franklin","SYD",10,"Sydney Swans","Carlton"
2017,23,"Josh","Kennedy","SYD",7,"Sydney Swans","Carlton"
2017,23,"Luke","Parker","SYD",4,"Sydney Swans","Carlton"
2017,23,"Zak","Jones","SYD",3,"Sydney Swans","Carlton"
2017,23,"Gary","Rohan","SYD",3,"Sydney Swans","Carlton"
2017,23,"Heath","Grundy","SYD",2,"Sydney Swans","Carlton"
2017,23,"Matthew","Kreuzer","CARL",1,"Sydney Swans","Carlton"
2017,23,"Sam","Gray","PORT",10,"Port Adelaide","Gold Coast Suns"
2017,23,"Charlie","Dixon","PORT",6,"Port Adelaide","Gold Coast Suns"
2017,23,"Ollie","Wines","PORT",4,"Port Adelaide","Gold Coast Suns"
2017,23,"Paddy","Ryder","PORT",3,"Port Adelaide","Gold Coast Suns"
2017,23,"Travis","Boak","PORT",3,"Port Adelaide","Gold Coast Suns"
2017,23,"Brad","Ebert","PORT",2,"Port Adelaide","Gold Coast Suns"
2017,23,"Dan","Houston","PORT",1,"Port Adelaide","Gold Coast Suns"
2017,23,"Darcy","Byrne-Jones","PORT",1,"Port Adelaide","Gold Coast Suns"
2017,23,"Sam","Menegola","GEEL",9,"Geelong Cats","GWS Giants"
2017,23,"Patrick","Dangerfield","GEEL",9,"Geelong Cats","GWS Giants"
2017,23,"Callan","Ward","GWS",6,"Geelong Cats","GWS Giants"
2017,23,"Mitch","Duncan","GEEL",3,"Geelong Cats","GWS Giants"
2017,23,"Tom","Hawkins","GEEL",2,"Geelong Cats","GWS Giants"
2017,23,"Zac","Smith","GEEL",1,"Geelong Cats","GWS Giants"
2017,23,"Zach","Merrett","ESS",10,"Essendon","Fremantle"
2017,23,"Brendon","Goddard","ESS",8,"Essendon","Fremantle"
2017,23,"James","Stewart","ESS",4,"Essendon","Fremantle"
2017,23,"Nathan","Fyfe","FRE",3,"Essendon","Fremantle"
2017,23,"Tom","Bellchambers","ESS",3,"Essendon","Fremantle"
2017,23,"Jobe","Watson","ESS",2,"Essendon","Fremantle"
2017,23,"Jeremy","McGovern","WCE",8,"West Coast Eagles","Adelaide Crows"
2017,23,"Sam","Mitchell","WCE",5,"West Coast Eagles","Adelaide Crows"
2017,23,"Andrew","Gaff","WCE",4,"West Coast Eagles","Adelaide Crows"
2017,23,"Matt","Crouch","ADEL",4,"West Coast Eagles","Adelaide Crows"
2017,23,"Sam","Jacobs","ADEL",3,"West Coast Eagles","Adelaide Crows"
2017,23,"Rory","Sloane","ADEL",3,"West Coast Eagles","Adelaide Crows"
2017,23,"Jack","Darling","WCE",2,"West Coast Eagles","Adelaide Crows"
2017,23,"Elliot","Yeo","WCE",1,"West Coast Eagles","Adelaide Crows"
2017,23,"Dustin","Martin","RICH",10,"Richmond","St Kilda"
2017,23,"Jacob","Townsend","RICH",7,"Richmond","St Kilda"
2017,23,"Shaun","Grigg","RICH",5,"Richmond","St Kilda"
2017,23,"Nick","Vlastuin","RICH",4,"Richmond","St Kilda"
2017,23,"Jade","Gresham","STK",2,"Richmond","St Kilda"
2017,23,"Trent","Cotchin","RICH",2,"Richmond","St Kilda"
2018,1,"Patrick","Cripps","CARL",10,"Richmond","Carlton"
2018,1,"Dustin","Martin","RICH",7,"Richmond","Carlton"
2018,1,"Kade","Simpson","CARL",6,"Richmond","Carlton"
2018,1,"Jack","Riewoldt","RICH",3,"Richmond","Carlton"
2018,1,"Dan","Butler","RICH",2,"Richmond","Carlton"
2018,1,"Charlie","Curnow","CARL",2,"Richmond","Carlton"
2018,1,"Rory","Laird","ADEL",6,"Essendon","Adelaide Crows"
2018,1,"Dyson","Heppell","ESS",6,"Essendon","Adelaide Crows"
2018,1,"Brendon","Goddard","ESS",5,"Essendon","Adelaide Crows"
2018,1,"Michael","Hurley","ESS",5,"Essendon","Adelaide Crows"
2018,1,"David","Zaharakis","ESS",4,"Essendon","Adelaide Crows"
2018,1,"Bryce","Gibbs","ADEL",2,"Essendon","Adelaide Crows"
2018,1,"James","Stewart","ESS",2,"Essendon","Adelaide Crows"
2018,1,"Jack","Steven","STK",10,"St Kilda","Brisbane Lions"
2018,1,"Blake","Acres","STK",7,"St Kilda","Brisbane Lions"
2018,1,"Stefan","Martin","BL",6,"St Kilda","Brisbane Lions"
2018,1,"Sebastian","Ross","STK",4,"St Kilda","Brisbane Lions"
2018,1,"Charlie","Cameron","BL",2,"St Kilda","Brisbane Lions"
2018,1,"Jack","Billings","STK",1,"St Kilda","Brisbane Lions"
2018,1,"Brad","Ebert","PORT",8,"Port Adelaide","Fremantle"
2018,1,"Darcy","Byrne-Jones","PORT",8,"Port Adelaide","Fremantle"
2018,1,"Justin","Westhoff","PORT",5,"Port Adelaide","Fremantle"
2018,1,"Chad","Wingard","PORT",4,"Port Adelaide","Fremantle"
2018,1,"Riley","Bonner","PORT",3,"Port Adelaide","Fremantle"
2018,1,"Ollie","Wines","PORT",1,"Port Adelaide","Fremantle"
2018,1,"Travis","Boak","PORT",1,"Port Adelaide","Fremantle"
2018,1,"Aaron","Young","GCFC",7,"Gold Coast Suns","North Melbourne"
2018,1,"Jarrod","Harbrow","GCFC",7,"Gold Coast Suns","North Melbourne"
2018,1,"Jarrod","Witts","GCFC",6,"Gold Coast Suns","North Melbourne"
2018,1,"Jack","Bowes","GCFC",4,"Gold Coast Suns","North Melbourne"
2018,1,"David","Swallow","GCFC",4,"Gold Coast Suns","North Melbourne"
2018,1,"Jack","Ziebell","NMFC",1,"Gold Coast Suns","North Melbourne"
2018,1,"Touk","Miller","GCFC",1,"Gold Coast Suns","North Melbourne"
2018,1,"Tom","Mitchell","HAW",10,"Hawthorn","Collingwood"
2018,1,"Ben","Stratton","HAW",4,"Hawthorn","Collingwood"
2018,1,"James","Sicily","HAW",4,"Hawthorn","Collingwood"
2018,1,"Steele","Sidebottom","COLL",4,"Hawthorn","Collingwood"
2018,1,"Luke","Breust","HAW",4,"Hawthorn","Collingwood"
2018,1,"Jack","Gunston","HAW",4,"Hawthorn","Collingwood"
2018,1,"Jeremy","Cameron","GWS",9,"GWS Giants","Western Bulldogs"
2018,1,"Lachie","Whitfield","GWS",8,"GWS Giants","Western Bulldogs"
2018,1,"Stephen","Coniglio","GWS",6,"GWS Giants","Western Bulldogs"
2018,1,"Tim","Taranto","GWS",4,"GWS Giants","Western Bulldogs"
2018,1,"Toby","Greene","GWS",3,"GWS Giants","Western Bulldogs"
2018,1,"Max","Gawn","MELB",9,"Melbourne","Geelong Cats"
2018,1,"Gary","Ablett","GEEL",6,"Melbourne","Geelong Cats"
2018,1,"Joel","Selwood","GEEL",5,"Melbourne","Geelong Cats"
2018,1,"Daniel","Menzel","GEEL",5,"Melbourne","Geelong Cats"
2018,1,"Christian","Petracca","MELB",4,"Melbourne","Geelong Cats"
2018,1,"Clayton","Oliver","MELB",1,"Melbourne","Geelong Cats"
2018,1,"Lance","Franklin","SYD",10,"West Coast Eagles","Sydney Swans"
2018,1,"Luke","Parker","SYD",7,"West Coast Eagles","Sydney Swans"
2018,1,"Isaac","Heeney","SYD",5,"West Coast Eagles","Sydney Swans"
2018,1,"Mark","Lecras","WCE",4,"West Coast Eagles","Sydney Swans"
2018,1,"Shannon","Hurn","WCE",2,"West Coast Eagles","Sydney Swans"
2018,1,"Jack","Darling","WCE",2,"West Coast Eagles","Sydney Swans"
2018,2,"Rory","Laird","ADEL",10,"Adelaide Crows","Richmond"
2018,2,"Josh","Jenkins","ADEL",7,"Adelaide Crows","Richmond"
2018,2,"Dustin","Martin","RICH",7,"Adelaide Crows","Richmond"
2018,2,"Rory","Sloane","ADEL",4,"Adelaide Crows","Richmond"
2018,2,"Hugh","Greenwood","ADEL",1,"Adelaide Crows","Richmond"
2018,2,"Bryce","Gibbs","ADEL",1,"Adelaide Crows","Richmond"
2018,2,"Ben","Brown","NMFC",10,"North Melbourne","St Kilda"
2018,2,"Jarrad","Waite","NMFC",5,"North Melbourne","St Kilda"
2018,2,"Todd","Goldstein","NMFC",5,"North Melbourne","St Kilda"
2018,2,"Jamie","MacMillan","NMFC",4,"North Melbourne","St Kilda"
2018,2,"Robbie","Tarrant","NMFC",3,"North Melbourne","St Kilda"
2018,2,"Ben","Jacobs","NMFC",2,"North Melbourne","St Kilda"
2018,2,"Shaun","Higgins","NMFC",1,"North Melbourne","St Kilda"
2018,2,"Tom","J Lynch","GCFC",10,"Carlton","Gold Coast Suns"
2018,2,"Jarryd","Lyons","GCFC",8,"Carlton","Gold Coast Suns"
2018,2,"Jack","Martin","GCFC",4,"Carlton","Gold Coast Suns"
2018,2,"David","Swallow","GCFC",3,"Carlton","Gold Coast Suns"
2018,2,"Jarrod","Witts","GCFC",2,"Carlton","Gold Coast Suns"
2018,2,"Nick","Holman","GCFC",2,"Carlton","Gold Coast Suns"
2018,2,"Ed","Curnow","CARL",1,"Carlton","Gold Coast Suns"
2018,2,"Stephen","Coniglio","GWS",10,"Collingwood","GWS Giants"
2018,2,"Brodie","Grundy","COLL",7,"Collingwood","GWS Giants"
2018,2,"Jeremy","Howe","COLL",4,"Collingwood","GWS Giants"
2018,2,"Jeremy","Finlayson","GWS",3,"Collingwood","GWS Giants"
2018,2,"Tom","Phillips","COLL",2,"Collingwood","GWS Giants"
2018,2,"Phil","Davis","GWS",2,"Collingwood","GWS Giants"
2018,2,"Steele","Sidebottom","COLL",1,"Collingwood","GWS Giants"
2018,2,"Scott","Pendlebury","COLL",1,"Collingwood","GWS Giants"
2018,2,"Nathan","Wilson","FRE",10,"Fremantle","Essendon"
2018,2,"Nathan","Fyfe","FRE",8,"Fremantle","Essendon"
2018,2,"Stephen","Hill","FRE",4,"Fremantle","Essendon"
2018,2,"Alex","Pearce","FRE",3,"Fremantle","Essendon"
2018,2,"Matt","Taberner","FRE",2,"Fremantle","Essendon"
2018,2,"Connor","Blakely","FRE",2,"Fremantle","Essendon"
2018,2,"Conor","McKenna","ESS",1,"Fremantle","Essendon"
2018,2,"Jesse","Hogan","MELB",9,"Brisbane Lions","Melbourne"
2018,2,"Clayton","Oliver","MELB",8,"Brisbane Lions","Melbourne"
2018,2,"Charlie","Cameron","BL",5,"Brisbane Lions","Melbourne"
2018,2,"Jeff","Garlett","MELB",5,"Brisbane Lions","Melbourne"
2018,2,"Nathan","Jones","MELB",3,"Brisbane Lions","Melbourne"
2018,2,"Shannon","Hurn","WCE",10,"Western Bulldogs","West Coast Eagles"
2018,2,"Jack","Darling","WCE",8,"Western Bulldogs","West Coast Eagles"
2018,2,"Jack","Macrae","WB",4,"Western Bulldogs","West Coast Eagles"
2018,2,"Liam","Ryan","WCE",3,"Western Bulldogs","West Coast Eagles"
2018,2,"Nic","Naitanui","WCE",2,"Western Bulldogs","West Coast Eagles"
2018,2,"Scott","Lycett","WCE",2,"Western Bulldogs","West Coast Eagles"
2018,2,"Lachie","Hunter","WB",1,"Western Bulldogs","West Coast Eagles"
2018,2,"Ollie","Wines","PORT",9,"Sydney Swans","Port Adelaide"
2018,2,"Charlie","Dixon","PORT",8,"Sydney Swans","Port Adelaide"
2018,2,"Robbie","Gray","PORT",6,"Sydney Swans","Port Adelaide"
2018,2,"Lance","Franklin","SYD",5,"Sydney Swans","Port Adelaide"
2018,2,"Justin","Westhoff","PORT",1,"Sydney Swans","Port Adelaide"
2018,2,"Travis","Boak","PORT",1,"Sydney Swans","Port Adelaide"
2018,2,"Tom","Mitchell","HAW",10,"Geelong Cats","Hawthorn"
2018,2,"Ben","McEvoy","HAW",7,"Geelong Cats","Hawthorn"
2018,2,"Gary","Ablett","GEEL",6,"Geelong Cats","Hawthorn"
2018,2,"Patrick","Dangerfield","GEEL",3,"Geelong Cats","Hawthorn"
2018,2,"Jarman","Impey","HAW",2,"Geelong Cats","Hawthorn"
2018,2,"Tim","Kelly","GEEL",1,"Geelong Cats","Hawthorn"
2018,2,"Isaac","Smith","HAW",1,"Geelong Cats","Hawthorn"
2018,3,"Steele","Sidebottom","COLL",10,"Carlton","Collingwood"
2018,3,"Brodie","Grundy","COLL",7,"Carlton","Collingwood"
2018,3,"Jack","Crisp","COLL",6,"Carlton","Collingwood"
2018,3,"Josh","Thomas","COLL",5,"Carlton","Collingwood"
2018,3,"Will","Hoskin-Elliott","COLL",1,"Carlton","Collingwood"
2018,3,"Marc","Murphy","CARL",1,"Carlton","Collingwood"
2018,3,"Stefan","Martin","BL",9,"Port Adelaide","Brisbane Lions"
2018,3,"Jared","Polec","PORT",8,"Port Adelaide","Brisbane Lions"
2018,3,"Sam","Gray","PORT",7,"Port Adelaide","Brisbane Lions"
2018,3,"Hamish","Hartlett","PORT",4,"Port Adelaide","Brisbane Lions"
2018,3,"Dayne","Zorko","BL",1,"Port Adelaide","Brisbane Lions"
2018,3,"Darcy","Gardiner","BL",1,"Port Adelaide","Brisbane Lions"
2018,3,"Max","Gawn","MELB",10,"Melbourne","North Melbourne"
2018,3,"Jesse","Hogan","MELB",5,"Melbourne","North Melbourne"
2018,3,"Christian","Petracca","MELB",4,"Melbourne","North Melbourne"
2018,3,"Christian","Salem","MELB",3,"Melbourne","North Melbourne"
2018,3,"Ben","Cunnington","NMFC",3,"Melbourne","North Melbourne"
2018,3,"Ben","Brown","NMFC",2,"Melbourne","North Melbourne"
2018,3,"Dean","Kent","MELB",2,"Melbourne","North Melbourne"
2018,3,"Nathan","Jones","MELB",1,"Melbourne","North Melbourne"
2018,3,"Nathan","Fyfe","FRE",10,"Gold Coast Suns","Fremantle"
2018,3,"Ed","Langdon","FRE",6,"Gold Coast Suns","Fremantle"
2018,3,"Michael","Walters","FRE",4,"Gold Coast Suns","Fremantle"
2018,3,"Alex","Pearce","FRE",4,"Gold Coast Suns","Fremantle"
2018,3,"Lachie","Neale","FRE",3,"Gold Coast Suns","Fremantle"
2018,3,"Aaron","Sandilands","FRE",2,"Gold Coast Suns","Fremantle"
2018,3,"Brandon","Matera","FRE",1,"Gold Coast Suns","Fremantle"
2018,3,"Callum","Sinclair","SYD",8,"Sydney Swans","GWS Giants"
2018,3,"Callum","Mills","SYD",6,"Sydney Swans","GWS Giants"
2018,3,"Will","Hayward","SYD",4,"Sydney Swans","GWS Giants"
2018,3,"Lewis","Melican","SYD",4,"Sydney Swans","GWS Giants"
2018,3,"George","Hewett","SYD",3,"Sydney Swans","GWS Giants"
2018,3,"Jonathon","Patton","GWS",2,"Sydney Swans","GWS Giants"
2018,3,"Stephen","Coniglio","GWS",2,"Sydney Swans","GWS Giants"
2018,3,"Lance","Franklin","SYD",1,"Sydney Swans","GWS Giants"
2018,3,"Bryce","Gibbs","ADEL",10,"St Kilda","Adelaide Crows"
2018,3,"Rory","Laird","ADEL",7,"St Kilda","Adelaide Crows"
2018,3,"Paul","Seedsman","ADEL",7,"St Kilda","Adelaide Crows"
2018,3,"Sam","Jacobs","ADEL",2,"St Kilda","Adelaide Crows"
2018,3,"Luke","Brown","ADEL",2,"St Kilda","Adelaide Crows"
2018,3,"Sebastian","Ross","STK",1,"St Kilda","Adelaide Crows"
2018,3,"Eddie","Betts","ADEL",1,"St Kilda","Adelaide Crows"
2018,3,"Trent","Cotchin","RICH",10,"Richmond","Hawthorn"
2018,3,"Tom","Mitchell","HAW",6,"Richmond","Hawthorn"
2018,3,"Jack","Riewoldt","RICH",5,"Richmond","Hawthorn"
2018,3,"Shane","Edwards","RICH",4,"Richmond","Hawthorn"
2018,3,"Alex","Rance","RICH",4,"Richmond","Hawthorn"
2018,3,"Ben","McEvoy","HAW",1,"Richmond","Hawthorn"
2018,3,"Dom","Sheed","WCE",9,"West Coast Eagles","Geelong Cats"
2018,3,"Brad","Sheppard","WCE",5,"West Coast Eagles","Geelong Cats"
2018,3,"Patrick","Dangerfield","GEEL",5,"West Coast Eagles","Geelong Cats"
2018,3,"Luke","Shuey","WCE",4,"West Coast Eagles","Geelong Cats"
2018,3,"Sam","Menegola","GEEL",3,"West Coast Eagles","Geelong Cats"
2018,3,"Gary","Ablett","GEEL",2,"West Coast Eagles","Geelong Cats"
2018,3,"Andrew","Gaff","WCE",1,"West Coast Eagles","Geelong Cats"
2018,3,"Tom","Stewart","GEEL",1,"West Coast Eagles","Geelong Cats"
2018,3,"Lachie","Hunter","WB",10,"Western Bulldogs","Essendon"
2018,3,"Bailey","Williams","WB",7,"Western Bulldogs","Essendon"
2018,3,"Jack","Macrae","WB",4,"Western Bulldogs","Essendon"
2018,3,"Zaine","Cordy","WB",3,"Western Bulldogs","Essendon"
2018,3,"Toby","McLean","WB",3,"Western Bulldogs","Essendon"
2018,3,"Matthew","Suckling","WB",2,"Western Bulldogs","Essendon"
2018,3,"Luke","Dahlhaus","WB",1,"Western Bulldogs","Essendon"
2018,4,"Brodie","Grundy","COLL",9,"Adelaide Crows","Collingwood"
2018,4,"Steele","Sidebottom","COLL",9,"Adelaide Crows","Collingwood"
2018,4,"Jaidyn","Stephenson","COLL",5,"Adelaide Crows","Collingwood"
2018,4,"Adam","Treloar","COLL",4,"Adelaide Crows","Collingwood"
2018,4,"Scott","Pendlebury","COLL",3,"Adelaide Crows","Collingwood"
2018,4,"Nick","Haynes","GWS",10,"GWS Giants","Fremantle"
2018,4,"Brett","Deledio","GWS",8,"GWS Giants","Fremantle"
2018,4,"Callan","Ward","GWS",3,"GWS Giants","Fremantle"
2018,4,"Heath","Shaw","GWS",3,"GWS Giants","Fremantle"
2018,4,"Stephen","Hill","FRE",2,"GWS Giants","Fremantle"
2018,4,"Toby","Greene","GWS",2,"GWS Giants","Fremantle"
2018,4,"Tim","Taranto","GWS",1,"GWS Giants","Fremantle"
2018,4,"Jeremy","Cameron","GWS",1,"GWS Giants","Fremantle"
2018,4,"Dustin","Martin","RICH",9,"Richmond","Brisbane Lions"
2018,4,"Trent","Cotchin","RICH",8,"Richmond","Brisbane Lions"
2018,4,"Kane","Lambert","RICH",5,"Richmond","Brisbane Lions"
2018,4,"David","Astbury","RICH",3,"Richmond","Brisbane Lions"
2018,4,"Shaun","Grigg","RICH",2,"Richmond","Brisbane Lions"
2018,4,"Jason","Castagna","RICH",2,"Richmond","Brisbane Lions"
2018,4,"Reece","Conca","RICH",1,"Richmond","Brisbane Lions"
2018,4,"Isaac","Heeney","SYD",8,"Western Bulldogs","Sydney Swans"
2018,4,"Jack","Macrae","WB",5,"Western Bulldogs","Sydney Swans"
2018,4,"Aaron","Naughton","WB",4,"Western Bulldogs","Sydney Swans"
2018,4,"Luke","Parker","SYD",4,"Western Bulldogs","Sydney Swans"
2018,4,"Dane","Rampe","SYD",3,"Western Bulldogs","Sydney Swans"
2018,4,"Toby","McLean","WB",2,"Western Bulldogs","Sydney Swans"
2018,4,"Lance","Franklin","SYD",2,"Western Bulldogs","Sydney Swans"
2018,4,"Bailey","Williams","WB",1,"Western Bulldogs","Sydney Swans"
2018,4,"Matthew","Suckling","WB",1,"Western Bulldogs","Sydney Swans"
2018,4,"Jeremy","McGovern","WCE",9,"West Coast Eagles","Gold Coast Suns"
2018,4,"Elliot","Yeo","WCE",9,"West Coast Eagles","Gold Coast Suns"
2018,4,"Jamie","Cripps","WCE",3,"West Coast Eagles","Gold Coast Suns"
2018,4,"Josh","J Kennedy","WCE",3,"West Coast Eagles","Gold Coast Suns"
2018,4,"Chris","Masten","WCE",2,"West Coast Eagles","Gold Coast Suns"
2018,4,"Andrew","Gaff","WCE",2,"West Coast Eagles","Gold Coast Suns"
2018,4,"Jack","Darling","WCE",1,"West Coast Eagles","Gold Coast Suns"
2018,4,"Nic","Naitanui","WCE",1,"West Coast Eagles","Gold Coast Suns"
2018,4,"Ben","Brown","NMFC",10,"North Melbourne","Carlton"
2018,4,"Shaun","Higgins","NMFC",7,"North Melbourne","Carlton"
2018,4,"Shaun","Atley","NMFC",6,"North Melbourne","Carlton"
2018,4,"Scott","Thompson","NMFC",5,"North Melbourne","Carlton"
2018,4,"Kayne","Turner","NMFC",1,"North Melbourne","Carlton"
2018,4,"Jed","Anderson","NMFC",1,"North Melbourne","Carlton"
2018,4,"Michael","Hurley","ESS",8,"Essendon","Port Adelaide"
2018,4,"Dyson","Heppell","ESS",6,"Essendon","Port Adelaide"
2018,4,"Robbie","Gray","PORT",6,"Essendon","Port Adelaide"
2018,4,"David","Myers","ESS",5,"Essendon","Port Adelaide"
2018,4,"Brendon","Goddard","ESS",3,"Essendon","Port Adelaide"
2018,4,"Zach","Merrett","ESS",2,"Essendon","Port Adelaide"
2018,4,"Liam","Shiels","HAW",10,"Hawthorn","Melbourne"
2018,4,"Jaeger","O'Meara","HAW",7,"Hawthorn","Melbourne"
2018,4,"Luke","Breust","HAW",7,"Hawthorn","Melbourne"
2018,4,"Jarman","Impey","HAW",2,"Hawthorn","Melbourne"
2018,4,"Isaac","Smith","HAW",2,"Hawthorn","Melbourne"
2018,4,"Ben","Stratton","HAW",1,"Hawthorn","Melbourne"
2018,4,"James","Sicily","HAW",1,"Hawthorn","Melbourne"
2018,4,"Brandan","Parfitt","GEEL",10,"Geelong Cats","St Kilda"
2018,4,"Tom","Stewart","GEEL",7,"Geelong Cats","St Kilda"
2018,4,"Daniel","Menzel","GEEL",7,"Geelong Cats","St Kilda"
2018,4,"Patrick","Dangerfield","GEEL",2,"Geelong Cats","St Kilda"
2018,4,"Joel","Selwood","GEEL",2,"Geelong Cats","St Kilda"
2018,4,"Sam","Menegola","GEEL",1,"Geelong Cats","St Kilda"
2018,4,"Zach","Tuohy","GEEL",1,"Geelong Cats","St Kilda"
2018,5,"Paul","Seedsman","ADEL",10,"Sydney Swans","Adelaide Crows"
2018,5,"Rory","Atkins","ADEL",7,"Sydney Swans","Adelaide Crows"
2018,5,"Taylor","Walker","ADEL",6,"Sydney Swans","Adelaide Crows"
2018,5,"Tom","Doedee","ADEL",3,"Sydney Swans","Adelaide Crows"
2018,5,"Tom","Lynch","ADEL",2,"Sydney Swans","Adelaide Crows"
2018,5,"Rory","Laird","ADEL",1,"Sydney Swans","Adelaide Crows"
2018,5,"Zak","Jones","SYD",1,"Sydney Swans","Adelaide Crows"
2018,5,"Sebastian","Ross","STK",10,"St Kilda","GWS Giants"
2018,5,"Brett","Deledio","GWS",7,"St Kilda","GWS Giants"
2018,5,"Jack","Steven","STK",4,"St Kilda","GWS Giants"
2018,5,"Ben","Long","STK",3,"St Kilda","GWS Giants"
2018,5,"Callan","Ward","GWS",2,"St Kilda","GWS Giants"
2018,5,"Tom","Hickey","STK",2,"St Kilda","GWS Giants"
2018,5,"Maverick","Weller","STK",1,"St Kilda","GWS Giants"
2018,5,"Phil","Davis","GWS",1,"St Kilda","GWS Giants"
2018,5,"Patrick","Cripps","CARL",10,"Carlton","West Coast Eagles"
2018,5,"Andrew","Gaff","WCE",8,"Carlton","West Coast Eagles"
2018,5,"Kade","Simpson","CARL",5,"Carlton","West Coast Eagles"
2018,5,"Elliot","Yeo","WCE",3,"Carlton","West Coast Eagles"
2018,5,"Chris","Masten","WCE",2,"Carlton","West Coast Eagles"
2018,5,"Zac","Fisher","CARL",1,"Carlton","West Coast Eagles"
2018,5,"Brad","Sheppard","WCE",1,"Carlton","West Coast Eagles"
2018,5,"Nathan","Fyfe","FRE",10,"Fremantle","Western Bulldogs"
2018,5,"Michael","Walters","FRE",8,"Fremantle","Western Bulldogs"
2018,5,"Aaron","Sandilands","FRE",5,"Fremantle","Western Bulldogs"
2018,5,"Nathan","Wilson","FRE",5,"Fremantle","Western Bulldogs"
2018,5,"Cam","McCarthy","FRE",1,"Fremantle","Western Bulldogs"
2018,5,"Ed","Langdon","FRE",1,"Fremantle","Western Bulldogs"
2018,5,"Joel","Selwood","GEEL",9,"Port Adelaide","Geelong Cats"
2018,5,"Patrick","Dangerfield","GEEL",5,"Port Adelaide","Geelong Cats"
2018,5,"Jed","Bews","GEEL",5,"Port Adelaide","Geelong Cats"
2018,5,"Ollie","Wines","PORT",3,"Port Adelaide","Geelong Cats"
2018,5,"Mark","Blicavs","GEEL",3,"Port Adelaide","Geelong Cats"
2018,5,"Sam","Menegola","GEEL",2,"Port Adelaide","Geelong Cats"
2018,5,"Robbie","Gray","PORT",2,"Port Adelaide","Geelong Cats"
2018,5,"George","Horlin-Smith","GEEL",1,"Port Adelaide","Geelong Cats"
2018,5,"Ben","Cunnington","NMFC",10,"North Melbourne","Hawthorn"
2018,5,"Ben","Jacobs","NMFC",6,"North Melbourne","Hawthorn"
2018,5,"Luke","Breust","HAW",5,"North Melbourne","Hawthorn"
2018,5,"Robbie","Tarrant","NMFC",4,"North Melbourne","Hawthorn"
2018,5,"Todd","Goldstein","NMFC",4,"North Melbourne","Hawthorn"
2018,5,"Ben","Brown","NMFC",1,"North Melbourne","Hawthorn"
2018,5,"Touk","Miller","GCFC",10,"Brisbane Lions","Gold Coast Suns"
2018,5,"Brayden","Fiorini","GCFC",7,"Brisbane Lions","Gold Coast Suns"
2018,5,"Harris","Andrews","BL",5,"Brisbane Lions","Gold Coast Suns"
2018,5,"Jarrod","Harbrow","GCFC",5,"Brisbane Lions","Gold Coast Suns"
2018,5,"Jarrod","Berry","BL",2,"Brisbane Lions","Gold Coast Suns"
2018,5,"Lachie","Weller","GCFC",1,"Brisbane Lions","Gold Coast Suns"
2018,5,"Kane","Lambert","RICH",10,"Melbourne","Richmond"
2018,5,"Shane","Edwards","RICH",7,"Melbourne","Richmond"
2018,5,"Bachar","Houli","RICH",4,"Melbourne","Richmond"
2018,5,"Jason","Castagna","RICH",3,"Melbourne","Richmond"
2018,5,"Oscar","McDonald","MELB",2,"Melbourne","Richmond"
2018,5,"David","Astbury","RICH",2,"Melbourne","Richmond"
2018,5,"Dustin","Martin","RICH",1,"Melbourne","Richmond"
2018,5,"Jesse","Hogan","MELB",1,"Melbourne","Richmond"
2018,5,"Adam","Treloar","COLL",10,"Collingwood","Essendon"
2018,5,"Steele","Sidebottom","COLL",7,"Collingwood","Essendon"
2018,5,"Scott","Pendlebury","COLL",5,"Collingwood","Essendon"
2018,5,"Jordan","De Goey","COLL",3,"Collingwood","Essendon"
2018,5,"Brayden","Maynard","COLL",2,"Collingwood","Essendon"
2018,5,"Brodie","Grundy","COLL",2,"Collingwood","Essendon"
2018,5,"Travis","Varcoe","COLL",1,"Collingwood","Essendon"
2018,6,"Marcus","Bontempelli","WB",9,"Western Bulldogs","Carlton"
2018,6,"Patrick","Cripps","CARL",8,"Western Bulldogs","Carlton"
2018,6,"Jack","Macrae","WB",7,"Western Bulldogs","Carlton"
2018,6,"Lachie","Hunter","WB",4,"Western Bulldogs","Carlton"
2018,6,"Zac","Fisher","CARL",2,"Western Bulldogs","Carlton"
2018,6,"Callum","Sinclair","SYD",9,"Geelong Cats","Sydney Swans"
2018,6,"Josh","Kennedy","SYD",9,"Geelong Cats","Sydney Swans"
2018,6,"Tim","Kelly","GEEL",5,"Geelong Cats","Sydney Swans"
2018,6,"Tom","Stewart","GEEL",3,"Geelong Cats","Sydney Swans"
2018,6,"Jake","Lloyd","SYD",3,"Geelong Cats","Sydney Swans"
2018,6,"Isaac","Heeney","SYD",1,"Geelong Cats","Sydney Swans"
2018,6,"Sam","Gray","PORT",8,"North Melbourne","Port Adelaide"
2018,6,"Jared","Polec","PORT",7,"North Melbourne","Port Adelaide"
2018,6,"Brad","Ebert","PORT",6,"North Melbourne","Port Adelaide"
2018,6,"Tom","Jonas","PORT",4,"North Melbourne","Port Adelaide"
2018,6,"Justin","Westhoff","PORT",3,"North Melbourne","Port Adelaide"
2018,6,"Ben","Cunnington","NMFC",2,"North Melbourne","Port Adelaide"
2018,6,"Lachie","Whitfield","GWS",9,"GWS Giants","Brisbane Lions"
2018,6,"Matt","De Boer","GWS",8,"GWS Giants","Brisbane Lions"
2018,6,"Dylan","Shiel","GWS",7,"GWS Giants","Brisbane Lions"
2018,6,"Dayne","Beams","BL",2,"GWS Giants","Brisbane Lions"
2018,6,"Brett","Deledio","GWS",2,"GWS Giants","Brisbane Lions"
2018,6,"Tim","Taranto","GWS",1,"GWS Giants","Brisbane Lions"
2018,6,"Darcy","Gardiner","BL",1,"GWS Giants","Brisbane Lions"
2018,6,"Wayne","Milera","ADEL",10,"Adelaide Crows","Gold Coast Suns"
2018,6,"Tom","Lynch","ADEL",5,"Adelaide Crows","Gold Coast Suns"
2018,6,"David","Swallow","GCFC",5,"Adelaide Crows","Gold Coast Suns"
2018,6,"Daniel","Talia","ADEL",4,"Adelaide Crows","Gold Coast Suns"
2018,6,"Matt","Crouch","ADEL",4,"Adelaide Crows","Gold Coast Suns"
2018,6,"Richard","Douglas","ADEL",1,"Adelaide Crows","Gold Coast Suns"
2018,6,"Rory","Atkins","ADEL",1,"Adelaide Crows","Gold Coast Suns"
2018,6,"Isaac","Smith","HAW",10,"Hawthorn","St Kilda"
2018,6,"Tom","Mitchell","HAW",7,"Hawthorn","St Kilda"
2018,6,"Ben","McEvoy","HAW",4,"Hawthorn","St Kilda"
2018,6,"Luke","Breust","HAW",3,"Hawthorn","St Kilda"
2018,6,"Blake","Hardwick","HAW",2,"Hawthorn","St Kilda"
2018,6,"Ricky","Henderson","HAW",2,"Hawthorn","St Kilda"
2018,6,"Harry","Morrison","HAW",1,"Hawthorn","St Kilda"
2018,6,"Jack","Gunston","HAW",1,"Hawthorn","St Kilda"
2018,6,"Max","Gawn","MELB",10,"Essendon","Melbourne"
2018,6,"Nathan","Jones","MELB",6,"Essendon","Melbourne"
2018,6,"Christian","Salem","MELB",4,"Essendon","Melbourne"
2018,6,"Jake","Melksham","MELB",4,"Essendon","Melbourne"
2018,6,"Devon","Smith","ESS",2,"Essendon","Melbourne"
2018,6,"Neville","Jetta","MELB",2,"Essendon","Melbourne"
2018,6,"Zach","Merrett","ESS",1,"Essendon","Melbourne"
2018,6,"Michael","Hurley","ESS",1,"Essendon","Melbourne"
2018,6,"Jack","Redden","WCE",7,"Fremantle","West Coast Eagles"
2018,6,"Shannon","Hurn","WCE",6,"Fremantle","West Coast Eagles"
2018,6,"Andrew","Gaff","WCE",5,"Fremantle","West Coast Eagles"
2018,6,"Scott","Lycett","WCE",5,"Fremantle","West Coast Eagles"
2018,6,"Lachie","Neale","FRE",4,"Fremantle","West Coast Eagles"
2018,6,"Jack","Darling","WCE",2,"Fremantle","West Coast Eagles"
2018,6,"Ed","Langdon","FRE",1,"Fremantle","West Coast Eagles"
2018,6,"Trent","Cotchin","RICH",10,"Collingwood","Richmond"
2018,6,"Jeremy","Howe","COLL",8,"Collingwood","Richmond"
2018,6,"Toby","Nankervis","RICH",5,"Collingwood","Richmond"
2018,6,"Dustin","Martin","RICH",5,"Collingwood","Richmond"
2018,6,"Adam","Treloar","COLL",1,"Collingwood","Richmond"
2018,6,"Jayden","Short","RICH",1,"Collingwood","Richmond"
2018,7,"Tim","Kelly","GEEL",9,"Geelong Cats","GWS Giants"
2018,7,"Mitch","Duncan","GEEL",7,"Geelong Cats","GWS Giants"
2018,7,"Tom","Hawkins","GEEL",5,"Geelong Cats","GWS Giants"
2018,7,"Patrick","Dangerfield","GEEL",5,"Geelong Cats","GWS Giants"
2018,7,"Jack","Henry","GEEL",2,"Geelong Cats","GWS Giants"
2018,7,"Mark","Blicavs","GEEL",2,"Geelong Cats","GWS Giants"
2018,7,"Jack","Macrae","WB",10,"Western Bulldogs","Gold Coast Suns"
2018,7,"Lachie","Hunter","WB",8,"Western Bulldogs","Gold Coast Suns"
2018,7,"Toby","McLean","WB",6,"Western Bulldogs","Gold Coast Suns"
2018,7,"Bailey","Williams","WB",4,"Western Bulldogs","Gold Coast Suns"
2018,7,"Callum","Ah Chee","GCFC",1,"Western Bulldogs","Gold Coast Suns"
2018,7,"Luke","Dahlhaus","WB",1,"Western Bulldogs","Gold Coast Suns"
2018,7,"James","Sicily","HAW",10,"Essendon","Hawthorn"
2018,7,"Jarryd","Roughead","HAW",5,"Essendon","Hawthorn"
2018,7,"Tom","Mitchell","HAW",5,"Essendon","Hawthorn"
2018,7,"Tom","Bellchambers","ESS",4,"Essendon","Hawthorn"
2018,7,"Isaac","Smith","HAW",3,"Essendon","Hawthorn"
2018,7,"Blake","Hardwick","HAW",3,"Essendon","Hawthorn"
2018,7,"Jack","Darling","WCE",9,"West Coast Eagles","Port Adelaide"
2018,7,"Jack","Redden","WCE",9,"West Coast Eagles","Port Adelaide"
2018,7,"Andrew","Gaff","WCE",6,"West Coast Eagles","Port Adelaide"
2018,7,"William","Rioli","WCE",3,"West Coast Eagles","Port Adelaide"
2018,7,"Shannon","Hurn","WCE",2,"West Coast Eagles","Port Adelaide"
2018,7,"Tom","Cole","WCE",1,"West Coast Eagles","Port Adelaide"
2018,7,"Richard","Douglas","ADEL",10,"Adelaide Crows","Carlton"
2018,7,"Mitch","McGovern","ADEL",8,"Adelaide Crows","Carlton"
2018,7,"Rory","Laird","ADEL",6,"Adelaide Crows","Carlton"
2018,7,"Hugh","Greenwood","ADEL",4,"Adelaide Crows","Carlton"
2018,7,"Cameron","Ellis-Yolmen","ADEL",1,"Adelaide Crows","Carlton"
2018,7,"Paul","Seedsman","ADEL",1,"Adelaide Crows","Carlton"
2018,7,"Shaun","Higgins","NMFC",9,"Sydney Swans","North Melbourne"
2018,7,"Mason","Wood","NMFC",9,"Sydney Swans","North Melbourne"
2018,7,"Josh","Kennedy","SYD",4,"Sydney Swans","North Melbourne"
2018,7,"Callum","Sinclair","SYD",3,"Sydney Swans","North Melbourne"
2018,7,"Ben","Jacobs","NMFC",2,"Sydney Swans","North Melbourne"
2018,7,"Heath","Grundy","SYD",2,"Sydney Swans","North Melbourne"
2018,7,"Ed","Vickers-Willis","NMFC",1,"Sydney Swans","North Melbourne"
2018,7,"Nathan","Fyfe","FRE",10,"Richmond","Fremantle"
2018,7,"Alex","Rance","RICH",7,"Richmond","Fremantle"
2018,7,"Kane","Lambert","RICH",7,"Richmond","Fremantle"
2018,7,"Dylan","Grimes","RICH",2,"Richmond","Fremantle"
2018,7,"Dustin","Martin","RICH",2,"Richmond","Fremantle"
2018,7,"Jack","Graham","RICH",1,"Richmond","Fremantle"
2018,7,"Bachar","Houli","RICH",1,"Richmond","Fremantle"
2018,7,"Angus","Brayshaw","MELB",8,"St Kilda","Melbourne"
2018,7,"Clayton","Oliver","MELB",7,"St Kilda","Melbourne"
2018,7,"Jesse","Hogan","MELB",6,"St Kilda","Melbourne"
2018,7,"Max","Gawn","MELB",5,"St Kilda","Melbourne"
2018,7,"Michael","Hibberd","MELB",3,"St Kilda","Melbourne"
2018,7,"Jack","Steven","STK",1,"St Kilda","Melbourne"
2018,7,"Dayne","Zorko","BL",10,"Brisbane Lions","Collingwood"
2018,7,"Jordan","De Goey","COLL",6,"Brisbane Lions","Collingwood"
2018,7,"Tom","Phillips","COLL",5,"Brisbane Lions","Collingwood"
2018,7,"Stefan","Martin","BL",4,"Brisbane Lions","Collingwood"
2018,7,"Lewis","Taylor","BL",3,"Brisbane Lions","Collingwood"
2018,7,"Josh","Thomas","COLL",1,"Brisbane Lions","Collingwood"
2018,7,"Dayne","Beams","BL",1,"Brisbane Lions","Collingwood"
2018,8,"Ben","Ronke","SYD",10,"Hawthorn","Sydney Swans"
2018,8,"Luke","Parker","SYD",7,"Hawthorn","Sydney Swans"
2018,8,"Jack","Gunston","HAW",6,"Hawthorn","Sydney Swans"
2018,8,"Jake","Lloyd","SYD",3,"Hawthorn","Sydney Swans"
2018,8,"Harry","Cunningham","SYD",2,"Hawthorn","Sydney Swans"
2018,8,"Shaun","Burgoyne","HAW",1,"Hawthorn","Sydney Swans"
2018,8,"Daniel","Howe","HAW",1,"Hawthorn","Sydney Swans"
2018,8,"Jack","Darling","WCE",10,"GWS Giants","West Coast Eagles"
2018,8,"Brad","Sheppard","WCE",6,"GWS Giants","West Coast Eagles"
2018,8,"Lachie","Whitfield","GWS",6,"GWS Giants","West Coast Eagles"
2018,8,"Andrew","Gaff","WCE",3,"GWS Giants","West Coast Eagles"
2018,8,"Tom","Barrass","WCE",3,"GWS Giants","West Coast Eagles"
2018,8,"Callan","Ward","GWS",1,"GWS Giants","West Coast Eagles"
2018,8,"Jamie","Cripps","WCE",1,"GWS Giants","West Coast Eagles"
2018,8,"Ed","Curnow","CARL",9,"Carlton","Essendon"
2018,8,"Patrick","Cripps","CARL",9,"Carlton","Essendon"
2018,8,"Matthew","Kreuzer","CARL",6,"Carlton","Essendon"
2018,8,"Dyson","Heppell","ESS",2,"Carlton","Essendon"
2018,8,"Devon","Smith","ESS",2,"Carlton","Essendon"
2018,8,"Charlie","Curnow","CARL",1,"Carlton","Essendon"
2018,8,"Dale","Thomas","CARL",1,"Carlton","Essendon"
2018,8,"Tom","McDonald","MELB",9,"Gold Coast Suns","Melbourne"
2018,8,"James","Harmes","MELB",6,"Gold Coast Suns","Melbourne"
2018,8,"Clayton","Oliver","MELB",6,"Gold Coast Suns","Melbourne"
2018,8,"Max","Gawn","MELB",6,"Gold Coast Suns","Melbourne"
2018,8,"Christian","Salem","MELB",2,"Gold Coast Suns","Melbourne"
2018,8,"Jordan","Lewis","MELB",1,"Gold Coast Suns","Melbourne"
2018,8,"Robbie","Gray","PORT",10,"Port Adelaide","Adelaide Crows"
2018,8,"Paddy","Ryder","PORT",6,"Port Adelaide","Adelaide Crows"
2018,8,"Tom","Rockliff","PORT",5,"Port Adelaide","Adelaide Crows"
2018,8,"Tom","Jonas","PORT",4,"Port Adelaide","Adelaide Crows"
2018,8,"Rory","Atkins","ADEL",2,"Port Adelaide","Adelaide Crows"
2018,8,"Rory","Laird","ADEL",2,"Port Adelaide","Adelaide Crows"
2018,8,"Sam","Powell-Pepper","PORT",1,"Port Adelaide","Adelaide Crows"
2018,8,"Nathan","Fyfe","FRE",10,"Fremantle","St Kilda"
2018,8,"Aaron","Sandilands","FRE",6,"Fremantle","St Kilda"
2018,8,"Ed","Langdon","FRE",4,"Fremantle","St Kilda"
2018,8,"Jimmy","Webster","STK",4,"Fremantle","St Kilda"
2018,8,"Luke","Ryan","FRE",3,"Fremantle","St Kilda"
2018,8,"Connor","Blakely","FRE",2,"Fremantle","St Kilda"
2018,8,"Lachie","Neale","FRE",1,"Fremantle","St Kilda"
2018,8,"Jack","Macrae","WB",10,"Western Bulldogs","Brisbane Lions"
2018,8,"Dayne","Zorko","BL",7,"Western Bulldogs","Brisbane Lions"
2018,8,"Marcus","Bontempelli","WB",4,"Western Bulldogs","Brisbane Lions"
2018,8,"Matthew","Suckling","WB",4,"Western Bulldogs","Brisbane Lions"
2018,8,"Caleb","Daniel","WB",3,"Western Bulldogs","Brisbane Lions"
2018,8,"Charlie","Cameron","BL",2,"Western Bulldogs","Brisbane Lions"
2018,8,"Ben","Cunnington","NMFC",9,"North Melbourne","Richmond"
2018,8,"Trent","Cotchin","RICH",9,"North Melbourne","Richmond"
2018,8,"Josh","Caddy","RICH",4,"North Melbourne","Richmond"
2018,8,"Ben","Jacobs","NMFC",3,"North Melbourne","Richmond"
2018,8,"Nick","Vlastuin","RICH",3,"North Melbourne","Richmond"
2018,8,"Kane","Lambert","RICH",2,"North Melbourne","Richmond"
2018,8,"Tom","Stewart","GEEL",9,"Collingwood","Geelong Cats"
2018,8,"Sam","Menegola","GEEL",9,"Collingwood","Geelong Cats"
2018,8,"Adam","Treloar","COLL",4,"Collingwood","Geelong Cats"
2018,8,"Jack","Crisp","COLL",3,"Collingwood","Geelong Cats"
2018,8,"Jeremy","Howe","COLL",2,"Collingwood","Geelong Cats"
2018,8,"Esava","Ratugolea","GEEL",2,"Collingwood","Geelong Cats"
2018,8,"Tim","Kelly","GEEL",1,"Collingwood","Geelong Cats"
2018,9,"Eddie","Betts","ADEL",10,"Adelaide Crows","Western Bulldogs"
2018,9,"Paul","Seedsman","ADEL",7,"Adelaide Crows","Western Bulldogs"
2018,9,"Cameron","Ellis-Yolmen","ADEL",6,"Adelaide Crows","Western Bulldogs"
2018,9,"Hugh","Greenwood","ADEL",4,"Adelaide Crows","Western Bulldogs"
2018,9,"Rory","Laird","ADEL",2,"Adelaide Crows","Western Bulldogs"
2018,9,"Bryce","Gibbs","ADEL",1,"Adelaide Crows","Western Bulldogs"
2018,9,"Sam","Powell-Pepper","PORT",9,"Gold Coast Suns","Port Adelaide"
2018,9,"Travis","Boak","PORT",6,"Gold Coast Suns","Port Adelaide"
2018,9,"Darcy","Byrne-Jones","PORT",4,"Gold Coast Suns","Port Adelaide"
2018,9,"Tom","Jonas","PORT",4,"Gold Coast Suns","Port Adelaide"
2018,9,"Jarrod","Witts","GCFC",3,"Gold Coast Suns","Port Adelaide"
2018,9,"Ollie","Wines","PORT",2,"Gold Coast Suns","Port Adelaide"
2018,9,"Chad","Wingard","PORT",2,"Gold Coast Suns","Port Adelaide"
2018,9,"Jarrad","Waite","NMFC",9,"North Melbourne","GWS Giants"
2018,9,"Ben","Brown","NMFC",8,"North Melbourne","GWS Giants"
2018,9,"Todd","Goldstein","NMFC",5,"North Melbourne","GWS Giants"
2018,9,"Jed","Anderson","NMFC",4,"North Melbourne","GWS Giants"
2018,9,"Ben","Jacobs","NMFC",2,"North Melbourne","GWS Giants"
2018,9,"Jacob","Hopper","GWS",1,"North Melbourne","GWS Giants"
2018,9,"Jack","Ziebell","NMFC",1,"North Melbourne","GWS Giants"
2018,9,"Cale","Hooker","ESS",10,"Essendon","Geelong Cats"
2018,9,"Shaun","McKernan","ESS",8,"Essendon","Geelong Cats"
2018,9,"Dyson","Heppell","ESS",6,"Essendon","Geelong Cats"
2018,9,"Zach","Merrett","ESS",2,"Essendon","Geelong Cats"
2018,9,"David","Zaharakis","ESS",2,"Essendon","Geelong Cats"
2018,9,"Mark","Baguley","ESS",1,"Essendon","Geelong Cats"
2018,9,"Brendon","Goddard","ESS",1,"Essendon","Geelong Cats"
2018,9,"Jarrad","McVeigh","SYD",9,"Sydney Swans","Fremantle"
2018,9,"Jake","Lloyd","SYD",9,"Sydney Swans","Fremantle"
2018,9,"Luke","Parker","SYD",6,"Sydney Swans","Fremantle"
2018,9,"Callum","Mills","SYD",2,"Sydney Swans","Fremantle"
2018,9,"Dane","Rampe","SYD",2,"Sydney Swans","Fremantle"
2018,9,"Josh","Kennedy","SYD",1,"Sydney Swans","Fremantle"
2018,9,"Isaac","Heeney","SYD",1,"Sydney Swans","Fremantle"
2018,9,"Jordan","De Goey","COLL",10,"St Kilda","Collingwood"
2018,9,"Tom","Phillips","COLL",6,"St Kilda","Collingwood"
2018,9,"Scott","Pendlebury","COLL",5,"St Kilda","Collingwood"
2018,9,"Jeremy","Howe","COLL",4,"St Kilda","Collingwood"
2018,9,"Jack","Newnes","STK",3,"St Kilda","Collingwood"
2018,9,"Steele","Sidebottom","COLL",2,"St Kilda","Collingwood"
2018,9,"Jake","Melksham","MELB",10,"Carlton","Melbourne"
2018,9,"Tom","McDonald","MELB",8,"Carlton","Melbourne"
2018,9,"Nathan","Jones","MELB",6,"Carlton","Melbourne"
2018,9,"Jake","Lever","MELB",2,"Carlton","Melbourne"
2018,9,"Max","Gawn","MELB",2,"Carlton","Melbourne"
2018,9,"Alex","Neal-Bullen","MELB",1,"Carlton","Melbourne"
2018,9,"Patrick","Cripps","CARL",1,"Carlton","Melbourne"
2018,9,"Jack","Darling","WCE",10,"West Coast Eagles","Richmond"
2018,9,"Elliot","Yeo","WCE",8,"West Coast Eagles","Richmond"
2018,9,"Jack","Riewoldt","RICH",5,"West Coast Eagles","Richmond"
2018,9,"Nic","Naitanui","WCE",3,"West Coast Eagles","Richmond"
2018,9,"Jeremy","McGovern","WCE",3,"West Coast Eagles","Richmond"
2018,9,"Andrew","Gaff","WCE",1,"West Coast Eagles","Richmond"
2018,9,"Hugh","McCluggage","BL",9,"Brisbane Lions","Hawthorn"
2018,9,"Tom","Cutler","BL",5,"Brisbane Lions","Hawthorn"
2018,9,"Dayne","Beams","BL",5,"Brisbane Lions","Hawthorn"
2018,9,"Dayne","Zorko","BL",4,"Brisbane Lions","Hawthorn"
2018,9,"Harris","Andrews","BL",4,"Brisbane Lions","Hawthorn"
2018,9,"Tom","Mitchell","HAW",2,"Brisbane Lions","Hawthorn"
2018,9,"Eric","Hipwood","BL",1,"Brisbane Lions","Hawthorn"
2018,10,"Scott","Pendlebury","COLL",7,"Collingwood","Western Bulldogs"
2018,10,"Tom","Phillips","COLL",7,"Collingwood","Western Bulldogs"
2018,10,"Brodie","Grundy","COLL",7,"Collingwood","Western Bulldogs"
2018,10,"Adam","Treloar","COLL",5,"Collingwood","Western Bulldogs"
2018,10,"Jack","Crisp","COLL",2,"Collingwood","Western Bulldogs"
2018,10,"Matthew","Scharenberg","COLL",1,"Collingwood","Western Bulldogs"
2018,10,"Jackson","Trengove","WB",1,"Collingwood","Western Bulldogs"
2018,10,"Josh","Caddy","RICH",10,"Richmond","St Kilda"
2018,10,"Trent","Cotchin","RICH",8,"Richmond","St Kilda"
2018,10,"Alex","Rance","RICH",4,"Richmond","St Kilda"
2018,10,"Jade","Gresham","STK",4,"Richmond","St Kilda"
2018,10,"Dustin","Martin","RICH",2,"Richmond","St Kilda"
2018,10,"Nick","Vlastuin","RICH",2,"Richmond","St Kilda"
2018,10,"Dayne","Beams","BL",10,"Brisbane Lions","Sydney Swans"
2018,10,"George","Hewett","SYD",6,"Brisbane Lions","Sydney Swans"
2018,10,"Mitch","Robinson","BL",4,"Brisbane Lions","Sydney Swans"
2018,10,"Darcy","Gardiner","BL",3,"Brisbane Lions","Sydney Swans"
2018,10,"Stefan","Martin","BL",3,"Brisbane Lions","Sydney Swans"
2018,10,"Josh","Kennedy","SYD",2,"Brisbane Lions","Sydney Swans"
2018,10,"Harris","Andrews","BL",1,"Brisbane Lions","Sydney Swans"
2018,10,"Zak","Jones","SYD",1,"Brisbane Lions","Sydney Swans"
2018,10,"Patrick","Cripps","CARL",8,"Geelong Cats","Carlton"
2018,10,"Tom","Stewart","GEEL",8,"Geelong Cats","Carlton"
2018,10,"Mitch","Duncan","GEEL",5,"Geelong Cats","Carlton"
2018,10,"Patrick","Dangerfield","GEEL",3,"Geelong Cats","Carlton"
2018,10,"Jack","Henry","GEEL",2,"Geelong Cats","Carlton"
2018,10,"Lachie","Plowman","CARL",2,"Geelong Cats","Carlton"
2018,10,"Kade","Simpson","CARL",1,"Geelong Cats","Carlton"
2018,10,"Ed","Curnow","CARL",1,"Geelong Cats","Carlton"
2018,10,"David","Zaharakis","ESS",9,"GWS Giants","Essendon"
2018,10,"Dyson","Heppell","ESS",9,"GWS Giants","Essendon"
2018,10,"Callan","Ward","GWS",3,"GWS Giants","Essendon"
2018,10,"Stephen","Coniglio","GWS",3,"GWS Giants","Essendon"
2018,10,"Jake","Stringer","ESS",2,"GWS Giants","Essendon"
2018,10,"Devon","Smith","ESS",2,"GWS Giants","Essendon"
2018,10,"Mark","Baguley","ESS",2,"GWS Giants","Essendon"
2018,10,"Andrew","Gaff","WCE",10,"Hawthorn","West Coast Eagles"
2018,10,"Elliot","Yeo","WCE",7,"Hawthorn","West Coast Eagles"
2018,10,"Brad","Sheppard","WCE",4,"Hawthorn","West Coast Eagles"
2018,10,"Isaac","Smith","HAW",3,"Hawthorn","West Coast Eagles"
2018,10,"Blake","Hardwick","HAW",2,"Hawthorn","West Coast Eagles"
2018,10,"Jack","Redden","WCE",2,"Hawthorn","West Coast Eagles"
2018,10,"Ben","Stratton","HAW",1,"Hawthorn","West Coast Eagles"
2018,10,"Jarman","Impey","HAW",1,"Hawthorn","West Coast Eagles"
2018,10,"Jarrad","Waite","NMFC",9,"Fremantle","North Melbourne"
2018,10,"Michael","Walters","FRE",9,"Fremantle","North Melbourne"
2018,10,"Kayne","Turner","NMFC",3,"Fremantle","North Melbourne"
2018,10,"Nathan","Fyfe","FRE",3,"Fremantle","North Melbourne"
2018,10,"Jy","Simpkin","NMFC",3,"Fremantle","North Melbourne"
2018,10,"Shaun","Atley","NMFC",2,"Fremantle","North Melbourne"
2018,10,"Ben","Jacobs","NMFC",1,"Fremantle","North Melbourne"
2018,10,"Angus","Brayshaw","MELB",10,"Melbourne","Adelaide Crows"
2018,10,"Michael","Hibberd","MELB",4,"Melbourne","Adelaide Crows"
2018,10,"Jesse","Hogan","MELB",4,"Melbourne","Adelaide Crows"
2018,10,"Jack","Viney","MELB",4,"Melbourne","Adelaide Crows"
2018,10,"Clayton","Oliver","MELB",3,"Melbourne","Adelaide Crows"
2018,10,"Max","Gawn","MELB",3,"Melbourne","Adelaide Crows"
2018,10,"Jake","Lever","MELB",1,"Melbourne","Adelaide Crows"
2018,10,"Christian","Salem","MELB",1,"Melbourne","Adelaide Crows"
2018,11,"Callum","Sinclair","SYD",10,"Sydney Swans","Carlton"
2018,11,"Isaac","Heeney","SYD",8,"Sydney Swans","Carlton"
2018,11,"George","Hewett","SYD",4,"Sydney Swans","Carlton"
2018,11,"Luke","Parker","SYD",3,"Sydney Swans","Carlton"
2018,11,"Jake","Lloyd","SYD",2,"Sydney Swans","Carlton"
2018,11,"Kade","Simpson","CARL",2,"Sydney Swans","Carlton"
2018,11,"Liam","Jones","CARL",1,"Sydney Swans","Carlton"
2018,11,"Tom","McDonald","MELB",9,"Western Bulldogs","Melbourne"
2018,11,"Neville","Jetta","MELB",8,"Western Bulldogs","Melbourne"
2018,11,"Jesse","Hogan","MELB",6,"Western Bulldogs","Melbourne"
2018,11,"Clayton","Oliver","MELB",3,"Western Bulldogs","Melbourne"
2018,11,"Marcus","Bontempelli","WB",2,"Western Bulldogs","Melbourne"
2018,11,"Angus","Brayshaw","MELB",1,"Western Bulldogs","Melbourne"
2018,11,"Easton","Wood","WB",1,"Western Bulldogs","Melbourne"
2018,11,"Shaun","Burgoyne","HAW",9,"Hawthorn","Port Adelaide"
2018,11,"James","Sicily","HAW",9,"Hawthorn","Port Adelaide"
2018,11,"Jack","Gunston","HAW",3,"Hawthorn","Port Adelaide"
2018,11,"Liam","Shiels","HAW",3,"Hawthorn","Port Adelaide"
2018,11,"Ben","McEvoy","HAW",3,"Hawthorn","Port Adelaide"
2018,11,"Robbie","Gray","PORT",2,"Hawthorn","Port Adelaide"
2018,11,"Dougal","Howard","PORT",1,"Hawthorn","Port Adelaide"
2018,11,"Mitch","Duncan","GEEL",10,"Gold Coast Suns","Geelong Cats"
2018,11,"Gary","Ablett","GEEL",8,"Gold Coast Suns","Geelong Cats"
2018,11,"Mark","Blicavs","GEEL",3,"Gold Coast Suns","Geelong Cats"
2018,11,"Sam","Menegola","GEEL",3,"Gold Coast Suns","Geelong Cats"
2018,11,"Patrick","Dangerfield","GEEL",2,"Gold Coast Suns","Geelong Cats"
2018,11,"Joel","Selwood","GEEL",2,"Gold Coast Suns","Geelong Cats"
2018,11,"Tim","Kelly","GEEL",2,"Gold Coast Suns","Geelong Cats"
2018,11,"Josh","J Kennedy","WCE",10,"West Coast Eagles","St Kilda"
2018,11,"Tim","Membrey","STK",8,"West Coast Eagles","St Kilda"
2018,11,"Shannon","Hurn","WCE",5,"West Coast Eagles","St Kilda"
2018,11,"Jack","Sinclair","STK",3,"West Coast Eagles","St Kilda"
2018,11,"Sebastian","Ross","STK",2,"West Coast Eagles","St Kilda"
2018,11,"Jeremy","McGovern","WCE",1,"West Coast Eagles","St Kilda"
2018,11,"Andrew","Gaff","WCE",1,"West Coast Eagles","St Kilda"
2018,11,"Shane","Edwards","RICH",10,"Essendon","Richmond"
2018,11,"Alex","Rance","RICH",6,"Essendon","Richmond"
2018,11,"Nick","Vlastuin","RICH",5,"Essendon","Richmond"
2018,11,"Josh","Caddy","RICH",4,"Essendon","Richmond"
2018,11,"Jake","Stringer","ESS",2,"Essendon","Richmond"
2018,11,"Dustin","Martin","RICH",2,"Essendon","Richmond"
2018,11,"Tom","Bellchambers","ESS",1,"Essendon","Richmond"
2018,11,"Shaun","Higgins","NMFC",10,"North Melbourne","Brisbane Lions"
2018,11,"Dayne","Beams","BL",7,"North Melbourne","Brisbane Lions"
2018,11,"Ben","Cunnington","NMFC",6,"North Melbourne","Brisbane Lions"
2018,11,"Luke","McDonald","NMFC",3,"North Melbourne","Brisbane Lions"
2018,11,"Jack","Ziebell","NMFC",2,"North Melbourne","Brisbane Lions"
2018,11,"Todd","Goldstein","NMFC",1,"North Melbourne","Brisbane Lions"
2018,11,"Paul","Ahern","NMFC",1,"North Melbourne","Brisbane Lions"
2018,11,"Tom","Phillips","COLL",10,"Collingwood","Fremantle"
2018,11,"Steele","Sidebottom","COLL",5,"Collingwood","Fremantle"
2018,11,"Will","Hoskin-Elliott","COLL",5,"Collingwood","Fremantle"
2018,11,"Brayden","Maynard","COLL",4,"Collingwood","Fremantle"
2018,11,"Brodie","Grundy","COLL",3,"Collingwood","Fremantle"
2018,11,"Scott","Pendlebury","COLL",2,"Collingwood","Fremantle"
2018,11,"Taylor","Adams","COLL",1,"Collingwood","Fremantle"
2018,11,"Dylan","Shiel","GWS",10,"Adelaide Crows","GWS Giants"
2018,11,"Stephen","Coniglio","GWS",6,"Adelaide Crows","GWS Giants"
2018,11,"Ryan","Griffen","GWS",6,"Adelaide Crows","GWS Giants"
2018,11,"Bryce","Gibbs","ADEL",4,"Adelaide Crows","GWS Giants"
2018,11,"Richard","Douglas","ADEL",3,"Adelaide Crows","GWS Giants"
2018,11,"Matt","Crouch","ADEL",1,"Adelaide Crows","GWS Giants"
2018,12,"Ollie","Wines","PORT",10,"Port Adelaide","Richmond"
2018,12,"Darcy","Byrne-Jones","PORT",4,"Port Adelaide","Richmond"
2018,12,"Chad","Wingard","PORT",4,"Port Adelaide","Richmond"
2018,12,"Justin","Westhoff","PORT",4,"Port Adelaide","Richmond"
2018,12,"Sam","Powell-Pepper","PORT",4,"Port Adelaide","Richmond"
2018,12,"Jayden","Short","RICH",2,"Port Adelaide","Richmond"
2018,12,"Jared","Polec","PORT",2,"Port Adelaide","Richmond"
2018,12,"Gary","Ablett","GEEL",10,"Geelong Cats","North Melbourne"
2018,12,"Shaun","Higgins","NMFC",8,"Geelong Cats","North Melbourne"
2018,12,"Jake","Kolodjashnij","GEEL",5,"Geelong Cats","North Melbourne"
2018,12,"Mark","Blicavs","GEEL",3,"Geelong Cats","North Melbourne"
2018,12,"Patrick","Dangerfield","GEEL",2,"Geelong Cats","North Melbourne"
2018,12,"Jordan","Cunico","GEEL",2,"Geelong Cats","North Melbourne"
2018,12,"Jeremy","Cameron","GWS",10,"GWS Giants","Gold Coast Suns"
2018,12,"Josh","Kelly","GWS",8,"GWS Giants","Gold Coast Suns"
2018,12,"Callan","Ward","GWS",6,"GWS Giants","Gold Coast Suns"
2018,12,"Lachie","Whitfield","GWS",4,"GWS Giants","Gold Coast Suns"
2018,12,"Dylan","Shiel","GWS",2,"GWS Giants","Gold Coast Suns"
2018,12,"Josh","Kennedy","SYD",9,"St Kilda","Sydney Swans"
2018,12,"Callum","Sinclair","SYD",5,"St Kilda","Sydney Swans"
2018,12,"Luke","Parker","SYD",4,"St Kilda","Sydney Swans"
2018,12,"Isaac","Heeney","SYD",4,"St Kilda","Sydney Swans"
2018,12,"Lance","Franklin","SYD",4,"St Kilda","Sydney Swans"
2018,12,"Oliver","Florent","SYD",2,"St Kilda","Sydney Swans"
2018,12,"Zak","Jones","SYD",2,"St Kilda","Sydney Swans"
2018,12,"Harris","Andrews","BL",9,"Brisbane Lions","Essendon"
2018,12,"Jake","Stringer","ESS",7,"Brisbane Lions","Essendon"
2018,12,"Adam","Saad","ESS",6,"Brisbane Lions","Essendon"
2018,12,"Zach","Merrett","ESS",6,"Brisbane Lions","Essendon"
2018,12,"Alex","Witherden","BL",1,"Brisbane Lions","Essendon"
2018,12,"Michael","Hurley","ESS",1,"Brisbane Lions","Essendon"
2018,12,"Adam","Cerra","FRE",10,"Fremantle","Adelaide Crows"
2018,12,"Lachie","Neale","FRE",7,"Fremantle","Adelaide Crows"
2018,12,"Brennan","Cox","FRE",7,"Fremantle","Adelaide Crows"
2018,12,"Eddie","Betts","ADEL",3,"Fremantle","Adelaide Crows"
2018,12,"Bryce","Gibbs","ADEL",2,"Fremantle","Adelaide Crows"
2018,12,"Nathan","Wilson","FRE",1,"Fremantle","Adelaide Crows"
2018,12,"Steele","Sidebottom","COLL",9,"Melbourne","Collingwood"
2018,12,"Jordan","De Goey","COLL",8,"Melbourne","Collingwood"
2018,12,"Mason","Cox","COLL",7,"Melbourne","Collingwood"
2018,12,"Tom","McDonald","MELB",3,"Melbourne","Collingwood"
2018,12,"Brodie","Grundy","COLL",2,"Melbourne","Collingwood"
2018,12,"Jaidyn","Stephenson","COLL",1,"Melbourne","Collingwood"
2018,13,"Ollie","Wines","PORT",10,"Port Adelaide","Western Bulldogs"
2018,13,"Robbie","Gray","PORT",8,"Port Adelaide","Western Bulldogs"
2018,13,"Chad","Wingard","PORT",5,"Port Adelaide","Western Bulldogs"
2018,13,"Tom","Rockliff","PORT",3,"Port Adelaide","Western Bulldogs"
2018,13,"Hayden","Crozier","WB",2,"Port Adelaide","Western Bulldogs"
2018,13,"Paddy","Ryder","PORT",1,"Port Adelaide","Western Bulldogs"
2018,13,"Marcus","Bontempelli","WB",1,"Port Adelaide","Western Bulldogs"
2018,13,"Elliot","Yeo","WCE",10,"Sydney Swans","West Coast Eagles"
2018,13,"Jake","Lloyd","SYD",8,"Sydney Swans","West Coast Eagles"
2018,13,"Josh","Kennedy","SYD",3,"Sydney Swans","West Coast Eagles"
2018,13,"Heath","Grundy","SYD",3,"Sydney Swans","West Coast Eagles"
2018,13,"Nic","Naitanui","WCE",3,"Sydney Swans","West Coast Eagles"
2018,13,"Oliver","Florent","SYD",2,"Sydney Swans","West Coast Eagles"
2018,13,"Lance","Franklin","SYD",1,"Sydney Swans","West Coast Eagles"
2018,13,"Lachie","Neale","FRE",10,"Carlton","Fremantle"
2018,13,"Nathan","Fyfe","FRE",8,"Carlton","Fremantle"
2018,13,"Andrew","Brayshaw","FRE",3,"Carlton","Fremantle"
2018,13,"Connor","Blakely","FRE",3,"Carlton","Fremantle"
2018,13,"Joel","Hamling","FRE",2,"Carlton","Fremantle"
2018,13,"David","Mundy","FRE",2,"Carlton","Fremantle"
2018,13,"Nathan","Wilson","FRE",1,"Carlton","Fremantle"
2018,13,"Kade","Simpson","CARL",1,"Carlton","Fremantle"
2018,13,"Jack","Steven","STK",9,"Gold Coast Suns","St Kilda"
2018,13,"Sebastian","Ross","STK",9,"Gold Coast Suns","St Kilda"
2018,13,"Tom","J Lynch","GCFC",3,"Gold Coast Suns","St Kilda"
2018,13,"Jade","Gresham","STK",3,"Gold Coast Suns","St Kilda"
2018,13,"Lachie","Weller","GCFC",3,"Gold Coast Suns","St Kilda"
2018,13,"David","Armitage","STK",3,"Gold Coast Suns","St Kilda"
2018,13,"James","Sicily","HAW",10,"Hawthorn","Adelaide Crows"
2018,13,"Tom","Mitchell","HAW",8,"Hawthorn","Adelaide Crows"
2018,13,"Jaeger","O'Meara","HAW",5,"Hawthorn","Adelaide Crows"
2018,13,"Jack","Gunston","HAW",4,"Hawthorn","Adelaide Crows"
2018,13,"Ben","Stratton","HAW",2,"Hawthorn","Adelaide Crows"
2018,13,"Luke","Breust","HAW",1,"Hawthorn","Adelaide Crows"
2018,13,"Nick","Vlastuin","RICH",9,"Geelong Cats","Richmond"
2018,13,"Alex","Rance","RICH",7,"Geelong Cats","Richmond"
2018,13,"Joel","Selwood","GEEL",6,"Geelong Cats","Richmond"
2018,13,"Rhys","Stanley","GEEL",3,"Geelong Cats","Richmond"
2018,13,"Kane","Lambert","RICH",3,"Geelong Cats","Richmond"
2018,13,"Daniel","Rioli","RICH",1,"Geelong Cats","Richmond"
2018,13,"Shane","Edwards","RICH",1,"Geelong Cats","Richmond"
2018,14,"Adam","Saad","ESS",10,"West Coast Eagles","Essendon"
2018,14,"Devon","Smith","ESS",8,"West Coast Eagles","Essendon"
2018,14,"Tom","Bellchambers","ESS",5,"West Coast Eagles","Essendon"
2018,14,"Cale","Hooker","ESS",3,"West Coast Eagles","Essendon"
2018,14,"Dyson","Heppell","ESS",3,"West Coast Eagles","Essendon"
2018,14,"Jake","Stringer","ESS",1,"West Coast Eagles","Essendon"
2018,14,"Tom","Jonas","PORT",9,"Port Adelaide","Melbourne"
2018,14,"Jack","Viney","MELB",9,"Port Adelaide","Melbourne"
2018,14,"Justin","Westhoff","PORT",3,"Port Adelaide","Melbourne"
2018,14,"Ollie","Wines","PORT",3,"Port Adelaide","Melbourne"
2018,14,"Angus","Brayshaw","MELB",2,"Port Adelaide","Melbourne"
2018,14,"Tom","McDonald","MELB",2,"Port Adelaide","Melbourne"
2018,14,"Neville","Jetta","MELB",2,"Port Adelaide","Melbourne"
2018,14,"Liam","Shiels","HAW",10,"Hawthorn","Gold Coast Suns"
2018,14,"Jaeger","O'Meara","HAW",7,"Hawthorn","Gold Coast Suns"
2018,14,"Luke","Breust","HAW",6,"Hawthorn","Gold Coast Suns"
2018,14,"James","Sicily","HAW",4,"Hawthorn","Gold Coast Suns"
2018,14,"Tom","Mitchell","HAW",2,"Hawthorn","Gold Coast Suns"
2018,14,"Ben","McEvoy","HAW",1,"Hawthorn","Gold Coast Suns"
2018,14,"Luke","Hodge","BL",8,"Brisbane Lions","GWS Giants"
2018,14,"Josh","Kelly","GWS",8,"Brisbane Lions","GWS Giants"
2018,14,"Lachie","Whitfield","GWS",5,"Brisbane Lions","GWS Giants"
2018,14,"Daniel","Rich","BL",3,"Brisbane Lions","GWS Giants"
2018,14,"Stephen","Coniglio","GWS",3,"Brisbane Lions","GWS Giants"
2018,14,"Dylan","Shiel","GWS",2,"Brisbane Lions","GWS Giants"
2018,14,"Hugh","McCluggage","BL",1,"Brisbane Lions","GWS Giants"
2018,14,"Shaun","Higgins","NMFC",10,"Western Bulldogs","North Melbourne"
2018,14,"Ben","Cunnington","NMFC",7,"Western Bulldogs","North Melbourne"
2018,14,"Ben","Brown","NMFC",6,"Western Bulldogs","North Melbourne"
2018,14,"Marcus","Adams","WB",3,"Western Bulldogs","North Melbourne"
2018,14,"Hayden","Crozier","WB",3,"Western Bulldogs","North Melbourne"
2018,14,"Todd","Goldstein","NMFC",1,"Western Bulldogs","North Melbourne"
2018,14,"Patrick","Cripps","CARL",10,"Collingwood","Carlton"
2018,14,"Charlie","Curnow","CARL",6,"Collingwood","Carlton"
2018,14,"Steele","Sidebottom","COLL",6,"Collingwood","Carlton"
2018,14,"Scott","Pendlebury","COLL",4,"Collingwood","Carlton"
2018,14,"Jeremy","Howe","COLL",2,"Collingwood","Carlton"
2018,14,"Tom","Phillips","COLL",1,"Collingwood","Carlton"
2018,14,"Brodie","Grundy","COLL",1,"Collingwood","Carlton"
2018,15,"Jack","Riewoldt","RICH",10,"Richmond","Sydney Swans"
2018,15,"Kane","Lambert","RICH",7,"Richmond","Sydney Swans"
2018,15,"Nick","Vlastuin","RICH",6,"Richmond","Sydney Swans"
2018,15,"Josh","Kennedy","SYD",5,"Richmond","Sydney Swans"
2018,15,"Toby","Nankervis","RICH",1,"Richmond","Sydney Swans"
2018,15,"Jake","Lloyd","SYD",1,"Richmond","Sydney Swans"
2018,15,"Joel","Selwood","GEEL",9,"Western Bulldogs","Geelong Cats"
2018,15,"Josh","Dunkley","WB",8,"Western Bulldogs","Geelong Cats"
2018,15,"Luke","Dahlhaus","WB",7,"Western Bulldogs","Geelong Cats"
2018,15,"Patrick","Dangerfield","GEEL",2,"Western Bulldogs","Geelong Cats"
2018,15,"Toby","McLean","WB",2,"Western Bulldogs","Geelong Cats"
2018,15,"Tom","Hawkins","GEEL",2,"Western Bulldogs","Geelong Cats"
2018,15,"Kade","Simpson","CARL",10,"Carlton","Port Adelaide"
2018,15,"Charlie","Curnow","CARL",7,"Carlton","Port Adelaide"
2018,15,"Chad","Wingard","PORT",5,"Carlton","Port Adelaide"
2018,15,"Justin","Westhoff","PORT",4,"Carlton","Port Adelaide"
2018,15,"Patrick","Cripps","CARL",4,"Carlton","Port Adelaide"
2018,15,"Taylor","Walker","ADEL",9,"Adelaide Crows","West Coast Eagles"
2018,15,"Sam","Jacobs","ADEL",9,"Adelaide Crows","West Coast Eagles"
2018,15,"Andrew","Gaff","WCE",6,"Adelaide Crows","West Coast Eagles"
2018,15,"Rory","Laird","ADEL",3,"Adelaide Crows","West Coast Eagles"
2018,15,"Matt","Crouch","ADEL",2,"Adelaide Crows","West Coast Eagles"
2018,15,"Mark","Hutchings","WCE",1,"Adelaide Crows","West Coast Eagles"
2018,15,"Callan","Ward","GWS",10,"GWS Giants","Hawthorn"
2018,15,"Tom","Mitchell","HAW",8,"GWS Giants","Hawthorn"
2018,15,"Nick","Haynes","GWS",5,"GWS Giants","Hawthorn"
2018,15,"Stephen","Coniglio","GWS",5,"GWS Giants","Hawthorn"
2018,15,"Lachie","Whitfield","GWS",2,"GWS Giants","Hawthorn"
2018,15,"Josh","Thomas","COLL",9,"Gold Coast Suns","Collingwood"
2018,15,"Taylor","Adams","COLL",9,"Gold Coast Suns","Collingwood"
2018,15,"Tom","Phillips","COLL",3,"Gold Coast Suns","Collingwood"
2018,15,"Jarryd","Lyons","GCFC",3,"Gold Coast Suns","Collingwood"
2018,15,"Lachie","Weller","GCFC",2,"Gold Coast Suns","Collingwood"
2018,15,"Chris","Mayne","COLL",2,"Gold Coast Suns","Collingwood"
2018,15,"Jaidyn","Stephenson","COLL",1,"Gold Coast Suns","Collingwood"
2018,15,"Scott","Pendlebury","COLL",1,"Gold Coast Suns","Collingwood"
2018,15,"Max","Gawn","MELB",10,"Melbourne","St Kilda"
2018,15,"Jake","Carlisle","STK",7,"Melbourne","St Kilda"
2018,15,"Jade","Gresham","STK",6,"Melbourne","St Kilda"
2018,15,"Jack","Sinclair","STK",3,"Melbourne","St Kilda"
2018,15,"Jack","Steele","STK",3,"Melbourne","St Kilda"
2018,15,"Jack","Viney","MELB",1,"Melbourne","St Kilda"
2018,15,"Dayne","Beams","BL",9,"Fremantle","Brisbane Lions"
2018,15,"Stefan","Martin","BL",6,"Fremantle","Brisbane Lions"
2018,15,"Jarrod","Berry","BL",6,"Fremantle","Brisbane Lions"
2018,15,"Eric","Hipwood","BL",4,"Fremantle","Brisbane Lions"
2018,15,"Hugh","McCluggage","BL",2,"Fremantle","Brisbane Lions"
2018,15,"Cameron","Rayner","BL",2,"Fremantle","Brisbane Lions"
2018,15,"Lewis","Taylor","BL",1,"Fremantle","Brisbane Lions"
2018,15,"Orazio","Fantasia","ESS",10,"Essendon","North Melbourne"
2018,15,"Zach","Merrett","ESS",8,"Essendon","North Melbourne"
2018,15,"Dyson","Heppell","ESS",4,"Essendon","North Melbourne"
2018,15,"Shaun","McKernan","ESS",4,"Essendon","North Melbourne"
2018,15,"Shaun","Higgins","NMFC",4,"Essendon","North Melbourne"
2018,16,"Mitch","Duncan","GEEL",10,"Sydney Swans","Geelong Cats"
2018,16,"Tim","Kelly","GEEL",8,"Sydney Swans","Geelong Cats"
2018,16,"Joel","Selwood","GEEL",5,"Sydney Swans","Geelong Cats"
2018,16,"Aliir","Aliir","SYD",4,"Sydney Swans","Geelong Cats"
2018,16,"Tom","Stewart","GEEL",3,"Sydney Swans","Geelong Cats"
2018,16,"Shane","Edwards","RICH",9,"Richmond","Adelaide Crows"
2018,16,"Kane","Lambert","RICH",9,"Richmond","Adelaide Crows"
2018,16,"Dion","Prestia","RICH",5,"Richmond","Adelaide Crows"
2018,16,"Dustin","Martin","RICH",5,"Richmond","Adelaide Crows"
2018,16,"Tom","Doedee","ADEL",1,"Richmond","Adelaide Crows"
2018,16,"Jack","Riewoldt","RICH",1,"Richmond","Adelaide Crows"
2018,16,"Dayne","Beams","BL",10,"Brisbane Lions","Carlton"
2018,16,"Eric","Hipwood","BL",8,"Brisbane Lions","Carlton"
2018,16,"Tom","Cutler","BL",4,"Brisbane Lions","Carlton"
2018,16,"Jarrod","Berry","BL",3,"Brisbane Lions","Carlton"
2018,16,"Luke","Hodge","BL",2,"Brisbane Lions","Carlton"
2018,16,"Darcy","Gardiner","BL",2,"Brisbane Lions","Carlton"
2018,16,"Dayne","Zorko","BL",1,"Brisbane Lions","Carlton"
2018,16,"Scott","Pendlebury","COLL",10,"Collingwood","Collingwood"
2018,16,"Brodie","Grundy","COLL",8,"Collingwood","Collingwood"
2018,16,"Jordan","De Goey","COLL",4,"Collingwood","Collingwood"
2018,16,"Dyson","Heppell","ESS",4,"Collingwood","Collingwood"
2018,16,"Devon","Smith","ESS",3,"Collingwood","Collingwood"
2018,16,"Michael","Hurley","ESS",1,"Collingwood","Collingwood"
2018,16,"Steven","Motlop","PORT",10,"Port Adelaide","St Kilda"
2018,16,"Chad","Wingard","PORT",8,"Port Adelaide","St Kilda"
2018,16,"David","Armitage","STK",4,"Port Adelaide","St Kilda"
2018,16,"Jack","Steele","STK",3,"Port Adelaide","St Kilda"
2018,16,"Justin","Westhoff","PORT",2,"Port Adelaide","St Kilda"
2018,16,"Charlie","Dixon","PORT",2,"Port Adelaide","St Kilda"
2018,16,"Tom","Rockliff","PORT",1,"Port Adelaide","St Kilda"
2018,16,"Clayton","Oliver","MELB",10,"Melbourne","Fremantle"
2018,16,"Angus","Brayshaw","MELB",8,"Melbourne","Fremantle"
2018,16,"Max","Gawn","MELB",6,"Melbourne","Fremantle"
2018,16,"Christian","Salem","MELB",2,"Melbourne","Fremantle"
2018,16,"Jack","Viney","MELB",2,"Melbourne","Fremantle"
2018,16,"Jesse","Hogan","MELB",1,"Melbourne","Fremantle"
2018,16,"Bayley","Fritsch","MELB",1,"Melbourne","Fremantle"
2018,16,"Luke","Breust","HAW",10,"Western Bulldogs","Hawthorn"
2018,16,"Isaac","Smith","HAW",4,"Western Bulldogs","Hawthorn"
2018,16,"Ben","Stratton","HAW",4,"Western Bulldogs","Hawthorn"
2018,16,"Jason","Johannisen","WB",3,"Western Bulldogs","Hawthorn"
2018,16,"Liam","Shiels","HAW",3,"Western Bulldogs","Hawthorn"
2018,16,"Jack","Gunston","HAW",2,"Western Bulldogs","Hawthorn"
2018,16,"Jaeger","O'Meara","HAW",2,"Western Bulldogs","Hawthorn"
2018,16,"James","Sicily","HAW",1,"Western Bulldogs","Hawthorn"
2018,16,"Ben","McEvoy","HAW",1,"Western Bulldogs","Hawthorn"
2018,16,"Scott","Thompson","NMFC",10,"North Melbourne","Gold Coast Suns"
2018,16,"Shaun","Higgins","NMFC",7,"North Melbourne","Gold Coast Suns"
2018,16,"Ben","Cunnington","NMFC",5,"North Melbourne","Gold Coast Suns"
2018,16,"Ben","Brown","NMFC",3,"North Melbourne","Gold Coast Suns"
2018,16,"Lachie","Weller","GCFC",2,"North Melbourne","Gold Coast Suns"
2018,16,"Ben","Jacobs","NMFC",2,"North Melbourne","Gold Coast Suns"
2018,16,"Robbie","Tarrant","NMFC",1,"North Melbourne","Gold Coast Suns"
2018,16,"Andrew","Gaff","WCE",9,"West Coast Eagles","GWS Giants"
2018,16,"Shannon","Hurn","WCE",8,"West Coast Eagles","GWS Giants"
2018,16,"Adam","Tomlinson","GWS",6,"West Coast Eagles","GWS Giants"
2018,16,"Jack","Redden","WCE",3,"West Coast Eagles","GWS Giants"
2018,16,"Stephen","Coniglio","GWS",2,"West Coast Eagles","GWS Giants"
2018,16,"Luke","Shuey","WCE",1,"West Coast Eagles","GWS Giants"
2018,16,"Nic","Naitanui","WCE",1,"West Coast Eagles","GWS Giants"
2018,17,"Rory","Laird","ADEL",9,"Adelaide Crows","Geelong Cats"
2018,17,"Rory","Sloane","ADEL",5,"Adelaide Crows","Geelong Cats"
2018,17,"Tom","Lynch","ADEL",5,"Adelaide Crows","Geelong Cats"
2018,17,"Wayne","Milera","ADEL",5,"Adelaide Crows","Geelong Cats"
2018,17,"Joel","Selwood","GEEL",3,"Adelaide Crows","Geelong Cats"
2018,17,"Patrick","Dangerfield","GEEL",2,"Adelaide Crows","Geelong Cats"
2018,17,"Tom","Hawkins","GEEL",1,"Adelaide Crows","Geelong Cats"
2018,17,"Patrick","Cripps","CARL",8,"St Kilda","Carlton"
2018,17,"Jack","Steven","STK",7,"St Kilda","Carlton"
2018,17,"Jack","Billings","STK",7,"St Kilda","Carlton"
2018,17,"Jack","Steele","STK",6,"St Kilda","Carlton"
2018,17,"Jack","Sinclair","STK",1,"St Kilda","Carlton"
2018,17,"Rowan","Marshall","STK",1,"St Kilda","Carlton"
2018,17,"Hugh","McCluggage","BL",7,"Hawthorn","Brisbane Lions"
2018,17,"Dayne","Beams","BL",7,"Hawthorn","Brisbane Lions"
2018,17,"Stefan","Martin","BL",5,"Hawthorn","Brisbane Lions"
2018,17,"Jaeger","O'Meara","HAW",5,"Hawthorn","Brisbane Lions"
2018,17,"Josh","Walker","BL",5,"Hawthorn","Brisbane Lions"
2018,17,"Nick","Robertson","BL",1,"Hawthorn","Brisbane Lions"
2018,17,"Max","Gawn","MELB",10,"Melbourne","Western Bulldogs"
2018,17,"Clayton","Oliver","MELB",7,"Melbourne","Western Bulldogs"
2018,17,"Angus","Brayshaw","MELB",6,"Melbourne","Western Bulldogs"
2018,17,"Jesse","Hogan","MELB",3,"Melbourne","Western Bulldogs"
2018,17,"Jack","Macrae","WB",2,"Melbourne","Western Bulldogs"
2018,17,"Lachie","Hunter","WB",2,"Melbourne","Western Bulldogs"
2018,17,"Dyson","Heppell","ESS",10,"Gold Coast Suns","Essendon"
2018,17,"Zach","Merrett","ESS",7,"Gold Coast Suns","Essendon"
2018,17,"Michael","Hurley","ESS",5,"Gold Coast Suns","Essendon"
2018,17,"Devon","Smith","ESS",4,"Gold Coast Suns","Essendon"
2018,17,"Darcy","Parish","ESS",3,"Gold Coast Suns","Essendon"
2018,17,"Mark","Baguley","ESS",1,"Gold Coast Suns","Essendon"
2018,17,"Callan","Ward","GWS",10,"GWS Giants","Richmond"
2018,17,"Lachie","Whitfield","GWS",8,"GWS Giants","Richmond"
2018,17,"Dustin","Martin","RICH",6,"GWS Giants","Richmond"
2018,17,"Stephen","Coniglio","GWS",2,"GWS Giants","Richmond"
2018,17,"Daniel","Rioli","RICH",2,"GWS Giants","Richmond"
2018,17,"Dylan","Grimes","RICH",1,"GWS Giants","Richmond"
2018,17,"Zac","Langdon","GWS",1,"GWS Giants","Richmond"
2018,17,"Jeremy","McGovern","WCE",10,"Collingwood","West Coast Eagles"
2018,17,"Shannon","Hurn","WCE",7,"Collingwood","West Coast Eagles"
2018,17,"Jack","Redden","WCE",6,"Collingwood","West Coast Eagles"
2018,17,"Jordan","De Goey","COLL",5,"Collingwood","West Coast Eagles"
2018,17,"Mark","Hutchings","WCE",1,"Collingwood","West Coast Eagles"
2018,17,"Andrew","Gaff","WCE",1,"Collingwood","West Coast Eagles"
2018,17,"Lachie","Neale","FRE",9,"Fremantle","Port Adelaide"
2018,17,"David","Mundy","FRE",9,"Fremantle","Port Adelaide"
2018,17,"Luke","Ryan","FRE",6,"Fremantle","Port Adelaide"
2018,17,"Chad","Wingard","PORT",3,"Fremantle","Port Adelaide"
2018,17,"Brennan","Cox","FRE",2,"Fremantle","Port Adelaide"
2018,17,"Bradley","Hill","FRE",1,"Fremantle","Port Adelaide"
2018,17,"Ben","Ronke","SYD",9,"North Melbourne","Sydney Swans"
2018,17,"Jack","Ziebell","NMFC",9,"North Melbourne","Sydney Swans"
2018,17,"Shaun","Higgins","NMFC",6,"North Melbourne","Sydney Swans"
2018,17,"Isaac","Heeney","SYD",4,"North Melbourne","Sydney Swans"
2018,17,"Jake","Lloyd","SYD",1,"North Melbourne","Sydney Swans"
2018,17,"Aliir","Aliir","SYD",1,"North Melbourne","Sydney Swans"
2018,18,"Dion","Prestia","RICH",10,"St Kilda","Richmond"
2018,18,"Dustin","Martin","RICH",8,"St Kilda","Richmond"
2018,18,"Kane","Lambert","RICH",5,"St Kilda","Richmond"
2018,18,"Dylan","Grimes","RICH",3,"St Kilda","Richmond"
2018,18,"Jack","Riewoldt","RICH",2,"St Kilda","Richmond"
2018,18,"Toby","Nankervis","RICH",1,"St Kilda","Richmond"
2018,18,"Trent","Cotchin","RICH",1,"St Kilda","Richmond"
2018,18,"Scott","Pendlebury","COLL",9,"Collingwood","North Melbourne"
2018,18,"Jordan","De Goey","COLL",9,"Collingwood","North Melbourne"
2018,18,"Taylor","Adams","COLL",5,"Collingwood","North Melbourne"
2018,18,"Jeremy","Howe","COLL",3,"Collingwood","North Melbourne"
2018,18,"Josh","Thomas","COLL",2,"Collingwood","North Melbourne"
2018,18,"Shaun","Higgins","NMFC",2,"Collingwood","North Melbourne"
2018,18,"Aaron","Young","GCFC",8,"Sydney Swans","Gold Coast Suns"
2018,18,"Rory","Thompson","GCFC",5,"Sydney Swans","Gold Coast Suns"
2018,18,"Lachie","Weller","GCFC",5,"Sydney Swans","Gold Coast Suns"
2018,18,"Steven","May","GCFC",5,"Sydney Swans","Gold Coast Suns"
2018,18,"Peter","Wright","GCFC",3,"Sydney Swans","Gold Coast Suns"
2018,18,"Josh","Kennedy","SYD",2,"Sydney Swans","Gold Coast Suns"
2018,18,"Luke","Parker","SYD",1,"Sydney Swans","Gold Coast Suns"
2018,18,"Alex","Sexton","GCFC",1,"Sydney Swans","Gold Coast Suns"
2018,18,"Orazio","Fantasia","ESS",10,"Essendon","Fremantle"
2018,18,"Devon","Smith","ESS",8,"Essendon","Fremantle"
2018,18,"Dyson","Heppell","ESS",3,"Essendon","Fremantle"
2018,18,"David","Zaharakis","ESS",3,"Essendon","Fremantle"
2018,18,"Tom","Bellchambers","ESS",3,"Essendon","Fremantle"
2018,18,"Brendon","Goddard","ESS",3,"Essendon","Fremantle"
2018,18,"Matt","Crouch","ADEL",8,"Brisbane Lions","Adelaide Crows"
2018,18,"Hugh","Greenwood","ADEL",8,"Brisbane Lions","Adelaide Crows"
2018,18,"Rory","Laird","ADEL",6,"Brisbane Lions","Adelaide Crows"
2018,18,"Darcy","Gardiner","BL",4,"Brisbane Lions","Adelaide Crows"
2018,18,"Alex","Witherden","BL",3,"Brisbane Lions","Adelaide Crows"
2018,18,"Tom","Lynch","ADEL",1,"Brisbane Lions","Adelaide Crows"
2018,18,"Tom","Hawkins","GEEL",10,"Geelong Cats","Melbourne"
2018,18,"Clayton","Oliver","MELB",8,"Geelong Cats","Melbourne"
2018,18,"Patrick","Dangerfield","GEEL",5,"Geelong Cats","Melbourne"
2018,18,"Tom","Stewart","GEEL",4,"Geelong Cats","Melbourne"
2018,18,"Tom","McDonald","MELB",2,"Geelong Cats","Melbourne"
2018,18,"Christian","Petracca","MELB",1,"Geelong Cats","Melbourne"
2018,18,"Tom","Mitchell","HAW",10,"Carlton","Hawthorn"
2018,18,"Luke","Breust","HAW",7,"Carlton","Hawthorn"
2018,18,"Paul","Puopolo","HAW",7,"Carlton","Hawthorn"
2018,18,"James","Worpel","HAW",4,"Carlton","Hawthorn"
2018,18,"Ricky","Henderson","HAW",1,"Carlton","Hawthorn"
2018,18,"Blake","Hardwick","HAW",1,"Carlton","Hawthorn"
2018,18,"Elliot","Yeo","WCE",10,"West Coast Eagles","Western Bulldogs"
2018,18,"Andrew","Gaff","WCE",8,"West Coast Eagles","Western Bulldogs"
2018,18,"Hayden","Crozier","WB",3,"West Coast Eagles","Western Bulldogs"
2018,18,"Lewis","Jetta","WCE",3,"West Coast Eagles","Western Bulldogs"
2018,18,"Jack","Darling","WCE",2,"West Coast Eagles","Western Bulldogs"
2018,18,"Jamie","Cripps","WCE",2,"West Coast Eagles","Western Bulldogs"
2018,18,"Jeremy","McGovern","WCE",2,"West Coast Eagles","Western Bulldogs"
2018,18,"Lachie","Whitfield","GWS",6,"Port Adelaide","GWS Giants"
2018,18,"Heath","Shaw","GWS",5,"Port Adelaide","GWS Giants"
2018,18,"Jacob","Hopper","GWS",5,"Port Adelaide","GWS Giants"
2018,18,"Josh","Kelly","GWS",5,"Port Adelaide","GWS Giants"
2018,18,"Stephen","Coniglio","GWS",5,"Port Adelaide","GWS Giants"
2018,18,"Jared","Polec","PORT",3,"Port Adelaide","GWS Giants"
2018,18,"Dawson","Simpson","GWS",1,"Port Adelaide","GWS Giants"
2018,19,"Michael","Hurley","ESS",9,"Essendon","Sydney Swans"
2018,19,"Dyson","Heppell","ESS",6,"Essendon","Sydney Swans"
2018,19,"Adam","Saad","ESS",6,"Essendon","Sydney Swans"
2018,19,"Devon","Smith","ESS",4,"Essendon","Sydney Swans"
2018,19,"David","Myers","ESS",3,"Essendon","Sydney Swans"
2018,19,"Anthony","McDonald-Tipungwuti","ESS",2,"Essendon","Sydney Swans"
2018,19,"Brodie","Grundy","COLL",10,"Richmond","Collingwood"
2018,19,"Scott","Pendlebury","COLL",7,"Richmond","Collingwood"
2018,19,"Shane","Edwards","RICH",4,"Richmond","Collingwood"
2018,19,"Jack","Riewoldt","RICH",4,"Richmond","Collingwood"
2018,19,"David","Astbury","RICH",4,"Richmond","Collingwood"
2018,19,"Dion","Prestia","RICH",1,"Richmond","Collingwood"
2018,19,"Tom","Hawkins","GEEL",10,"Geelong Cats","Brisbane Lions"
2018,19,"Gary","Ablett","GEEL",8,"Geelong Cats","Brisbane Lions"
2018,19,"Dayne","Beams","BL",5,"Geelong Cats","Brisbane Lions"
2018,19,"Patrick","Dangerfield","GEEL",3,"Geelong Cats","Brisbane Lions"
2018,19,"Mitch","Duncan","GEEL",3,"Geelong Cats","Brisbane Lions"
2018,19,"Darcy","Gardiner","BL",1,"Geelong Cats","Brisbane Lions"
2018,19,"Lachie","Whitfield","GWS",9,"GWS Giants","St Kilda"
2018,19,"Harry","Himmelberg","GWS",8,"GWS Giants","St Kilda"
2018,19,"Jade","Gresham","STK",7,"GWS Giants","St Kilda"
2018,19,"Jack","Lonie","STK",2,"GWS Giants","St Kilda"
2018,19,"Heath","Shaw","GWS",2,"GWS Giants","St Kilda"
2018,19,"Josh","Kelly","GWS",1,"GWS Giants","St Kilda"
2018,19,"Jack","Steele","STK",1,"GWS Giants","St Kilda"
2018,19,"Max","Gawn","MELB",9,"Adelaide Crows","Melbourne"
2018,19,"Clayton","Oliver","MELB",9,"Adelaide Crows","Melbourne"
2018,19,"Matt","Crouch","ADEL",3,"Adelaide Crows","Melbourne"
2018,19,"Wayne","Milera","ADEL",3,"Adelaide Crows","Melbourne"
2018,19,"Tom","McDonald","MELB",3,"Adelaide Crows","Melbourne"
2018,19,"Jordan","Lewis","MELB",2,"Adelaide Crows","Melbourne"
2018,19,"Alex","Neal-Bullen","MELB",1,"Adelaide Crows","Melbourne"
2018,19,"Patrick","Cripps","CARL",10,"Gold Coast Suns","Carlton"
2018,19,"Kade","Simpson","CARL",6,"Gold Coast Suns","Carlton"
2018,19,"Charlie","Curnow","CARL",6,"Gold Coast Suns","Carlton"
2018,19,"Marc","Murphy","CARL",4,"Gold Coast Suns","Carlton"
2018,19,"Ed","Curnow","CARL",2,"Gold Coast Suns","Carlton"
2018,19,"Sam","Petrevski-Seton","CARL",1,"Gold Coast Suns","Carlton"
2018,19,"Darcy","Lang","CARL",1,"Gold Coast Suns","Carlton"
2018,19,"Ben","Cunnington","NMFC",10,"North Melbourne","West Coast Eagles"
2018,19,"Paul","Ahern","NMFC",8,"North Melbourne","West Coast Eagles"
2018,19,"Majak","Daw","NMFC",5,"North Melbourne","West Coast Eagles"
2018,19,"Ryan","Clarke","NMFC",3,"North Melbourne","West Coast Eagles"
2018,19,"Jeremy","McGovern","WCE",2,"North Melbourne","West Coast Eagles"
2018,19,"Todd","Goldstein","NMFC",2,"North Melbourne","West Coast Eagles"
2018,19,"Tom","Mitchell","HAW",10,"Fremantle","Hawthorn"
2018,19,"Luke","Breust","HAW",5,"Fremantle","Hawthorn"
2018,19,"Ben","Stratton","HAW",4,"Fremantle","Hawthorn"
2018,19,"David","Mundy","FRE",3,"Fremantle","Hawthorn"
2018,19,"Shaun","Burgoyne","HAW",3,"Fremantle","Hawthorn"
2018,19,"Blake","Hardwick","HAW",2,"Fremantle","Hawthorn"
2018,19,"Jack","Gunston","HAW",2,"Fremantle","Hawthorn"
2018,19,"Liam","Shiels","HAW",1,"Fremantle","Hawthorn"
2018,19,"Charlie","Dixon","PORT",10,"Western Bulldogs","Port Adelaide"
2018,19,"Jared","Polec","PORT",8,"Western Bulldogs","Port Adelaide"
2018,19,"Jackson","Trengove","WB",5,"Western Bulldogs","Port Adelaide"
2018,19,"Chad","Wingard","PORT",3,"Western Bulldogs","Port Adelaide"
2018,19,"Josh","Dunkley","WB",2,"Western Bulldogs","Port Adelaide"
2018,19,"Jack","Macrae","WB",1,"Western Bulldogs","Port Adelaide"
2018,19,"Darcy","Byrne-Jones","PORT",1,"Western Bulldogs","Port Adelaide"
2018,20,"Tim","Kelly","GEEL",10,"Richmond","Geelong Cats"
2018,20,"Kane","Lambert","RICH",8,"Richmond","Geelong Cats"
2018,20,"Mark","Blicavs","GEEL",3,"Richmond","Geelong Cats"
2018,20,"Trent","Cotchin","RICH",3,"Richmond","Geelong Cats"
2018,20,"Alex","Rance","RICH",2,"Richmond","Geelong Cats"
2018,20,"Jack","Riewoldt","RICH",2,"Richmond","Geelong Cats"
2018,20,"Patrick","Dangerfield","GEEL",1,"Richmond","Geelong Cats"
2018,20,"Dustin","Martin","RICH",1,"Richmond","Geelong Cats"
2018,20,"Tom","Mitchell","HAW",8,"Hawthorn","Essendon"
2018,20,"Jack","Gunston","HAW",7,"Hawthorn","Essendon"
2018,20,"Ben","Stratton","HAW",7,"Hawthorn","Essendon"
2018,20,"Zach","Merrett","ESS",6,"Hawthorn","Essendon"
2018,20,"Jaeger","O'Meara","HAW",1,"Hawthorn","Essendon"
2018,20,"Cale","Hooker","ESS",1,"Hawthorn","Essendon"
2018,20,"Jack","Ziebell","NMFC",9,"Brisbane Lions","North Melbourne"
2018,20,"Dayne","Zorko","BL",8,"Brisbane Lions","North Melbourne"
2018,20,"Trent","Dumont","NMFC",7,"Brisbane Lions","North Melbourne"
2018,20,"Majak","Daw","NMFC",2,"Brisbane Lions","North Melbourne"
2018,20,"Kayne","Turner","NMFC",2,"Brisbane Lions","North Melbourne"
2018,20,"Harris","Andrews","BL",1,"Brisbane Lions","North Melbourne"
2018,20,"Hugh","McCluggage","BL",1,"Brisbane Lions","North Melbourne"
2018,20,"Matt","Crouch","ADEL",10,"Adelaide Crows","Port Adelaide"
2018,20,"Robbie","Gray","PORT",8,"Adelaide Crows","Port Adelaide"
2018,20,"Josh","Jenkins","ADEL",6,"Adelaide Crows","Port Adelaide"
2018,20,"Bryce","Gibbs","ADEL",2,"Adelaide Crows","Port Adelaide"
2018,20,"Chad","Wingard","PORT",2,"Adelaide Crows","Port Adelaide"
2018,20,"Dan","Houston","PORT",1,"Adelaide Crows","Port Adelaide"
2018,20,"Tom","Doedee","ADEL",1,"Adelaide Crows","Port Adelaide"
2018,20,"Jason","Johannisen","WB",10,"St Kilda","Western Bulldogs"
2018,20,"Jack","Macrae","WB",8,"St Kilda","Western Bulldogs"
2018,20,"Sebastian","Ross","STK",4,"St Kilda","Western Bulldogs"
2018,20,"Josh","Dunkley","WB",4,"St Kilda","Western Bulldogs"
2018,20,"Marcus","Bontempelli","WB",2,"St Kilda","Western Bulldogs"
2018,20,"Lachie","Hunter","WB",2,"St Kilda","Western Bulldogs"
2018,20,"Lance","Franklin","SYD",10,"Sydney Swans","Collingwood"
2018,20,"Brodie","Grundy","COLL",8,"Sydney Swans","Collingwood"
2018,20,"Taylor","Adams","COLL",5,"Sydney Swans","Collingwood"
2018,20,"Aliir","Aliir","SYD",5,"Sydney Swans","Collingwood"
2018,20,"Dane","Rampe","SYD",1,"Sydney Swans","Collingwood"
2018,20,"Tom","Langdon","COLL",1,"Sydney Swans","Collingwood"
2018,20,"Josh","Kelly","GWS",10,"Carlton","GWS Giants"
2018,20,"Stephen","Coniglio","GWS",8,"Carlton","GWS Giants"
2018,20,"Lachie","Whitfield","GWS",3,"Carlton","GWS Giants"
2018,20,"Adam","Kennedy","GWS",3,"Carlton","GWS Giants"
2018,20,"Callan","Ward","GWS",3,"Carlton","GWS Giants"
2018,20,"Jacob","Hopper","GWS",2,"Carlton","GWS Giants"
2018,20,"Adam","Tomlinson","GWS",1,"Carlton","GWS Giants"
2018,20,"Elliot","Yeo","WCE",10,"West Coast Eagles","Fremantle"
2018,20,"Jack","Redden","WCE",7,"West Coast Eagles","Fremantle"
2018,20,"Andrew","Gaff","WCE",4,"West Coast Eagles","Fremantle"
2018,20,"Brad","Sheppard","WCE",3,"West Coast Eagles","Fremantle"
2018,20,"Jamie","Cripps","WCE",3,"West Coast Eagles","Fremantle"
2018,20,"Jack","Darling","WCE",2,"West Coast Eagles","Fremantle"
2018,20,"Scott","Lycett","WCE",1,"West Coast Eagles","Fremantle"
2018,20,"Clayton","Oliver","MELB",10,"Melbourne","Gold Coast Suns"
2018,20,"Angus","Brayshaw","MELB",6,"Melbourne","Gold Coast Suns"
2018,20,"Jesse","Hogan","MELB",6,"Melbourne","Gold Coast Suns"
2018,20,"James","Harmes","MELB",4,"Melbourne","Gold Coast Suns"
2018,20,"Alex","Sexton","GCFC",2,"Melbourne","Gold Coast Suns"
2018,20,"Christian","Salem","MELB",2,"Melbourne","Gold Coast Suns"
2018,21,"Anthony","McDonald-Tipungwuti","ESS",10,"Essendon","St Kilda"
2018,21,"Sebastian","Ross","STK",5,"Essendon","St Kilda"
2018,21,"Zach","Merrett","ESS",5,"Essendon","St Kilda"
2018,21,"David","Myers","ESS",4,"Essendon","St Kilda"
2018,21,"Dyson","Heppell","ESS",3,"Essendon","St Kilda"
2018,21,"Conor","McKenna","ESS",2,"Essendon","St Kilda"
2018,21,"Andrew","McGrath","ESS",1,"Essendon","St Kilda"
2018,21,"Patrick","Dangerfield","GEEL",10,"Hawthorn","Geelong Cats"
2018,21,"James","Worpel","HAW",6,"Hawthorn","Geelong Cats"
2018,21,"Shaun","Burgoyne","HAW",4,"Hawthorn","Geelong Cats"
2018,21,"Jaeger","O'Meara","HAW",3,"Hawthorn","Geelong Cats"
2018,21,"Gary","Ablett","GEEL",3,"Hawthorn","Geelong Cats"
2018,21,"Isaac","Smith","HAW",3,"Hawthorn","Geelong Cats"
2018,21,"Tom","Mitchell","HAW",1,"Hawthorn","Geelong Cats"
2018,21,"Jack","Riewoldt","RICH",10,"Gold Coast Suns","Richmond"
2018,21,"Shaun","Grigg","RICH",8,"Gold Coast Suns","Richmond"
2018,21,"Josh","Caddy","RICH",4,"Gold Coast Suns","Richmond"
2018,21,"Dustin","Martin","RICH",4,"Gold Coast Suns","Richmond"
2018,21,"Shane","Edwards","RICH",3,"Gold Coast Suns","Richmond"
2018,21,"Bachar","Houli","RICH",1,"Gold Coast Suns","Richmond"
2018,21,"Luke","Shuey","WCE",10,"Port Adelaide","West Coast Eagles"
2018,21,"Tom","Barrass","WCE",6,"Port Adelaide","West Coast Eagles"
2018,21,"Elliot","Yeo","WCE",4,"Port Adelaide","West Coast Eagles"
2018,21,"Scott","Lycett","WCE",4,"Port Adelaide","West Coast Eagles"
2018,21,"Tom","Clurey","PORT",3,"Port Adelaide","West Coast Eagles"
2018,21,"Aidyn","Johnson","PORT",2,"Port Adelaide","West Coast Eagles"
2018,21,"Tom","Jonas","PORT",1,"Port Adelaide","West Coast Eagles"
2018,21,"Lachie","Whitfield","GWS",10,"GWS Giants","Adelaide Crows"
2018,21,"Brodie","Smith","ADEL",7,"GWS Giants","Adelaide Crows"
2018,21,"Callan","Ward","GWS",5,"GWS Giants","Adelaide Crows"
2018,21,"Harry","Himmelberg","GWS",5,"GWS Giants","Adelaide Crows"
2018,21,"Rory","Lobb","GWS",2,"GWS Giants","Adelaide Crows"
2018,21,"Rory","Sloane","ADEL",1,"GWS Giants","Adelaide Crows"
2018,21,"Taylor","Adams","COLL",10,"Collingwood","Brisbane Lions"
2018,21,"Jack","Crisp","COLL",7,"Collingwood","Brisbane Lions"
2018,21,"Brodie","Grundy","COLL",4,"Collingwood","Brisbane Lions"
2018,21,"Jordan","De Goey","COLL",3,"Collingwood","Brisbane Lions"
2018,21,"Scott","Pendlebury","COLL",2,"Collingwood","Brisbane Lions"
2018,21,"Levi","Greenwood","COLL",2,"Collingwood","Brisbane Lions"
2018,21,"Harris","Andrews","BL",1,"Collingwood","Brisbane Lions"
2018,21,"Dayne","Beams","BL",1,"Collingwood","Brisbane Lions"
2018,21,"Marcus","Bontempelli","WB",10,"North Melbourne","Western Bulldogs"
2018,21,"Lachie","Hunter","WB",8,"North Melbourne","Western Bulldogs"
2018,21,"Jack","Macrae","WB",5,"North Melbourne","Western Bulldogs"
2018,21,"Caleb","Daniel","WB",5,"North Melbourne","Western Bulldogs"
2018,21,"Jason","Johannisen","WB",2,"North Melbourne","Western Bulldogs"
2018,21,"Lachie","Neale","FRE",10,"Fremantle","Carlton"
2018,21,"David","Mundy","FRE",7,"Fremantle","Carlton"
2018,21,"Nathan","Wilson","FRE",5,"Fremantle","Carlton"
2018,21,"Patrick","Cripps","CARL",5,"Fremantle","Carlton"
2018,21,"Ed","Langdon","FRE",2,"Fremantle","Carlton"
2018,21,"Dale","Thomas","CARL",1,"Fremantle","Carlton"
2018,21,"Isaac","Heeney","SYD",10,"Melbourne","Sydney Swans"
2018,21,"Jake","Lloyd","SYD",7,"Melbourne","Sydney Swans"
2018,21,"Aliir","Aliir","SYD",4,"Melbourne","Sydney Swans"
2018,21,"Angus","Brayshaw","MELB",3,"Melbourne","Sydney Swans"
2018,21,"George","Hewett","SYD",3,"Melbourne","Sydney Swans"
2018,21,"Tom","Papley","SYD",2,"Melbourne","Sydney Swans"
2018,21,"Lance","Franklin","SYD",1,"Melbourne","Sydney Swans"
2018,22,"Dustin","Martin","RICH",8,"Richmond","Essendon"
2018,22,"Josh","Caddy","RICH",7,"Richmond","Essendon"
2018,22,"Devon","Smith","ESS",6,"Richmond","Essendon"
2018,22,"Dylan","Grimes","RICH",5,"Richmond","Essendon"
2018,22,"Aaron","Francis","ESS",2,"Richmond","Essendon"
2018,22,"Shaun","Grigg","RICH",2,"Richmond","Essendon"
2018,22,"Brodie","Grundy","COLL",10,"Collingwood","Port Adelaide"
2018,22,"Taylor","Adams","COLL",8,"Collingwood","Port Adelaide"
2018,22,"Chris","Mayne","COLL",4,"Collingwood","Port Adelaide"
2018,22,"Brayden","Maynard","COLL",4,"Collingwood","Port Adelaide"
2018,22,"Steele","Sidebottom","COLL",3,"Collingwood","Port Adelaide"
2018,22,"Travis","Boak","PORT",1,"Collingwood","Port Adelaide"
2018,22,"Tim","Kelly","GEEL",9,"Geelong Cats","Fremantle"
2018,22,"Tom","Hawkins","GEEL",9,"Geelong Cats","Fremantle"
2018,22,"Gary","Ablett","GEEL",5,"Geelong Cats","Fremantle"
2018,22,"Brandan","Parfitt","GEEL",4,"Geelong Cats","Fremantle"
2018,22,"Sam","Menegola","GEEL",2,"Geelong Cats","Fremantle"
2018,22,"Nathan","Fyfe","FRE",1,"Geelong Cats","Fremantle"
2018,22,"Lance","Franklin","SYD",10,"GWS Giants","Sydney Swans"
2018,22,"Luke","Parker","SYD",8,"GWS Giants","Sydney Swans"
2018,22,"Dylan","Shiel","GWS",6,"GWS Giants","Sydney Swans"
2018,22,"Dane","Rampe","SYD",2,"GWS Giants","Sydney Swans"
2018,22,"Callan","Ward","GWS",2,"GWS Giants","Sydney Swans"
2018,22,"Jake","Lloyd","SYD",2,"GWS Giants","Sydney Swans"
2018,22,"Dayne","Beams","BL",10,"Gold Coast Suns","Brisbane Lions"
2018,22,"Alex","Sexton","GCFC",8,"Gold Coast Suns","Brisbane Lions"
2018,22,"David","Swallow","GCFC",3,"Gold Coast Suns","Brisbane Lions"
2018,22,"Stefan","Martin","BL",3,"Gold Coast Suns","Brisbane Lions"
2018,22,"Touk","Miller","GCFC",2,"Gold Coast Suns","Brisbane Lions"
2018,22,"Harris","Andrews","BL",2,"Gold Coast Suns","Brisbane Lions"
2018,22,"Allen","Christensen","BL",1,"Gold Coast Suns","Brisbane Lions"
2018,22,"Daniel","Rich","BL",1,"Gold Coast Suns","Brisbane Lions"
2018,22,"Jack","Steele","STK",9,"St Kilda","Hawthorn"
2018,22,"Jack","Gunston","HAW",9,"St Kilda","Hawthorn"
2018,22,"Shaun","Burgoyne","HAW",5,"St Kilda","Hawthorn"
2018,22,"Jade","Gresham","STK",3,"St Kilda","Hawthorn"
2018,22,"Jarryn","Geary","STK",2,"St Kilda","Hawthorn"
2018,22,"Jack","Lonie","STK",1,"St Kilda","Hawthorn"
2018,22,"Sebastian","Ross","STK",1,"St Kilda","Hawthorn"
2018,22,"Marcus","Bontempelli","WB",9,"Carlton","Western Bulldogs"
2018,22,"Kade","Simpson","CARL",6,"Carlton","Western Bulldogs"
2018,22,"Jack","Macrae","WB",6,"Carlton","Western Bulldogs"
2018,22,"Lachie","Hunter","WB",6,"Carlton","Western Bulldogs"
2018,22,"Jason","Johannisen","WB",2,"Carlton","Western Bulldogs"
2018,22,"Hayden","Crozier","WB",1,"Carlton","Western Bulldogs"
2018,22,"Max","Gawn","MELB",10,"West Coast Eagles","Melbourne"
2018,22,"Jake","Melksham","MELB",8,"West Coast Eagles","Melbourne"
2018,22,"James","Harmes","MELB",6,"West Coast Eagles","Melbourne"
2018,22,"Angus","Brayshaw","MELB",2,"West Coast Eagles","Melbourne"
2018,22,"Mitch","Hannan","MELB",2,"West Coast Eagles","Melbourne"
2018,22,"Elliot","Yeo","WCE",1,"West Coast Eagles","Melbourne"
2018,22,"William","Rioli","WCE",1,"West Coast Eagles","Melbourne"
2018,22,"Matt","Crouch","ADEL",10,"Adelaide Crows","North Melbourne"
2018,22,"Rory","Laird","ADEL",7,"Adelaide Crows","North Melbourne"
2018,22,"Rory","Sloane","ADEL",5,"Adelaide Crows","North Melbourne"
2018,22,"Trent","Dumont","NMFC",4,"Adelaide Crows","North Melbourne"
2018,22,"Andy","Otten","ADEL",2,"Adelaide Crows","North Melbourne"
2018,22,"Majak","Daw","NMFC",2,"Adelaide Crows","North Melbourne"
2018,23,"Dyson","Heppell","ESS",6,"Port Adelaide","Essendon"
2018,23,"Mitch","Brown","ESS",6,"Port Adelaide","Essendon"
2018,23,"Devon","Smith","ESS",5,"Port Adelaide","Essendon"
2018,23,"Aaron","Francis","ESS",4,"Port Adelaide","Essendon"
2018,23,"Justin","Westhoff","PORT",4,"Port Adelaide","Essendon"
2018,23,"Kyle","Langford","ESS",4,"Port Adelaide","Essendon"
2018,23,"David","Zaharakis","ESS",1,"Port Adelaide","Essendon"
2018,23,"Patrick","Dangerfield","GEEL",10,"Geelong Cats","Gold Coast Suns"
2018,23,"Tim","Kelly","GEEL",8,"Geelong Cats","Gold Coast Suns"
2018,23,"Joel","Selwood","GEEL",6,"Geelong Cats","Gold Coast Suns"
2018,23,"Tom","Hawkins","GEEL",2,"Geelong Cats","Gold Coast Suns"
2018,23,"Gary","Ablett","GEEL",2,"Geelong Cats","Gold Coast Suns"
2018,23,"Mitch","Duncan","GEEL",2,"Geelong Cats","Gold Coast Suns"
2018,23,"Jack","Macrae","WB",10,"Richmond","Western Bulldogs"
2018,23,"Jack","Riewoldt","RICH",6,"Richmond","Western Bulldogs"
2018,23,"Toby","Nankervis","RICH",4,"Richmond","Western Bulldogs"
2018,23,"Caleb","Daniel","WB",3,"Richmond","Western Bulldogs"
2018,23,"Dustin","Martin","RICH",3,"Richmond","Western Bulldogs"
2018,23,"Lachie","Hunter","WB",3,"Richmond","Western Bulldogs"
2018,23,"Aaron","Naughton","WB",1,"Richmond","Western Bulldogs"
2018,23,"Steele","Sidebottom","COLL",8,"Fremantle","Collingwood"
2018,23,"Scott","Pendlebury","COLL",6,"Fremantle","Collingwood"
2018,23,"Bradley","Hill","FRE",6,"Fremantle","Collingwood"
2018,23,"Lachie","Neale","FRE",4,"Fremantle","Collingwood"
2018,23,"Brodie","Grundy","COLL",4,"Fremantle","Collingwood"
2018,23,"Jack","Crisp","COLL",2,"Fremantle","Collingwood"
2018,23,"Josh","Jenkins","ADEL",8,"Carlton","Adelaide Crows"
2018,23,"Patrick","Cripps","CARL",8,"Carlton","Adelaide Crows"
2018,23,"Rory","Laird","ADEL",6,"Carlton","Adelaide Crows"
2018,23,"Wayne","Milera","ADEL",4,"Carlton","Adelaide Crows"
2018,23,"Rory","Atkins","ADEL",3,"Carlton","Adelaide Crows"
2018,23,"Jordan","Gallucci","ADEL",1,"Carlton","Adelaide Crows"
2018,23,"Ben","McEvoy","HAW",8,"Sydney Swans","Hawthorn"
2018,23,"Liam","Shiels","HAW",8,"Sydney Swans","Hawthorn"
2018,23,"George","Hewett","SYD",6,"Sydney Swans","Hawthorn"
2018,23,"Jake","Lloyd","SYD",6,"Sydney Swans","Hawthorn"
2018,23,"Harry","Morrison","HAW",1,"Sydney Swans","Hawthorn"
2018,23,"Tom","Mitchell","HAW",1,"Sydney Swans","Hawthorn"
2018,23,"Jamie","Cripps","WCE",10,"Brisbane Lions","West Coast Eagles"
2018,23,"Luke","Shuey","WCE",8,"Brisbane Lions","West Coast Eagles"
2018,23,"Dayne","Beams","BL",5,"Brisbane Lions","West Coast Eagles"
2018,23,"Jack","Darling","WCE",5,"Brisbane Lions","West Coast Eagles"
2018,23,"Zac","Bailey","BL",1,"Brisbane Lions","West Coast Eagles"
2018,23,"Chris","Masten","WCE",1,"Brisbane Lions","West Coast Eagles"
2018,23,"James","Harmes","MELB",9,"Melbourne","GWS Giants"
2018,23,"Angus","Brayshaw","MELB",8,"Melbourne","GWS Giants"
2018,23,"Max","Gawn","MELB",7,"Melbourne","GWS Giants"
2018,23,"Christian","Salem","MELB",2,"Melbourne","GWS Giants"
2018,23,"Christian","Petracca","MELB",2,"Melbourne","GWS Giants"
2018,23,"Tom","McDonald","MELB",1,"Melbourne","GWS Giants"
2018,23,"Stephen","Coniglio","GWS",1,"Melbourne","GWS Giants"
2018,23,"Trent","Dumont","NMFC",10,"St Kilda","North Melbourne"
2018,23,"Jack","Steven","STK",7,"St Kilda","North Melbourne"
2018,23,"Jarrad","Waite","NMFC",4,"St Kilda","North Melbourne"
2018,23,"Todd","Goldstein","NMFC",4,"St Kilda","North Melbourne"
2018,23,"Shaun","Higgins","NMFC",3,"St Kilda","North Melbourne"
2018,23,"Jack","Steele","STK",1,"St Kilda","North Melbourne"
2018,23,"Ben","Cunnington","NMFC",1,"St Kilda","North Melbourne"
2019,1,"Trent","Cotchin","RICH",10,"Carlton","Richmond"
2019,1,"Kane","Lambert","RICH",8,"Carlton","Richmond"
2019,1,"Patrick","Cripps","CARL",6,"Carlton","Richmond"
2019,1,"Toby","Nankervis","RICH",4,"Carlton","Richmond"
2019,1,"Kamdyn","McIntosh","RICH",1,"Carlton","Richmond"
2019,1,"Dustin","Martin","RICH",1,"Carlton","Richmond"
2019,1,"Tim","Kelly","GEEL",10,"Collingwood","Geelong Cats"
2019,1,"Darcy","Moore","COLL",5,"Collingwood","Geelong Cats"
2019,1,"Patrick","Dangerfield","GEEL",5,"Collingwood","Geelong Cats"
2019,1,"Harry","Taylor","GEEL",3,"Collingwood","Geelong Cats"
2019,1,"Rhys","Stanley","GEEL",3,"Collingwood","Geelong Cats"
2019,1,"Gary","Ablett","GEEL",2,"Collingwood","Geelong Cats"
2019,1,"Tom","Stewart","GEEL",2,"Collingwood","Geelong Cats"
2019,1,"Justin","Westhoff","PORT",10,"Melbourne","Port Adelaide"
2019,1,"Travis","Boak","PORT",7,"Melbourne","Port Adelaide"
2019,1,"Tom","Rockliff","PORT",7,"Melbourne","Port Adelaide"
2019,1,"Scott","Lycett","PORT",2,"Melbourne","Port Adelaide"
2019,1,"Jack","Watts","PORT",2,"Melbourne","Port Adelaide"
2019,1,"Christian","Salem","MELB",1,"Melbourne","Port Adelaide"
2019,1,"Dan","Houston","PORT",1,"Melbourne","Port Adelaide"
2019,1,"James","Worpel","HAW",10,"Adelaide Crows","Hawthorn"
2019,1,"Rory","Sloane","ADEL",6,"Adelaide Crows","Hawthorn"
2019,1,"James","Sicily","HAW",6,"Adelaide Crows","Hawthorn"
2019,1,"Ben","McEvoy","HAW",4,"Adelaide Crows","Hawthorn"
2019,1,"Jaeger","O'Meara","HAW",2,"Adelaide Crows","Hawthorn"
2019,1,"Jarman","Impey","HAW",1,"Adelaide Crows","Hawthorn"
2019,1,"Matt","Crouch","ADEL",1,"Adelaide Crows","Hawthorn"
2019,1,"Hugh","McCluggage","BL",10,"Brisbane Lions","West Coast Eagles"
2019,1,"Dayne","Zorko","BL",4,"Brisbane Lions","West Coast Eagles"
2019,1,"Charlie","Cameron","BL",4,"Brisbane Lions","West Coast Eagles"
2019,1,"Lincoln","McCarthy","BL",4,"Brisbane Lions","West Coast Eagles"
2019,1,"Harris","Andrews","BL",3,"Brisbane Lions","West Coast Eagles"
2019,1,"Daniel","Rich","BL",3,"Brisbane Lions","West Coast Eagles"
2019,1,"Lachie","Neale","BL",2,"Brisbane Lions","West Coast Eagles"
2019,1,"Marcus","Bontempelli","WB",10,"Western Bulldogs","Sydney Swans"
2019,1,"Tom","Liberatore","WB",5,"Western Bulldogs","Sydney Swans"
2019,1,"Aaron","Naughton","WB",5,"Western Bulldogs","Sydney Swans"
2019,1,"Jack","Macrae","WB",4,"Western Bulldogs","Sydney Swans"
2019,1,"Jake","Lloyd","SYD",3,"Western Bulldogs","Sydney Swans"
2019,1,"Mitch","Wallis","WB",2,"Western Bulldogs","Sydney Swans"
2019,1,"Caleb","Daniel","WB",1,"Western Bulldogs","Sydney Swans"
2019,1,"Josh","Bruce","STK",8,"St Kilda","Gold Coast Suns"
2019,1,"Brayden","Fiorini","GCFC",7,"St Kilda","Gold Coast Suns"
2019,1,"Sebastian","Ross","STK",5,"St Kilda","Gold Coast Suns"
2019,1,"Jack","Steven","STK",4,"St Kilda","Gold Coast Suns"
2019,1,"Alex","Sexton","GCFC",3,"St Kilda","Gold Coast Suns"
2019,1,"Jack","Steele","STK",2,"St Kilda","Gold Coast Suns"
2019,1,"Jack","Newnes","STK",1,"St Kilda","Gold Coast Suns"
2019,1,"Stephen","Coniglio","GWS",10,"GWS Giants","Essendon"
2019,1,"Tim","Taranto","GWS",8,"GWS Giants","Essendon"
2019,1,"Jeremy","Cameron","GWS",5,"GWS Giants","Essendon"
2019,1,"Sam","Taylor","GWS",3,"GWS Giants","Essendon"
2019,1,"Lachie","Whitfield","GWS",3,"GWS Giants","Essendon"
2019,1,"Jacob","Hopper","GWS",1,"GWS Giants","Essendon"
2019,1,"Nathan","Fyfe","FRE",9,"Fremantle","North Melbourne"
2019,1,"Bradley","Hill","FRE",6,"Fremantle","North Melbourne"
2019,1,"Cameron","McCarthy","FRE",5,"Fremantle","North Melbourne"
2019,1,"Alex","Pearce","FRE",4,"Fremantle","North Melbourne"
2019,1,"Michael","Walters","FRE",3,"Fremantle","North Melbourne"
2019,1,"Darcy","Tucker","FRE",3,"Fremantle","North Melbourne"
2019,2,"Scott","Pendlebury","COLL",9,"Richmond","Collingwood"
2019,2,"Chris","Mayne","COLL",6,"Richmond","Collingwood"
2019,2,"Jack","Crisp","COLL",6,"Richmond","Collingwood"
2019,2,"Jordan","De Goey","COLL",5,"Richmond","Collingwood"
2019,2,"Brody","Mihocek","COLL",3,"Richmond","Collingwood"
2019,2,"Adam","Treloar","COLL",1,"Richmond","Collingwood"
2019,2,"Josh","Kennedy","SYD",10,"Sydney Swans","Adelaide Crows"
2019,2,"Brad","Crouch","ADEL",7,"Sydney Swans","Adelaide Crows"
2019,2,"Wayne","Milera","ADEL",4,"Sydney Swans","Adelaide Crows"
2019,2,"Rory","Sloane","ADEL",3,"Sydney Swans","Adelaide Crows"
2019,2,"David","MacKay","ADEL",2,"Sydney Swans","Adelaide Crows"
2019,2,"Rory","Atkins","ADEL",2,"Sydney Swans","Adelaide Crows"
2019,2,"Dane","Rampe","SYD",1,"Sydney Swans","Adelaide Crows"
2019,2,"Lance","Franklin","SYD",1,"Sydney Swans","Adelaide Crows"
2019,2,"Jade","Gresham","STK",10,"Essendon","St Kilda"
2019,2,"Jimmy","Webster","STK",5,"Essendon","St Kilda"
2019,2,"Sebastian","Ross","STK",4,"Essendon","St Kilda"
2019,2,"Adam","Saad","ESS",4,"Essendon","St Kilda"
2019,2,"Jack","Sinclair","STK",3,"Essendon","St Kilda"
2019,2,"Jarryn","Geary","STK",2,"Essendon","St Kilda"
2019,2,"Dylan","Shiel","ESS",1,"Essendon","St Kilda"
2019,2,"Michael","Hurley","ESS",1,"Essendon","St Kilda"
2019,2,"Scott","Lycett","PORT",10,"Port Adelaide","Carlton"
2019,2,"Travis","Boak","PORT",6,"Port Adelaide","Carlton"
2019,2,"Patrick","Cripps","CARL",5,"Port Adelaide","Carlton"
2019,2,"Dan","Houston","PORT",4,"Port Adelaide","Carlton"
2019,2,"Tom","Rockliff","PORT",3,"Port Adelaide","Carlton"
2019,2,"Brad","Ebert","PORT",1,"Port Adelaide","Carlton"
2019,2,"Darcy","Byrne-Jones","PORT",1,"Port Adelaide","Carlton"
2019,2,"Luke","Shuey","WCE",9,"West Coast Eagles","GWS Giants"
2019,2,"Jeremy","McGovern","WCE",8,"West Coast Eagles","GWS Giants"
2019,2,"Tom","Hickey","WCE",4,"West Coast Eagles","GWS Giants"
2019,2,"Brad","Sheppard","WCE",3,"West Coast Eagles","GWS Giants"
2019,2,"Jack","Darling","WCE",2,"West Coast Eagles","GWS Giants"
2019,2,"Lachie","Whitfield","GWS",2,"West Coast Eagles","GWS Giants"
2019,2,"Mark","Hutchings","WCE",2,"West Coast Eagles","GWS Giants"
2019,2,"Patrick","Dangerfield","GEEL",10,"Geelong Cats","Melbourne"
2019,2,"Tim","Kelly","GEEL",8,"Geelong Cats","Melbourne"
2019,2,"Clayton","Oliver","MELB",4,"Geelong Cats","Melbourne"
2019,2,"Jake","Kolodjashnij","GEEL",3,"Geelong Cats","Melbourne"
2019,2,"Tom","Stewart","GEEL",2,"Geelong Cats","Melbourne"
2019,2,"Luke","Dahlhaus","GEEL",2,"Geelong Cats","Melbourne"
2019,2,"Mitch","Duncan","GEEL",1,"Geelong Cats","Melbourne"
2019,2,"Lachie","Neale","BL",10,"North Melbourne","Brisbane Lions"
2019,2,"Daniel","Rich","BL",7,"North Melbourne","Brisbane Lions"
2019,2,"Ben","Cunnington","NMFC",6,"North Melbourne","Brisbane Lions"
2019,2,"Shaun","Higgins","NMFC",3,"North Melbourne","Brisbane Lions"
2019,2,"Stefan","Martin","BL",3,"North Melbourne","Brisbane Lions"
2019,2,"Aaron","Hall","NMFC",1,"North Melbourne","Brisbane Lions"
2019,2,"Jack","Macrae","WB",8,"Hawthorn","Western Bulldogs"
2019,2,"Caleb","Daniel","WB",6,"Hawthorn","Western Bulldogs"
2019,2,"Marcus","Bontempelli","WB",5,"Hawthorn","Western Bulldogs"
2019,2,"Josh","Schache","WB",4,"Hawthorn","Western Bulldogs"
2019,2,"Ricky","Henderson","HAW",3,"Hawthorn","Western Bulldogs"
2019,2,"Lachie","Hunter","WB",2,"Hawthorn","Western Bulldogs"
2019,2,"Matthew","Suckling","WB",1,"Hawthorn","Western Bulldogs"
2019,2,"Tory","Dickson","WB",1,"Hawthorn","Western Bulldogs"
2019,2,"Alex","Sexton","GCFC",8,"Gold Coast Suns","Fremantle"
2019,2,"David","Swallow","GCFC",8,"Gold Coast Suns","Fremantle"
2019,2,"Jarrod","Harbrow","GCFC",6,"Gold Coast Suns","Fremantle"
2019,2,"Nathan","Fyfe","FRE",5,"Gold Coast Suns","Fremantle"
2019,2,"Jack","Martin","GCFC",2,"Gold Coast Suns","Fremantle"
2019,2,"Jack","Bowes","GCFC",1,"Gold Coast Suns","Fremantle"
2019,3,"Patrick","Dangerfield","GEEL",10,"Adelaide Crows","Geelong Cats"
2019,3,"Tim","Kelly","GEEL",8,"Adelaide Crows","Geelong Cats"
2019,3,"Rory","Sloane","ADEL",3,"Adelaide Crows","Geelong Cats"
2019,3,"Brad","Crouch","ADEL",3,"Adelaide Crows","Geelong Cats"
2019,3,"Tom","Stewart","GEEL",2,"Adelaide Crows","Geelong Cats"
2019,3,"Mitch","Duncan","GEEL",2,"Adelaide Crows","Geelong Cats"
2019,3,"Gary","Ablett","GEEL",1,"Adelaide Crows","Geelong Cats"
2019,3,"Rhys","Stanley","GEEL",1,"Adelaide Crows","Geelong Cats"
2019,3,"Dylan","Shiel","ESS",9,"Melbourne","Essendon"
2019,3,"David","Zaharakis","ESS",7,"Melbourne","Essendon"
2019,3,"Dyson","Heppell","ESS",6,"Melbourne","Essendon"
2019,3,"Angus","Brayshaw","MELB",3,"Melbourne","Essendon"
2019,3,"Darcy","Parish","ESS",3,"Melbourne","Essendon"
2019,3,"Orazio","Fantasia","ESS",1,"Melbourne","Essendon"
2019,3,"Anthony","McDonald-Tipungwuti","ESS",1,"Melbourne","Essendon"
2019,3,"Isaac","Heeney","SYD",10,"Carlton","Sydney Swans"
2019,3,"Patrick","Cripps","CARL",8,"Carlton","Sydney Swans"
2019,3,"Zak","Jones","SYD",6,"Carlton","Sydney Swans"
2019,3,"Ed","Curnow","CARL",2,"Carlton","Sydney Swans"
2019,3,"Liam","Jones","CARL",2,"Carlton","Sydney Swans"
2019,3,"Callum","Mills","SYD",1,"Carlton","Sydney Swans"
2019,3,"Jarrad","McVeigh","SYD",1,"Carlton","Sydney Swans"
2019,3,"Jeremy","Cameron","GWS",10,"GWS Giants","Richmond"
2019,3,"Lachie","Whitfield","GWS",8,"GWS Giants","Richmond"
2019,3,"Jeremy","Finlayson","GWS",4,"GWS Giants","Richmond"
2019,3,"Jacob","Hopper","GWS",3,"GWS Giants","Richmond"
2019,3,"Tim","Taranto","GWS",2,"GWS Giants","Richmond"
2019,3,"Stephen","Coniglio","GWS",2,"GWS Giants","Richmond"
2019,3,"Sydney","Stack","RICH",1,"GWS Giants","Richmond"
2019,3,"Lachie","Neale","BL",10,"Brisbane Lions","Port Adelaide"
2019,3,"Connor","Rozee","PORT",7,"Brisbane Lions","Port Adelaide"
2019,3,"Eric","Hipwood","BL",6,"Brisbane Lions","Port Adelaide"
2019,3,"Daniel","Rich","BL",3,"Brisbane Lions","Port Adelaide"
2019,3,"Sam","Powell-Pepper","PORT",2,"Brisbane Lions","Port Adelaide"
2019,3,"Travis","Boak","PORT",1,"Brisbane Lions","Port Adelaide"
2019,3,"Mitch","Robinson","BL",1,"Brisbane Lions","Port Adelaide"
2019,3,"Andrew","Gaff","WCE",9,"Collingwood","West Coast Eagles"
2019,3,"Jamie","Cripps","WCE",8,"Collingwood","West Coast Eagles"
2019,3,"Luke","Shuey","WCE",7,"Collingwood","West Coast Eagles"
2019,3,"Dom","Sheed","WCE",4,"Collingwood","West Coast Eagles"
2019,3,"Jeremy","Howe","COLL",2,"Collingwood","West Coast Eagles"
2019,3,"Marcus","Bontempelli","WB",10,"Western Bulldogs","Gold Coast Suns"
2019,3,"Jack","Martin","GCFC",6,"Western Bulldogs","Gold Coast Suns"
2019,3,"Lachie","Weller","GCFC",4,"Western Bulldogs","Gold Coast Suns"
2019,3,"Jack","Bowes","GCFC",4,"Western Bulldogs","Gold Coast Suns"
2019,3,"Brayden","Fiorini","GCFC",2,"Western Bulldogs","Gold Coast Suns"
2019,3,"Tom","Liberatore","WB",2,"Western Bulldogs","Gold Coast Suns"
2019,3,"Matthew","Suckling","WB",1,"Western Bulldogs","Gold Coast Suns"
2019,3,"Jarrod","Witts","GCFC",1,"Western Bulldogs","Gold Coast Suns"
2019,3,"Luke","Breust","HAW",8,"Hawthorn","North Melbourne"
2019,3,"Jaeger","O'Meara","HAW",8,"Hawthorn","North Melbourne"
2019,3,"Ben","Cunnington","NMFC",6,"Hawthorn","North Melbourne"
2019,3,"Ricky","Henderson","HAW",5,"Hawthorn","North Melbourne"
2019,3,"Shaun","Higgins","NMFC",3,"Hawthorn","North Melbourne"
2019,3,"Luke","Ryan","FRE",9,"Fremantle","St Kilda"
2019,3,"Michael","Walters","FRE",9,"Fremantle","St Kilda"
2019,3,"Rowan","Marshall","STK",3,"Fremantle","St Kilda"
2019,3,"David","Mundy","FRE",3,"Fremantle","St Kilda"
2019,3,"Jade","Gresham","STK",3,"Fremantle","St Kilda"
2019,3,"Jack","Billings","STK",3,"Fremantle","St Kilda"
2019,4,"Nathan","Jones","MELB",9,"Sydney Swans","Melbourne"
2019,4,"Max","Gawn","MELB",9,"Sydney Swans","Melbourne"
2019,4,"Oliver","Florent","SYD",4,"Sydney Swans","Melbourne"
2019,4,"Clayton","Oliver","MELB",4,"Sydney Swans","Melbourne"
2019,4,"Jayden","Hunt","MELB",2,"Sydney Swans","Melbourne"
2019,4,"Christian","Salem","MELB",2,"Sydney Swans","Melbourne"
2019,4,"Marcus","Bontempelli","WB",9,"Collingwood","Western Bulldogs"
2019,4,"Brodie","Grundy","COLL",8,"Collingwood","Western Bulldogs"
2019,4,"Tom","Phillips","COLL",5,"Collingwood","Western Bulldogs"
2019,4,"Hayden","Crozier","WB",4,"Collingwood","Western Bulldogs"
2019,4,"Caleb","Daniel","WB",2,"Collingwood","Western Bulldogs"
2019,4,"Jordan","De Goey","COLL",2,"Collingwood","Western Bulldogs"
2019,4,"Lachie","Whitfield","GWS",10,"Geelong Cats","GWS Giants"
2019,4,"Jacob","Hopper","GWS",7,"Geelong Cats","GWS Giants"
2019,4,"Stephen","Coniglio","GWS",5,"Geelong Cats","GWS Giants"
2019,4,"Jeremy","Cameron","GWS",3,"Geelong Cats","GWS Giants"
2019,4,"Tim","Taranto","GWS",2,"Geelong Cats","GWS Giants"
2019,4,"Tom","Stewart","GEEL",2,"Geelong Cats","GWS Giants"
2019,4,"Tom","Hawkins","GEEL",1,"Geelong Cats","GWS Giants"
2019,4,"Anthony","McDonald-Tipungwuti","ESS",10,"Essendon","Brisbane Lions"
2019,4,"Zach","Merrett","ESS",8,"Essendon","Brisbane Lions"
2019,4,"Cale","Hooker","ESS",5,"Essendon","Brisbane Lions"
2019,4,"Mitch","Brown","ESS",3,"Essendon","Brisbane Lions"
2019,4,"Lachie","Neale","BL",2,"Essendon","Brisbane Lions"
2019,4,"Patrick","Ambrose","ESS",1,"Essendon","Brisbane Lions"
2019,4,"David","Zaharakis","ESS",1,"Essendon","Brisbane Lions"
2019,4,"Dylan","Grimes","RICH",10,"Port Adelaide","Richmond"
2019,4,"Tom","J Lynch","RICH",7,"Port Adelaide","Richmond"
2019,4,"Shane","Edwards","RICH",4,"Port Adelaide","Richmond"
2019,4,"Travis","Boak","PORT",3,"Port Adelaide","Richmond"
2019,4,"Brandon","Ellis","RICH",3,"Port Adelaide","Richmond"
2019,4,"Toby","Nankervis","RICH",2,"Port Adelaide","Richmond"
2019,4,"Tom","Rockliff","PORT",1,"Port Adelaide","Richmond"
2019,4,"Shannon","Hurn","WCE",10,"West Coast Eagles","Fremantle"
2019,4,"David","Mundy","FRE",7,"West Coast Eagles","Fremantle"
2019,4,"Jack","Redden","WCE",5,"West Coast Eagles","Fremantle"
2019,4,"Andrew","Gaff","WCE",4,"West Coast Eagles","Fremantle"
2019,4,"Matt","Taberner","FRE",2,"West Coast Eagles","Fremantle"
2019,4,"Mark","Hutchings","WCE",1,"West Coast Eagles","Fremantle"
2019,4,"Elliot","Yeo","WCE",1,"West Coast Eagles","Fremantle"
2019,4,"Shaun","Higgins","NMFC",9,"North Melbourne","Adelaide Crows"
2019,4,"Jed","Anderson","NMFC",7,"North Melbourne","Adelaide Crows"
2019,4,"Todd","Goldstein","NMFC",5,"North Melbourne","Adelaide Crows"
2019,4,"Ben","Brown","NMFC",4,"North Melbourne","Adelaide Crows"
2019,4,"Jasper","Pittard","NMFC",3,"North Melbourne","Adelaide Crows"
2019,4,"Rory","Laird","ADEL",1,"North Melbourne","Adelaide Crows"
2019,4,"Jared","Polec","NMFC",1,"North Melbourne","Adelaide Crows"
2019,4,"Patrick","Cripps","CARL",10,"Gold Coast Suns","Carlton"
2019,4,"Touk","Miller","GCFC",8,"Gold Coast Suns","Carlton"
2019,4,"Sam","Walsh","CARL",5,"Gold Coast Suns","Carlton"
2019,4,"David","Swallow","GCFC",4,"Gold Coast Suns","Carlton"
2019,4,"Jacob","Weitering","CARL",2,"Gold Coast Suns","Carlton"
2019,4,"Brayden","Fiorini","GCFC",1,"Gold Coast Suns","Carlton"
2019,4,"Sebastian","Ross","STK",10,"St Kilda","Hawthorn"
2019,4,"Jack","Lonie","STK",6,"St Kilda","Hawthorn"
2019,4,"Jack","Billings","STK",4,"St Kilda","Hawthorn"
2019,4,"Rowan","Marshall","STK",4,"St Kilda","Hawthorn"
2019,4,"James","Sicily","HAW",3,"St Kilda","Hawthorn"
2019,4,"Tom","Scully","HAW",2,"St Kilda","Hawthorn"
2019,4,"Ricky","Henderson","HAW",1,"St Kilda","Hawthorn"
2019,5,"Adam","Treloar","COLL",9,"Brisbane Lions","Collingwood"
2019,5,"Brody","Mihocek","COLL",6,"Brisbane Lions","Collingwood"
2019,5,"Brodie","Grundy","COLL",6,"Brisbane Lions","Collingwood"
2019,5,"Scott","Pendlebury","COLL",3,"Brisbane Lions","Collingwood"
2019,5,"Tom","Phillips","COLL",3,"Brisbane Lions","Collingwood"
2019,5,"Jaidyn","Stephenson","COLL",2,"Brisbane Lions","Collingwood"
2019,5,"Hugh","McCluggage","BL",1,"Brisbane Lions","Collingwood"
2019,5,"Zach","Merrett","ESS",8,"North Melbourne","Essendon"
2019,5,"Dylan","Shiel","ESS",8,"North Melbourne","Essendon"
2019,5,"Dyson","Heppell","ESS",5,"North Melbourne","Essendon"
2019,5,"Michael","Hurley","ESS",4,"North Melbourne","Essendon"
2019,5,"Orazio","Fantasia","ESS",4,"North Melbourne","Essendon"
2019,5,"Cale","Hooker","ESS",1,"North Melbourne","Essendon"
2019,5,"Ollie","Wines","PORT",10,"West Coast Eagles","Port Adelaide"
2019,5,"Sam","Gray","PORT",8,"West Coast Eagles","Port Adelaide"
2019,5,"Sam","Powell-Pepper","PORT",3,"West Coast Eagles","Port Adelaide"
2019,5,"Dan","Houston","PORT",3,"West Coast Eagles","Port Adelaide"
2019,5,"Scott","Lycett","PORT",2,"West Coast Eagles","Port Adelaide"
2019,5,"Jack","Petruccelle","WCE",2,"West Coast Eagles","Port Adelaide"
2019,5,"Dougal","Howard","PORT",2,"West Coast Eagles","Port Adelaide"
2019,5,"Michael","Walters","FRE",9,"GWS Giants","Fremantle"
2019,5,"Nathan","Fyfe","FRE",8,"GWS Giants","Fremantle"
2019,5,"Matt","Taberner","FRE",5,"GWS Giants","Fremantle"
2019,5,"Stephen","Coniglio","GWS",3,"GWS Giants","Fremantle"
2019,5,"Ed","Langdon","FRE",2,"GWS Giants","Fremantle"
2019,5,"Alex","Pearce","FRE",2,"GWS Giants","Fremantle"
2019,5,"Jesse","Hogan","FRE",1,"GWS Giants","Fremantle"
2019,5,"Tim","Membrey","STK",8,"Melbourne","St Kilda"
2019,5,"Jack","Billings","STK",7,"Melbourne","St Kilda"
2019,5,"Dean","Kent","STK",7,"Melbourne","St Kilda"
2019,5,"Jarryn","Geary","STK",4,"Melbourne","St Kilda"
2019,5,"Jack","Newnes","STK",2,"Melbourne","St Kilda"
2019,5,"Ben","Paton","STK",1,"Melbourne","St Kilda"
2019,5,"Jack","Steele","STK",1,"Melbourne","St Kilda"
2019,5,"Harry","McKay","CARL",10,"Western Bulldogs","Carlton"
2019,5,"Patrick","Cripps","CARL",7,"Western Bulldogs","Carlton"
2019,5,"Sam","Petrevski-Seton","CARL",7,"Western Bulldogs","Carlton"
2019,5,"Zac","Fisher","CARL",4,"Western Bulldogs","Carlton"
2019,5,"Lachie","Plowman","CARL",1,"Western Bulldogs","Carlton"
2019,5,"Marcus","Bontempelli","WB",1,"Western Bulldogs","Carlton"
2019,5,"Eddie","Betts","ADEL",9,"Adelaide Crows","Gold Coast Suns"
2019,5,"Brodie","Smith","ADEL",9,"Adelaide Crows","Gold Coast Suns"
2019,5,"Rory","Sloane","ADEL",5,"Adelaide Crows","Gold Coast Suns"
2019,5,"Brad","Crouch","ADEL",3,"Adelaide Crows","Gold Coast Suns"
2019,5,"Cameron","Ellis-Yolmen","ADEL",2,"Adelaide Crows","Gold Coast Suns"
2019,5,"David","MacKay","ADEL",2,"Adelaide Crows","Gold Coast Suns"
2019,5,"Dustin","Martin","RICH",9,"Richmond","Sydney Swans"
2019,5,"Dion","Prestia","RICH",7,"Richmond","Sydney Swans"
2019,5,"Shane","Edwards","RICH",6,"Richmond","Sydney Swans"
2019,5,"Toby","Nankervis","RICH",3,"Richmond","Sydney Swans"
2019,5,"Kamdyn","McIntosh","RICH",2,"Richmond","Sydney Swans"
2019,5,"Lance","Franklin","SYD",2,"Richmond","Sydney Swans"
2019,5,"Luke","Parker","SYD",1,"Richmond","Sydney Swans"
2019,5,"Gary","Ablett","GEEL",9,"Hawthorn","Geelong Cats"
2019,5,"Joel","Selwood","GEEL",7,"Hawthorn","Geelong Cats"
2019,5,"Ricky","Henderson","HAW",4,"Hawthorn","Geelong Cats"
2019,5,"Gary","Rohan","GEEL",4,"Hawthorn","Geelong Cats"
2019,5,"Ben","McEvoy","HAW",4,"Hawthorn","Geelong Cats"
2019,5,"Mark","O'Connor","GEEL",2,"Hawthorn","Geelong Cats"
2019,6,"Nick","Vlastuin","RICH",10,"Richmond","Melbourne"
2019,6,"Bachar","Houli","RICH",7,"Richmond","Melbourne"
2019,6,"Dion","Prestia","RICH",6,"Richmond","Melbourne"
2019,6,"Kane","Lambert","RICH",5,"Richmond","Melbourne"
2019,6,"Dylan","Grimes","RICH",2,"Richmond","Melbourne"
2019,6,"Scott","Pendlebury","COLL",10,"Essendon","Collingwood"
2019,6,"Brodie","Grundy","COLL",8,"Essendon","Collingwood"
2019,6,"Dylan","Shiel","ESS",5,"Essendon","Collingwood"
2019,6,"Joe","Daniher","ESS",3,"Essendon","Collingwood"
2019,6,"Jeremy","Howe","COLL",3,"Essendon","Collingwood"
2019,6,"Adam","Saad","ESS",1,"Essendon","Collingwood"
2019,6,"Travis","Boak","PORT",10,"Port Adelaide","North Melbourne"
2019,6,"Sam","Gray","PORT",7,"Port Adelaide","North Melbourne"
2019,6,"Ben","Cunnington","NMFC",6,"Port Adelaide","North Melbourne"
2019,6,"Tom","Clurey","PORT",5,"Port Adelaide","North Melbourne"
2019,6,"Brad","Ebert","PORT",1,"Port Adelaide","North Melbourne"
2019,6,"Connor","Rozee","PORT",1,"Port Adelaide","North Melbourne"
2019,6,"Lachie","Neale","BL",10,"Gold Coast Suns","Brisbane Lions"
2019,6,"Mitch","Robinson","BL",8,"Gold Coast Suns","Brisbane Lions"
2019,6,"Charlie","Cameron","BL",6,"Gold Coast Suns","Brisbane Lions"
2019,6,"Hugh","McCluggage","BL",3,"Gold Coast Suns","Brisbane Lions"
2019,6,"Jarryd","Lyons","BL",2,"Gold Coast Suns","Brisbane Lions"
2019,6,"Daniel","Rich","BL",1,"Gold Coast Suns","Brisbane Lions"
2019,6,"Taylor","Walker","ADEL",9,"St Kilda","Adelaide Crows"
2019,6,"Alex","Keath","ADEL",6,"St Kilda","Adelaide Crows"
2019,6,"Brad","Crouch","ADEL",5,"St Kilda","Adelaide Crows"
2019,6,"Matt","Crouch","ADEL",4,"St Kilda","Adelaide Crows"
2019,6,"Rory","Laird","ADEL",3,"St Kilda","Adelaide Crows"
2019,6,"Reilly","O'Brien","ADEL",2,"St Kilda","Adelaide Crows"
2019,6,"Daniel","McKenzie","STK",1,"St Kilda","Adelaide Crows"
2019,6,"Lachie","Hunter","WB",10,"Fremantle","Western Bulldogs"
2019,6,"David","Mundy","FRE",8,"Fremantle","Western Bulldogs"
2019,6,"Caleb","Daniel","WB",3,"Fremantle","Western Bulldogs"
2019,6,"Bradley","Hill","FRE",3,"Fremantle","Western Bulldogs"
2019,6,"Nathan","Wilson","FRE",2,"Fremantle","Western Bulldogs"
2019,6,"Joel","Hamling","FRE",2,"Fremantle","Western Bulldogs"
2019,6,"Nathan","Fyfe","FRE",1,"Fremantle","Western Bulldogs"
2019,6,"Tim","English","WB",1,"Fremantle","Western Bulldogs"
2019,6,"Tim","Taranto","GWS",9,"Sydney Swans","GWS Giants"
2019,6,"Stephen","Coniglio","GWS",8,"Sydney Swans","GWS Giants"
2019,6,"Zac","Williams","GWS",6,"Sydney Swans","GWS Giants"
2019,6,"Shane","Mumford","GWS",3,"Sydney Swans","GWS Giants"
2019,6,"Jacob","Hopper","GWS",2,"Sydney Swans","GWS Giants"
2019,6,"Nick","Haynes","GWS",1,"Sydney Swans","GWS Giants"
2019,6,"Jeremy","Cameron","GWS",1,"Sydney Swans","GWS Giants"
2019,6,"Jaeger","O'Meara","HAW",10,"Hawthorn","Carlton"
2019,6,"Liam","Shiels","HAW",8,"Hawthorn","Carlton"
2019,6,"James","Sicily","HAW",5,"Hawthorn","Carlton"
2019,6,"Matthew","Kreuzer","CARL",3,"Hawthorn","Carlton"
2019,6,"Patrick","Cripps","CARL",2,"Hawthorn","Carlton"
2019,6,"Ed","Curnow","CARL",1,"Hawthorn","Carlton"
2019,6,"Liam","Jones","CARL",1,"Hawthorn","Carlton"
2019,6,"Gary","Ablett","GEEL",10,"Geelong Cats","West Coast Eagles"
2019,6,"Gary","Rohan","GEEL",5,"Geelong Cats","West Coast Eagles"
2019,6,"Patrick","Dangerfield","GEEL",4,"Geelong Cats","West Coast Eagles"
2019,6,"Tom","Stewart","GEEL",4,"Geelong Cats","West Coast Eagles"
2019,6,"Mark","O'Connor","GEEL",3,"Geelong Cats","West Coast Eagles"
2019,6,"Jake","Kolodjashnij","GEEL",2,"Geelong Cats","West Coast Eagles"
2019,6,"Mark","Blicavs","GEEL",2,"Geelong Cats","West Coast Eagles"
2019,7,"Scott","Pendlebury","COLL",10,"Collingwood","Port Adelaide"
2019,7,"Darcy","Moore","COLL",6,"Collingwood","Port Adelaide"
2019,7,"Jack","Crisp","COLL",4,"Collingwood","Port Adelaide"
2019,7,"Adam","Treloar","COLL",4,"Collingwood","Port Adelaide"
2019,7,"Brodie","Grundy","COLL",3,"Collingwood","Port Adelaide"
2019,7,"Jaidyn","Stephenson","COLL",2,"Collingwood","Port Adelaide"
2019,7,"Tom","Phillips","COLL",1,"Collingwood","Port Adelaide"
2019,7,"James","Harmes","MELB",10,"Melbourne","Hawthorn"
2019,7,"Max","Gawn","MELB",8,"Melbourne","Hawthorn"
2019,7,"Liam","Shiels","HAW",4,"Melbourne","Hawthorn"
2019,7,"Clayton","Oliver","MELB",4,"Melbourne","Hawthorn"
2019,7,"Jack","Gunston","HAW",2,"Melbourne","Hawthorn"
2019,7,"Blake","Hardwick","HAW",2,"Melbourne","Hawthorn"
2019,7,"Jeremy","Cameron","GWS",10,"GWS Giants","St Kilda"
2019,7,"Zac","Williams","GWS",7,"GWS Giants","St Kilda"
2019,7,"Nick","Haynes","GWS",7,"GWS Giants","St Kilda"
2019,7,"Rowan","Marshall","STK",2,"GWS Giants","St Kilda"
2019,7,"Tim","Taranto","GWS",2,"GWS Giants","St Kilda"
2019,7,"Sebastian","Ross","STK",2,"GWS Giants","St Kilda"
2019,7,"Hugh","McCluggage","BL",9,"Brisbane Lions","Sydney Swans"
2019,7,"Dayne","Zorko","BL",9,"Brisbane Lions","Sydney Swans"
2019,7,"Tom","Papley","SYD",5,"Brisbane Lions","Sydney Swans"
2019,7,"Stefan","Martin","BL",3,"Brisbane Lions","Sydney Swans"
2019,7,"Charlie","Cameron","BL",3,"Brisbane Lions","Sydney Swans"
2019,7,"George","Hewett","SYD",1,"Brisbane Lions","Sydney Swans"
2019,7,"Elliot","Yeo","WCE",9,"West Coast Eagles","Gold Coast Suns"
2019,7,"Luke","Shuey","WCE",9,"West Coast Eagles","Gold Coast Suns"
2019,7,"Jack","Darling","WCE",5,"West Coast Eagles","Gold Coast Suns"
2019,7,"Brad","Sheppard","WCE",3,"West Coast Eagles","Gold Coast Suns"
2019,7,"Andrew","Gaff","WCE",2,"West Coast Eagles","Gold Coast Suns"
2019,7,"Jeremy","McGovern","WCE",1,"West Coast Eagles","Gold Coast Suns"
2019,7,"Dom","Sheed","WCE",1,"West Coast Eagles","Gold Coast Suns"
2019,7,"Aaron","Naughton","WB",10,"Western Bulldogs","Richmond"
2019,7,"Marcus","Bontempelli","WB",8,"Western Bulldogs","Richmond"
2019,7,"Josh","Dunkley","WB",5,"Western Bulldogs","Richmond"
2019,7,"Caleb","Daniel","WB",3,"Western Bulldogs","Richmond"
2019,7,"Hayden","Crozier","WB",2,"Western Bulldogs","Richmond"
2019,7,"Toby","McLean","WB",1,"Western Bulldogs","Richmond"
2019,7,"Jackson","Trengove","WB",1,"Western Bulldogs","Richmond"
2019,7,"Ben","Cunnington","NMFC",8,"Carlton","North Melbourne"
2019,7,"Trent","Dumont","NMFC",7,"Carlton","North Melbourne"
2019,7,"Jack","Ziebell","NMFC",5,"Carlton","North Melbourne"
2019,7,"Cameron","Zurhaar","NMFC",5,"Carlton","North Melbourne"
2019,7,"Shaun","Higgins","NMFC",4,"Carlton","North Melbourne"
2019,7,"Ben","Brown","NMFC",1,"Carlton","North Melbourne"
2019,7,"Tim","Kelly","GEEL",9,"Geelong Cats","Essendon"
2019,7,"Gary","Ablett","GEEL",6,"Geelong Cats","Essendon"
2019,7,"Tom","Stewart","GEEL",6,"Geelong Cats","Essendon"
2019,7,"Mark","Blicavs","GEEL",5,"Geelong Cats","Essendon"
2019,7,"Mitch","Duncan","GEEL",2,"Geelong Cats","Essendon"
2019,7,"Tom","Atkins","GEEL",1,"Geelong Cats","Essendon"
2019,7,"Jake","Stringer","ESS",1,"Geelong Cats","Essendon"
2019,7,"Brodie","Smith","ADEL",8,"Adelaide Crows","Fremantle"
2019,7,"Reilly","O'Brien","ADEL",6,"Adelaide Crows","Fremantle"
2019,7,"Matt","Crouch","ADEL",5,"Adelaide Crows","Fremantle"
2019,7,"Nathan","Fyfe","FRE",4,"Adelaide Crows","Fremantle"
2019,7,"Alex","Pearce","FRE",3,"Adelaide Crows","Fremantle"
2019,7,"Luke","Ryan","FRE",2,"Adelaide Crows","Fremantle"
2019,7,"Rory","Sloane","ADEL",2,"Adelaide Crows","Fremantle"
2019,8,"Luke","Parker","SYD",10,"Sydney Swans","Essendon"
2019,8,"Orazio","Fantasia","ESS",8,"Sydney Swans","Essendon"
2019,8,"George","Hewett","SYD",5,"Sydney Swans","Essendon"
2019,8,"Callum","Sinclair","SYD",3,"Sydney Swans","Essendon"
2019,8,"Dane","Rampe","SYD",2,"Sydney Swans","Essendon"
2019,8,"Dyson","Heppell","ESS",1,"Sydney Swans","Essendon"
2019,8,"Zach","Merrett","ESS",1,"Sydney Swans","Essendon"
2019,8,"Josh","Dunkley","WB",10,"Western Bulldogs","Brisbane Lions"
2019,8,"Dayne","Zorko","BL",5,"Western Bulldogs","Brisbane Lions"
2019,8,"Jason","Johannisen","WB",4,"Western Bulldogs","Brisbane Lions"
2019,8,"Hugh","McCluggage","BL",3,"Western Bulldogs","Brisbane Lions"
2019,8,"Sam","Lloyd","WB",3,"Western Bulldogs","Brisbane Lions"
2019,8,"Mitch","Robinson","BL",2,"Western Bulldogs","Brisbane Lions"
2019,8,"Jackson","Trengove","WB",2,"Western Bulldogs","Brisbane Lions"
2019,8,"Marcus","Bontempelli","WB",1,"Western Bulldogs","Brisbane Lions"
2019,8,"Patrick","Cripps","CARL",10,"Carlton","Collingwood"
2019,8,"Brodie","Grundy","COLL",7,"Carlton","Collingwood"
2019,8,"Tom","Phillips","COLL",5,"Carlton","Collingwood"
2019,8,"Steele","Sidebottom","COLL",4,"Carlton","Collingwood"
2019,8,"Jordan","De Goey","COLL",2,"Carlton","Collingwood"
2019,8,"Caleb","Marchbank","CARL",1,"Carlton","Collingwood"
2019,8,"Callum","L Brown","COLL",1,"Carlton","Collingwood"
2019,8,"David","Swallow","GCFC",9,"Gold Coast Suns","Melbourne"
2019,8,"Clayton","Oliver","MELB",9,"Gold Coast Suns","Melbourne"
2019,8,"Nathan","Jones","MELB",5,"Gold Coast Suns","Melbourne"
2019,8,"Jake","Melksham","MELB",3,"Gold Coast Suns","Melbourne"
2019,8,"James","Harmes","MELB",2,"Gold Coast Suns","Melbourne"
2019,8,"Darcy","MacPherson","GCFC",1,"Gold Coast Suns","Melbourne"
2019,8,"Ben","Ainsworth","GCFC",1,"Gold Coast Suns","Melbourne"
2019,8,"Alex","Keath","ADEL",10,"Port Adelaide","Adelaide Crows"
2019,8,"Tom","Lynch","ADEL",8,"Port Adelaide","Adelaide Crows"
2019,8,"Rory","Sloane","ADEL",6,"Port Adelaide","Adelaide Crows"
2019,8,"Rory","Laird","ADEL",4,"Port Adelaide","Adelaide Crows"
2019,8,"Dan","Houston","PORT",1,"Port Adelaide","Adelaide Crows"
2019,8,"Daniel","Talia","ADEL",1,"Port Adelaide","Adelaide Crows"
2019,8,"Elliot","Yeo","WCE",9,"St Kilda","West Coast Eagles"
2019,8,"Luke","Shuey","WCE",5,"St Kilda","West Coast Eagles"
2019,8,"Liam","Ryan","WCE",4,"St Kilda","West Coast Eagles"
2019,8,"Josh","Bruce","STK",4,"St Kilda","West Coast Eagles"
2019,8,"Jack","Billings","STK",3,"St Kilda","West Coast Eagles"
2019,8,"Shannon","Hurn","WCE",2,"St Kilda","West Coast Eagles"
2019,8,"Jamie","Cripps","WCE",2,"St Kilda","West Coast Eagles"
2019,8,"Luke","Dunstan","STK",1,"St Kilda","West Coast Eagles"
2019,8,"Tim","Kelly","GEEL",10,"North Melbourne","Geelong Cats"
2019,8,"Gary","Ablett","GEEL",7,"North Melbourne","Geelong Cats"
2019,8,"Ben","Cunnington","NMFC",7,"North Melbourne","Geelong Cats"
2019,8,"Ben","Brown","NMFC",4,"North Melbourne","Geelong Cats"
2019,8,"Mitch","Duncan","GEEL",2,"North Melbourne","Geelong Cats"
2019,8,"Ricky","Henderson","HAW",10,"Hawthorn","GWS Giants"
2019,8,"James","Sicily","HAW",7,"Hawthorn","GWS Giants"
2019,8,"James","Frawley","HAW",4,"Hawthorn","GWS Giants"
2019,8,"James","Cousins","HAW",3,"Hawthorn","GWS Giants"
2019,8,"Liam","Shiels","HAW",2,"Hawthorn","GWS Giants"
2019,8,"Ben","Stratton","HAW",2,"Hawthorn","GWS Giants"
2019,8,"Blake","Hardwick","HAW",1,"Hawthorn","GWS Giants"
2019,8,"Jarman","Impey","HAW",1,"Hawthorn","GWS Giants"
2019,8,"Nathan","Fyfe","FRE",9,"Fremantle","Richmond"
2019,8,"Shai","Bolton","RICH",6,"Fremantle","Richmond"
2019,8,"Bachar","Houli","RICH",5,"Fremantle","Richmond"
2019,8,"Brandon","Ellis","RICH",4,"Fremantle","Richmond"
2019,8,"Tom","J Lynch","RICH",3,"Fremantle","Richmond"
2019,8,"Kamdyn","McIntosh","RICH",2,"Fremantle","Richmond"
2019,8,"Dylan","Grimes","RICH",1,"Fremantle","Richmond"
2019,9,"Shannon","Hurn","WCE",9,"West Coast Eagles","Melbourne"
2019,9,"Elliot","Yeo","WCE",9,"West Coast Eagles","Melbourne"
2019,9,"Max","Gawn","MELB",6,"West Coast Eagles","Melbourne"
2019,9,"Jeremy","McGovern","WCE",2,"West Coast Eagles","Melbourne"
2019,9,"Jayden","Hunt","MELB",2,"West Coast Eagles","Melbourne"
2019,9,"James","Harmes","MELB",1,"West Coast Eagles","Melbourne"
2019,9,"Andrew","Gaff","WCE",1,"West Coast Eagles","Melbourne"
2019,9,"Brodie","Grundy","COLL",9,"Collingwood","St Kilda"
2019,9,"Steele","Sidebottom","COLL",9,"Collingwood","St Kilda"
2019,9,"Luke","Dunstan","STK",5,"Collingwood","St Kilda"
2019,9,"Scott","Pendlebury","COLL",3,"Collingwood","St Kilda"
2019,9,"Tim","Membrey","STK",2,"Collingwood","St Kilda"
2019,9,"Ben","Reid","COLL",2,"Collingwood","St Kilda"
2019,9,"Lachie","Neale","BL",10,"Brisbane Lions","Adelaide Crows"
2019,9,"Charlie","Cameron","BL",7,"Brisbane Lions","Adelaide Crows"
2019,9,"Dayne","Zorko","BL",5,"Brisbane Lions","Adelaide Crows"
2019,9,"Harris","Andrews","BL",4,"Brisbane Lions","Adelaide Crows"
2019,9,"Brad","Crouch","ADEL",3,"Brisbane Lions","Adelaide Crows"
2019,9,"Daniel","Rich","BL",1,"Brisbane Lions","Adelaide Crows"
2019,9,"Mitch","Duncan","GEEL",10,"Geelong Cats","Western Bulldogs"
2019,9,"Mitch","Wallis","WB",8,"Geelong Cats","Western Bulldogs"
2019,9,"Tom","Hawkins","GEEL",4,"Geelong Cats","Western Bulldogs"
2019,9,"Tim","Kelly","GEEL",3,"Geelong Cats","Western Bulldogs"
2019,9,"Gary","Rohan","GEEL",2,"Geelong Cats","Western Bulldogs"
2019,9,"Mark","Blicavs","GEEL",2,"Geelong Cats","Western Bulldogs"
2019,9,"Bailey","Smith","WB",1,"Geelong Cats","Western Bulldogs"
2019,9,"David","Mundy","FRE",8,"Essendon","Fremantle"
2019,9,"David","Zaharakis","ESS",8,"Essendon","Fremantle"
2019,9,"Jake","Stringer","ESS",5,"Essendon","Fremantle"
2019,9,"Zach","Merrett","ESS",3,"Essendon","Fremantle"
2019,9,"Matt","Guelfi","ESS",2,"Essendon","Fremantle"
2019,9,"Dylan","Shiel","ESS",2,"Essendon","Fremantle"
2019,9,"Michael","Hurley","ESS",2,"Essendon","Fremantle"
2019,9,"George","Hewett","SYD",10,"North Melbourne","Sydney Swans"
2019,9,"Tom","Papley","SYD",6,"North Melbourne","Sydney Swans"
2019,9,"Jack","Ziebell","NMFC",5,"North Melbourne","Sydney Swans"
2019,9,"Luke","Parker","SYD",4,"North Melbourne","Sydney Swans"
2019,9,"Dane","Rampe","SYD",3,"North Melbourne","Sydney Swans"
2019,9,"Trent","Dumont","NMFC",1,"North Melbourne","Sydney Swans"
2019,9,"Jy","Simpkin","NMFC",1,"North Melbourne","Sydney Swans"
2019,9,"Travis","Boak","PORT",10,"Port Adelaide","Gold Coast Suns"
2019,9,"Brayden","Fiorini","GCFC",8,"Port Adelaide","Gold Coast Suns"
2019,9,"Darcy","Byrne-Jones","PORT",5,"Port Adelaide","Gold Coast Suns"
2019,9,"Sam","Gray","PORT",4,"Port Adelaide","Gold Coast Suns"
2019,9,"Tom","Rockliff","PORT",2,"Port Adelaide","Gold Coast Suns"
2019,9,"Connor","Rozee","PORT",1,"Port Adelaide","Gold Coast Suns"
2019,9,"Dustin","Martin","RICH",10,"Richmond","Hawthorn"
2019,9,"Shane","Edwards","RICH",7,"Richmond","Hawthorn"
2019,9,"Bachar","Houli","RICH",4,"Richmond","Hawthorn"
2019,9,"Brandon","Ellis","RICH",3,"Richmond","Hawthorn"
2019,9,"Dylan","Grimes","RICH",2,"Richmond","Hawthorn"
2019,9,"Dion","Prestia","RICH",2,"Richmond","Hawthorn"
2019,9,"James","Sicily","HAW",1,"Richmond","Hawthorn"
2019,9,"Ricky","Henderson","HAW",1,"Richmond","Hawthorn"
2019,9,"Lachie","Whitfield","GWS",10,"GWS Giants","Carlton"
2019,9,"Tim","Taranto","GWS",7,"GWS Giants","Carlton"
2019,9,"Matt","De Boer","GWS",7,"GWS Giants","Carlton"
2019,9,"Josh","Kelly","GWS",4,"GWS Giants","Carlton"
2019,9,"Jeremy","Finlayson","GWS",2,"GWS Giants","Carlton"
2019,10,"Sam","Reid","SYD",10,"Sydney Swans","Collingwood"
2019,10,"Brodie","Grundy","COLL",8,"Sydney Swans","Collingwood"
2019,10,"Jack","Crisp","COLL",3,"Sydney Swans","Collingwood"
2019,10,"Luke","Parker","SYD",3,"Sydney Swans","Collingwood"
2019,10,"Scott","Pendlebury","COLL",3,"Sydney Swans","Collingwood"
2019,10,"Adam","Treloar","COLL",2,"Sydney Swans","Collingwood"
2019,10,"Levi","Greenwood","COLL",1,"Sydney Swans","Collingwood"
2019,10,"Jack","Gunston","HAW",10,"Hawthorn","Port Adelaide"
2019,10,"Ricky","Henderson","HAW",8,"Hawthorn","Port Adelaide"
2019,10,"James","Sicily","HAW",4,"Hawthorn","Port Adelaide"
2019,10,"Liam","Shiels","HAW",3,"Hawthorn","Port Adelaide"
2019,10,"Jonathon","Ceglar","HAW",3,"Hawthorn","Port Adelaide"
2019,10,"Matthew","Broadbent","PORT",2,"Hawthorn","Port Adelaide"
2019,10,"Todd","Goldstein","NMFC",10,"Western Bulldogs","North Melbourne"
2019,10,"Shaun","Higgins","NMFC",8,"Western Bulldogs","North Melbourne"
2019,10,"Josh","Dunkley","WB",5,"Western Bulldogs","North Melbourne"
2019,10,"Ben","Cunnington","NMFC",3,"Western Bulldogs","North Melbourne"
2019,10,"Mason","Wood","NMFC",3,"Western Bulldogs","North Melbourne"
2019,10,"Sam","Lloyd","WB",1,"Western Bulldogs","North Melbourne"
2019,10,"Luke","Shuey","WCE",10,"Adelaide Crows","West Coast Eagles"
2019,10,"Elliot","Yeo","WCE",8,"Adelaide Crows","West Coast Eagles"
2019,10,"Rory","Sloane","ADEL",4,"Adelaide Crows","West Coast Eagles"
2019,10,"Andrew","Gaff","WCE",4,"Adelaide Crows","West Coast Eagles"
2019,10,"Brad","Crouch","ADEL",3,"Adelaide Crows","West Coast Eagles"
2019,10,"Wayne","Milera","ADEL",1,"Adelaide Crows","West Coast Eagles"
2019,10,"Tim","Kelly","GEEL",9,"Gold Coast Suns","Geelong Cats"
2019,10,"Tom","Hawkins","GEEL",9,"Gold Coast Suns","Geelong Cats"
2019,10,"David","Swallow","GCFC",6,"Gold Coast Suns","Geelong Cats"
2019,10,"Mitch","Duncan","GEEL",2,"Gold Coast Suns","Geelong Cats"
2019,10,"Gary","Ablett","GEEL",2,"Gold Coast Suns","Geelong Cats"
2019,10,"Cameron","Guthrie","GEEL",1,"Gold Coast Suns","Geelong Cats"
2019,10,"Lachie","Weller","GCFC",1,"Gold Coast Suns","Geelong Cats"
2019,10,"Bachar","Houli","RICH",10,"Richmond","Essendon"
2019,10,"Dustin","Martin","RICH",7,"Richmond","Essendon"
2019,10,"Shane","Edwards","RICH",7,"Richmond","Essendon"
2019,10,"Dion","Prestia","RICH",4,"Richmond","Essendon"
2019,10,"Liam","Baker","RICH",1,"Richmond","Essendon"
2019,10,"Dylan","Grimes","RICH",1,"Richmond","Essendon"
2019,10,"Josh","Kelly","GWS",10,"Melbourne","GWS Giants"
2019,10,"Max","Gawn","MELB",6,"Melbourne","GWS Giants"
2019,10,"Harry","Himmelberg","GWS",6,"Melbourne","GWS Giants"
2019,10,"Tim","Taranto","GWS",4,"Melbourne","GWS Giants"
2019,10,"Lachie","Whitfield","GWS",3,"Melbourne","GWS Giants"
2019,10,"Nick","Haynes","GWS",1,"Melbourne","GWS Giants"
2019,10,"Jade","Gresham","STK",10,"St Kilda","Carlton"
2019,10,"Luke","Dunstan","STK",7,"St Kilda","Carlton"
2019,10,"Jack","Steele","STK",4,"St Kilda","Carlton"
2019,10,"Patrick","Cripps","CARL",4,"St Kilda","Carlton"
2019,10,"Levi","Casboult","CARL",2,"St Kilda","Carlton"
2019,10,"Tim","Membrey","STK",2,"St Kilda","Carlton"
2019,10,"Rowan","Marshall","STK",1,"St Kilda","Carlton"
2019,10,"Bradley","Hill","FRE",10,"Fremantle","Brisbane Lions"
2019,10,"Nathan","Wilson","FRE",7,"Fremantle","Brisbane Lions"
2019,10,"Harris","Andrews","BL",5,"Fremantle","Brisbane Lions"
2019,10,"Hugh","McCluggage","BL",5,"Fremantle","Brisbane Lions"
2019,10,"Luke","Ryan","FRE",3,"Fremantle","Brisbane Lions"
2019,11,"Ben","Cunnington","NMFC",10,"North Melbourne","Richmond"
2019,11,"Ben","Brown","NMFC",6,"North Melbourne","Richmond"
2019,11,"Shaun","Higgins","NMFC",4,"North Melbourne","Richmond"
2019,11,"Cameron","Zurhaar","NMFC",3,"North Melbourne","Richmond"
2019,11,"Jared","Polec","NMFC",3,"North Melbourne","Richmond"
2019,11,"Mason","Wood","NMFC",2,"North Melbourne","Richmond"
2019,11,"Robbie","Tarrant","NMFC",1,"North Melbourne","Richmond"
2019,11,"Bachar","Houli","RICH",1,"North Melbourne","Richmond"
2019,11,"Nathan","Fyfe","FRE",9,"Collingwood","Fremantle"
2019,11,"Bradley","Hill","FRE",8,"Collingwood","Fremantle"
2019,11,"Michael","Walters","FRE",4,"Collingwood","Fremantle"
2019,11,"Scott","Pendlebury","COLL",4,"Collingwood","Fremantle"
2019,11,"Nathan","Wilson","FRE",2,"Collingwood","Fremantle"
2019,11,"Jeremy","Howe","COLL",2,"Collingwood","Fremantle"
2019,11,"Brayden","Maynard","COLL",1,"Collingwood","Fremantle"
2019,11,"Stephen","Coniglio","GWS",10,"GWS Giants","Gold Coast Suns"
2019,11,"Josh","Kelly","GWS",7,"GWS Giants","Gold Coast Suns"
2019,11,"Jeremy","Cameron","GWS",7,"GWS Giants","Gold Coast Suns"
2019,11,"Jacob","Hopper","GWS",4,"GWS Giants","Gold Coast Suns"
2019,11,"Sam","Reid","GWS",1,"GWS Giants","Gold Coast Suns"
2019,11,"Nick","Holman","GCFC",1,"GWS Giants","Gold Coast Suns"
2019,11,"Patrick","Dangerfield","GEEL",10,"Geelong Cats","Sydney Swans"
2019,11,"Tim","Kelly","GEEL",6,"Geelong Cats","Sydney Swans"
2019,11,"Mark","Blicavs","GEEL",6,"Geelong Cats","Sydney Swans"
2019,11,"Tom","Stewart","GEEL",3,"Geelong Cats","Sydney Swans"
2019,11,"Tom","Hawkins","GEEL",3,"Geelong Cats","Sydney Swans"
2019,11,"George","Hewett","SYD",1,"Geelong Cats","Sydney Swans"
2019,11,"Brandan","Parfitt","GEEL",1,"Geelong Cats","Sydney Swans"
2019,11,"Brad","Crouch","ADEL",9,"Melbourne","Adelaide Crows"
2019,11,"Max","Gawn","MELB",9,"Melbourne","Adelaide Crows"
2019,11,"Tom","Lynch","ADEL",6,"Melbourne","Adelaide Crows"
2019,11,"Clayton","Oliver","MELB",4,"Melbourne","Adelaide Crows"
2019,11,"Rory","Laird","ADEL",2,"Melbourne","Adelaide Crows"
2019,11,"Harris","Andrews","BL",10,"Brisbane Lions","Hawthorn"
2019,11,"Jarryd","Lyons","BL",7,"Brisbane Lions","Hawthorn"
2019,11,"Lewis","Taylor","BL",5,"Brisbane Lions","Hawthorn"
2019,11,"Darcy","Gardiner","BL",5,"Brisbane Lions","Hawthorn"
2019,11,"Luke","Hodge","BL",2,"Brisbane Lions","Hawthorn"
2019,11,"Mitch","Robinson","BL",1,"Brisbane Lions","Hawthorn"
2019,11,"Travis","Boak","PORT",10,"St Kilda","Port Adelaide"
2019,11,"Robbie","Gray","PORT",8,"St Kilda","Port Adelaide"
2019,11,"Dougal","Howard","PORT",5,"St Kilda","Port Adelaide"
2019,11,"Dan","Houston","PORT",3,"St Kilda","Port Adelaide"
2019,11,"Riley","Bonner","PORT",3,"St Kilda","Port Adelaide"
2019,11,"Darcy","Byrne-Jones","PORT",1,"St Kilda","Port Adelaide"
2019,11,"Dyson","Heppell","ESS",10,"Essendon","Carlton"
2019,11,"Dylan","Clarke","ESS",6,"Essendon","Carlton"
2019,11,"Michael","Hurley","ESS",4,"Essendon","Carlton"
2019,11,"Andrew","McGrath","ESS",4,"Essendon","Carlton"
2019,11,"Darcy","Parish","ESS",3,"Essendon","Carlton"
2019,11,"Cale","Hooker","ESS",2,"Essendon","Carlton"
2019,11,"Nicholas","Newman","CARL",1,"Essendon","Carlton"
2019,11,"Jack","Darling","WCE",10,"West Coast Eagles","Western Bulldogs"
2019,11,"Andrew","Gaff","WCE",7,"West Coast Eagles","Western Bulldogs"
2019,11,"Caleb","Daniel","WB",5,"West Coast Eagles","Western Bulldogs"
2019,11,"Luke","Shuey","WCE",4,"West Coast Eagles","Western Bulldogs"
2019,11,"Josh","Dunkley","WB",2,"West Coast Eagles","Western Bulldogs"
2019,11,"Elliot","Yeo","WCE",2,"West Coast Eagles","Western Bulldogs"
2019,12,"Patrick","Dangerfield","GEEL",9,"Richmond","Geelong Cats"
2019,12,"Tim","Kelly","GEEL",6,"Richmond","Geelong Cats"
2019,12,"Gary","Ablett","GEEL",5,"Richmond","Geelong Cats"
2019,12,"Mitch","Duncan","GEEL",4,"Richmond","Geelong Cats"
2019,12,"Tom","Stewart","GEEL",4,"Richmond","Geelong Cats"
2019,12,"Gryan","Miers","GEEL",1,"Richmond","Geelong Cats"
2019,12,"Tom","Hawkins","GEEL",1,"Richmond","Geelong Cats"
2019,12,"Patrick","Cripps","CARL",10,"Carlton","Brisbane Lions"
2019,12,"Jacob","Weitering","CARL",6,"Carlton","Brisbane Lions"
2019,12,"Sam","Walsh","CARL",6,"Carlton","Brisbane Lions"
2019,12,"Ed","Curnow","CARL",5,"Carlton","Brisbane Lions"
2019,12,"Harris","Andrews","BL",2,"Carlton","Brisbane Lions"
2019,12,"Michael","Gibbons","CARL",1,"Carlton","Brisbane Lions"
2019,12,"Ben","Cunnington","NMFC",10,"Gold Coast Suns","North Melbourne"
2019,12,"Jack","Ziebell","NMFC",8,"Gold Coast Suns","North Melbourne"
2019,12,"Jared","Polec","NMFC",6,"Gold Coast Suns","North Melbourne"
2019,12,"Kayne","Turner","NMFC",3,"Gold Coast Suns","North Melbourne"
2019,12,"Jarrod","Harbrow","GCFC",2,"Gold Coast Suns","North Melbourne"
2019,12,"Will","Brodie","GCFC",1,"Gold Coast Suns","North Melbourne"
2019,12,"Tim","Taranto","GWS",8,"Adelaide Crows","GWS Giants"
2019,12,"Reilly","O'Brien","ADEL",8,"Adelaide Crows","GWS Giants"
2019,12,"Brad","Crouch","ADEL",6,"Adelaide Crows","GWS Giants"
2019,12,"Josh","Kelly","GWS",4,"Adelaide Crows","GWS Giants"
2019,12,"Matt","Crouch","ADEL",4,"Adelaide Crows","GWS Giants"
2019,12,"Tom","Papley","SYD",10,"Sydney Swans","West Coast Eagles"
2019,12,"Jake","Lloyd","SYD",8,"Sydney Swans","West Coast Eagles"
2019,12,"Luke","Parker","SYD",5,"Sydney Swans","West Coast Eagles"
2019,12,"Lance","Franklin","SYD",5,"Sydney Swans","West Coast Eagles"
2019,12,"Dane","Rampe","SYD",1,"Sydney Swans","West Coast Eagles"
2019,12,"Isaac","Heeney","SYD",1,"Sydney Swans","West Coast Eagles"
2019,12,"Adam","Treloar","COLL",9,"Collingwood","Melbourne"
2019,12,"Max","Gawn","MELB",8,"Collingwood","Melbourne"
2019,12,"Jaidyn","Stephenson","COLL",7,"Collingwood","Melbourne"
2019,12,"Steele","Sidebottom","COLL",4,"Collingwood","Melbourne"
2019,12,"Jeremy","Howe","COLL",1,"Collingwood","Melbourne"
2019,12,"Darcy","Moore","COLL",1,"Collingwood","Melbourne"
2019,13,"Brad","Crouch","ADEL",9,"Adelaide Crows","Richmond"
2019,13,"Reilly","O'Brien","ADEL",9,"Adelaide Crows","Richmond"
2019,13,"Josh","Jenkins","ADEL",3,"Adelaide Crows","Richmond"
2019,13,"Dustin","Martin","RICH",3,"Adelaide Crows","Richmond"
2019,13,"Rory","Sloane","ADEL",3,"Adelaide Crows","Richmond"
2019,13,"Matt","Crouch","ADEL",2,"Adelaide Crows","Richmond"
2019,13,"Sydney","Stack","RICH",1,"Adelaide Crows","Richmond"
2019,13,"Conor","McKenna","ESS",7,"Essendon","Hawthorn"
2019,13,"Michael","Hurley","ESS",6,"Essendon","Hawthorn"
2019,13,"Adam","Saad","ESS",5,"Essendon","Hawthorn"
2019,13,"Zach","Merrett","ESS",5,"Essendon","Hawthorn"
2019,13,"Ricky","Henderson","HAW",3,"Essendon","Hawthorn"
2019,13,"Jarman","Impey","HAW",3,"Essendon","Hawthorn"
2019,13,"Cale","Hooker","ESS",1,"Essendon","Hawthorn"
2019,13,"Jack","Billings","STK",10,"Gold Coast Suns","St Kilda"
2019,13,"Tim","Membrey","STK",8,"Gold Coast Suns","St Kilda"
2019,13,"David","Swallow","GCFC",6,"Gold Coast Suns","St Kilda"
2019,13,"Rowan","Marshall","STK",3,"Gold Coast Suns","St Kilda"
2019,13,"Luke","Dunstan","STK",2,"Gold Coast Suns","St Kilda"
2019,13,"Dean","Kent","STK",1,"Gold Coast Suns","St Kilda"
2019,13,"Michael","Walters","FRE",10,"Fremantle","Port Adelaide"
2019,13,"Nathan","Fyfe","FRE",8,"Fremantle","Port Adelaide"
2019,13,"Travis","Boak","PORT",5,"Fremantle","Port Adelaide"
2019,13,"Luke","Ryan","FRE",3,"Fremantle","Port Adelaide"
2019,13,"Ed","Langdon","FRE",2,"Fremantle","Port Adelaide"
2019,13,"Jesse","Hogan","FRE",2,"Fremantle","Port Adelaide"
2019,13,"Josh","Dunkley","WB",10,"Carlton","Western Bulldogs"
2019,13,"Charlie","Curnow","CARL",7,"Carlton","Western Bulldogs"
2019,13,"Jack","Macrae","WB",7,"Carlton","Western Bulldogs"
2019,13,"Patrick","Lipinski","WB",3,"Carlton","Western Bulldogs"
2019,13,"Marcus","Bontempelli","WB",2,"Carlton","Western Bulldogs"
2019,13,"Tim","English","WB",1,"Carlton","Western Bulldogs"
2019,13,"Josh","Kelly","GWS",10,"North Melbourne","GWS Giants"
2019,13,"Jacob","Hopper","GWS",6,"North Melbourne","GWS Giants"
2019,13,"Stephen","Coniglio","GWS",6,"North Melbourne","GWS Giants"
2019,13,"Zac","Williams","GWS",5,"North Melbourne","GWS Giants"
2019,13,"Tim","Taranto","GWS",2,"North Melbourne","GWS Giants"
2019,13,"Matt","De Boer","GWS",1,"North Melbourne","GWS Giants"
2019,14,"Dom","Sheed","WCE",9,"West Coast Eagles","Essendon"
2019,14,"Brad","Sheppard","WCE",7,"West Coast Eagles","Essendon"
2019,14,"Elliot","Yeo","WCE",5,"West Coast Eagles","Essendon"
2019,14,"Jamie","Cripps","WCE",4,"West Coast Eagles","Essendon"
2019,14,"Josh","J Kennedy","WCE",4,"West Coast Eagles","Essendon"
2019,14,"Mark","Hutchings","WCE",1,"West Coast Eagles","Essendon"
2019,14,"Luke","Parker","SYD",10,"Sydney Swans","Hawthorn"
2019,14,"Zak","Jones","SYD",4,"Sydney Swans","Hawthorn"
2019,14,"Callum","Sinclair","SYD",4,"Sydney Swans","Hawthorn"
2019,14,"Ricky","Henderson","HAW",3,"Sydney Swans","Hawthorn"
2019,14,"Jaeger","O'Meara","HAW",3,"Sydney Swans","Hawthorn"
2019,14,"Tom","Papley","SYD",2,"Sydney Swans","Hawthorn"
2019,14,"Callum","Mills","SYD",2,"Sydney Swans","Hawthorn"
2019,14,"Jordan","Dawson","SYD",2,"Sydney Swans","Hawthorn"
2019,14,"Jack","Viney","MELB",7,"Melbourne","Fremantle"
2019,14,"Max","Gawn","MELB",7,"Melbourne","Fremantle"
2019,14,"Tom","McDonald","MELB",6,"Melbourne","Fremantle"
2019,14,"Bradley","Hill","FRE",4,"Melbourne","Fremantle"
2019,14,"Clayton","Oliver","MELB",4,"Melbourne","Fremantle"
2019,14,"Sam","Frost","MELB",1,"Melbourne","Fremantle"
2019,14,"Nathan","Fyfe","FRE",1,"Melbourne","Fremantle"
2019,14,"Charlie","Cameron","BL",10,"St Kilda","Brisbane Lions"
2019,14,"Dayne","Zorko","BL",8,"St Kilda","Brisbane Lions"
2019,14,"Daniel","Rich","BL",4,"St Kilda","Brisbane Lions"
2019,14,"Lachie","Neale","BL",4,"St Kilda","Brisbane Lions"
2019,14,"Oscar","McInerney","BL",4,"St Kilda","Brisbane Lions"
2019,14,"Scott","Lycett","PORT",10,"Port Adelaide","Geelong Cats"
2019,14,"Robbie","Gray","PORT",7,"Port Adelaide","Geelong Cats"
2019,14,"Travis","Boak","PORT",6,"Port Adelaide","Geelong Cats"
2019,14,"Tom","Clurey","PORT",5,"Port Adelaide","Geelong Cats"
2019,14,"Patrick","Dangerfield","GEEL",2,"Port Adelaide","Geelong Cats"
2019,14,"Brodie","Grundy","COLL",7,"Western Bulldogs","Collingwood"
2019,14,"Caleb","Daniel","WB",7,"Western Bulldogs","Collingwood"
2019,14,"Jack","Macrae","WB",5,"Western Bulldogs","Collingwood"
2019,14,"Marcus","Bontempelli","WB",5,"Western Bulldogs","Collingwood"
2019,14,"Jack","Crisp","COLL",3,"Western Bulldogs","Collingwood"
2019,14,"Jordan","Roughead","COLL",3,"Western Bulldogs","Collingwood"
2019,15,"Zac","Williams","GWS",10,"Essendon","GWS Giants"
2019,15,"Jacob","Hopper","GWS",5,"Essendon","GWS Giants"
2019,15,"Zach","Merrett","ESS",5,"Essendon","GWS Giants"
2019,15,"Adam","Saad","ESS",4,"Essendon","GWS Giants"
2019,15,"Dylan","Shiel","ESS",3,"Essendon","GWS Giants"
2019,15,"Shaun","McKernan","ESS",2,"Essendon","GWS Giants"
2019,15,"Josh","Kelly","GWS",1,"Essendon","GWS Giants"
2019,15,"Tim","Kelly","GEEL",9,"Geelong Cats","Adelaide Crows"
2019,15,"Joel","Selwood","GEEL",7,"Geelong Cats","Adelaide Crows"
2019,15,"Mark","Blicavs","GEEL",5,"Geelong Cats","Adelaide Crows"
2019,15,"Paul","Seedsman","ADEL",4,"Geelong Cats","Adelaide Crows"
2019,15,"Tom","Stewart","GEEL",3,"Geelong Cats","Adelaide Crows"
2019,15,"Gryan","Miers","GEEL",2,"Geelong Cats","Adelaide Crows"
2019,15,"Luke","Shuey","WCE",10,"Hawthorn","West Coast Eagles"
2019,15,"Jack","Darling","WCE",7,"Hawthorn","West Coast Eagles"
2019,15,"Jaeger","O'Meara","HAW",7,"Hawthorn","West Coast Eagles"
2019,15,"Jamie","Cripps","WCE",2,"Hawthorn","West Coast Eagles"
2019,15,"Jarman","Impey","HAW",2,"Hawthorn","West Coast Eagles"
2019,15,"Daniel","Howe","HAW",1,"Hawthorn","West Coast Eagles"
2019,15,"Andrew","Gaff","WCE",1,"Hawthorn","West Coast Eagles"
2019,15,"Jordan","Dawson","SYD",9,"Sydney Swans","Gold Coast Suns"
2019,15,"Luke","Parker","SYD",9,"Sydney Swans","Gold Coast Suns"
2019,15,"Isaac","Heeney","SYD",5,"Sydney Swans","Gold Coast Suns"
2019,15,"Callum","Mills","SYD",3,"Sydney Swans","Gold Coast Suns"
2019,15,"Dane","Rampe","SYD",2,"Sydney Swans","Gold Coast Suns"
2019,15,"Josh","Kennedy","SYD",2,"Sydney Swans","Gold Coast Suns"
2019,15,"Marcus","Bontempelli","WB",9,"Port Adelaide","Western Bulldogs"
2019,15,"Jack","Macrae","WB",8,"Port Adelaide","Western Bulldogs"
2019,15,"Josh","Dunkley","WB",5,"Port Adelaide","Western Bulldogs"
2019,15,"Josh","Schache","WB",3,"Port Adelaide","Western Bulldogs"
2019,15,"Scott","Lycett","PORT",2,"Port Adelaide","Western Bulldogs"
2019,15,"Hayden","Crozier","WB",2,"Port Adelaide","Western Bulldogs"
2019,15,"Hamish","Hartlett","PORT",1,"Port Adelaide","Western Bulldogs"
2019,15,"Ben","Cunnington","NMFC",9,"Collingwood","North Melbourne"
2019,15,"Jy","Simpkin","NMFC",9,"Collingwood","North Melbourne"
2019,15,"Jack","Ziebell","NMFC",6,"Collingwood","North Melbourne"
2019,15,"Jasper","Pittard","NMFC",2,"Collingwood","North Melbourne"
2019,15,"Robbie","Tarrant","NMFC",2,"Collingwood","North Melbourne"
2019,15,"Jed","Anderson","NMFC",2,"Collingwood","North Melbourne"
2019,15,"Sydney","Stack","RICH",9,"St Kilda","Richmond"
2019,15,"Dustin","Martin","RICH",7,"St Kilda","Richmond"
2019,15,"Mabior","Chol","RICH",5,"St Kilda","Richmond"
2019,15,"Rowan","Marshall","STK",4,"St Kilda","Richmond"
2019,15,"Dion","Prestia","RICH",3,"St Kilda","Richmond"
2019,15,"Sebastian","Ross","STK",2,"St Kilda","Richmond"
2019,15,"Lachie","Neale","BL",9,"Brisbane Lions","Melbourne"
2019,15,"Dayne","Zorko","BL",9,"Brisbane Lions","Melbourne"
2019,15,"Stefan","Martin","BL",5,"Brisbane Lions","Melbourne"
2019,15,"Eric","Hipwood","BL",5,"Brisbane Lions","Melbourne"
2019,15,"Jarryd","Lyons","BL",1,"Brisbane Lions","Melbourne"
2019,15,"Daniel","Rich","BL",1,"Brisbane Lions","Melbourne"
2019,15,"Ed","Curnow","CARL",9,"Fremantle","Carlton"
2019,15,"Marc","Murphy","CARL",9,"Fremantle","Carlton"
2019,15,"Caleb","Marchbank","CARL",3,"Fremantle","Carlton"
2019,15,"Nathan","Fyfe","FRE",3,"Fremantle","Carlton"
2019,15,"Sam","Petrevski-Seton","CARL",2,"Fremantle","Carlton"
2019,15,"Sam","Walsh","CARL",2,"Fremantle","Carlton"
2019,15,"Matthew","Kreuzer","CARL",1,"Fremantle","Carlton"
2019,15,"Connor","Blakely","FRE",1,"Fremantle","Carlton"
2019,16,"James","Sicily","HAW",10,"Hawthorn","Collingwood"
2019,16,"Jarman","Impey","HAW",8,"Hawthorn","Collingwood"
2019,16,"Adam","Treloar","COLL",3,"Hawthorn","Collingwood"
2019,16,"Isaac","Smith","HAW",3,"Hawthorn","Collingwood"
2019,16,"Blake","Hardwick","HAW",2,"Hawthorn","Collingwood"
2019,16,"Jordan","De Goey","COLL",2,"Hawthorn","Collingwood"
2019,16,"Tom","Phillips","COLL",1,"Hawthorn","Collingwood"
2019,16,"Jack","Crisp","COLL",1,"Hawthorn","Collingwood"
2019,16,"David","Zaharakis","ESS",10,"Essendon","Sydney Swans"
2019,16,"Aliir","Aliir","SYD",6,"Essendon","Sydney Swans"
2019,16,"Isaac","Heeney","SYD",4,"Essendon","Sydney Swans"
2019,16,"Josh","Kennedy","SYD",4,"Essendon","Sydney Swans"
2019,16,"Michael","Hurley","ESS",3,"Essendon","Sydney Swans"
2019,16,"Andrew","McGrath","ESS",3,"Essendon","Sydney Swans"
2019,16,"Dion","Prestia","RICH",9,"Gold Coast Suns","Richmond"
2019,16,"Jason","Castagna","RICH",7,"Gold Coast Suns","Richmond"
2019,16,"Kane","Lambert","RICH",7,"Gold Coast Suns","Richmond"
2019,16,"Trent","Cotchin","RICH",5,"Gold Coast Suns","Richmond"
2019,16,"Shai","Bolton","RICH",2,"Gold Coast Suns","Richmond"
2019,16,"Robbie","Gray","PORT",10,"Adelaide Crows","Port Adelaide"
2019,16,"Ollie","Wines","PORT",5,"Adelaide Crows","Port Adelaide"
2019,16,"Justin","Westhoff","PORT",4,"Adelaide Crows","Port Adelaide"
2019,16,"Ryan","Burton","PORT",3,"Adelaide Crows","Port Adelaide"
2019,16,"Scott","Lycett","PORT",3,"Adelaide Crows","Port Adelaide"
2019,16,"Darcy","Byrne-Jones","PORT",2,"Adelaide Crows","Port Adelaide"
2019,16,"Riley","Bonner","PORT",2,"Adelaide Crows","Port Adelaide"
2019,16,"Brad","Ebert","PORT",1,"Adelaide Crows","Port Adelaide"
2019,16,"Luke","Shuey","WCE",8,"Fremantle","West Coast Eagles"
2019,16,"Andrew","Gaff","WCE",7,"Fremantle","West Coast Eagles"
2019,16,"Brad","Sheppard","WCE",7,"Fremantle","West Coast Eagles"
2019,16,"Nic","Naitanui","WCE",6,"Fremantle","West Coast Eagles"
2019,16,"Jeremy","McGovern","WCE",1,"Fremantle","West Coast Eagles"
2019,16,"Jamie","Cripps","WCE",1,"Fremantle","West Coast Eagles"
2019,16,"Marcus","Bontempelli","WB",10,"Western Bulldogs","Geelong Cats"
2019,16,"Jack","Macrae","WB",6,"Western Bulldogs","Geelong Cats"
2019,16,"Lachie","Hunter","WB",6,"Western Bulldogs","Geelong Cats"
2019,16,"Aaron","Naughton","WB",6,"Western Bulldogs","Geelong Cats"
2019,16,"Patrick","Dangerfield","GEEL",1,"Western Bulldogs","Geelong Cats"
2019,16,"Zach","Tuohy","GEEL",1,"Western Bulldogs","Geelong Cats"
2019,16,"Tom","McDonald","MELB",10,"Carlton","Melbourne"
2019,16,"James","Harmes","MELB",5,"Carlton","Melbourne"
2019,16,"Jack","Silvagni","CARL",5,"Carlton","Melbourne"
2019,16,"Clayton","Oliver","MELB",4,"Carlton","Melbourne"
2019,16,"Bayley","Fritsch","MELB",3,"Carlton","Melbourne"
2019,16,"Sam","Walsh","CARL",2,"Carlton","Melbourne"
2019,16,"Sam","Frost","MELB",1,"Carlton","Melbourne"
2019,16,"Jy","Simpkin","NMFC",9,"North Melbourne","St Kilda"
2019,16,"Jack","Ziebell","NMFC",7,"North Melbourne","St Kilda"
2019,16,"Cameron","Zurhaar","NMFC",7,"North Melbourne","St Kilda"
2019,16,"Josh","Bruce","STK",5,"North Melbourne","St Kilda"
2019,16,"Nick","Larkey","NMFC",1,"North Melbourne","St Kilda"
2019,16,"Todd","Goldstein","NMFC",1,"North Melbourne","St Kilda"
2019,16,"Lachie","Neale","BL",9,"GWS Giants","Brisbane Lions"
2019,16,"Lincoln","McCarthy","BL",8,"GWS Giants","Brisbane Lions"
2019,16,"Hugh","McCluggage","BL",5,"GWS Giants","Brisbane Lions"
2019,16,"Harris","Andrews","BL",4,"GWS Giants","Brisbane Lions"
2019,16,"Harry","Himmelberg","GWS",3,"GWS Giants","Brisbane Lions"
2019,16,"Stephen","Coniglio","GWS",1,"GWS Giants","Brisbane Lions"
2019,17,"Brody","Mihocek","COLL",10,"West Coast Eagles","Collingwood"
2019,17,"Scott","Pendlebury","COLL",4,"West Coast Eagles","Collingwood"
2019,17,"Brodie","Grundy","COLL",4,"West Coast Eagles","Collingwood"
2019,17,"Jack","Crisp","COLL",3,"West Coast Eagles","Collingwood"
2019,17,"Steele","Sidebottom","COLL",3,"West Coast Eagles","Collingwood"
2019,17,"Elliot","Yeo","WCE",2,"West Coast Eagles","Collingwood"
2019,17,"Lewis","Jetta","WCE",2,"West Coast Eagles","Collingwood"
2019,17,"Jordan","De Goey","COLL",1,"West Coast Eagles","Collingwood"
2019,17,"Jordan","Roughead","COLL",1,"West Coast Eagles","Collingwood"
2019,17,"Nicholas","Newman","CARL",6,"Sydney Swans","Carlton"
2019,17,"Patrick","Cripps","CARL",6,"Sydney Swans","Carlton"
2019,17,"Marc","Murphy","CARL",5,"Sydney Swans","Carlton"
2019,17,"Matthew","Kreuzer","CARL",5,"Sydney Swans","Carlton"
2019,17,"Ed","Curnow","CARL",4,"Sydney Swans","Carlton"
2019,17,"Sam","Walsh","CARL",4,"Sydney Swans","Carlton"
2019,17,"James","Worpel","HAW",10,"Hawthorn","Fremantle"
2019,17,"Nathan","Fyfe","FRE",8,"Hawthorn","Fremantle"
2019,17,"Bradley","Hill","FRE",4,"Hawthorn","Fremantle"
2019,17,"Ricky","Henderson","HAW",3,"Hawthorn","Fremantle"
2019,17,"Ben","Stratton","HAW",2,"Hawthorn","Fremantle"
2019,17,"Mitch","Lewis","HAW",2,"Hawthorn","Fremantle"
2019,17,"Ben","McEvoy","HAW",1,"Hawthorn","Fremantle"
2019,17,"Anthony","McDonald-Tipungwuti","ESS",9,"Essendon","North Melbourne"
2019,17,"Ben","Brown","NMFC",9,"Essendon","North Melbourne"
2019,17,"Jake","Stringer","ESS",3,"Essendon","North Melbourne"
2019,17,"Conor","McKenna","ESS",3,"Essendon","North Melbourne"
2019,17,"Robbie","Tarrant","NMFC",3,"Essendon","North Melbourne"
2019,17,"Zach","Merrett","ESS",3,"Essendon","North Melbourne"
2019,17,"Rory","Atkins","ADEL",8,"Gold Coast Suns","Adelaide Crows"
2019,17,"Eddie","Betts","ADEL",7,"Gold Coast Suns","Adelaide Crows"
2019,17,"Matt","Crouch","ADEL",7,"Gold Coast Suns","Adelaide Crows"
2019,17,"Wayne","Milera","ADEL",4,"Gold Coast Suns","Adelaide Crows"
2019,17,"Brad","Crouch","ADEL",2,"Gold Coast Suns","Adelaide Crows"
2019,17,"Brodie","Smith","ADEL",1,"Gold Coast Suns","Adelaide Crows"
2019,17,"Josh","Jenkins","ADEL",1,"Gold Coast Suns","Adelaide Crows"
2019,17,"Patrick","Dangerfield","GEEL",9,"Geelong Cats","St Kilda"
2019,17,"Mitch","Duncan","GEEL",9,"Geelong Cats","St Kilda"
2019,17,"Luke","Dunstan","STK",6,"Geelong Cats","St Kilda"
2019,17,"Jack","Steele","STK",4,"Geelong Cats","St Kilda"
2019,17,"Hunter","Clark","STK",1,"Geelong Cats","St Kilda"
2019,17,"Jed","Bews","GEEL",1,"Geelong Cats","St Kilda"
2019,17,"Kane","Lambert","RICH",9,"Richmond","GWS Giants"
2019,17,"Tom","J Lynch","RICH",9,"Richmond","GWS Giants"
2019,17,"Toby","Greene","GWS",5,"Richmond","GWS Giants"
2019,17,"Shai","Bolton","RICH",5,"Richmond","GWS Giants"
2019,17,"David","Astbury","RICH",1,"Richmond","GWS Giants"
2019,17,"Brandon","Ellis","RICH",1,"Richmond","GWS Giants"
2019,17,"Josh","Dunkley","WB",10,"Western Bulldogs","Melbourne"
2019,17,"Taylor","Duryea","WB",7,"Western Bulldogs","Melbourne"
2019,17,"Lachie","Hunter","WB",7,"Western Bulldogs","Melbourne"
2019,17,"Jack","Macrae","WB",3,"Western Bulldogs","Melbourne"
2019,17,"Steven","May","MELB",2,"Western Bulldogs","Melbourne"
2019,17,"Jack","Viney","MELB",1,"Western Bulldogs","Melbourne"
2019,17,"Jarryd","Lyons","BL",10,"Port Adelaide","Brisbane Lions"
2019,17,"Dayne","Zorko","BL",8,"Port Adelaide","Brisbane Lions"
2019,17,"Charlie","Cameron","BL",6,"Port Adelaide","Brisbane Lions"
2019,17,"Daniel","Rich","BL",2,"Port Adelaide","Brisbane Lions"
2019,17,"Mitch","Robinson","BL",2,"Port Adelaide","Brisbane Lions"
2019,17,"Lachie","Neale","BL",2,"Port Adelaide","Brisbane Lions"
2019,18,"Zach","Merrett","ESS",10,"Adelaide Crows","Essendon"
2019,18,"Mitch","Brown","ESS",7,"Adelaide Crows","Essendon"
2019,18,"Brodie","Smith","ADEL",7,"Adelaide Crows","Essendon"
2019,18,"Conor","McKenna","ESS",2,"Adelaide Crows","Essendon"
2019,18,"Dylan","Shiel","ESS",2,"Adelaide Crows","Essendon"
2019,18,"Brad","Crouch","ADEL",1,"Adelaide Crows","Essendon"
2019,18,"Reilly","O'Brien","ADEL",1,"Adelaide Crows","Essendon"
2019,18,"Tom","J Lynch","RICH",8,"Richmond","Port Adelaide"
2019,18,"Dion","Prestia","RICH",8,"Richmond","Port Adelaide"
2019,18,"David","Astbury","RICH",4,"Richmond","Port Adelaide"
2019,18,"Dustin","Martin","RICH",4,"Richmond","Port Adelaide"
2019,18,"Dylan","Grimes","RICH",2,"Richmond","Port Adelaide"
2019,18,"Karl","Amon","PORT",2,"Richmond","Port Adelaide"
2019,18,"Brandon","Ellis","RICH",2,"Richmond","Port Adelaide"
2019,18,"Liam","Jones","CARL",10,"Carlton","Gold Coast Suns"
2019,18,"Ed","Curnow","CARL",5,"Carlton","Gold Coast Suns"
2019,18,"Harry","McKay","CARL",4,"Carlton","Gold Coast Suns"
2019,18,"Touk","Miller","GCFC",3,"Carlton","Gold Coast Suns"
2019,18,"Will","Brodie","GCFC",3,"Carlton","Gold Coast Suns"
2019,18,"Jarrod","Witts","GCFC",2,"Carlton","Gold Coast Suns"
2019,18,"Sam","Walsh","CARL",2,"Carlton","Gold Coast Suns"
2019,18,"Michael","Gibbons","CARL",1,"Carlton","Gold Coast Suns"
2019,18,"Jeremy","Cameron","GWS",10,"GWS Giants","Collingwood"
2019,18,"Tim","Taranto","GWS",7,"GWS Giants","Collingwood"
2019,18,"Toby","Greene","GWS",7,"GWS Giants","Collingwood"
2019,18,"Lachie","Whitfield","GWS",2,"GWS Giants","Collingwood"
2019,18,"Brodie","Grundy","COLL",2,"GWS Giants","Collingwood"
2019,18,"Harry","Himmelberg","GWS",1,"GWS Giants","Collingwood"
2019,18,"Zac","Williams","GWS",1,"GWS Giants","Collingwood"
2019,18,"Jake","Lloyd","SYD",8,"Fremantle","Sydney Swans"
2019,18,"Rory","Lobb","FRE",6,"Fremantle","Sydney Swans"
2019,18,"David","Mundy","FRE",5,"Fremantle","Sydney Swans"
2019,18,"Tom","Papley","SYD",4,"Fremantle","Sydney Swans"
2019,18,"Bradley","Hill","FRE",3,"Fremantle","Sydney Swans"
2019,18,"Dane","Rampe","SYD",2,"Fremantle","Sydney Swans"
2019,18,"Sean","Darcy","FRE",1,"Fremantle","Sydney Swans"
2019,18,"Reece","Conca","FRE",1,"Fremantle","Sydney Swans"
2019,18,"Jarryd","Lyons","BL",10,"Brisbane Lions","North Melbourne"
2019,18,"Luke","Hodge","BL",5,"Brisbane Lions","North Melbourne"
2019,18,"Daniel","Rich","BL",4,"Brisbane Lions","North Melbourne"
2019,18,"Shaun","Higgins","NMFC",4,"Brisbane Lions","North Melbourne"
2019,18,"Robbie","Tarrant","NMFC",3,"Brisbane Lions","North Melbourne"
2019,18,"Darcy","Gardiner","BL",2,"Brisbane Lions","North Melbourne"
2019,18,"Allen","Christensen","BL",1,"Brisbane Lions","North Melbourne"
2019,18,"Dayne","Zorko","BL",1,"Brisbane Lions","North Melbourne"
2019,18,"Liam","Shiels","HAW",10,"Geelong Cats","Hawthorn"
2019,18,"Ben","McEvoy","HAW",7,"Geelong Cats","Hawthorn"
2019,18,"Tim","O'Brien","HAW",4,"Geelong Cats","Hawthorn"
2019,18,"Daniel","Howe","HAW",3,"Geelong Cats","Hawthorn"
2019,18,"James","Frawley","HAW",2,"Geelong Cats","Hawthorn"
2019,18,"Jaeger","O'Meara","HAW",2,"Geelong Cats","Hawthorn"
2019,18,"Patrick","Dangerfield","GEEL",1,"Geelong Cats","Hawthorn"
2019,18,"Mark","O'Connor","GEEL",1,"Geelong Cats","Hawthorn"
2019,18,"Dom","Sheed","WCE",8,"Melbourne","West Coast Eagles"
2019,18,"Bayley","Fritsch","MELB",8,"Melbourne","West Coast Eagles"
2019,18,"Jack","Darling","WCE",7,"Melbourne","West Coast Eagles"
2019,18,"Clayton","Oliver","MELB",5,"Melbourne","West Coast Eagles"
2019,18,"Steven","May","MELB",1,"Melbourne","West Coast Eagles"
2019,18,"Jordan","Lewis","MELB",1,"Melbourne","West Coast Eagles"
2019,18,"Jack","Lonie","STK",9,"St Kilda","Western Bulldogs"
2019,18,"Jack","Billings","STK",5,"St Kilda","Western Bulldogs"
2019,18,"Josh","Dunkley","WB",4,"St Kilda","Western Bulldogs"
2019,18,"Hunter","Clark","STK",4,"St Kilda","Western Bulldogs"
2019,18,"Jade","Gresham","STK",3,"St Kilda","Western Bulldogs"
2019,18,"Jake","Carlisle","STK",2,"St Kilda","Western Bulldogs"
2019,18,"Easton","Wood","WB",2,"St Kilda","Western Bulldogs"
2019,18,"Bailey","Dale","WB",1,"St Kilda","Western Bulldogs"
2019,19,"Dylan","Grimes","RICH",9,"Collingwood","Richmond"
2019,19,"Tom","J Lynch","RICH",7,"Collingwood","Richmond"
2019,19,"Dustin","Martin","RICH",7,"Collingwood","Richmond"
2019,19,"Dion","Prestia","RICH",5,"Collingwood","Richmond"
2019,19,"Jordan","De Goey","COLL",1,"Collingwood","Richmond"
2019,19,"Nick","Vlastuin","RICH",1,"Collingwood","Richmond"
2019,19,"Mitch","Robinson","BL",9,"Hawthorn","Brisbane Lions"
2019,19,"Ben","McEvoy","HAW",7,"Hawthorn","Brisbane Lions"
2019,19,"Lachie","Neale","BL",5,"Hawthorn","Brisbane Lions"
2019,19,"James","Worpel","HAW",5,"Hawthorn","Brisbane Lions"
2019,19,"Dayne","Zorko","BL",2,"Hawthorn","Brisbane Lions"
2019,19,"Noah","Answerth","BL",1,"Hawthorn","Brisbane Lions"
2019,19,"Jaeger","O'Meara","HAW",1,"Hawthorn","Brisbane Lions"
2019,19,"Patrick","Cripps","CARL",10,"Carlton","Adelaide Crows"
2019,19,"Levi","Casboult","CARL",5,"Carlton","Adelaide Crows"
2019,19,"Will","Setterfield","CARL",4,"Carlton","Adelaide Crows"
2019,19,"Kade","Simpson","CARL",4,"Carlton","Adelaide Crows"
2019,19,"Marc","Murphy","CARL",3,"Carlton","Adelaide Crows"
2019,19,"Michael","Gibbons","CARL",2,"Carlton","Adelaide Crows"
2019,19,"Sam","Walsh","CARL",1,"Carlton","Adelaide Crows"
2019,19,"Andrew","Phillips","CARL",1,"Carlton","Adelaide Crows"
2019,19,"Josh","J Kennedy","WCE",10,"West Coast Eagles","North Melbourne"
2019,19,"Elliot","Yeo","WCE",7,"West Coast Eagles","North Melbourne"
2019,19,"Jack","Darling","WCE",6,"West Coast Eagles","North Melbourne"
2019,19,"Andrew","Gaff","WCE",3,"West Coast Eagles","North Melbourne"
2019,19,"Lewis","Jetta","WCE",2,"West Coast Eagles","North Melbourne"
2019,19,"William","Rioli","WCE",1,"West Coast Eagles","North Melbourne"
2019,19,"Dom","Sheed","WCE",1,"West Coast Eagles","North Melbourne"
2019,19,"Travis","Boak","PORT",9,"Port Adelaide","GWS Giants"
2019,19,"Phil","Davis","GWS",7,"Port Adelaide","GWS Giants"
2019,19,"Nick","Haynes","GWS",5,"Port Adelaide","GWS Giants"
2019,19,"Jeremy","Finlayson","GWS",3,"Port Adelaide","GWS Giants"
2019,19,"Riley","Bonner","PORT",3,"Port Adelaide","GWS Giants"
2019,19,"Robbie","Gray","PORT",2,"Port Adelaide","GWS Giants"
2019,19,"Jeremy","Cameron","GWS",1,"Port Adelaide","GWS Giants"
2019,19,"Sebastian","Ross","STK",10,"St Kilda","Melbourne"
2019,19,"Jade","Gresham","STK",8,"St Kilda","Melbourne"
2019,19,"Max","Gawn","MELB",5,"St Kilda","Melbourne"
2019,19,"Josh","Bruce","STK",4,"St Kilda","Melbourne"
2019,19,"Rowan","Marshall","STK",2,"St Kilda","Melbourne"
2019,19,"Christian","Petracca","MELB",1,"St Kilda","Melbourne"
2019,19,"Marcus","Bontempelli","WB",9,"Western Bulldogs","Fremantle"
2019,19,"Jack","Macrae","WB",9,"Western Bulldogs","Fremantle"
2019,19,"Caleb","Daniel","WB",3,"Western Bulldogs","Fremantle"
2019,19,"Jason","Johannisen","WB",3,"Western Bulldogs","Fremantle"
2019,19,"Aaron","Naughton","WB",3,"Western Bulldogs","Fremantle"
2019,19,"Andrew","Brayshaw","FRE",2,"Western Bulldogs","Fremantle"
2019,19,"Bailey","Dale","WB",1,"Western Bulldogs","Fremantle"
2019,19,"Tom","Hawkins","GEEL",10,"Sydney Swans","Geelong Cats"
2019,19,"Mitch","Duncan","GEEL",7,"Sydney Swans","Geelong Cats"
2019,19,"Tim","Kelly","GEEL",6,"Sydney Swans","Geelong Cats"
2019,19,"Zac","Smith","GEEL",3,"Sydney Swans","Geelong Cats"
2019,19,"Jordan","Dawson","SYD",3,"Sydney Swans","Geelong Cats"
2019,19,"Patrick","Dangerfield","GEEL",1,"Sydney Swans","Geelong Cats"
2019,19,"Jake","Stringer","ESS",9,"Gold Coast Suns","Essendon"
2019,19,"Jarrod","Witts","GCFC",7,"Gold Coast Suns","Essendon"
2019,19,"Touk","Miller","GCFC",7,"Gold Coast Suns","Essendon"
2019,19,"Shaun","McKernan","ESS",4,"Gold Coast Suns","Essendon"
2019,19,"Dylan","Shiel","ESS",3,"Gold Coast Suns","Essendon"
2019,20,"Shaun","Higgins","NMFC",10,"North Melbourne","Hawthorn"
2019,20,"James","Worpel","HAW",7,"North Melbourne","Hawthorn"
2019,20,"Ben","Brown","NMFC",6,"North Melbourne","Hawthorn"
2019,20,"Todd","Goldstein","NMFC",5,"North Melbourne","Hawthorn"
2019,20,"Jack","Ziebell","NMFC",1,"North Melbourne","Hawthorn"
2019,20,"Chad","Wingard","HAW",1,"North Melbourne","Hawthorn"
2019,20,"Dan","Houston","PORT",9,"Essendon","Port Adelaide"
2019,20,"Robbie","Gray","PORT",7,"Essendon","Port Adelaide"
2019,20,"Darcy","Byrne-Jones","PORT",5,"Essendon","Port Adelaide"
2019,20,"Connor","Rozee","PORT",5,"Essendon","Port Adelaide"
2019,20,"Xavier","Duursma","PORT",2,"Essendon","Port Adelaide"
2019,20,"Todd","Marshall","PORT",1,"Essendon","Port Adelaide"
2019,20,"Will","Snelling","ESS",1,"Essendon","Port Adelaide"
2019,20,"Jacob","Hopper","GWS",10,"GWS Giants","Sydney Swans"
2019,20,"Isaac","Heeney","SYD",8,"GWS Giants","Sydney Swans"
2019,20,"Toby","Greene","GWS",5,"GWS Giants","Sydney Swans"
2019,20,"Nick","Haynes","GWS",3,"GWS Giants","Sydney Swans"
2019,20,"Zac","Williams","GWS",2,"GWS Giants","Sydney Swans"
2019,20,"Shane","Mumford","GWS",1,"GWS Giants","Sydney Swans"
2019,20,"Oliver","Florent","SYD",1,"GWS Giants","Sydney Swans"
2019,20,"Michael","Walters","FRE",9,"Fremantle","Geelong Cats"
2019,20,"Nathan","Fyfe","FRE",8,"Fremantle","Geelong Cats"
2019,20,"Bradley","Hill","FRE",7,"Fremantle","Geelong Cats"
2019,20,"Aaron","Sandilands","FRE",2,"Fremantle","Geelong Cats"
2019,20,"Ed","Langdon","FRE",2,"Fremantle","Geelong Cats"
2019,20,"Tim","Kelly","GEEL",2,"Fremantle","Geelong Cats"
2019,20,"Rory","Laird","ADEL",10,"Adelaide Crows","St Kilda"
2019,20,"Matt","Crouch","ADEL",7,"Adelaide Crows","St Kilda"
2019,20,"Rowan","Marshall","STK",6,"Adelaide Crows","St Kilda"
2019,20,"Taylor","Walker","ADEL",4,"Adelaide Crows","St Kilda"
2019,20,"Tim","Membrey","STK",2,"Adelaide Crows","St Kilda"
2019,20,"Brodie","Smith","ADEL",1,"Adelaide Crows","St Kilda"
2019,20,"Dustin","Martin","RICH",9,"Melbourne","Richmond"
2019,20,"Shane","Edwards","RICH",7,"Melbourne","Richmond"
2019,20,"Dion","Prestia","RICH",7,"Melbourne","Richmond"
2019,20,"Bachar","Houli","RICH",4,"Melbourne","Richmond"
2019,20,"Max","Gawn","MELB",2,"Melbourne","Richmond"
2019,20,"Bayley","Fritsch","MELB",1,"Melbourne","Richmond"
2019,20,"Adam","Treloar","COLL",9,"Collingwood","Gold Coast Suns"
2019,20,"Steele","Sidebottom","COLL",7,"Collingwood","Gold Coast Suns"
2019,20,"Brodie","Grundy","COLL",6,"Collingwood","Gold Coast Suns"
2019,20,"Jack","Crisp","COLL",4,"Collingwood","Gold Coast Suns"
2019,20,"Will","Hoskin-Elliott","COLL",2,"Collingwood","Gold Coast Suns"
2019,20,"Scott","Pendlebury","COLL",2,"Collingwood","Gold Coast Suns"
2019,20,"Liam","Ryan","WCE",6,"Carlton","West Coast Eagles"
2019,20,"Elliot","Yeo","WCE",5,"Carlton","West Coast Eagles"
2019,20,"Nicholas","Newman","CARL",5,"Carlton","West Coast Eagles"
2019,20,"Jeremy","McGovern","WCE",5,"Carlton","West Coast Eagles"
2019,20,"Luke","Shuey","WCE",5,"Carlton","West Coast Eagles"
2019,20,"Sam","Walsh","CARL",4,"Carlton","West Coast Eagles"
2019,20,"Marcus","Bontempelli","WB",9,"Brisbane Lions","Western Bulldogs"
2019,20,"Mitch","Robinson","BL",7,"Brisbane Lions","Western Bulldogs"
2019,20,"Jack","Macrae","WB",6,"Brisbane Lions","Western Bulldogs"
2019,20,"Charlie","Cameron","BL",6,"Brisbane Lions","Western Bulldogs"
2019,20,"Josh","Dunkley","WB",1,"Brisbane Lions","Western Bulldogs"
2019,20,"Jarrod","Berry","BL",1,"Brisbane Lions","Western Bulldogs"
2019,21,"James","Sicily","HAW",10,"GWS Giants","Hawthorn"
2019,21,"Jonathon","Ceglar","HAW",4,"GWS Giants","Hawthorn"
2019,21,"Liam","Shiels","HAW",4,"GWS Giants","Hawthorn"
2019,21,"Isaac","Smith","HAW",4,"GWS Giants","Hawthorn"
2019,21,"James","Worpel","HAW",4,"GWS Giants","Hawthorn"
2019,21,"Toby","Greene","GWS",3,"GWS Giants","Hawthorn"
2019,21,"Luke","Breust","HAW",1,"GWS Giants","Hawthorn"
2019,21,"Darcy","Byrne-Jones","PORT",10,"Port Adelaide","Sydney Swans"
2019,21,"Connor","Rozee","PORT",8,"Port Adelaide","Sydney Swans"
2019,21,"Tom","Jonas","PORT",5,"Port Adelaide","Sydney Swans"
2019,21,"Peter","Ladhams","PORT",3,"Port Adelaide","Sydney Swans"
2019,21,"Oliver","Florent","SYD",2,"Port Adelaide","Sydney Swans"
2019,21,"Ollie","Wines","PORT",1,"Port Adelaide","Sydney Swans"
2019,21,"Isaac","Heeney","SYD",1,"Port Adelaide","Sydney Swans"
2019,21,"Brody","Mihocek","COLL",10,"Melbourne","Collingwood"
2019,21,"Steele","Sidebottom","COLL",6,"Melbourne","Collingwood"
2019,21,"Scott","Pendlebury","COLL",5,"Melbourne","Collingwood"
2019,21,"Adam","Treloar","COLL",4,"Melbourne","Collingwood"
2019,21,"Jeremy","Howe","COLL",3,"Melbourne","Collingwood"
2019,21,"Clayton","Oliver","MELB",2,"Melbourne","Collingwood"
2019,21,"Charlie","Cameron","BL",10,"Brisbane Lions","Gold Coast Suns"
2019,21,"Dayne","Zorko","BL",7,"Brisbane Lions","Gold Coast Suns"
2019,21,"Mitch","Robinson","BL",5,"Brisbane Lions","Gold Coast Suns"
2019,21,"Jarryd","Lyons","BL",5,"Brisbane Lions","Gold Coast Suns"
2019,21,"Harris","Andrews","BL",2,"Brisbane Lions","Gold Coast Suns"
2019,21,"Marcus","Adams","BL",1,"Brisbane Lions","Gold Coast Suns"
2019,21,"Josh","Dunkley","WB",10,"Essendon","Western Bulldogs"
2019,21,"Jack","Macrae","WB",8,"Essendon","Western Bulldogs"
2019,21,"Marcus","Bontempelli","WB",5,"Essendon","Western Bulldogs"
2019,21,"Lachie","Hunter","WB",4,"Essendon","Western Bulldogs"
2019,21,"Toby","McLean","WB",3,"Essendon","Western Bulldogs"
2019,21,"Patrick","Dangerfield","GEEL",10,"Geelong Cats","North Melbourne"
2019,21,"Gryan","Miers","GEEL",5,"Geelong Cats","North Melbourne"
2019,21,"Mitch","Duncan","GEEL",4,"Geelong Cats","North Melbourne"
2019,21,"Quinton","Narkle","GEEL",4,"Geelong Cats","North Melbourne"
2019,21,"Tom","Hawkins","GEEL",3,"Geelong Cats","North Melbourne"
2019,21,"Gary","Ablett","GEEL",2,"Geelong Cats","North Melbourne"
2019,21,"Mark","Blicavs","GEEL",1,"Geelong Cats","North Melbourne"
2019,21,"Brandan","Parfitt","GEEL",1,"Geelong Cats","North Melbourne"
2019,21,"Nathan","Fyfe","FRE",10,"St Kilda","Fremantle"
2019,21,"Ed","Langdon","FRE",5,"St Kilda","Fremantle"
2019,21,"Dan","Hannebery","STK",4,"St Kilda","Fremantle"
2019,21,"Jack","Steven","STK",4,"St Kilda","Fremantle"
2019,21,"Jack","Billings","STK",3,"St Kilda","Fremantle"
2019,21,"Sebastian","Ross","STK",2,"St Kilda","Fremantle"
2019,21,"Hunter","Clark","STK",2,"St Kilda","Fremantle"
2019,21,"Luke","Shuey","WCE",9,"West Coast Eagles","Adelaide Crows"
2019,21,"Matt","Crouch","ADEL",8,"West Coast Eagles","Adelaide Crows"
2019,21,"Jack","Darling","WCE",5,"West Coast Eagles","Adelaide Crows"
2019,21,"Elliot","Yeo","WCE",5,"West Coast Eagles","Adelaide Crows"
2019,21,"Darcy","Fogarty","ADEL",3,"West Coast Eagles","Adelaide Crows"
2019,21,"Dion","Prestia","RICH",9,"Richmond","Carlton"
2019,21,"Jack","Graham","RICH",8,"Richmond","Carlton"
2019,21,"Shane","Edwards","RICH",6,"Richmond","Carlton"
2019,21,"Nick","Vlastuin","RICH",4,"Richmond","Carlton"
2019,21,"Liam","Jones","CARL",3,"Richmond","Carlton"
2019,22,"Oliver","Florent","SYD",9,"Melbourne","Sydney Swans"
2019,22,"Dane","Rampe","SYD",8,"Melbourne","Sydney Swans"
2019,22,"Sam","Reid","SYD",7,"Melbourne","Sydney Swans"
2019,22,"Clayton","Oliver","MELB",2,"Melbourne","Sydney Swans"
2019,22,"Aliir","Aliir","SYD",2,"Melbourne","Sydney Swans"
2019,22,"Jake","Melksham","MELB",1,"Melbourne","Sydney Swans"
2019,22,"Nick","Blakey","SYD",1,"Melbourne","Sydney Swans"
2019,22,"Levi","Casboult","CARL",10,"Carlton","St Kilda"
2019,22,"Marc","Murphy","CARL",7,"Carlton","St Kilda"
2019,22,"Kade","Simpson","CARL",4,"Carlton","St Kilda"
2019,22,"Jack","Steele","STK",3,"Carlton","St Kilda"
2019,22,"Mitch","McGovern","CARL",2,"Carlton","St Kilda"
2019,22,"Matthew","Kreuzer","CARL",2,"Carlton","St Kilda"
2019,22,"Jack","Billings","STK",1,"Carlton","St Kilda"
2019,22,"Ed","Curnow","CARL",1,"Carlton","St Kilda"
2019,22,"Marcus","Adams","BL",10,"Brisbane Lions","Geelong Cats"
2019,22,"Patrick","Dangerfield","GEEL",8,"Brisbane Lions","Geelong Cats"
2019,22,"Charlie","Cameron","BL",6,"Brisbane Lions","Geelong Cats"
2019,22,"Harris","Andrews","BL",2,"Brisbane Lions","Geelong Cats"
2019,22,"Jarryd","Lyons","BL",2,"Brisbane Lions","Geelong Cats"
2019,22,"Harry","Taylor","GEEL",1,"Brisbane Lions","Geelong Cats"
2019,22,"Lachie","Neale","BL",1,"Brisbane Lions","Geelong Cats"
2019,22,"Scott","Pendlebury","COLL",9,"Adelaide Crows","Collingwood"
2019,22,"Jamie","Elliott","COLL",7,"Adelaide Crows","Collingwood"
2019,22,"Jeremy","Howe","COLL",5,"Adelaide Crows","Collingwood"
2019,22,"Brodie","Grundy","COLL",4,"Adelaide Crows","Collingwood"
2019,22,"Brayden","Maynard","COLL",4,"Adelaide Crows","Collingwood"
2019,22,"Adam","Treloar","COLL",1,"Adelaide Crows","Collingwood"
2019,22,"Adam","Saad","ESS",8,"Fremantle","Essendon"
2019,22,"Michael","Walters","FRE",7,"Fremantle","Essendon"
2019,22,"Ed","Langdon","FRE",5,"Fremantle","Essendon"
2019,22,"Zach","Merrett","ESS",3,"Fremantle","Essendon"
2019,22,"Michael","Hurley","ESS",3,"Fremantle","Essendon"
2019,22,"Jake","Stringer","ESS",2,"Fremantle","Essendon"
2019,22,"Darcy","Parish","ESS",1,"Fremantle","Essendon"
2019,22,"Dylan","Shiel","ESS",1,"Fremantle","Essendon"
2019,22,"Todd","Goldstein","NMFC",10,"North Melbourne","Port Adelaide"
2019,22,"Ben","Brown","NMFC",8,"North Melbourne","Port Adelaide"
2019,22,"Ben","Cunnington","NMFC",6,"North Melbourne","Port Adelaide"
2019,22,"Shaun","Higgins","NMFC",2,"North Melbourne","Port Adelaide"
2019,22,"Jy","Simpkin","NMFC",2,"North Melbourne","Port Adelaide"
2019,22,"Jack","Ziebell","NMFC",1,"North Melbourne","Port Adelaide"
2019,22,"Jasper","Pittard","NMFC",1,"North Melbourne","Port Adelaide"
2019,22,"Dustin","Martin","RICH",10,"Richmond","West Coast Eagles"
2019,22,"Shane","Edwards","RICH",8,"Richmond","West Coast Eagles"
2019,22,"Elliot","Yeo","WCE",5,"Richmond","West Coast Eagles"
2019,22,"Dion","Prestia","RICH",3,"Richmond","West Coast Eagles"
2019,22,"Bachar","Houli","RICH",2,"Richmond","West Coast Eagles"
2019,22,"Tom","J Lynch","RICH",1,"Richmond","West Coast Eagles"
2019,22,"Jeremy","McGovern","WCE",1,"Richmond","West Coast Eagles"
2019,22,"Josh","Dunkley","WB",10,"GWS Giants","Western Bulldogs"
2019,22,"Jack","Macrae","WB",6,"GWS Giants","Western Bulldogs"
2019,22,"Patrick","Lipinski","WB",6,"GWS Giants","Western Bulldogs"
2019,22,"Marcus","Bontempelli","WB",6,"GWS Giants","Western Bulldogs"
2019,22,"Sam","Lloyd","WB",1,"GWS Giants","Western Bulldogs"
2019,22,"Nick","Haynes","GWS",1,"GWS Giants","Western Bulldogs"
2019,22,"Jarryd","Roughead","HAW",9,"Hawthorn","Gold Coast Suns"
2019,22,"James","Worpel","HAW",9,"Hawthorn","Gold Coast Suns"
2019,22,"Isaac","Smith","HAW",5,"Hawthorn","Gold Coast Suns"
2019,22,"Chad","Wingard","HAW",3,"Hawthorn","Gold Coast Suns"
2019,22,"Tom","Scully","HAW",3,"Hawthorn","Gold Coast Suns"
2019,22,"Pearce","Hanley","GCFC",1,"Hawthorn","Gold Coast Suns"
2019,23,"Brodie","Grundy","COLL",10,"Collingwood","Essendon"
2019,23,"Scott","Pendlebury","COLL",6,"Collingwood","Essendon"
2019,23,"Jamie","Elliott","COLL",5,"Collingwood","Essendon"
2019,23,"Conor","McKenna","ESS",4,"Collingwood","Essendon"
2019,23,"Anthony","McDonald-Tipungwuti","ESS",4,"Collingwood","Essendon"
2019,23,"Shaun","McKernan","ESS",1,"Collingwood","Essendon"
2019,23,"Josh","Kennedy","SYD",10,"Sydney Swans","St Kilda"
2019,23,"Jordan","Dawson","SYD",4,"Sydney Swans","St Kilda"
2019,23,"Dan","Hannebery","STK",4,"Sydney Swans","St Kilda"
2019,23,"Dane","Rampe","SYD",4,"Sydney Swans","St Kilda"
2019,23,"Tom","Papley","SYD",3,"Sydney Swans","St Kilda"
2019,23,"Luke","Parker","SYD",3,"Sydney Swans","St Kilda"
2019,23,"Lance","Franklin","SYD",2,"Sydney Swans","St Kilda"
2019,23,"Max","Gawn","MELB",10,"North Melbourne","Melbourne"
2019,23,"Shaun","Higgins","NMFC",8,"North Melbourne","Melbourne"
2019,23,"Jared","Polec","NMFC",5,"North Melbourne","Melbourne"
2019,23,"Clayton","Oliver","MELB",5,"North Melbourne","Melbourne"
2019,23,"James","Harmes","MELB",1,"North Melbourne","Melbourne"
2019,23,"Jack","Viney","MELB",1,"North Melbourne","Melbourne"
2019,23,"Patrick","Dangerfield","GEEL",10,"Geelong Cats","Carlton"
2019,23,"Quinton","Narkle","GEEL",7,"Geelong Cats","Carlton"
2019,23,"Gary","Ablett","GEEL",5,"Geelong Cats","Carlton"
2019,23,"Patrick","Cripps","CARL",4,"Geelong Cats","Carlton"
2019,23,"Brandan","Parfitt","GEEL",3,"Geelong Cats","Carlton"
2019,23,"Tom","Stewart","GEEL",1,"Geelong Cats","Carlton"
2019,23,"Chad","Wingard","HAW",10,"West Coast Eagles","Hawthorn"
2019,23,"Luke","Breust","HAW",7,"West Coast Eagles","Hawthorn"
2019,23,"Tim","O'Brien","HAW",4,"West Coast Eagles","Hawthorn"
2019,23,"Ricky","Henderson","HAW",4,"West Coast Eagles","Hawthorn"
2019,23,"James","Sicily","HAW",3,"West Coast Eagles","Hawthorn"
2019,23,"Jonathon","Ceglar","HAW",1,"West Coast Eagles","Hawthorn"
2019,23,"William","Rioli","WCE",1,"West Coast Eagles","Hawthorn"
2019,23,"Jeremy","Cameron","GWS",10,"Gold Coast Suns","GWS Giants"
2019,23,"Josh","Kelly","GWS",7,"Gold Coast Suns","GWS Giants"
2019,23,"Lachie","Whitfield","GWS",6,"Gold Coast Suns","GWS Giants"
2019,23,"Tim","Taranto","GWS",4,"Gold Coast Suns","GWS Giants"
2019,23,"Phil","Davis","GWS",2,"Gold Coast Suns","GWS Giants"
2019,23,"Jarrod","Witts","GCFC",1,"Gold Coast Suns","GWS Giants"
2019,23,"Bailey","Dale","WB",9,"Western Bulldogs","Adelaide Crows"
2019,23,"Marcus","Bontempelli","WB",8,"Western Bulldogs","Adelaide Crows"
2019,23,"Matt","Crouch","ADEL",5,"Western Bulldogs","Adelaide Crows"
2019,23,"Jack","Macrae","WB",5,"Western Bulldogs","Adelaide Crows"
2019,23,"Jason","Johannisen","WB",2,"Western Bulldogs","Adelaide Crows"
2019,23,"Rory","Sloane","ADEL",1,"Western Bulldogs","Adelaide Crows"
2019,23,"Ollie","Wines","PORT",9,"Port Adelaide","Fremantle"
2019,23,"Justin","Westhoff","PORT",6,"Port Adelaide","Fremantle"
2019,23,"Nathan","Fyfe","FRE",5,"Port Adelaide","Fremantle"
2019,23,"Tom","Jonas","PORT",4,"Port Adelaide","Fremantle"
2019,23,"Charlie","Dixon","PORT",3,"Port Adelaide","Fremantle"
2019,23,"Darcy","Byrne-Jones","PORT",2,"Port Adelaide","Fremantle"
2019,23,"Xavier","Duursma","PORT",1,"Port Adelaide","Fremantle"
2019,23,"Nick","Vlastuin","RICH",9,"Richmond","Brisbane Lions"
2019,23,"Lachie","Neale","BL",8,"Richmond","Brisbane Lions"
2019,23,"Dayne","Zorko","BL",4,"Richmond","Brisbane Lions"
2019,23,"Dion","Prestia","RICH",4,"Richmond","Brisbane Lions"
2019,23,"Dustin","Martin","RICH",4,"Richmond","Brisbane Lions"
2019,23,"Bachar","Houli","RICH",1,"Richmond","Brisbane Lions"
2020,1,"Dion","Prestia","RICH",9,"Richmond","Carlton"
2020,1,"Patrick","Cripps","CARL",5,"Richmond","Carlton"
2020,1,"Jack","Martin","CARL",5,"Richmond","Carlton"
2020,1,"Daniel","Rioli","RICH",4,"Richmond","Carlton"
2020,1,"Dustin","Martin","RICH",4,"Richmond","Carlton"
2020,1,"Jacob","Weitering","CARL",3,"Richmond","Carlton"
2020,1,"Brodie","Grundy","COLL",9,"Western Bulldogs","Collingwood"
2020,1,"Scott","Pendlebury","COLL",6,"Western Bulldogs","Collingwood"
2020,1,"Jeremy","Howe","COLL",5,"Western Bulldogs","Collingwood"
2020,1,"Brody","Mihocek","COLL",5,"Western Bulldogs","Collingwood"
2020,1,"Taylor","Adams","COLL",4,"Western Bulldogs","Collingwood"
2020,1,"Jordan","De Goey","COLL",1,"Western Bulldogs","Collingwood"
2020,1,"Dylan","Shiel","ESS",10,"Essendon","Fremantle"
2020,1,"Rory","Lobb","FRE",8,"Essendon","Fremantle"
2020,1,"Adam","Saad","ESS",4,"Essendon","Fremantle"
2020,1,"Jacob","Townsend","ESS",4,"Essendon","Fremantle"
2020,1,"Michael","Walters","FRE",2,"Essendon","Fremantle"
2020,1,"Andrew","McGrath","ESS",2,"Essendon","Fremantle"
2020,1,"Isaac","Heeney","SYD",10,"Adelaide Crows","Sydney Swans"
2020,1,"Luke","Parker","SYD",7,"Adelaide Crows","Sydney Swans"
2020,1,"Josh","Kennedy","SYD",5,"Adelaide Crows","Sydney Swans"
2020,1,"Oliver","Florent","SYD",3,"Adelaide Crows","Sydney Swans"
2020,1,"Dane","Rampe","SYD",2,"Adelaide Crows","Sydney Swans"
2020,1,"Rory","Laird","ADEL",2,"Adelaide Crows","Sydney Swans"
2020,1,"Wayne","Milera","ADEL",1,"Adelaide Crows","Sydney Swans"
2020,1,"Harry","Perryman","GWS",10,"GWS Giants","Geelong Cats"
2020,1,"Toby","Greene","GWS",8,"GWS Giants","Geelong Cats"
2020,1,"Mitch","Duncan","GEEL",6,"GWS Giants","Geelong Cats"
2020,1,"Jacob","Hopper","GWS",2,"GWS Giants","Geelong Cats"
2020,1,"Gary","Ablett","GEEL",2,"GWS Giants","Geelong Cats"
2020,1,"Jeremy","Cameron","GWS",2,"GWS Giants","Geelong Cats"
2020,1,"Travis","Boak","PORT",10,"Gold Coast Suns","Port Adelaide"
2020,1,"Connor","Rozee","PORT",6,"Gold Coast Suns","Port Adelaide"
2020,1,"Tom","Rockliff","PORT",5,"Gold Coast Suns","Port Adelaide"
2020,1,"Trent","McKenzie","PORT",4,"Gold Coast Suns","Port Adelaide"
2020,1,"Robbie","Gray","PORT",3,"Gold Coast Suns","Port Adelaide"
2020,1,"Scott","Lycett","PORT",1,"Gold Coast Suns","Port Adelaide"
2020,1,"Darcy","Byrne-Jones","PORT",1,"Gold Coast Suns","Port Adelaide"
2020,1,"Ben","Cunnington","NMFC",10,"North Melbourne","St Kilda"
2020,1,"Jared","Polec","NMFC",6,"North Melbourne","St Kilda"
2020,1,"Zak","Jones","STK",6,"North Melbourne","St Kilda"
2020,1,"Todd","Goldstein","NMFC",4,"North Melbourne","St Kilda"
2020,1,"Jack","Billings","STK",2,"North Melbourne","St Kilda"
2020,1,"Dan","Hannebery","STK",1,"North Melbourne","St Kilda"
2020,1,"Jack","Steele","STK",1,"North Melbourne","St Kilda"
2020,1,"Chad","Wingard","HAW",10,"Hawthorn","Brisbane Lions"
2020,1,"Lachie","Neale","BL",6,"Hawthorn","Brisbane Lions"
2020,1,"Shaun","Burgoyne","HAW",4,"Hawthorn","Brisbane Lions"
2020,1,"Ben","Stratton","HAW",3,"Hawthorn","Brisbane Lions"
2020,1,"Luke","Breust","HAW",3,"Hawthorn","Brisbane Lions"
2020,1,"Harris","Andrews","BL",2,"Hawthorn","Brisbane Lions"
2020,1,"Tom","Mitchell","HAW",1,"Hawthorn","Brisbane Lions"
2020,1,"Liam","Shiels","HAW",1,"Hawthorn","Brisbane Lions"
2020,1,"Jack","Viney","MELB",8,"West Coast Eagles","Melbourne"
2020,1,"Andrew","Gaff","WCE",7,"West Coast Eagles","Melbourne"
2020,1,"Shannon","Hurn","WCE",6,"West Coast Eagles","Melbourne"
2020,1,"Liam","Ryan","WCE",6,"West Coast Eagles","Melbourne"
2020,1,"Dom","Sheed","WCE",2,"West Coast Eagles","Melbourne"
2020,1,"Nic","Naitanui","WCE",1,"West Coast Eagles","Melbourne"
2020,2,"Bachar","Houli","RICH",8,"Collingwood","Richmond"
2020,2,"Scott","Pendlebury","COLL",8,"Collingwood","Richmond"
2020,2,"Taylor","Adams","COLL",8,"Collingwood","Richmond"
2020,2,"Trent","Cotchin","RICH",4,"Collingwood","Richmond"
2020,2,"Jeremy","Howe","COLL",2,"Collingwood","Richmond"
2020,2,"Rhys","Stanley","GEEL",9,"Geelong Cats","Hawthorn"
2020,2,"Joel","Selwood","GEEL",9,"Geelong Cats","Hawthorn"
2020,2,"Zach","Tuohy","GEEL",3,"Geelong Cats","Hawthorn"
2020,2,"Brandan","Parfitt","GEEL",3,"Geelong Cats","Hawthorn"
2020,2,"Gary","Ablett","GEEL",3,"Geelong Cats","Hawthorn"
2020,2,"Gryan","Miers","GEEL",3,"Geelong Cats","Hawthorn"
2020,2,"Lachie","Neale","BL",10,"Brisbane Lions","Fremantle"
2020,2,"Charlie","Cameron","BL",7,"Brisbane Lions","Fremantle"
2020,2,"Michael","Walters","FRE",7,"Brisbane Lions","Fremantle"
2020,2,"Oscar","McInerney","BL",2,"Brisbane Lions","Fremantle"
2020,2,"Harris","Andrews","BL",2,"Brisbane Lions","Fremantle"
2020,2,"Nathan","Fyfe","FRE",2,"Brisbane Lions","Fremantle"
2020,2,"Christian","Petracca","MELB",10,"Carlton","Melbourne"
2020,2,"Max","Gawn","MELB",8,"Carlton","Melbourne"
2020,2,"Jacob","Weitering","CARL",6,"Carlton","Melbourne"
2020,2,"Clayton","Oliver","MELB",3,"Carlton","Melbourne"
2020,2,"Sam","Docherty","CARL",2,"Carlton","Melbourne"
2020,2,"Christian","Salem","MELB",1,"Carlton","Melbourne"
2020,2,"Matt","Rowell","GCFC",10,"Gold Coast Suns","West Coast Eagles"
2020,2,"Lachie","Weller","GCFC",7,"Gold Coast Suns","West Coast Eagles"
2020,2,"Luke","Shuey","WCE",6,"Gold Coast Suns","West Coast Eagles"
2020,2,"Jack","Lukosius","GCFC",3,"Gold Coast Suns","West Coast Eagles"
2020,2,"Touk","Miller","GCFC",2,"Gold Coast Suns","West Coast Eagles"
2020,2,"Ben","Ainsworth","GCFC",1,"Gold Coast Suns","West Coast Eagles"
2020,2,"Elliot","Yeo","WCE",1,"Gold Coast Suns","West Coast Eagles"
2020,2,"Travis","Boak","PORT",8,"Port Adelaide","Adelaide Crows"
2020,2,"Steven","Motlop","PORT",7,"Port Adelaide","Adelaide Crows"
2020,2,"Darcy","Byrne-Jones","PORT",5,"Port Adelaide","Adelaide Crows"
2020,2,"Xavier","Duursma","PORT",4,"Port Adelaide","Adelaide Crows"
2020,2,"Connor","Rozee","PORT",4,"Port Adelaide","Adelaide Crows"
2020,2,"Todd","Marshall","PORT",2,"Port Adelaide","Adelaide Crows"
2020,2,"Todd","Goldstein","NMFC",10,"GWS Giants","North Melbourne"
2020,2,"Shaun","Higgins","NMFC",7,"GWS Giants","North Melbourne"
2020,2,"Robbie","Tarrant","NMFC",6,"GWS Giants","North Melbourne"
2020,2,"Jared","Polec","NMFC",5,"GWS Giants","North Melbourne"
2020,2,"Cameron","Zurhaar","NMFC",1,"GWS Giants","North Melbourne"
2020,2,"Jy","Simpkin","NMFC",1,"GWS Giants","North Melbourne"
2020,2,"Zach","Merrett","ESS",10,"Sydney Swans","Essendon"
2020,2,"Adam","Saad","ESS",7,"Sydney Swans","Essendon"
2020,2,"Dane","Rampe","SYD",4,"Sydney Swans","Essendon"
2020,2,"Aaron","Francis","ESS",3,"Sydney Swans","Essendon"
2020,2,"Jake","Lloyd","SYD",2,"Sydney Swans","Essendon"
2020,2,"Oliver","Florent","SYD",2,"Sydney Swans","Essendon"
2020,2,"Andrew","McGrath","ESS",1,"Sydney Swans","Essendon"
2020,2,"Kyle","Langford","ESS",1,"Sydney Swans","Essendon"
2020,2,"Jack","Billings","STK",10,"St Kilda","Western Bulldogs"
2020,2,"Zak","Jones","STK",6,"St Kilda","Western Bulldogs"
2020,2,"Jack","Steele","STK",4,"St Kilda","Western Bulldogs"
2020,2,"Dan","Butler","STK",3,"St Kilda","Western Bulldogs"
2020,2,"Josh","Dunkley","WB",3,"St Kilda","Western Bulldogs"
2020,2,"Bailey","Smith","WB",2,"St Kilda","Western Bulldogs"
2020,2,"Jade","Gresham","STK",1,"St Kilda","Western Bulldogs"
2020,2,"Bailey","Williams","WB",1,"St Kilda","Western Bulldogs"
2020,3,"Jaeger","O'Meara","HAW",10,"Richmond","Hawthorn"
2020,3,"Isaac","Smith","HAW",8,"Richmond","Hawthorn"
2020,3,"Jonathon","Ceglar","HAW",6,"Richmond","Hawthorn"
2020,3,"Ben","McEvoy","HAW",3,"Richmond","Hawthorn"
2020,3,"Chad","Wingard","HAW",3,"Richmond","Hawthorn"
2020,3,"Caleb","Daniel","WB",7,"Western Bulldogs","GWS Giants"
2020,3,"Bailey","Smith","WB",6,"Western Bulldogs","GWS Giants"
2020,3,"Alex","Keath","WB",4,"Western Bulldogs","GWS Giants"
2020,3,"Jack","Macrae","WB",4,"Western Bulldogs","GWS Giants"
2020,3,"Tom","Liberatore","WB",3,"Western Bulldogs","GWS Giants"
2020,3,"Harry","Perryman","GWS",3,"Western Bulldogs","GWS Giants"
2020,3,"Tim","English","WB",2,"Western Bulldogs","GWS Giants"
2020,3,"Marcus","Bontempelli","WB",1,"Western Bulldogs","GWS Giants"
2020,3,"Isaac","Heeney","SYD",9,"North Melbourne","Sydney Swans"
2020,3,"Jy","Simpkin","NMFC",9,"North Melbourne","Sydney Swans"
2020,3,"George","Hewett","SYD",4,"North Melbourne","Sydney Swans"
2020,3,"Tom","Papley","SYD",4,"North Melbourne","Sydney Swans"
2020,3,"Luke","Parker","SYD",3,"North Melbourne","Sydney Swans"
2020,3,"Jake","Lloyd","SYD",1,"North Melbourne","Sydney Swans"
2020,3,"Taylor","Adams","COLL",8,"Collingwood","St Kilda"
2020,3,"Steele","Sidebottom","COLL",8,"Collingwood","St Kilda"
2020,3,"Brodie","Grundy","COLL",5,"Collingwood","St Kilda"
2020,3,"Brayden","Maynard","COLL",5,"Collingwood","St Kilda"
2020,3,"Darcy","Moore","COLL",2,"Collingwood","St Kilda"
2020,3,"Dan","Butler","STK",1,"Collingwood","St Kilda"
2020,3,"Brody","Mihocek","COLL",1,"Collingwood","St Kilda"
2020,3,"Lachie","Neale","BL",10,"Brisbane Lions","West Coast Eagles"
2020,3,"Hugh","McCluggage","BL",8,"Brisbane Lions","West Coast Eagles"
2020,3,"Jarrod","Berry","BL",6,"Brisbane Lions","West Coast Eagles"
2020,3,"Nic","Naitanui","WCE",2,"Brisbane Lions","West Coast Eagles"
2020,3,"Andrew","Gaff","WCE",2,"Brisbane Lions","West Coast Eagles"
2020,3,"Brad","Sheppard","WCE",1,"Brisbane Lions","West Coast Eagles"
2020,3,"Darcy","Gardiner","BL",1,"Brisbane Lions","West Coast Eagles"
2020,3,"Levi","Casboult","CARL",9,"Geelong Cats","Carlton"
2020,3,"Marc","Pittonet","CARL",7,"Geelong Cats","Carlton"
2020,3,"Patrick","Cripps","CARL",5,"Geelong Cats","Carlton"
2020,3,"Jacob","Weitering","CARL",4,"Geelong Cats","Carlton"
2020,3,"Eddie","Betts","CARL",3,"Geelong Cats","Carlton"
2020,3,"Gary","Rohan","GEEL",1,"Geelong Cats","Carlton"
2020,3,"Sam","Docherty","CARL",1,"Geelong Cats","Carlton"
2020,3,"Matt","Rowell","GCFC",10,"Gold Coast Suns","Adelaide Crows"
2020,3,"Jarrod","Witts","GCFC",8,"Gold Coast Suns","Adelaide Crows"
2020,3,"Lachie","Weller","GCFC",3,"Gold Coast Suns","Adelaide Crows"
2020,3,"Ben","King","GCFC",3,"Gold Coast Suns","Adelaide Crows"
2020,3,"Hugh","Greenwood","GCFC",3,"Gold Coast Suns","Adelaide Crows"
2020,3,"Touk","Miller","GCFC",3,"Gold Coast Suns","Adelaide Crows"
2020,3,"Travis","Boak","PORT",10,"Fremantle","Port Adelaide"
2020,3,"Ollie","Wines","PORT",8,"Fremantle","Port Adelaide"
2020,3,"Nathan","Fyfe","FRE",4,"Fremantle","Port Adelaide"
2020,3,"Charlie","Dixon","PORT",4,"Fremantle","Port Adelaide"
2020,3,"Justin","Westhoff","PORT",2,"Fremantle","Port Adelaide"
2020,3,"Scott","Lycett","PORT",2,"Fremantle","Port Adelaide"
2020,4,"Marcus","Bontempelli","WB",10,"Sydney Swans","Western Bulldogs"
2020,4,"Tim","English","WB",6,"Sydney Swans","Western Bulldogs"
2020,4,"Tom","Papley","SYD",6,"Sydney Swans","Western Bulldogs"
2020,4,"Caleb","Daniel","WB",4,"Sydney Swans","Western Bulldogs"
2020,4,"Bailey","Smith","WB",2,"Sydney Swans","Western Bulldogs"
2020,4,"Hayden","Crozier","WB",2,"Sydney Swans","Western Bulldogs"
2020,4,"Toby","Greene","GWS",10,"GWS Giants","Collingwood"
2020,4,"Scott","Pendlebury","COLL",8,"GWS Giants","Collingwood"
2020,4,"Nick","Haynes","GWS",6,"GWS Giants","Collingwood"
2020,4,"Jeremy","Howe","COLL",2,"GWS Giants","Collingwood"
2020,4,"Tom","Green","GWS",2,"GWS Giants","Collingwood"
2020,4,"Josh","Kelly","GWS",1,"GWS Giants","Collingwood"
2020,4,"Darcy","Moore","COLL",1,"GWS Giants","Collingwood"
2020,4,"Charlie","Dixon","PORT",10,"Port Adelaide","West Coast Eagles"
2020,4,"Hamish","Hartlett","PORT",8,"Port Adelaide","West Coast Eagles"
2020,4,"Brad","Ebert","PORT",5,"Port Adelaide","West Coast Eagles"
2020,4,"Karl","Amon","PORT",3,"Port Adelaide","West Coast Eagles"
2020,4,"Darcy","Byrne-Jones","PORT",3,"Port Adelaide","West Coast Eagles"
2020,4,"Travis","Boak","PORT",1,"Port Adelaide","West Coast Eagles"
2020,4,"Dan","Butler","STK",10,"St Kilda","Richmond"
2020,4,"Tim","Membrey","STK",8,"St Kilda","Richmond"
2020,4,"Toby","Nankervis","RICH",5,"St Kilda","Richmond"
2020,4,"Jack","Steele","STK",5,"St Kilda","Richmond"
2020,4,"Trent","Cotchin","RICH",1,"St Kilda","Richmond"
2020,4,"Jake","Carlisle","STK",1,"St Kilda","Richmond"
2020,4,"Sam","Docherty","CARL",8,"Essendon","Carlton"
2020,4,"Levi","Casboult","CARL",8,"Essendon","Carlton"
2020,4,"David","Cuningham","CARL",8,"Essendon","Carlton"
2020,4,"Marc","Pittonet","CARL",4,"Essendon","Carlton"
2020,4,"Jordan","Ridley","ESS",1,"Essendon","Carlton"
2020,4,"Mitch","McGovern","CARL",1,"Essendon","Carlton"
2020,4,"Matt","Rowell","GCFC",10,"Gold Coast Suns","Fremantle"
2020,4,"Jarrod","Witts","GCFC",8,"Gold Coast Suns","Fremantle"
2020,4,"Touk","Miller","GCFC",5,"Gold Coast Suns","Fremantle"
2020,4,"Darcy","Tucker","FRE",3,"Gold Coast Suns","Fremantle"
2020,4,"Brandon","Ellis","GCFC",2,"Gold Coast Suns","Fremantle"
2020,4,"Michael","Walters","FRE",1,"Gold Coast Suns","Fremantle"
2020,4,"Matt","Taberner","FRE",1,"Gold Coast Suns","Fremantle"
2020,4,"Hugh","McCluggage","BL",10,"Brisbane Lions","Adelaide Crows"
2020,4,"Jarrod","Berry","BL",5,"Brisbane Lions","Adelaide Crows"
2020,4,"Lachie","Neale","BL",5,"Brisbane Lions","Adelaide Crows"
2020,4,"Mitch","Robinson","BL",4,"Brisbane Lions","Adelaide Crows"
2020,4,"Harris","Andrews","BL",3,"Brisbane Lions","Adelaide Crows"
2020,4,"Jarryd","Lyons","BL",2,"Brisbane Lions","Adelaide Crows"
2020,4,"Lincoln","McCarthy","BL",1,"Brisbane Lions","Adelaide Crows"
2020,4,"Cameron","Guthrie","GEEL",10,"Melbourne","Geelong Cats"
2020,4,"Angus","Brayshaw","MELB",7,"Melbourne","Geelong Cats"
2020,4,"Brandan","Parfitt","GEEL",4,"Melbourne","Geelong Cats"
2020,4,"Patrick","Dangerfield","GEEL",3,"Melbourne","Geelong Cats"
2020,4,"Jack","Viney","MELB",3,"Melbourne","Geelong Cats"
2020,4,"Joel","Selwood","GEEL",2,"Melbourne","Geelong Cats"
2020,4,"Mark","Blicavs","GEEL",1,"Melbourne","Geelong Cats"
2020,4,"Chad","Wingard","HAW",10,"Hawthorn","North Melbourne"
2020,4,"Todd","Goldstein","NMFC",6,"Hawthorn","North Melbourne"
2020,4,"James","Sicily","HAW",5,"Hawthorn","North Melbourne"
2020,4,"Tom","Mitchell","HAW",4,"Hawthorn","North Melbourne"
2020,4,"Ben","McEvoy","HAW",3,"Hawthorn","North Melbourne"
2020,4,"Jed","Anderson","NMFC",2,"Hawthorn","North Melbourne"
2020,5,"Jack","Steele","STK",10,"Carlton","St Kilda"
2020,5,"Rowan","Marshall","STK",7,"Carlton","St Kilda"
2020,5,"Nick","Coffield","STK",4,"Carlton","St Kilda"
2020,5,"Jack","Billings","STK",4,"Carlton","St Kilda"
2020,5,"Liam","Jones","CARL",2,"Carlton","St Kilda"
2020,5,"Jack","Martin","CARL",2,"Carlton","St Kilda"
2020,5,"Callum","Wilkie","STK",1,"Carlton","St Kilda"
2020,5,"Dylan","Shiel","ESS",10,"Collingwood","Essendon"
2020,5,"Jordan","Ridley","ESS",5,"Collingwood","Essendon"
2020,5,"Jake","Stringer","ESS",4,"Collingwood","Essendon"
2020,5,"Andrew","McGrath","ESS",4,"Collingwood","Essendon"
2020,5,"Cale","Hooker","ESS",3,"Collingwood","Essendon"
2020,5,"Brodie","Grundy","COLL",2,"Collingwood","Essendon"
2020,5,"Anthony","McDonald-Tipungwuti","ESS",1,"Collingwood","Essendon"
2020,5,"Will","Snelling","ESS",1,"Collingwood","Essendon"
2020,5,"Nic","Naitanui","WCE",10,"West Coast Eagles","Sydney Swans"
2020,5,"Elliot","Yeo","WCE",8,"West Coast Eagles","Sydney Swans"
2020,5,"Dom","Sheed","WCE",4,"West Coast Eagles","Sydney Swans"
2020,5,"Oscar","Allen","WCE",4,"West Coast Eagles","Sydney Swans"
2020,5,"Liam","Duggan","WCE",3,"West Coast Eagles","Sydney Swans"
2020,5,"Brad","Sheppard","WCE",1,"West Coast Eagles","Sydney Swans"
2020,5,"Tom","Hawkins","GEEL",9,"Geelong Cats","Gold Coast Suns"
2020,5,"Joel","Selwood","GEEL",8,"Geelong Cats","Gold Coast Suns"
2020,5,"Mitch","Duncan","GEEL",7,"Geelong Cats","Gold Coast Suns"
2020,5,"Sam","Menegola","GEEL",2,"Geelong Cats","Gold Coast Suns"
2020,5,"Jarrod","Witts","GCFC",2,"Geelong Cats","Gold Coast Suns"
2020,5,"Hugh","Greenwood","GCFC",1,"Geelong Cats","Gold Coast Suns"
2020,5,"Esava","Ratugolea","GEEL",1,"Geelong Cats","Gold Coast Suns"
2020,5,"Josh","Bruce","WB",10,"Western Bulldogs","North Melbourne"
2020,5,"Caleb","Daniel","WB",6,"Western Bulldogs","North Melbourne"
2020,5,"Easton","Wood","WB",4,"Western Bulldogs","North Melbourne"
2020,5,"Jason","Johannisen","WB",4,"Western Bulldogs","North Melbourne"
2020,5,"Hayden","Crozier","WB",2,"Western Bulldogs","North Melbourne"
2020,5,"Tom","Liberatore","WB",2,"Western Bulldogs","North Melbourne"
2020,5,"Alex","Keath","WB",1,"Western Bulldogs","North Melbourne"
2020,5,"Tim","English","WB",1,"Western Bulldogs","North Melbourne"
2020,5,"Lachie","Neale","BL",9,"Brisbane Lions","Port Adelaide"
2020,5,"Jarryd","Lyons","BL",5,"Brisbane Lions","Port Adelaide"
2020,5,"Harris","Andrews","BL",4,"Brisbane Lions","Port Adelaide"
2020,5,"Hugh","McCluggage","BL",4,"Brisbane Lions","Port Adelaide"
2020,5,"Daniel","Rich","BL",3,"Brisbane Lions","Port Adelaide"
2020,5,"Zak","Butters","PORT",3,"Brisbane Lions","Port Adelaide"
2020,5,"Daniel","McStay","BL",2,"Brisbane Lions","Port Adelaide"
2020,5,"Andrew","Brayshaw","FRE",10,"Adelaide Crows","Fremantle"
2020,5,"Griffin","Logue","FRE",6,"Adelaide Crows","Fremantle"
2020,5,"David","Mundy","FRE",5,"Adelaide Crows","Fremantle"
2020,5,"Brad","Crouch","ADEL",3,"Adelaide Crows","Fremantle"
2020,5,"Adam","Cerra","FRE",3,"Adelaide Crows","Fremantle"
2020,5,"Tom","Doedee","ADEL",2,"Adelaide Crows","Fremantle"
2020,5,"Luke","Ryan","FRE",1,"Adelaide Crows","Fremantle"
2020,5,"Kane","Lambert","RICH",10,"Melbourne","Richmond"
2020,5,"Jack","Higgins","RICH",6,"Melbourne","Richmond"
2020,5,"Noah","Balta","RICH",6,"Melbourne","Richmond"
2020,5,"Michael","Hibberd","MELB",4,"Melbourne","Richmond"
2020,5,"Christian","Petracca","MELB",3,"Melbourne","Richmond"
2020,5,"Tom","J Lynch","RICH",1,"Melbourne","Richmond"
2020,5,"Nick","Haynes","GWS",9,"GWS Giants","Hawthorn"
2020,5,"Harry","Perryman","GWS",5,"GWS Giants","Hawthorn"
2020,5,"Josh","Kelly","GWS",5,"GWS Giants","Hawthorn"
2020,5,"Jeremy","Finlayson","GWS",3,"GWS Giants","Hawthorn"
2020,5,"Lachie","Whitfield","GWS",3,"GWS Giants","Hawthorn"
2020,5,"Phil","Davis","GWS",2,"GWS Giants","Hawthorn"
2020,5,"Heath","Shaw","GWS",2,"GWS Giants","Hawthorn"
2020,5,"Harry","Himmelberg","GWS",1,"GWS Giants","Hawthorn"
2020,6,"Patrick","Dangerfield","GEEL",10,"Geelong Cats","Brisbane Lions"
2020,6,"Joel","Selwood","GEEL",8,"Geelong Cats","Brisbane Lions"
2020,6,"Dayne","Zorko","BL",3,"Geelong Cats","Brisbane Lions"
2020,6,"Tom","Hawkins","GEEL",3,"Geelong Cats","Brisbane Lions"
2020,6,"Sam","Menegola","GEEL",3,"Geelong Cats","Brisbane Lions"
2020,6,"Mark","Blicavs","GEEL",2,"Geelong Cats","Brisbane Lions"
2020,6,"Cameron","Guthrie","GEEL",1,"Geelong Cats","Brisbane Lions"
2020,6,"Adam","Treloar","COLL",9,"Collingwood","Hawthorn"
2020,6,"Brody","Mihocek","COLL",8,"Collingwood","Hawthorn"
2020,6,"Darcy","Moore","COLL",7,"Collingwood","Hawthorn"
2020,6,"Taylor","Adams","COLL",3,"Collingwood","Hawthorn"
2020,6,"James","Sicily","HAW",2,"Collingwood","Hawthorn"
2020,6,"Jamie","Elliott","COLL",1,"Collingwood","Hawthorn"
2020,6,"Andrew","Brayshaw","FRE",9,"Fremantle","St Kilda"
2020,6,"Michael","Walters","FRE",8,"Fremantle","St Kilda"
2020,6,"Tim","Membrey","STK",4,"Fremantle","St Kilda"
2020,6,"Jade","Gresham","STK",3,"Fremantle","St Kilda"
2020,6,"Matt","Taberner","FRE",2,"Fremantle","St Kilda"
2020,6,"Rory","Lobb","FRE",2,"Fremantle","St Kilda"
2020,6,"Stephen","Hill","FRE",1,"Fremantle","St Kilda"
2020,6,"Jack","Steele","STK",1,"Fremantle","St Kilda"
2020,6,"Tim","Kelly","WCE",10,"West Coast Eagles","Adelaide Crows"
2020,6,"Jeremy","McGovern","WCE",7,"West Coast Eagles","Adelaide Crows"
2020,6,"Nic","Naitanui","WCE",5,"West Coast Eagles","Adelaide Crows"
2020,6,"Brodie","Smith","ADEL",5,"West Coast Eagles","Adelaide Crows"
2020,6,"Dom","Sheed","WCE",2,"West Coast Eagles","Adelaide Crows"
2020,6,"Andrew","Gaff","WCE",1,"West Coast Eagles","Adelaide Crows"
2020,6,"Max","Gawn","MELB",9,"Melbourne","Gold Coast Suns"
2020,6,"Christian","Petracca","MELB",7,"Melbourne","Gold Coast Suns"
2020,6,"Izak","Rankine","GCFC",4,"Melbourne","Gold Coast Suns"
2020,6,"Jack","Viney","MELB",4,"Melbourne","Gold Coast Suns"
2020,6,"Charlie","Ballard","GCFC",4,"Melbourne","Gold Coast Suns"
2020,6,"Clayton","Oliver","MELB",2,"Melbourne","Gold Coast Suns"
2020,6,"David","Zaharakis","ESS",10,"Essendon","North Melbourne"
2020,6,"Jordan","Ridley","ESS",6,"Essendon","North Melbourne"
2020,6,"Todd","Goldstein","NMFC",4,"Essendon","North Melbourne"
2020,6,"Darcy","Parish","ESS",4,"Essendon","North Melbourne"
2020,6,"Andrew","McGrath","ESS",2,"Essendon","North Melbourne"
2020,6,"Jy","Simpkin","NMFC",2,"Essendon","North Melbourne"
2020,6,"Anthony","McDonald-Tipungwuti","ESS",1,"Essendon","North Melbourne"
2020,6,"Adam","Saad","ESS",1,"Essendon","North Melbourne"
2020,6,"Tom","Jonas","PORT",8,"Port Adelaide","GWS Giants"
2020,6,"Sam","Powell-Pepper","PORT",7,"Port Adelaide","GWS Giants"
2020,6,"Kane","Farrell","PORT",6,"Port Adelaide","GWS Giants"
2020,6,"Dan","Houston","PORT",4,"Port Adelaide","GWS Giants"
2020,6,"Lachie","Whitfield","GWS",4,"Port Adelaide","GWS Giants"
2020,6,"Scott","Lycett","PORT",1,"Port Adelaide","GWS Giants"
2020,6,"Callum","Mills","SYD",10,"Richmond","Sydney Swans"
2020,6,"Kane","Lambert","RICH",5,"Richmond","Sydney Swans"
2020,6,"Jayden","Short","RICH",4,"Richmond","Sydney Swans"
2020,6,"Jack","Graham","RICH",3,"Richmond","Sydney Swans"
2020,6,"Robbie","Fox","SYD",3,"Richmond","Sydney Swans"
2020,6,"Nick","Vlastuin","RICH",3,"Richmond","Sydney Swans"
2020,6,"Kamdyn","McIntosh","RICH",2,"Richmond","Sydney Swans"
2020,6,"Jack","Martin","CARL",8,"Carlton","Western Bulldogs"
2020,6,"Jack","Macrae","WB",5,"Carlton","Western Bulldogs"
2020,6,"Ed","Curnow","CARL",5,"Carlton","Western Bulldogs"
2020,6,"Eddie","Betts","CARL",4,"Carlton","Western Bulldogs"
2020,6,"Alex","Keath","WB",3,"Carlton","Western Bulldogs"
2020,6,"Michael","Gibbons","CARL",2,"Carlton","Western Bulldogs"
2020,6,"Harry","McKay","CARL",2,"Carlton","Western Bulldogs"
2020,6,"Bailey","Smith","WB",1,"Carlton","Western Bulldogs"
2020,7,"Jordan","De Goey","COLL",10,"Geelong Cats","Collingwood"
2020,7,"Scott","Pendlebury","COLL",4,"Geelong Cats","Collingwood"
2020,7,"Adam","Treloar","COLL",4,"Geelong Cats","Collingwood"
2020,7,"Darcy","Moore","COLL",3,"Geelong Cats","Collingwood"
2020,7,"Cameron","Guthrie","GEEL",3,"Geelong Cats","Collingwood"
2020,7,"Brodie","Grundy","COLL",2,"Geelong Cats","Collingwood"
2020,7,"Jamie","Elliott","COLL",2,"Geelong Cats","Collingwood"
2020,7,"Mark","Blicavs","GEEL",1,"Geelong Cats","Collingwood"
2020,7,"Brayden","Maynard","COLL",1,"Geelong Cats","Collingwood"
2020,7,"Tim","English","WB",10,"Essendon","Western Bulldogs"
2020,7,"Jack","Macrae","WB",8,"Essendon","Western Bulldogs"
2020,7,"Mitch","Wallis","WB",5,"Essendon","Western Bulldogs"
2020,7,"Marcus","Bontempelli","WB",4,"Essendon","Western Bulldogs"
2020,7,"Tom","Liberatore","WB",3,"Essendon","Western Bulldogs"
2020,7,"Dayne","Zorko","BL",7,"GWS Giants","Brisbane Lions"
2020,7,"Harris","Andrews","BL",5,"GWS Giants","Brisbane Lions"
2020,7,"Darcy","Gardiner","BL",5,"GWS Giants","Brisbane Lions"
2020,7,"Zac","Bailey","BL",4,"GWS Giants","Brisbane Lions"
2020,7,"Charlie","Cameron","BL",3,"GWS Giants","Brisbane Lions"
2020,7,"Aidan","Corr","GWS",3,"GWS Giants","Brisbane Lions"
2020,7,"Stephen","Coniglio","GWS",2,"GWS Giants","Brisbane Lions"
2020,7,"Grant","Birchall","BL",1,"GWS Giants","Brisbane Lions"
2020,7,"Hugh","Greenwood","GCFC",10,"Sydney Swans","Gold Coast Suns"
2020,7,"Jarrod","Witts","GCFC",5,"Sydney Swans","Gold Coast Suns"
2020,7,"Luke","Parker","SYD",5,"Sydney Swans","Gold Coast Suns"
2020,7,"Izak","Rankine","GCFC",4,"Sydney Swans","Gold Coast Suns"
2020,7,"Brandon","Ellis","GCFC",4,"Sydney Swans","Gold Coast Suns"
2020,7,"David","Swallow","GCFC",2,"Sydney Swans","Gold Coast Suns"
2020,7,"Derek","Eggmolesse-Smith","RICH",8,"Richmond","North Melbourne"
2020,7,"Dylan","Grimes","RICH",6,"Richmond","North Melbourne"
2020,7,"Shai","Bolton","RICH",6,"Richmond","North Melbourne"
2020,7,"Marlion","Pickett","RICH",5,"Richmond","North Melbourne"
2020,7,"Nick","Vlastuin","RICH",3,"Richmond","North Melbourne"
2020,7,"Shaun","Higgins","NMFC",1,"Richmond","North Melbourne"
2020,7,"Jayden","Short","RICH",1,"Richmond","North Melbourne"
2020,7,"Charlie","Dixon","PORT",10,"Carlton","Port Adelaide"
2020,7,"Tom","Jonas","PORT",7,"Carlton","Port Adelaide"
2020,7,"Sam","Walsh","CARL",5,"Carlton","Port Adelaide"
2020,7,"Peter","Ladhams","PORT",4,"Carlton","Port Adelaide"
2020,7,"Trent","McKenzie","PORT",2,"Carlton","Port Adelaide"
2020,7,"Ollie","Wines","PORT",1,"Carlton","Port Adelaide"
2020,7,"Jacob","Weitering","CARL",1,"Carlton","Port Adelaide"
2020,7,"Christian","Petracca","MELB",10,"Hawthorn","Melbourne"
2020,7,"Max","Gawn","MELB",8,"Hawthorn","Melbourne"
2020,7,"Clayton","Oliver","MELB",5,"Hawthorn","Melbourne"
2020,7,"Jack","Viney","MELB",3,"Hawthorn","Melbourne"
2020,7,"Steven","May","MELB",2,"Hawthorn","Melbourne"
2020,7,"James","Sicily","HAW",1,"Hawthorn","Melbourne"
2020,7,"Sam","Weideman","MELB",1,"Hawthorn","Melbourne"
2020,7,"Josh","J Kennedy","WCE",10,"Fremantle","West Coast Eagles"
2020,7,"Andrew","Gaff","WCE",4,"Fremantle","West Coast Eagles"
2020,7,"Brad","Sheppard","WCE",4,"Fremantle","West Coast Eagles"
2020,7,"Matt","Taberner","FRE",3,"Fremantle","West Coast Eagles"
2020,7,"Elliot","Yeo","WCE",3,"Fremantle","West Coast Eagles"
2020,7,"Jackson","Nelson","WCE",2,"Fremantle","West Coast Eagles"
2020,7,"Tim","Kelly","WCE",2,"Fremantle","West Coast Eagles"
2020,7,"Luke","Ryan","FRE",2,"Fremantle","West Coast Eagles"
2020,7,"Jack","Steele","STK",10,"Adelaide Crows","St Kilda"
2020,7,"Jade","Gresham","STK",6,"Adelaide Crows","St Kilda"
2020,7,"Tom","Doedee","ADEL",5,"Adelaide Crows","St Kilda"
2020,7,"Dougal","Howard","STK",4,"Adelaide Crows","St Kilda"
2020,7,"Paddy","Ryder","STK",4,"Adelaide Crows","St Kilda"
2020,7,"Dan","Butler","STK",1,"Adelaide Crows","St Kilda"
2020,8,"Jack","Macrae","WB",10,"Gold Coast Suns","Western Bulldogs"
2020,8,"Alex","Keath","WB",4,"Gold Coast Suns","Western Bulldogs"
2020,8,"Jarrod","Witts","GCFC",4,"Gold Coast Suns","Western Bulldogs"
2020,8,"Hayden","Crozier","WB",3,"Gold Coast Suns","Western Bulldogs"
2020,8,"Touk","Miller","GCFC",3,"Gold Coast Suns","Western Bulldogs"
2020,8,"Bailey","Smith","WB",3,"Gold Coast Suns","Western Bulldogs"
2020,8,"Sam","Collins","GCFC",2,"Gold Coast Suns","Western Bulldogs"
2020,8,"Caleb","Daniel","WB",1,"Gold Coast Suns","Western Bulldogs"
2020,8,"Toby","Greene","GWS",10,"GWS Giants","Richmond"
2020,8,"Dustin","Martin","RICH",7,"GWS Giants","Richmond"
2020,8,"Josh","Kelly","GWS",7,"GWS Giants","Richmond"
2020,8,"Shai","Bolton","RICH",4,"GWS Giants","Richmond"
2020,8,"Lachie","Whitfield","GWS",2,"GWS Giants","Richmond"
2020,8,"Lachie","Plowman","CARL",5,"North Melbourne","Carlton"
2020,8,"Marc","Murphy","CARL",5,"North Melbourne","Carlton"
2020,8,"Jared","Polec","NMFC",4,"North Melbourne","Carlton"
2020,8,"Matthew","Kennedy","CARL",4,"North Melbourne","Carlton"
2020,8,"Marc","Pittonet","CARL",3,"North Melbourne","Carlton"
2020,8,"Ed","Curnow","CARL",3,"North Melbourne","Carlton"
2020,8,"Sam","Walsh","CARL",3,"North Melbourne","Carlton"
2020,8,"Jacob","Weitering","CARL",2,"North Melbourne","Carlton"
2020,8,"Luke","McDonald","NMFC",1,"North Melbourne","Carlton"
2020,8,"Dane","Rampe","SYD",10,"Sydney Swans","Hawthorn"
2020,8,"Tom","Papley","SYD",7,"Sydney Swans","Hawthorn"
2020,8,"Jaeger","O'Meara","HAW",6,"Sydney Swans","Hawthorn"
2020,8,"Jake","Lloyd","SYD",5,"Sydney Swans","Hawthorn"
2020,8,"Liam","Shiels","HAW",1,"Sydney Swans","Hawthorn"
2020,8,"James","Sicily","HAW",1,"Sydney Swans","Hawthorn"
2020,8,"Jade","Gresham","STK",5,"Port Adelaide","St Kilda"
2020,8,"Zak","Jones","STK",5,"Port Adelaide","St Kilda"
2020,8,"Hunter","Clark","STK",5,"Port Adelaide","St Kilda"
2020,8,"Darcy","Byrne-Jones","PORT",4,"Port Adelaide","St Kilda"
2020,8,"Dougal","Howard","STK",4,"Port Adelaide","St Kilda"
2020,8,"Rowan","Marshall","STK",3,"Port Adelaide","St Kilda"
2020,8,"Paddy","Ryder","STK",3,"Port Adelaide","St Kilda"
2020,8,"Jack","Steele","STK",1,"Port Adelaide","St Kilda"
2020,8,"Andrew","McGrath","ESS",8,"Adelaide Crows","Essendon"
2020,8,"Zach","Merrett","ESS",7,"Adelaide Crows","Essendon"
2020,8,"Brodie","Smith","ADEL",7,"Adelaide Crows","Essendon"
2020,8,"Jordan","Ridley","ESS",6,"Adelaide Crows","Essendon"
2020,8,"Paul","Seedsman","ADEL",1,"Adelaide Crows","Essendon"
2020,8,"Darcy","Parish","ESS",1,"Adelaide Crows","Essendon"
2020,8,"Josh","J Kennedy","WCE",9,"West Coast Eagles","Collingwood"
2020,8,"Tim","Kelly","WCE",9,"West Coast Eagles","Collingwood"
2020,8,"Luke","Shuey","WCE",5,"West Coast Eagles","Collingwood"
2020,8,"Nic","Naitanui","WCE",4,"West Coast Eagles","Collingwood"
2020,8,"Oscar","Allen","WCE",2,"West Coast Eagles","Collingwood"
2020,8,"Elliot","Yeo","WCE",1,"West Coast Eagles","Collingwood"
2020,8,"Lachie","Neale","BL",10,"Melbourne","Brisbane Lions"
2020,8,"Zac","Bailey","BL",7,"Melbourne","Brisbane Lions"
2020,8,"Christian","Petracca","MELB",7,"Melbourne","Brisbane Lions"
2020,8,"Jack","Viney","MELB",4,"Melbourne","Brisbane Lions"
2020,8,"Jarryd","Lyons","BL",1,"Melbourne","Brisbane Lions"
2020,8,"Hugh","McCluggage","BL",1,"Melbourne","Brisbane Lions"
2020,8,"Cameron","Guthrie","GEEL",10,"Fremantle","Geelong Cats"
2020,8,"Zach","Tuohy","GEEL",7,"Fremantle","Geelong Cats"
2020,8,"Sam","Menegola","GEEL",5,"Fremantle","Geelong Cats"
2020,8,"Mark","Blicavs","GEEL",4,"Fremantle","Geelong Cats"
2020,8,"Mitch","Duncan","GEEL",3,"Fremantle","Geelong Cats"
2020,8,"Caleb","Serong","FRE",1,"Fremantle","Geelong Cats"
2020,9,"Dustin","Martin","RICH",10,"Western Bulldogs","Richmond"
2020,9,"Jayden","Short","RICH",4,"Western Bulldogs","Richmond"
2020,9,"Noah","Balta","RICH",4,"Western Bulldogs","Richmond"
2020,9,"Caleb","Daniel","WB",3,"Western Bulldogs","Richmond"
2020,9,"Jack","Macrae","WB",3,"Western Bulldogs","Richmond"
2020,9,"Trent","Cotchin","RICH",3,"Western Bulldogs","Richmond"
2020,9,"Shai","Bolton","RICH",2,"Western Bulldogs","Richmond"
2020,9,"Dylan","Grimes","RICH",1,"Western Bulldogs","Richmond"
2020,9,"Travis","Boak","PORT",10,"Melbourne","Port Adelaide"
2020,9,"Ollie","Wines","PORT",8,"Melbourne","Port Adelaide"
2020,9,"Dan","Houston","PORT",3,"Melbourne","Port Adelaide"
2020,9,"Karl","Amon","PORT",3,"Melbourne","Port Adelaide"
2020,9,"Darcy","Byrne-Jones","PORT",2,"Melbourne","Port Adelaide"
2020,9,"Mitchell","Georgiades","PORT",2,"Melbourne","Port Adelaide"
2020,9,"Tom","Rockliff","PORT",2,"Melbourne","Port Adelaide"
2020,9,"Jack","Gunston","HAW",9,"Carlton","Hawthorn"
2020,9,"Tom","Mitchell","HAW",8,"Carlton","Hawthorn"
2020,9,"Liam","Shiels","HAW",7,"Carlton","Hawthorn"
2020,9,"Sam","Frost","HAW",4,"Carlton","Hawthorn"
2020,9,"Isaac","Smith","HAW",1,"Carlton","Hawthorn"
2020,9,"Patrick","Cripps","CARL",1,"Carlton","Hawthorn"
2020,9,"Lachie","Neale","BL",10,"Essendon","Brisbane Lions"
2020,9,"Charlie","Cameron","BL",6,"Essendon","Brisbane Lions"
2020,9,"Alex","Witherden","BL",5,"Essendon","Brisbane Lions"
2020,9,"Noah","Answerth","BL",4,"Essendon","Brisbane Lions"
2020,9,"Andrew","McGrath","ESS",2,"Essendon","Brisbane Lions"
2020,9,"Dayne","Zorko","BL",2,"Essendon","Brisbane Lions"
2020,9,"Jarrod","Berry","BL",1,"Essendon","Brisbane Lions"
2020,9,"Luke","McDonald","NMFC",10,"North Melbourne","Adelaide Crows"
2020,9,"Jed","Anderson","NMFC",7,"North Melbourne","Adelaide Crows"
2020,9,"Todd","Goldstein","NMFC",6,"North Melbourne","Adelaide Crows"
2020,9,"Trent","Dumont","NMFC",5,"North Melbourne","Adelaide Crows"
2020,9,"Cameron","Zurhaar","NMFC",2,"North Melbourne","Adelaide Crows"
2020,9,"Zak","Jones","STK",8,"St Kilda","Sydney Swans"
2020,9,"Jade","Gresham","STK",7,"St Kilda","Sydney Swans"
2020,9,"Jack","Steele","STK",7,"St Kilda","Sydney Swans"
2020,9,"Nick","Hind","STK",6,"St Kilda","Sydney Swans"
2020,9,"Hunter","Clark","STK",1,"St Kilda","Sydney Swans"
2020,9,"Luke","Parker","SYD",1,"St Kilda","Sydney Swans"
2020,9,"Nic","Naitanui","WCE",10,"West Coast Eagles","Geelong Cats"
2020,9,"Josh","J Kennedy","WCE",6,"West Coast Eagles","Geelong Cats"
2020,9,"Tom","Stewart","GEEL",4,"West Coast Eagles","Geelong Cats"
2020,9,"Mitch","Duncan","GEEL",4,"West Coast Eagles","Geelong Cats"
2020,9,"Elliot","Yeo","WCE",4,"West Coast Eagles","Geelong Cats"
2020,9,"Tim","Kelly","WCE",2,"West Coast Eagles","Geelong Cats"
2020,9,"Lachie","Whitfield","GWS",9,"Gold Coast Suns","GWS Giants"
2020,9,"Jacob","Hopper","GWS",9,"Gold Coast Suns","GWS Giants"
2020,9,"Josh","Kelly","GWS",5,"Gold Coast Suns","GWS Giants"
2020,9,"Zac","Williams","GWS",5,"Gold Coast Suns","GWS Giants"
2020,9,"Tim","Taranto","GWS",1,"Gold Coast Suns","GWS Giants"
2020,9,"Harry","Himmelberg","GWS",1,"Gold Coast Suns","GWS Giants"
2020,9,"Luke","Ryan","FRE",10,"Fremantle","Collingwood"
2020,9,"David","Mundy","FRE",8,"Fremantle","Collingwood"
2020,9,"Caleb","Serong","FRE",6,"Fremantle","Collingwood"
2020,9,"Brayden","Maynard","COLL",3,"Fremantle","Collingwood"
2020,9,"Matt","Taberner","FRE",2,"Fremantle","Collingwood"
2020,9,"Steele","Sidebottom","COLL",1,"Fremantle","Collingwood"
2020,10,"Zak","Butters","PORT",7,"Port Adelaide","Western Bulldogs"
2020,10,"Jack","Macrae","WB",7,"Port Adelaide","Western Bulldogs"
2020,10,"Tom","Jonas","PORT",4,"Port Adelaide","Western Bulldogs"
2020,10,"Marcus","Bontempelli","WB",4,"Port Adelaide","Western Bulldogs"
2020,10,"Peter","Ladhams","PORT",3,"Port Adelaide","Western Bulldogs"
2020,10,"Tom","Clurey","PORT",3,"Port Adelaide","Western Bulldogs"
2020,10,"Charlie","Dixon","PORT",2,"Port Adelaide","Western Bulldogs"
2020,10,"Liam","Baker","RICH",9,"Richmond","Brisbane Lions"
2020,10,"Shai","Bolton","RICH",8,"Richmond","Brisbane Lions"
2020,10,"Dustin","Martin","RICH",7,"Richmond","Brisbane Lions"
2020,10,"Tom","J Lynch","RICH",3,"Richmond","Brisbane Lions"
2020,10,"Lachie","Neale","BL",2,"Richmond","Brisbane Lions"
2020,10,"Noah","Balta","RICH",1,"Richmond","Brisbane Lions"
2020,10,"Cameron","Guthrie","GEEL",10,"Geelong Cats","North Melbourne"
2020,10,"Gryan","Miers","GEEL",8,"Geelong Cats","North Melbourne"
2020,10,"Sam","Menegola","GEEL",5,"Geelong Cats","North Melbourne"
2020,10,"Jack","Henry","GEEL",3,"Geelong Cats","North Melbourne"
2020,10,"Mark","Blicavs","GEEL",2,"Geelong Cats","North Melbourne"
2020,10,"Jy","Simpkin","NMFC",2,"Geelong Cats","North Melbourne"
2020,10,"Clayton","Oliver","MELB",10,"Adelaide Crows","Melbourne"
2020,10,"Jack","Viney","MELB",7,"Adelaide Crows","Melbourne"
2020,10,"Steven","May","MELB",6,"Adelaide Crows","Melbourne"
2020,10,"Christian","Petracca","MELB",3,"Adelaide Crows","Melbourne"
2020,10,"Sam","Weideman","MELB",2,"Adelaide Crows","Melbourne"
2020,10,"Christian","Salem","MELB",2,"Adelaide Crows","Melbourne"
2020,10,"Taylor","Adams","COLL",10,"Collingwood","Sydney Swans"
2020,10,"Josh","Daicos","COLL",6,"Collingwood","Sydney Swans"
2020,10,"Adam","Treloar","COLL",4,"Collingwood","Sydney Swans"
2020,10,"Brayden","Maynard","COLL",4,"Collingwood","Sydney Swans"
2020,10,"Brayden","Sier","COLL",2,"Collingwood","Sydney Swans"
2020,10,"Jackson","Thurlow","SYD",2,"Collingwood","Sydney Swans"
2020,10,"Jake","Lloyd","SYD",1,"Collingwood","Sydney Swans"
2020,10,"John","Noble","COLL",1,"Collingwood","Sydney Swans"
2020,10,"Dan","Butler","STK",10,"Gold Coast Suns","St Kilda"
2020,10,"Jack","Steele","STK",5,"Gold Coast Suns","St Kilda"
2020,10,"Touk","Miller","GCFC",5,"Gold Coast Suns","St Kilda"
2020,10,"Jack","Billings","STK",4,"Gold Coast Suns","St Kilda"
2020,10,"Jarrod","Witts","GCFC",4,"Gold Coast Suns","St Kilda"
2020,10,"Hugh","Greenwood","GCFC",1,"Gold Coast Suns","St Kilda"
2020,10,"Jack","Lukosius","GCFC",1,"Gold Coast Suns","St Kilda"
2020,10,"Zach","Merrett","ESS",9,"Essendon","GWS Giants"
2020,10,"Lachie","Whitfield","GWS",7,"Essendon","GWS Giants"
2020,10,"Tim","Taranto","GWS",6,"Essendon","GWS Giants"
2020,10,"Adam","Saad","ESS",4,"Essendon","GWS Giants"
2020,10,"Stephen","Coniglio","GWS",4,"Essendon","GWS Giants"
2020,11,"Ollie","Wines","PORT",10,"Port Adelaide","Richmond"
2020,11,"Travis","Boak","PORT",8,"Port Adelaide","Richmond"
2020,11,"Zak","Butters","PORT",3,"Port Adelaide","Richmond"
2020,11,"Peter","Ladhams","PORT",3,"Port Adelaide","Richmond"
2020,11,"Sam","Powell-Pepper","PORT",2,"Port Adelaide","Richmond"
2020,11,"Robbie","Gray","PORT",2,"Port Adelaide","Richmond"
2020,11,"Charlie","Dixon","PORT",2,"Port Adelaide","Richmond"
2020,11,"Lachie","Neale","BL",10,"Brisbane Lions","Western Bulldogs"
2020,11,"Dayne","Zorko","BL",8,"Brisbane Lions","Western Bulldogs"
2020,11,"Eric","Hipwood","BL",5,"Brisbane Lions","Western Bulldogs"
2020,11,"Jarryd","Lyons","BL",4,"Brisbane Lions","Western Bulldogs"
2020,11,"Jack","Macrae","WB",2,"Brisbane Lions","Western Bulldogs"
2020,11,"Zac","Bailey","BL",1,"Brisbane Lions","Western Bulldogs"
2020,11,"Dom","Sheed","WCE",10,"West Coast Eagles","Carlton"
2020,11,"Nic","Naitanui","WCE",8,"West Coast Eagles","Carlton"
2020,11,"Zac","Fisher","CARL",6,"West Coast Eagles","Carlton"
2020,11,"Liam","Jones","CARL",2,"West Coast Eagles","Carlton"
2020,11,"Elliot","Yeo","WCE",2,"West Coast Eagles","Carlton"
2020,11,"Tim","Kelly","WCE",1,"West Coast Eagles","Carlton"
2020,11,"Patrick","Cripps","CARL",1,"West Coast Eagles","Carlton"
2020,11,"Christian","Petracca","MELB",10,"Melbourne","North Melbourne"
2020,11,"Clayton","Oliver","MELB",8,"Melbourne","North Melbourne"
2020,11,"Angus","Brayshaw","MELB",6,"Melbourne","North Melbourne"
2020,11,"Jake","Lever","MELB",4,"Melbourne","North Melbourne"
2020,11,"Sam","Weideman","MELB",1,"Melbourne","North Melbourne"
2020,11,"Ed","Langdon","MELB",1,"Melbourne","North Melbourne"
2020,11,"Sam","Menegola","GEEL",8,"St Kilda","Geelong Cats"
2020,11,"Gary","Rohan","GEEL",7,"St Kilda","Geelong Cats"
2020,11,"Tom","Hawkins","GEEL",5,"St Kilda","Geelong Cats"
2020,11,"Mark","O'Connor","GEEL",5,"St Kilda","Geelong Cats"
2020,11,"Zach","Tuohy","GEEL",3,"St Kilda","Geelong Cats"
2020,11,"Mitch","Duncan","GEEL",2,"St Kilda","Geelong Cats"
2020,11,"Adam","Cerra","FRE",9,"Fremantle","Hawthorn"
2020,11,"Andrew","Brayshaw","FRE",9,"Fremantle","Hawthorn"
2020,11,"Nathan","Fyfe","FRE",4,"Fremantle","Hawthorn"
2020,11,"Caleb","Serong","FRE",3,"Fremantle","Hawthorn"
2020,11,"Sean","Darcy","FRE",2,"Fremantle","Hawthorn"
2020,11,"David","Mundy","FRE",2,"Fremantle","Hawthorn"
2020,11,"Nathan","Wilson","FRE",1,"Fremantle","Hawthorn"
2020,11,"Rory","Laird","ADEL",9,"Adelaide Crows","Collingwood"
2020,11,"Taylor","Adams","COLL",8,"Adelaide Crows","Collingwood"
2020,11,"Jack","Crisp","COLL",6,"Adelaide Crows","Collingwood"
2020,11,"Brayden","Maynard","COLL",5,"Adelaide Crows","Collingwood"
2020,11,"Darcy","Cameron","COLL",1,"Adelaide Crows","Collingwood"
2020,11,"Reilly","O'Brien","ADEL",1,"Adelaide Crows","Collingwood"
2020,11,"Zach","Merrett","ESS",10,"Gold Coast Suns","Essendon"
2020,11,"Jordan","Ridley","ESS",7,"Gold Coast Suns","Essendon"
2020,11,"Andrew","McGrath","ESS",6,"Gold Coast Suns","Essendon"
2020,11,"Lachie","Weller","GCFC",5,"Gold Coast Suns","Essendon"
2020,11,"David","Zaharakis","ESS",2,"Gold Coast Suns","Essendon"
2020,12,"Luke","Parker","SYD",10,"Sydney Swans","GWS Giants"
2020,12,"James","Rowbottom","SYD",4,"Sydney Swans","GWS Giants"
2020,12,"Dane","Rampe","SYD",4,"Sydney Swans","GWS Giants"
2020,12,"Josh","Kelly","GWS",3,"Sydney Swans","GWS Giants"
2020,12,"Jordan","Dawson","SYD",3,"Sydney Swans","GWS Giants"
2020,12,"Lewis","Melican","SYD",2,"Sydney Swans","GWS Giants"
2020,12,"Nick","Blakey","SYD",2,"Sydney Swans","GWS Giants"
2020,12,"Callum","Sinclair","SYD",1,"Sydney Swans","GWS Giants"
2020,12,"Jake","Lloyd","SYD",1,"Sydney Swans","GWS Giants"
2020,12,"Tom","Hawkins","GEEL",10,"Geelong Cats","Port Adelaide"
2020,12,"Patrick","Dangerfield","GEEL",8,"Geelong Cats","Port Adelaide"
2020,12,"Mark","Blicavs","GEEL",4,"Geelong Cats","Port Adelaide"
2020,12,"Cameron","Guthrie","GEEL",4,"Geelong Cats","Port Adelaide"
2020,12,"Harry","Taylor","GEEL",3,"Geelong Cats","Port Adelaide"
2020,12,"Sam","Menegola","GEEL",1,"Geelong Cats","Port Adelaide"
2020,12,"Jed","Anderson","NMFC",9,"North Melbourne","Brisbane Lions"
2020,12,"Jarryd","Lyons","BL",9,"North Melbourne","Brisbane Lions"
2020,12,"Dayne","Zorko","BL",3,"North Melbourne","Brisbane Lions"
2020,12,"Lachie","Neale","BL",3,"North Melbourne","Brisbane Lions"
2020,12,"Todd","Goldstein","NMFC",2,"North Melbourne","Brisbane Lions"
2020,12,"Luke","Davies-Uniacke","NMFC",2,"North Melbourne","Brisbane Lions"
2020,12,"Luke","McDonald","NMFC",1,"North Melbourne","Brisbane Lions"
2020,12,"Ryan","Lester","BL",1,"North Melbourne","Brisbane Lions"
2020,12,"Ed","Langdon","MELB",6,"Melbourne","Collingwood"
2020,12,"Clayton","Oliver","MELB",6,"Melbourne","Collingwood"
2020,12,"Angus","Brayshaw","MELB",6,"Melbourne","Collingwood"
2020,12,"Christian","Petracca","MELB",4,"Melbourne","Collingwood"
2020,12,"Taylor","Adams","COLL",3,"Melbourne","Collingwood"
2020,12,"Steele","Sidebottom","COLL",3,"Melbourne","Collingwood"
2020,12,"Charlie","Spargo","MELB",2,"Melbourne","Collingwood"
2020,12,"Ed","Curnow","CARL",10,"Fremantle","Carlton"
2020,12,"Luke","Ryan","FRE",7,"Fremantle","Carlton"
2020,12,"Matt","Taberner","FRE",5,"Fremantle","Carlton"
2020,12,"Nathan","Fyfe","FRE",3,"Fremantle","Carlton"
2020,12,"Patrick","Cripps","CARL",3,"Fremantle","Carlton"
2020,12,"Sam","Walsh","CARL",2,"Fremantle","Carlton"
2020,12,"Marcus","Bontempelli","WB",10,"Western Bulldogs","Adelaide Crows"
2020,12,"Aaron","Naughton","WB",8,"Western Bulldogs","Adelaide Crows"
2020,12,"Bailey","Smith","WB",6,"Western Bulldogs","Adelaide Crows"
2020,12,"Bailey","Williams","WB",4,"Western Bulldogs","Adelaide Crows"
2020,12,"Caleb","Daniel","WB",1,"Western Bulldogs","Adelaide Crows"
2020,12,"Easton","Wood","WB",1,"Western Bulldogs","Adelaide Crows"
2020,12,"Zak","Jones","STK",10,"St Kilda","Essendon"
2020,12,"Jack","Billings","STK",5,"St Kilda","Essendon"
2020,12,"Paddy","Ryder","STK",5,"St Kilda","Essendon"
2020,12,"Josh","Battle","STK",4,"St Kilda","Essendon"
2020,12,"Nick","Coffield","STK",3,"St Kilda","Essendon"
2020,12,"Andrew","McGrath","ESS",2,"St Kilda","Essendon"
2020,12,"Dylan","Shiel","ESS",1,"St Kilda","Essendon"
2020,12,"Tom","Barrass","WCE",10,"West Coast Eagles","Hawthorn"
2020,12,"Liam","Ryan","WCE",8,"West Coast Eagles","Hawthorn"
2020,12,"James","Worpel","HAW",4,"West Coast Eagles","Hawthorn"
2020,12,"Jack","Darling","WCE",3,"West Coast Eagles","Hawthorn"
2020,12,"Jeremy","McGovern","WCE",2,"West Coast Eagles","Hawthorn"
2020,12,"Andrew","Gaff","WCE",2,"West Coast Eagles","Hawthorn"
2020,12,"Nic","Naitanui","WCE",1,"West Coast Eagles","Hawthorn"
2020,12,"Jack","Lukosius","GCFC",9,"Richmond","Gold Coast Suns"
2020,12,"Trent","Cotchin","RICH",9,"Richmond","Gold Coast Suns"
2020,12,"Noah","Anderson","GCFC",5,"Richmond","Gold Coast Suns"
2020,12,"Kane","Lambert","RICH",3,"Richmond","Gold Coast Suns"
2020,12,"Nick","Vlastuin","RICH",2,"Richmond","Gold Coast Suns"
2020,12,"Wil","Powell","GCFC",1,"Richmond","Gold Coast Suns"
2020,12,"Jack","Riewoldt","RICH",1,"Richmond","Gold Coast Suns"
2020,13,"Marc","Murphy","CARL",10,"Gold Coast Suns","Carlton"
2020,13,"Jack","Martin","CARL",4,"Gold Coast Suns","Carlton"
2020,13,"Sam","Walsh","CARL",4,"Gold Coast Suns","Carlton"
2020,13,"Liam","Jones","CARL",3,"Gold Coast Suns","Carlton"
2020,13,"Patrick","Cripps","CARL",3,"Gold Coast Suns","Carlton"
2020,13,"Jacob","Weitering","CARL",2,"Gold Coast Suns","Carlton"
2020,13,"Harry","McKay","CARL",2,"Gold Coast Suns","Carlton"
2020,13,"Michael","Gibbons","CARL",1,"Gold Coast Suns","Carlton"
2020,13,"Jack","Newnes","CARL",1,"Gold Coast Suns","Carlton"
2020,13,"Marcus","Bontempelli","WB",9,"Western Bulldogs","Melbourne"
2020,13,"Mitch","Wallis","WB",5,"Western Bulldogs","Melbourne"
2020,13,"Lachie","Hunter","WB",5,"Western Bulldogs","Melbourne"
2020,13,"Tom","Liberatore","WB",4,"Western Bulldogs","Melbourne"
2020,13,"Bailey","Smith","WB",3,"Western Bulldogs","Melbourne"
2020,13,"Steven","May","MELB",2,"Western Bulldogs","Melbourne"
2020,13,"Jack","Macrae","WB",1,"Western Bulldogs","Melbourne"
2020,13,"Jason","Johannisen","WB",1,"Western Bulldogs","Melbourne"
2020,13,"Travis","Boak","PORT",10,"Port Adelaide","Hawthorn"
2020,13,"James","Worpel","HAW",7,"Port Adelaide","Hawthorn"
2020,13,"Zak","Butters","PORT",4,"Port Adelaide","Hawthorn"
2020,13,"Tom","Mitchell","HAW",3,"Port Adelaide","Hawthorn"
2020,13,"Trent","McKenzie","PORT",2,"Port Adelaide","Hawthorn"
2020,13,"Tom","Clurey","PORT",2,"Port Adelaide","Hawthorn"
2020,13,"Darcy","Byrne-Jones","PORT",1,"Port Adelaide","Hawthorn"
2020,13,"Sam","Frost","HAW",1,"Port Adelaide","Hawthorn"
2020,13,"Dustin","Martin","RICH",9,"Essendon","Richmond"
2020,13,"Shai","Bolton","RICH",9,"Essendon","Richmond"
2020,13,"Jack","Graham","RICH",5,"Essendon","Richmond"
2020,13,"Zach","Merrett","ESS",4,"Essendon","Richmond"
2020,13,"Liam","Baker","RICH",2,"Essendon","Richmond"
2020,13,"Jordan","Ridley","ESS",1,"Essendon","Richmond"
2020,13,"Luke","Ryan","FRE",10,"Fremantle","Sydney Swans"
2020,13,"David","Mundy","FRE",8,"Fremantle","Sydney Swans"
2020,13,"Andrew","Brayshaw","FRE",6,"Fremantle","Sydney Swans"
2020,13,"Brennan","Cox","FRE",3,"Fremantle","Sydney Swans"
2020,13,"Caleb","Serong","FRE",2,"Fremantle","Sydney Swans"
2020,13,"Matt","Taberner","FRE",1,"Fremantle","Sydney Swans"
2020,13,"Cameron","Guthrie","GEEL",10,"Adelaide Crows","Geelong Cats"
2020,13,"Mitch","Duncan","GEEL",8,"Adelaide Crows","Geelong Cats"
2020,13,"Rhys","Stanley","GEEL",3,"Adelaide Crows","Geelong Cats"
2020,13,"Matt","Crouch","ADEL",3,"Adelaide Crows","Geelong Cats"
2020,13,"Patrick","Dangerfield","GEEL",3,"Adelaide Crows","Geelong Cats"
2020,13,"Sam","Menegola","GEEL",2,"Adelaide Crows","Geelong Cats"
2020,13,"Rory","Laird","ADEL",1,"Adelaide Crows","Geelong Cats"
2020,13,"Jack","Steele","STK",8,"Brisbane Lions","St Kilda"
2020,13,"Harris","Andrews","BL",8,"Brisbane Lions","St Kilda"
2020,13,"Jarrod","Berry","BL",6,"Brisbane Lions","St Kilda"
2020,13,"Zac","Bailey","BL",5,"Brisbane Lions","St Kilda"
2020,13,"Zak","Jones","STK",2,"Brisbane Lions","St Kilda"
2020,13,"Sebastian","Ross","STK",1,"Brisbane Lions","St Kilda"
2020,13,"Jeremy","McGovern","WCE",10,"West Coast Eagles","GWS Giants"
2020,13,"Nic","Naitanui","WCE",7,"West Coast Eagles","GWS Giants"
2020,13,"Josh","Kelly","GWS",7,"West Coast Eagles","GWS Giants"
2020,13,"Harry","Perryman","GWS",2,"West Coast Eagles","GWS Giants"
2020,13,"Andrew","Gaff","WCE",2,"West Coast Eagles","GWS Giants"
2020,13,"Josh","Rotham","WCE",1,"West Coast Eagles","GWS Giants"
2020,13,"Jake","Riccardi","GWS",1,"West Coast Eagles","GWS Giants"
2020,13,"Darcy","Moore","COLL",7,"Collingwood","North Melbourne"
2020,13,"Taylor","Adams","COLL",7,"Collingwood","North Melbourne"
2020,13,"Scott","Pendlebury","COLL",6,"Collingwood","North Melbourne"
2020,13,"Jed","Anderson","NMFC",5,"Collingwood","North Melbourne"
2020,13,"Brayden","Maynard","COLL",4,"Collingwood","North Melbourne"
2020,13,"Steele","Sidebottom","COLL",1,"Collingwood","North Melbourne"
2020,14,"Andrew","McGrath","ESS",10,"Hawthorn","Essendon"
2020,14,"Zach","Merrett","ESS",8,"Hawthorn","Essendon"
2020,14,"Ben","McEvoy","HAW",6,"Hawthorn","Essendon"
2020,14,"Joe","Daniher","ESS",4,"Hawthorn","Essendon"
2020,14,"Kyle","Langford","ESS",2,"Hawthorn","Essendon"
2020,14,"Noah","Balta","RICH",9,"Richmond","West Coast Eagles"
2020,14,"Trent","Cotchin","RICH",9,"Richmond","West Coast Eagles"
2020,14,"Liam","Ryan","WCE",4,"Richmond","West Coast Eagles"
2020,14,"Nick","Vlastuin","RICH",3,"Richmond","West Coast Eagles"
2020,14,"Bachar","Houli","RICH",2,"Richmond","West Coast Eagles"
2020,14,"Jack","Graham","RICH",2,"Richmond","West Coast Eagles"
2020,14,"Andrew","Gaff","WCE",1,"Richmond","West Coast Eagles"
2020,14,"Patrick","Dangerfield","GEEL",10,"Western Bulldogs","Geelong Cats"
2020,14,"Lachie","Hunter","WB",6,"Western Bulldogs","Geelong Cats"
2020,14,"Tom","Stewart","GEEL",4,"Western Bulldogs","Geelong Cats"
2020,14,"Jed","Bews","GEEL",4,"Western Bulldogs","Geelong Cats"
2020,14,"Caleb","Daniel","WB",2,"Western Bulldogs","Geelong Cats"
2020,14,"Marcus","Bontempelli","WB",2,"Western Bulldogs","Geelong Cats"
2020,14,"Hayden","Crozier","WB",1,"Western Bulldogs","Geelong Cats"
2020,14,"Gary","Rohan","GEEL",1,"Western Bulldogs","Geelong Cats"
2020,14,"Robbie","Gray","PORT",10,"Port Adelaide","Sydney Swans"
2020,14,"Charlie","Dixon","PORT",8,"Port Adelaide","Sydney Swans"
2020,14,"Jake","Lloyd","SYD",3,"Port Adelaide","Sydney Swans"
2020,14,"Ollie","Wines","PORT",3,"Port Adelaide","Sydney Swans"
2020,14,"Sam","Powell-Pepper","PORT",3,"Port Adelaide","Sydney Swans"
2020,14,"Travis","Boak","PORT",2,"Port Adelaide","Sydney Swans"
2020,14,"Josh","Kennedy","SYD",1,"Port Adelaide","Sydney Swans"
2020,14,"Lachie","Whitfield","GWS",10,"Fremantle","GWS Giants"
2020,14,"Jeremy","Cameron","GWS",8,"Fremantle","GWS Giants"
2020,14,"Jake","Riccardi","GWS",6,"Fremantle","GWS Giants"
2020,14,"Tim","Taranto","GWS",2,"Fremantle","GWS Giants"
2020,14,"Stephen","Coniglio","GWS",2,"Fremantle","GWS Giants"
2020,14,"David","Mundy","FRE",1,"Fremantle","GWS Giants"
2020,14,"Jacob","Hopper","GWS",1,"Fremantle","GWS Giants"
2020,14,"Steven","May","MELB",10,"Melbourne","St Kilda"
2020,14,"Christian","Petracca","MELB",8,"Melbourne","St Kilda"
2020,14,"Jack","Steele","STK",6,"Melbourne","St Kilda"
2020,14,"Bradley","Hill","STK",3,"Melbourne","St Kilda"
2020,14,"Ed","Langdon","MELB",3,"Melbourne","St Kilda"
2020,14,"Taylor","Adams","COLL",7,"Carlton","Collingwood"
2020,14,"Jack","Crisp","COLL",6,"Carlton","Collingwood"
2020,14,"Darcy","Moore","COLL",6,"Carlton","Collingwood"
2020,14,"Brodie","Grundy","COLL",4,"Carlton","Collingwood"
2020,14,"Scott","Pendlebury","COLL",3,"Carlton","Collingwood"
2020,14,"Josh","Thomas","COLL",2,"Carlton","Collingwood"
2020,14,"Sam","Walsh","CARL",2,"Carlton","Collingwood"
2020,14,"Ben","Ainsworth","GCFC",10,"Gold Coast Suns","North Melbourne"
2020,14,"Noah","Anderson","GCFC",7,"Gold Coast Suns","North Melbourne"
2020,14,"Hugh","Greenwood","GCFC",6,"Gold Coast Suns","North Melbourne"
2020,14,"Ben","King","GCFC",3,"Gold Coast Suns","North Melbourne"
2020,14,"Touk","Miller","GCFC",3,"Gold Coast Suns","North Melbourne"
2020,14,"Lachie","Weller","GCFC",1,"Gold Coast Suns","North Melbourne"
2020,15,"Matt","Crouch","ADEL",9,"Hawthorn","Adelaide Crows"
2020,15,"Reilly","O'Brien","ADEL",6,"Hawthorn","Adelaide Crows"
2020,15,"Brad","Crouch","ADEL",6,"Hawthorn","Adelaide Crows"
2020,15,"Brodie","Smith","ADEL",4,"Hawthorn","Adelaide Crows"
2020,15,"Rory","Laird","ADEL",2,"Hawthorn","Adelaide Crows"
2020,15,"Shane","McAdam","ADEL",2,"Hawthorn","Adelaide Crows"
2020,15,"Harry","Schoenberg","ADEL",1,"Hawthorn","Adelaide Crows"
2020,15,"Liam","Ryan","WCE",10,"West Coast Eagles","Essendon"
2020,15,"Anthony","McDonald-Tipungwuti","ESS",8,"West Coast Eagles","Essendon"
2020,15,"Jack","Darling","WCE",4,"West Coast Eagles","Essendon"
2020,15,"Dylan","Shiel","ESS",3,"West Coast Eagles","Essendon"
2020,15,"Zach","Merrett","ESS",3,"West Coast Eagles","Essendon"
2020,15,"Jordan","Ridley","ESS",2,"West Coast Eagles","Essendon"
2020,15,"Nathan","Fyfe","FRE",10,"Richmond","Fremantle"
2020,15,"Nick","Vlastuin","RICH",4,"Richmond","Fremantle"
2020,15,"Kamdyn","McIntosh","RICH",4,"Richmond","Fremantle"
2020,15,"Jack","Graham","RICH",3,"Richmond","Fremantle"
2020,15,"Noah","Balta","RICH",3,"Richmond","Fremantle"
2020,15,"Reece","Conca","FRE",2,"Richmond","Fremantle"
2020,15,"Blake","Acres","FRE",2,"Richmond","Fremantle"
2020,15,"Marlion","Pickett","RICH",1,"Richmond","Fremantle"
2020,15,"Jayden","Short","RICH",1,"Richmond","Fremantle"
2020,15,"Luke","Parker","SYD",9,"Sydney Swans","Melbourne"
2020,15,"Jake","Lloyd","SYD",8,"Sydney Swans","Melbourne"
2020,15,"Josh","Kennedy","SYD",4,"Sydney Swans","Melbourne"
2020,15,"Ed","Langdon","MELB",3,"Sydney Swans","Melbourne"
2020,15,"Justin","McInerney","SYD",2,"Sydney Swans","Melbourne"
2020,15,"Nick","Blakey","SYD",2,"Sydney Swans","Melbourne"
2020,15,"Max","Gawn","MELB",1,"Sydney Swans","Melbourne"
2020,15,"Jordan","Dawson","SYD",1,"Sydney Swans","Melbourne"
2020,15,"Nick","Haynes","GWS",10,"GWS Giants","Carlton"
2020,15,"Sam","Walsh","CARL",8,"GWS Giants","Carlton"
2020,15,"Toby","Greene","GWS",6,"GWS Giants","Carlton"
2020,15,"Jacob","Weitering","CARL",4,"GWS Giants","Carlton"
2020,15,"Sam","Docherty","CARL",2,"GWS Giants","Carlton"
2020,15,"Jarryd","Lyons","BL",9,"Brisbane Lions","Collingwood"
2020,15,"Scott","Pendlebury","COLL",8,"Brisbane Lions","Collingwood"
2020,15,"Jarrod","Berry","BL",5,"Brisbane Lions","Collingwood"
2020,15,"Brandon","Starcevich","BL",4,"Brisbane Lions","Collingwood"
2020,15,"Oscar","McInerney","BL",2,"Brisbane Lions","Collingwood"
2020,15,"Jack","Crisp","COLL",2,"Brisbane Lions","Collingwood"
2020,16,"Travis","Boak","PORT",10,"North Melbourne","Port Adelaide"
2020,16,"Ollie","Wines","PORT",8,"North Melbourne","Port Adelaide"
2020,16,"Scott","Lycett","PORT",4,"North Melbourne","Port Adelaide"
2020,16,"Luke","Davies-Uniacke","NMFC",3,"North Melbourne","Port Adelaide"
2020,16,"Darcy","Byrne-Jones","PORT",2,"North Melbourne","Port Adelaide"
2020,16,"Karl","Amon","PORT",2,"North Melbourne","Port Adelaide"
2020,16,"Zak","Butters","PORT",1,"North Melbourne","Port Adelaide"
2020,16,"Chad","Wingard","HAW",6,"St Kilda","Hawthorn"
2020,16,"Rowan","Marshall","STK",5,"St Kilda","Hawthorn"
2020,16,"Sebastian","Ross","STK",5,"St Kilda","Hawthorn"
2020,16,"Nick","Coffield","STK",4,"St Kilda","Hawthorn"
2020,16,"Jack","Steele","STK",3,"St Kilda","Hawthorn"
2020,16,"Bradley","Hill","STK",3,"St Kilda","Hawthorn"
2020,16,"Ben","Long","STK",2,"St Kilda","Hawthorn"
2020,16,"Tom","Mitchell","HAW",2,"St Kilda","Hawthorn"
2020,16,"Sam","Menegola","GEEL",10,"Geelong Cats","Essendon"
2020,16,"Tom","Hawkins","GEEL",8,"Geelong Cats","Essendon"
2020,16,"Patrick","Dangerfield","GEEL",5,"Geelong Cats","Essendon"
2020,16,"Mitch","Duncan","GEEL",3,"Geelong Cats","Essendon"
2020,16,"Gryan","Miers","GEEL",2,"Geelong Cats","Essendon"
2020,16,"Tom","Stewart","GEEL",1,"Geelong Cats","Essendon"
2020,16,"Jed","Bews","GEEL",1,"Geelong Cats","Essendon"
2020,16,"Toby","McLean","WB",9,"Western Bulldogs","West Coast Eagles"
2020,16,"Josh","Dunkley","WB",7,"Western Bulldogs","West Coast Eagles"
2020,16,"Marcus","Bontempelli","WB",5,"Western Bulldogs","West Coast Eagles"
2020,16,"Caleb","Daniel","WB",3,"Western Bulldogs","West Coast Eagles"
2020,16,"Liam","Ryan","WCE",2,"Western Bulldogs","West Coast Eagles"
2020,16,"Tom","Liberatore","WB",2,"Western Bulldogs","West Coast Eagles"
2020,16,"Tom","Barrass","WCE",1,"Western Bulldogs","West Coast Eagles"
2020,16,"Jack","Macrae","WB",1,"Western Bulldogs","West Coast Eagles"
2020,16,"Adam","Cerra","FRE",10,"Melbourne","Fremantle"
2020,16,"Michael","Walters","FRE",8,"Melbourne","Fremantle"
2020,16,"David","Mundy","FRE",6,"Melbourne","Fremantle"
2020,16,"Nathan","Fyfe","FRE",2,"Melbourne","Fremantle"
2020,16,"Blake","Acres","FRE",2,"Melbourne","Fremantle"
2020,16,"Jack","Viney","MELB",1,"Melbourne","Fremantle"
2020,16,"Nathan","Wilson","FRE",1,"Melbourne","Fremantle"
2020,16,"Rory","Laird","ADEL",10,"Adelaide Crows","GWS Giants"
2020,16,"Matt","Crouch","ADEL",8,"Adelaide Crows","GWS Giants"
2020,16,"Shane","McAdam","ADEL",5,"Adelaide Crows","GWS Giants"
2020,16,"Brad","Crouch","ADEL",3,"Adelaide Crows","GWS Giants"
2020,16,"Lachie","Whitfield","GWS",2,"Adelaide Crows","GWS Giants"
2020,16,"Elliott","Himmelberg","ADEL",2,"Adelaide Crows","GWS Giants"
2020,16,"Sam","Walsh","CARL",10,"Carlton","Sydney Swans"
2020,16,"Sam","Petrevski-Seton","CARL",8,"Carlton","Sydney Swans"
2020,16,"Oliver","Florent","SYD",4,"Carlton","Sydney Swans"
2020,16,"Lachie","Plowman","CARL",3,"Carlton","Sydney Swans"
2020,16,"Jake","Lloyd","SYD",3,"Carlton","Sydney Swans"
2020,16,"Tom","McCartin","SYD",1,"Carlton","Sydney Swans"
2020,16,"Kade","Simpson","CARL",1,"Carlton","Sydney Swans"
2020,16,"Lachie","Neale","BL",10,"Brisbane Lions","Gold Coast Suns"
2020,16,"Dayne","Zorko","BL",7,"Brisbane Lions","Gold Coast Suns"
2020,16,"Hugh","McCluggage","BL",7,"Brisbane Lions","Gold Coast Suns"
2020,16,"Eric","Hipwood","BL",2,"Brisbane Lions","Gold Coast Suns"
2020,16,"Cameron","Rayner","BL",2,"Brisbane Lions","Gold Coast Suns"
2020,16,"Daniel","Rich","BL",2,"Brisbane Lions","Gold Coast Suns"
2020,17,"Tim","Kelly","WCE",10,"St Kilda","West Coast Eagles"
2020,17,"Nic","Naitanui","WCE",8,"St Kilda","West Coast Eagles"
2020,17,"Andrew","Gaff","WCE",5,"St Kilda","West Coast Eagles"
2020,17,"Tom","Barrass","WCE",4,"St Kilda","West Coast Eagles"
2020,17,"Liam","Ryan","WCE",2,"St Kilda","West Coast Eagles"
2020,17,"Jack","Steele","STK",1,"St Kilda","West Coast Eagles"
2020,17,"Dylan","Grimes","RICH",9,"Geelong Cats","Richmond"
2020,17,"Jack","Riewoldt","RICH",9,"Geelong Cats","Richmond"
2020,17,"Nick","Vlastuin","RICH",3,"Geelong Cats","Richmond"
2020,17,"Shai","Bolton","RICH",3,"Geelong Cats","Richmond"
2020,17,"Toby","Nankervis","RICH",2,"Geelong Cats","Richmond"
2020,17,"Jayden","Short","RICH",2,"Geelong Cats","Richmond"
2020,17,"Mark","Blicavs","GEEL",1,"Geelong Cats","Richmond"
2020,17,"Tom","Stewart","GEEL",1,"Geelong Cats","Richmond"
2020,17,"Nathan","Fyfe","FRE",8,"North Melbourne","Fremantle"
2020,17,"Michael","Walters","FRE",8,"North Melbourne","Fremantle"
2020,17,"David","Mundy","FRE",6,"North Melbourne","Fremantle"
2020,17,"Blake","Acres","FRE",3,"North Melbourne","Fremantle"
2020,17,"Jesse","Hogan","FRE",2,"North Melbourne","Fremantle"
2020,17,"James","Aish","FRE",2,"North Melbourne","Fremantle"
2020,17,"Sean","Darcy","FRE",1,"North Melbourne","Fremantle"
2020,17,"Tom","Rockliff","PORT",10,"Port Adelaide","Essendon"
2020,17,"Travis","Boak","PORT",6,"Port Adelaide","Essendon"
2020,17,"Ollie","Wines","PORT",5,"Port Adelaide","Essendon"
2020,17,"Scott","Lycett","PORT",3,"Port Adelaide","Essendon"
2020,17,"Dan","Houston","PORT",3,"Port Adelaide","Essendon"
2020,17,"Hamish","Hartlett","PORT",2,"Port Adelaide","Essendon"
2020,17,"Connor","Rozee","PORT",1,"Port Adelaide","Essendon"
2020,17,"Steven","May","MELB",6,"GWS Giants","Melbourne"
2020,17,"Brent","Daniels","GWS",6,"GWS Giants","Melbourne"
2020,17,"Christian","Petracca","MELB",6,"GWS Giants","Melbourne"
2020,17,"Josh","Kelly","GWS",5,"GWS Giants","Melbourne"
2020,17,"Ed","Langdon","MELB",4,"GWS Giants","Melbourne"
2020,17,"Tom","Green","GWS",2,"GWS Giants","Melbourne"
2020,17,"Max","Gawn","MELB",1,"GWS Giants","Melbourne"
2020,17,"Lachlan","Sholl","ADEL",9,"Carlton","Adelaide Crows"
2020,17,"Rory","Laird","ADEL",9,"Carlton","Adelaide Crows"
2020,17,"Matt","Crouch","ADEL",4,"Carlton","Adelaide Crows"
2020,17,"Harry","Schoenberg","ADEL",3,"Carlton","Adelaide Crows"
2020,17,"Tom","Lynch","ADEL",2,"Carlton","Adelaide Crows"
2020,17,"Harry","McKay","CARL",2,"Carlton","Adelaide Crows"
2020,17,"Bryce","Gibbs","ADEL",1,"Carlton","Adelaide Crows"
2020,17,"Marcus","Bontempelli","WB",10,"Hawthorn","Western Bulldogs"
2020,17,"Caleb","Daniel","WB",8,"Hawthorn","Western Bulldogs"
2020,17,"Jack","Macrae","WB",5,"Hawthorn","Western Bulldogs"
2020,17,"Tom","Liberatore","WB",4,"Hawthorn","Western Bulldogs"
2020,17,"Bailey","Smith","WB",3,"Hawthorn","Western Bulldogs"
2020,17,"Luke","Parker","SYD",9,"Sydney Swans","Brisbane Lions"
2020,17,"Jarryd","Lyons","BL",9,"Sydney Swans","Brisbane Lions"
2020,17,"Josh","Kennedy","SYD",5,"Sydney Swans","Brisbane Lions"
2020,17,"Daniel","Rich","BL",5,"Sydney Swans","Brisbane Lions"
2020,17,"Ryan","Clarke","SYD",1,"Sydney Swans","Brisbane Lions"
2020,17,"Daniel","McStay","BL",1,"Sydney Swans","Brisbane Lions"
2020,17,"Jordan","De Goey","COLL",10,"Collingwood","Gold Coast Suns"
2020,17,"Adam","Treloar","COLL",7,"Collingwood","Gold Coast Suns"
2020,17,"Jack","Crisp","COLL",5,"Collingwood","Gold Coast Suns"
2020,17,"Lachie","Weller","GCFC",4,"Collingwood","Gold Coast Suns"
2020,17,"Alex","Sexton","GCFC",2,"Collingwood","Gold Coast Suns"
2020,17,"Darcy","Moore","COLL",1,"Collingwood","Gold Coast Suns"
2020,17,"Mason","Cox","COLL",1,"Collingwood","Gold Coast Suns"
2020,18,"Liam","Ryan","WCE",9,"North Melbourne","West Coast Eagles"
2020,18,"Jed","Anderson","NMFC",6,"North Melbourne","West Coast Eagles"
2020,18,"Andrew","Gaff","WCE",5,"North Melbourne","West Coast Eagles"
2020,18,"Jy","Simpkin","NMFC",5,"North Melbourne","West Coast Eagles"
2020,18,"Liam","Duggan","WCE",3,"North Melbourne","West Coast Eagles"
2020,18,"Shannon","Hurn","WCE",1,"North Melbourne","West Coast Eagles"
2020,18,"Oscar","Allen","WCE",1,"North Melbourne","West Coast Eagles"
2020,18,"Jack","Steele","STK",10,"St Kilda","GWS Giants"
2020,18,"Rowan","Marshall","STK",8,"St Kilda","GWS Giants"
2020,18,"Lachie","Whitfield","GWS",3,"St Kilda","GWS Giants"
2020,18,"Hunter","Clark","STK",3,"St Kilda","GWS Giants"
2020,18,"Josh","Battle","STK",2,"St Kilda","GWS Giants"
2020,18,"Ben","Paton","STK",2,"St Kilda","GWS Giants"
2020,18,"Paddy","Ryder","STK",1,"St Kilda","GWS Giants"
2020,18,"Stephen","Coniglio","GWS",1,"St Kilda","GWS Giants"
2020,18,"Christian","Petracca","MELB",10,"Essendon","Melbourne"
2020,18,"Bayley","Fritsch","MELB",8,"Essendon","Melbourne"
2020,18,"Zach","Merrett","ESS",4,"Essendon","Melbourne"
2020,18,"Max","Gawn","MELB",3,"Essendon","Melbourne"
2020,18,"Steven","May","MELB",2,"Essendon","Melbourne"
2020,18,"Jayden","Hunt","MELB",2,"Essendon","Melbourne"
2020,18,"Mitch","W Brown","MELB",1,"Essendon","Melbourne"
2020,18,"Shane","Edwards","RICH",9,"Adelaide Crows","Richmond"
2020,18,"Jayden","Short","RICH",6,"Adelaide Crows","Richmond"
2020,18,"Dustin","Martin","RICH",5,"Adelaide Crows","Richmond"
2020,18,"Reilly","O'Brien","ADEL",4,"Adelaide Crows","Richmond"
2020,18,"Nick","Vlastuin","RICH",3,"Adelaide Crows","Richmond"
2020,18,"Kane","Lambert","RICH",2,"Adelaide Crows","Richmond"
2020,18,"Jack","Graham","RICH",1,"Adelaide Crows","Richmond"
2020,18,"Daniel","Rich","BL",9,"Brisbane Lions","Carlton"
2020,18,"Lachie","Neale","BL",8,"Brisbane Lions","Carlton"
2020,18,"Callum","Ah Chee","BL",7,"Brisbane Lions","Carlton"
2020,18,"Sam","Walsh","CARL",4,"Brisbane Lions","Carlton"
2020,18,"Brandon","Starcevich","BL",1,"Brisbane Lions","Carlton"
2020,18,"Harry","McKay","CARL",1,"Brisbane Lions","Carlton"
2020,18,"Jack","Gunston","HAW",10,"Hawthorn","Gold Coast Suns"
2020,18,"Liam","Shiels","HAW",7,"Hawthorn","Gold Coast Suns"
2020,18,"Tom","Mitchell","HAW",5,"Hawthorn","Gold Coast Suns"
2020,18,"David","Swallow","GCFC",3,"Hawthorn","Gold Coast Suns"
2020,18,"Dylan","Moore","HAW",2,"Hawthorn","Gold Coast Suns"
2020,18,"Damon","Greaves","HAW",2,"Hawthorn","Gold Coast Suns"
2020,18,"Paul","Puopolo","HAW",1,"Hawthorn","Gold Coast Suns"
2020,18,"Sam","Menegola","GEEL",5,"Sydney Swans","Geelong Cats"
2020,18,"Patrick","Dangerfield","GEEL",5,"Sydney Swans","Geelong Cats"
2020,18,"Tom","Stewart","GEEL",5,"Sydney Swans","Geelong Cats"
2020,18,"Josh","Kennedy","SYD",4,"Sydney Swans","Geelong Cats"
2020,18,"Jed","Bews","GEEL",4,"Sydney Swans","Geelong Cats"
2020,18,"Jordan","Dawson","SYD",3,"Sydney Swans","Geelong Cats"
2020,18,"Tom","Papley","SYD",3,"Sydney Swans","Geelong Cats"
2020,18,"Callum","Mills","SYD",1,"Sydney Swans","Geelong Cats"
2020,18,"Lachie","Hunter","WB",9,"Fremantle","Western Bulldogs"
2020,18,"Tom","Liberatore","WB",9,"Fremantle","Western Bulldogs"
2020,18,"Nathan","Fyfe","FRE",6,"Fremantle","Western Bulldogs"
2020,18,"Marcus","Bontempelli","WB",4,"Fremantle","Western Bulldogs"
2020,18,"Patrick","Lipinski","WB",1,"Fremantle","Western Bulldogs"
2020,18,"Caleb","Serong","FRE",1,"Fremantle","Western Bulldogs"
2020,18,"Dan","Houston","PORT",9,"Collingwood","Port Adelaide"
2020,18,"Tom","Rockliff","PORT",8,"Collingwood","Port Adelaide"
2020,18,"Robbie","Gray","PORT",6,"Collingwood","Port Adelaide"
2020,18,"Darcy","Byrne-Jones","PORT",3,"Collingwood","Port Adelaide"
2020,18,"Travis","Boak","PORT",2,"Collingwood","Port Adelaide"
2020,18,"Taylor","Adams","COLL",2,"Collingwood","Port Adelaide"
2021,1,"Dustin","Martin","RICH",10,"Richmond","Carlton"
2021,1,"Jack","Graham","RICH",7,"Richmond","Carlton"
2021,1,"Sam","Walsh","CARL",6,"Richmond","Carlton"
2021,1,"Jack","Riewoldt","RICH",5,"Richmond","Carlton"
2021,1,"Patrick","Cripps","CARL",1,"Richmond","Carlton"
2021,1,"Kane","Lambert","RICH",1,"Richmond","Carlton"
2021,1,"Bailey","Smith","WB",10,"Collingwood","Western Bulldogs"
2021,1,"Darcy","Moore","COLL",8,"Collingwood","Western Bulldogs"
2021,1,"Bailey","Williams","WB",4,"Collingwood","Western Bulldogs"
2021,1,"Jack","Macrae","WB",4,"Collingwood","Western Bulldogs"
2021,1,"Laitham","Vandermeer","WB",3,"Collingwood","Western Bulldogs"
2021,1,"Alex","Keath","WB",1,"Collingwood","Western Bulldogs"
2021,1,"Steven","May","MELB",10,"Melbourne","Fremantle"
2021,1,"Clayton","Oliver","MELB",7,"Melbourne","Fremantle"
2021,1,"Jake","Lever","MELB",7,"Melbourne","Fremantle"
2021,1,"Tom","McDonald","MELB",4,"Melbourne","Fremantle"
2021,1,"Andrew","Brayshaw","FRE",2,"Melbourne","Fremantle"
2021,1,"Taylor","Walker","ADEL",10,"Adelaide Crows","Geelong Cats"
2021,1,"Brodie","Smith","ADEL",4,"Adelaide Crows","Geelong Cats"
2021,1,"Rory","Laird","ADEL",4,"Adelaide Crows","Geelong Cats"
2021,1,"Rory","Sloane","ADEL",3,"Adelaide Crows","Geelong Cats"
2021,1,"Ben","Keays","ADEL",3,"Adelaide Crows","Geelong Cats"
2021,1,"Jordon","Butts","ADEL",2,"Adelaide Crows","Geelong Cats"
2021,1,"Lachlan","Sholl","ADEL",2,"Adelaide Crows","Geelong Cats"
2021,1,"Tom","Stewart","GEEL",1,"Adelaide Crows","Geelong Cats"
2021,1,"Mark","Blicavs","GEEL",1,"Adelaide Crows","Geelong Cats"
2021,1,"Tom","Mitchell","HAW",10,"Essendon","Hawthorn"
2021,1,"Jaeger","O'Meara","HAW",8,"Essendon","Hawthorn"
2021,1,"Zach","Merrett","ESS",5,"Essendon","Hawthorn"
2021,1,"Andrew","McGrath","ESS",4,"Essendon","Hawthorn"
2021,1,"Will","Day","HAW",2,"Essendon","Hawthorn"
2021,1,"Changkuoth","Jiath","HAW",1,"Essendon","Hawthorn"
2021,1,"Callum","Mills","SYD",10,"Brisbane Lions","Sydney Swans"
2021,1,"Errol","Gulden","SYD",7,"Brisbane Lions","Sydney Swans"
2021,1,"Tom","Hickey","SYD",7,"Brisbane Lions","Sydney Swans"
2021,1,"Isaac","Heeney","SYD",3,"Brisbane Lions","Sydney Swans"
2021,1,"Dayne","Zorko","BL",2,"Brisbane Lions","Sydney Swans"
2021,1,"Harry","Cunningham","SYD",1,"Brisbane Lions","Sydney Swans"
2021,1,"Travis","Boak","PORT",10,"North Melbourne","Port Adelaide"
2021,1,"Orazio","Fantasia","PORT",8,"North Melbourne","Port Adelaide"
2021,1,"Dan","Houston","PORT",4,"North Melbourne","Port Adelaide"
2021,1,"Jaidyn","Stephenson","NMFC",4,"North Melbourne","Port Adelaide"
2021,1,"Ollie","Wines","PORT",3,"North Melbourne","Port Adelaide"
2021,1,"Steven","Motlop","PORT",1,"North Melbourne","Port Adelaide"
2021,1,"Tim","Membrey","STK",10,"GWS Giants","St Kilda"
2021,1,"Jade","Gresham","STK",6,"GWS Giants","St Kilda"
2021,1,"Jacob","Hopper","GWS",5,"GWS Giants","St Kilda"
2021,1,"Matt","Flynn","GWS",3,"GWS Giants","St Kilda"
2021,1,"Harry","Perryman","GWS",3,"GWS Giants","St Kilda"
2021,1,"Hunter","Clark","STK",2,"GWS Giants","St Kilda"
2021,1,"Sebastian","Ross","STK",1,"GWS Giants","St Kilda"
2021,1,"Tim","Kelly","WCE",8,"West Coast Eagles","Gold Coast Suns"
2021,1,"Oscar","Allen","WCE",7,"West Coast Eagles","Gold Coast Suns"
2021,1,"Dom","Sheed","WCE",5,"West Coast Eagles","Gold Coast Suns"
2021,1,"Shannon","Hurn","WCE",4,"West Coast Eagles","Gold Coast Suns"
2021,1,"David","Swallow","GCFC",2,"West Coast Eagles","Gold Coast Suns"
2021,1,"Jack","Bowes","GCFC",2,"West Coast Eagles","Gold Coast Suns"
2021,1,"Tom","Barrass","WCE",1,"West Coast Eagles","Gold Coast Suns"
2021,1,"Jack","Lukosius","GCFC",1,"West Coast Eagles","Gold Coast Suns"
2021,2,"Taylor","Adams","COLL",9,"Carlton","Collingwood"
2021,2,"Darcy","Moore","COLL",8,"Carlton","Collingwood"
2021,2,"Jack","Crisp","COLL",7,"Carlton","Collingwood"
2021,2,"Brodie","Grundy","COLL",2,"Carlton","Collingwood"
2021,2,"Jordan","De Goey","COLL",2,"Carlton","Collingwood"
2021,2,"Scott","Pendlebury","COLL",2,"Carlton","Collingwood"
2021,2,"Joel","Selwood","GEEL",10,"Geelong Cats","Brisbane Lions"
2021,2,"Eric","Hipwood","BL",8,"Geelong Cats","Brisbane Lions"
2021,2,"Zach","Tuohy","GEEL",5,"Geelong Cats","Brisbane Lions"
2021,2,"Mark","O'Connor","GEEL",3,"Geelong Cats","Brisbane Lions"
2021,2,"Hugh","McCluggage","BL",2,"Geelong Cats","Brisbane Lions"
2021,2,"Tom","Hawkins","GEEL",2,"Geelong Cats","Brisbane Lions"
2021,2,"Taylor","Walker","ADEL",8,"Sydney Swans","Adelaide Crows"
2021,2,"Tom","McCartin","SYD",5,"Sydney Swans","Adelaide Crows"
2021,2,"Braeden","Campbell","SYD",5,"Sydney Swans","Adelaide Crows"
2021,2,"Jordan","Dawson","SYD",4,"Sydney Swans","Adelaide Crows"
2021,2,"Ben","Keays","ADEL",3,"Sydney Swans","Adelaide Crows"
2021,2,"Errol","Gulden","SYD",2,"Sydney Swans","Adelaide Crows"
2021,2,"Chad","Warner","SYD",2,"Sydney Swans","Adelaide Crows"
2021,2,"Isaac","Heeney","SYD",1,"Sydney Swans","Adelaide Crows"
2021,2,"Zak","Butters","PORT",10,"Port Adelaide","Essendon"
2021,2,"Dan","Houston","PORT",8,"Port Adelaide","Essendon"
2021,2,"Scott","Lycett","PORT",5,"Port Adelaide","Essendon"
2021,2,"Ollie","Wines","PORT",5,"Port Adelaide","Essendon"
2021,2,"Darcy","Byrne-Jones","PORT",1,"Port Adelaide","Essendon"
2021,2,"Travis","Boak","PORT",1,"Port Adelaide","Essendon"
2021,2,"Christian","Salem","MELB",9,"St Kilda","Melbourne"
2021,2,"Clayton","Oliver","MELB",9,"St Kilda","Melbourne"
2021,2,"Max","Gawn","MELB",5,"St Kilda","Melbourne"
2021,2,"Kysaiah","Pickett","MELB",3,"St Kilda","Melbourne"
2021,2,"Christian","Petracca","MELB",2,"St Kilda","Melbourne"
2021,2,"Jack","Steele","STK",1,"St Kilda","Melbourne"
2021,2,"Adam","Tomlinson","MELB",1,"St Kilda","Melbourne"
2021,2,"Noah","Anderson","GCFC",10,"Gold Coast Suns","North Melbourne"
2021,2,"Touk","Miller","GCFC",7,"Gold Coast Suns","North Melbourne"
2021,2,"Brandon","Ellis","GCFC",6,"Gold Coast Suns","North Melbourne"
2021,2,"Jack","Lukosius","GCFC",3,"Gold Coast Suns","North Melbourne"
2021,2,"Jarrod","Witts","GCFC",2,"Gold Coast Suns","North Melbourne"
2021,2,"Ben","King","GCFC",1,"Gold Coast Suns","North Melbourne"
2021,2,"Izak","Rankine","GCFC",1,"Gold Coast Suns","North Melbourne"
2021,2,"Dustin","Martin","RICH",9,"Hawthorn","Richmond"
2021,2,"Dion","Prestia","RICH",7,"Hawthorn","Richmond"
2021,2,"Changkuoth","Jiath","HAW",4,"Hawthorn","Richmond"
2021,2,"Kane","Lambert","RICH",3,"Hawthorn","Richmond"
2021,2,"Blake","Hardwick","HAW",3,"Hawthorn","Richmond"
2021,2,"Sam","Frost","HAW",2,"Hawthorn","Richmond"
2021,2,"Jack","Riewoldt","RICH",1,"Hawthorn","Richmond"
2021,2,"Trent","Cotchin","RICH",1,"Hawthorn","Richmond"
2021,2,"Marcus","Bontempelli","WB",10,"Western Bulldogs","West Coast Eagles"
2021,2,"Jack","Macrae","WB",8,"Western Bulldogs","West Coast Eagles"
2021,2,"Nic","Naitanui","WCE",5,"Western Bulldogs","West Coast Eagles"
2021,2,"Dom","Sheed","WCE",3,"Western Bulldogs","West Coast Eagles"
2021,2,"Josh","Dunkley","WB",2,"Western Bulldogs","West Coast Eagles"
2021,2,"Aaron","Naughton","WB",2,"Western Bulldogs","West Coast Eagles"
2021,2,"David","Mundy","FRE",10,"Fremantle","GWS Giants"
2021,2,"Andrew","Brayshaw","FRE",8,"Fremantle","GWS Giants"
2021,2,"Lachie","Schultz","FRE",5,"Fremantle","GWS Giants"
2021,2,"Adam","Cerra","FRE",5,"Fremantle","GWS Giants"
2021,2,"Sam","Switkowski","FRE",2,"Fremantle","GWS Giants"
2021,3,"Hugh","McCluggage","BL",7,"Collingwood","Brisbane Lions"
2021,3,"Brodie","Grundy","COLL",7,"Collingwood","Brisbane Lions"
2021,3,"Harris","Andrews","BL",7,"Collingwood","Brisbane Lions"
2021,3,"Joe","Daniher","BL",4,"Collingwood","Brisbane Lions"
2021,3,"Jarryd","Lyons","BL",3,"Collingwood","Brisbane Lions"
2021,3,"Jeremy","Howe","COLL",1,"Collingwood","Brisbane Lions"
2021,3,"Daniel","Rich","BL",1,"Collingwood","Brisbane Lions"
2021,3,"Josh","Bruce","WB",10,"North Melbourne","Western Bulldogs"
2021,3,"Adam","Treloar","WB",8,"North Melbourne","Western Bulldogs"
2021,3,"Josh","Dunkley","WB",6,"North Melbourne","Western Bulldogs"
2021,3,"Caleb","Daniel","WB",2,"North Melbourne","Western Bulldogs"
2021,3,"Alex","Keath","WB",2,"North Melbourne","Western Bulldogs"
2021,3,"Jack","Macrae","WB",1,"North Melbourne","Western Bulldogs"
2021,3,"Bailey","Dale","WB",1,"North Melbourne","Western Bulldogs"
2021,3,"Taylor","Walker","ADEL",10,"Adelaide Crows","Gold Coast Suns"
2021,3,"Rory","Sloane","ADEL",8,"Adelaide Crows","Gold Coast Suns"
2021,3,"Hugh","Greenwood","GCFC",4,"Adelaide Crows","Gold Coast Suns"
2021,3,"Rory","Laird","ADEL",3,"Adelaide Crows","Gold Coast Suns"
2021,3,"Reilly","O'Brien","ADEL",2,"Adelaide Crows","Gold Coast Suns"
2021,3,"Ben","Keays","ADEL",2,"Adelaide Crows","Gold Coast Suns"
2021,3,"Brodie","Smith","ADEL",1,"Adelaide Crows","Gold Coast Suns"
2021,3,"Sam","Wicks","SYD",10,"Richmond","Sydney Swans"
2021,3,"Tom","Papley","SYD",7,"Richmond","Sydney Swans"
2021,3,"Jordan","Dawson","SYD",4,"Richmond","Sydney Swans"
2021,3,"Tom","Hickey","SYD",4,"Richmond","Sydney Swans"
2021,3,"Oliver","Florent","SYD",2,"Richmond","Sydney Swans"
2021,3,"Chad","Warner","SYD",2,"Richmond","Sydney Swans"
2021,3,"Callum","Mills","SYD",1,"Richmond","Sydney Swans"
2021,3,"Jordan","Ridley","ESS",9,"Essendon","St Kilda"
2021,3,"Zach","Merrett","ESS",7,"Essendon","St Kilda"
2021,3,"Darcy","Parish","ESS",7,"Essendon","St Kilda"
2021,3,"Cale","Hooker","ESS",4,"Essendon","St Kilda"
2021,3,"Anthony","McDonald-Tipungwuti","ESS",2,"Essendon","St Kilda"
2021,3,"Jack","Steele","STK",1,"Essendon","St Kilda"
2021,3,"Nic","Naitanui","WCE",9,"West Coast Eagles","Port Adelaide"
2021,3,"Luke","Shuey","WCE",8,"West Coast Eagles","Port Adelaide"
2021,3,"Tim","Kelly","WCE",4,"West Coast Eagles","Port Adelaide"
2021,3,"Andrew","Gaff","WCE",3,"West Coast Eagles","Port Adelaide"
2021,3,"Shannon","Hurn","WCE",3,"West Coast Eagles","Port Adelaide"
2021,3,"Tom","Barrass","WCE",2,"West Coast Eagles","Port Adelaide"
2021,3,"Josh","J Kennedy","WCE",1,"West Coast Eagles","Port Adelaide"
2021,3,"Harry","McKay","CARL",9,"Carlton","Fremantle"
2021,3,"Liam","Jones","CARL",8,"Carlton","Fremantle"
2021,3,"Sam","Walsh","CARL",6,"Carlton","Fremantle"
2021,3,"Patrick","Cripps","CARL",5,"Carlton","Fremantle"
2021,3,"Lachie","Fogarty","CARL",2,"Carlton","Fremantle"
2021,3,"Max","Gawn","MELB",10,"GWS Giants","Melbourne"
2021,3,"Toby","Greene","GWS",8,"GWS Giants","Melbourne"
2021,3,"Jack","Viney","MELB",3,"GWS Giants","Melbourne"
2021,3,"Kysaiah","Pickett","MELB",3,"GWS Giants","Melbourne"
2021,3,"Christian","Petracca","MELB",3,"GWS Giants","Melbourne"
2021,3,"Jake","Lever","MELB",2,"GWS Giants","Melbourne"
2021,3,"Ed","Langdon","MELB",1,"GWS Giants","Melbourne"
2021,3,"Cameron","Guthrie","GEEL",10,"Geelong Cats","Hawthorn"
2021,3,"Mitch","Duncan","GEEL",6,"Geelong Cats","Hawthorn"
2021,3,"Mark","O'Connor","GEEL",4,"Geelong Cats","Hawthorn"
2021,3,"Jaeger","O'Meara","HAW",4,"Geelong Cats","Hawthorn"
2021,3,"Jack","Henry","GEEL",2,"Geelong Cats","Hawthorn"
2021,3,"Tom","Stewart","GEEL",2,"Geelong Cats","Hawthorn"
2021,3,"Chad","Wingard","HAW",1,"Geelong Cats","Hawthorn"
2021,3,"Changkuoth","Jiath","HAW",1,"Geelong Cats","Hawthorn"
2021,4,"Luke","Parker","SYD",10,"Sydney Swans","Essendon"
2021,4,"Sam","Reid","SYD",8,"Sydney Swans","Essendon"
2021,4,"Zach","Merrett","ESS",4,"Sydney Swans","Essendon"
2021,4,"Tom","Hickey","SYD",3,"Sydney Swans","Essendon"
2021,4,"Callum","Mills","SYD",2,"Sydney Swans","Essendon"
2021,4,"Josh","Kennedy","SYD",2,"Sydney Swans","Essendon"
2021,4,"Jordan","Ridley","ESS",1,"Sydney Swans","Essendon"
2021,4,"Travis","Boak","PORT",7,"Port Adelaide","Richmond"
2021,4,"Kane","Lambert","RICH",7,"Port Adelaide","Richmond"
2021,4,"Ollie","Wines","PORT",5,"Port Adelaide","Richmond"
2021,4,"Robbie","Gray","PORT",5,"Port Adelaide","Richmond"
2021,4,"Aliir","Aliir","PORT",2,"Port Adelaide","Richmond"
2021,4,"Karl","Amon","PORT",2,"Port Adelaide","Richmond"
2021,4,"Shai","Bolton","RICH",1,"Port Adelaide","Richmond"
2021,4,"Toby","Nankervis","RICH",1,"Port Adelaide","Richmond"
2021,4,"Jack","Macrae","WB",9,"Western Bulldogs","Brisbane Lions"
2021,4,"Tim","English","WB",9,"Western Bulldogs","Brisbane Lions"
2021,4,"Adam","Treloar","WB",3,"Western Bulldogs","Brisbane Lions"
2021,4,"Aaron","Naughton","WB",3,"Western Bulldogs","Brisbane Lions"
2021,4,"Eric","Hipwood","BL",3,"Western Bulldogs","Brisbane Lions"
2021,4,"Bailey","Dale","WB",2,"Western Bulldogs","Brisbane Lions"
2021,4,"Daniel","Rich","BL",1,"Western Bulldogs","Brisbane Lions"
2021,4,"Jack","Steele","STK",10,"St Kilda","West Coast Eagles"
2021,4,"Jack","Petruccelle","WCE",5,"St Kilda","West Coast Eagles"
2021,4,"Jack","Billings","STK",5,"St Kilda","West Coast Eagles"
2021,4,"Brad","Crouch","STK",4,"St Kilda","West Coast Eagles"
2021,4,"Max","King","STK",4,"St Kilda","West Coast Eagles"
2021,4,"Rowan","Marshall","STK",2,"St Kilda","West Coast Eagles"
2021,4,"Sam","Docherty","CARL",6,"Gold Coast Suns","Carlton"
2021,4,"Jacob","Weitering","CARL",5,"Gold Coast Suns","Carlton"
2021,4,"Ed","Curnow","CARL",5,"Gold Coast Suns","Carlton"
2021,4,"Liam","Jones","CARL",4,"Gold Coast Suns","Carlton"
2021,4,"Hugh","Greenwood","GCFC",4,"Gold Coast Suns","Carlton"
2021,4,"Jack","Bowes","GCFC",3,"Gold Coast Suns","Carlton"
2021,4,"Touk","Miller","GCFC",2,"Gold Coast Suns","Carlton"
2021,4,"Sam","Walsh","CARL",1,"Gold Coast Suns","Carlton"
2021,4,"Toby","Greene","GWS",9,"Collingwood","GWS Giants"
2021,4,"Callan","Ward","GWS",9,"Collingwood","GWS Giants"
2021,4,"Lachie","Ash","GWS",3,"Collingwood","GWS Giants"
2021,4,"Jacob","Hopper","GWS",3,"Collingwood","GWS Giants"
2021,4,"Tim","Taranto","GWS",3,"Collingwood","GWS Giants"
2021,4,"Lachlan","Keeffe","GWS",3,"Collingwood","GWS Giants"
2021,4,"Rory","Laird","ADEL",9,"North Melbourne","Adelaide Crows"
2021,4,"Lachlan","Sholl","ADEL",9,"North Melbourne","Adelaide Crows"
2021,4,"Reilly","O'Brien","ADEL",5,"North Melbourne","Adelaide Crows"
2021,4,"Aaron","Hall","NMFC",4,"North Melbourne","Adelaide Crows"
2021,4,"Tom","Doedee","ADEL",2,"North Melbourne","Adelaide Crows"
2021,4,"Jack","Ziebell","NMFC",1,"North Melbourne","Adelaide Crows"
2021,4,"Christian","Petracca","MELB",10,"Melbourne","Geelong Cats"
2021,4,"Max","Gawn","MELB",7,"Melbourne","Geelong Cats"
2021,4,"Clayton","Oliver","MELB",4,"Melbourne","Geelong Cats"
2021,4,"Ed","Langdon","MELB",3,"Melbourne","Geelong Cats"
2021,4,"Jake","Lever","MELB",2,"Melbourne","Geelong Cats"
2021,4,"Christian","Salem","MELB",2,"Melbourne","Geelong Cats"
2021,4,"Tom","McDonald","MELB",1,"Melbourne","Geelong Cats"
2021,4,"Kysaiah","Pickett","MELB",1,"Melbourne","Geelong Cats"
2021,4,"David","Mundy","FRE",9,"Fremantle","Hawthorn"
2021,4,"Tom","Mitchell","HAW",7,"Fremantle","Hawthorn"
2021,4,"Sean","Darcy","FRE",6,"Fremantle","Hawthorn"
2021,4,"Nathan","Fyfe","FRE",6,"Fremantle","Hawthorn"
2021,4,"Adam","Cerra","FRE",1,"Fremantle","Hawthorn"
2021,4,"Changkuoth","Jiath","HAW",1,"Fremantle","Hawthorn"
2021,5,"Toby","Nankervis","RICH",7,"St Kilda","Richmond"
2021,5,"Jack","Graham","RICH",5,"St Kilda","Richmond"
2021,5,"Shane","Edwards","RICH",5,"St Kilda","Richmond"
2021,5,"Jack","Riewoldt","RICH",4,"St Kilda","Richmond"
2021,5,"Dustin","Martin","RICH",4,"St Kilda","Richmond"
2021,5,"Shai","Bolton","RICH",3,"St Kilda","Richmond"
2021,5,"Trent","Cotchin","RICH",2,"St Kilda","Richmond"
2021,5,"Oscar","Allen","WCE",9,"West Coast Eagles","Collingwood"
2021,5,"Jack","Darling","WCE",6,"West Coast Eagles","Collingwood"
2021,5,"Jeremy","McGovern","WCE",5,"West Coast Eagles","Collingwood"
2021,5,"Liam","Duggan","WCE",4,"West Coast Eagles","Collingwood"
2021,5,"Jack","Redden","WCE",3,"West Coast Eagles","Collingwood"
2021,5,"Dom","Sheed","WCE",3,"West Coast Eagles","Collingwood"
2021,5,"Josh","Dunkley","WB",10,"Western Bulldogs","Gold Coast Suns"
2021,5,"Marcus","Bontempelli","WB",8,"Western Bulldogs","Gold Coast Suns"
2021,5,"Alex","Keath","WB",5,"Western Bulldogs","Gold Coast Suns"
2021,5,"Adam","Treloar","WB",3,"Western Bulldogs","Gold Coast Suns"
2021,5,"Jack","Macrae","WB",3,"Western Bulldogs","Gold Coast Suns"
2021,5,"Jack","Lukosius","GCFC",1,"Western Bulldogs","Gold Coast Suns"
2021,5,"Lance","Franklin","SYD",9,"Sydney Swans","GWS Giants"
2021,5,"Jacob","Hopper","GWS",9,"Sydney Swans","GWS Giants"
2021,5,"Josh","Kelly","GWS",6,"Sydney Swans","GWS Giants"
2021,5,"Tom","Green","GWS",3,"Sydney Swans","GWS Giants"
2021,5,"Toby","Greene","GWS",2,"Sydney Swans","GWS Giants"
2021,5,"Will","Hayward","SYD",1,"Sydney Swans","GWS Giants"
2021,5,"Ollie","Wines","PORT",8,"Carlton","Port Adelaide"
2021,5,"Darcy","Byrne-Jones","PORT",7,"Carlton","Port Adelaide"
2021,5,"Aliir","Aliir","PORT",5,"Carlton","Port Adelaide"
2021,5,"Karl","Amon","PORT",5,"Carlton","Port Adelaide"
2021,5,"Sam","Walsh","CARL",4,"Carlton","Port Adelaide"
2021,5,"Todd","Marshall","PORT",1,"Carlton","Port Adelaide"
2021,5,"Lachie","Neale","BL",10,"Brisbane Lions","Essendon"
2021,5,"Daniel","Rich","BL",6,"Brisbane Lions","Essendon"
2021,5,"Hugh","McCluggage","BL",6,"Brisbane Lions","Essendon"
2021,5,"Jarryd","Lyons","BL",5,"Brisbane Lions","Essendon"
2021,5,"Lincoln","McCarthy","BL",2,"Brisbane Lions","Essendon"
2021,5,"Zach","Merrett","ESS",1,"Brisbane Lions","Essendon"
2021,5,"Luke","Ryan","FRE",9,"Adelaide Crows","Fremantle"
2021,5,"David","Mundy","FRE",9,"Adelaide Crows","Fremantle"
2021,5,"Andrew","Brayshaw","FRE",4,"Adelaide Crows","Fremantle"
2021,5,"Tom","Doedee","ADEL",3,"Adelaide Crows","Fremantle"
2021,5,"Rory","Laird","ADEL",2,"Adelaide Crows","Fremantle"
2021,5,"Matt","Taberner","FRE",2,"Adelaide Crows","Fremantle"
2021,5,"Lachie","Schultz","FRE",1,"Adelaide Crows","Fremantle"
2021,5,"Max","Gawn","MELB",10,"Hawthorn","Melbourne"
2021,5,"Christian","Salem","MELB",7,"Hawthorn","Melbourne"
2021,5,"Tom","McDonald","MELB",4,"Hawthorn","Melbourne"
2021,5,"Christian","Petracca","MELB",3,"Hawthorn","Melbourne"
2021,5,"Clayton","Oliver","MELB",3,"Hawthorn","Melbourne"
2021,5,"Jaeger","O'Meara","HAW",2,"Hawthorn","Melbourne"
2021,5,"Jake","Lever","MELB",1,"Hawthorn","Melbourne"
2021,5,"Brandan","Parfitt","GEEL",10,"Geelong Cats","North Melbourne"
2021,5,"Tom","Stewart","GEEL",6,"Geelong Cats","North Melbourne"
2021,5,"Ben","Cunnington","NMFC",6,"Geelong Cats","North Melbourne"
2021,5,"Sam","Menegola","GEEL",4,"Geelong Cats","North Melbourne"
2021,5,"Lachie","Henderson","GEEL",2,"Geelong Cats","North Melbourne"
2021,5,"Isaac","Smith","GEEL",1,"Geelong Cats","North Melbourne"
2021,5,"Jy","Simpkin","NMFC",1,"Geelong Cats","North Melbourne"
2021,6,"Jack","Macrae","WB",8,"GWS Giants","Western Bulldogs"
2021,6,"Adam","Treloar","WB",8,"GWS Giants","Western Bulldogs"
2021,6,"Toby","Greene","GWS",4,"GWS Giants","Western Bulldogs"
2021,6,"Marcus","Bontempelli","WB",4,"GWS Giants","Western Bulldogs"
2021,6,"Tom","Liberatore","WB",3,"GWS Giants","Western Bulldogs"
2021,6,"Alex","Keath","WB",2,"GWS Giants","Western Bulldogs"
2021,6,"Josh","Dunkley","WB",1,"GWS Giants","Western Bulldogs"
2021,6,"Mitch","Duncan","GEEL",10,"Geelong Cats","West Coast Eagles"
2021,6,"Cameron","Guthrie","GEEL",5,"Geelong Cats","West Coast Eagles"
2021,6,"Jack","Henry","GEEL",5,"Geelong Cats","West Coast Eagles"
2021,6,"Rhys","Stanley","GEEL",3,"Geelong Cats","West Coast Eagles"
2021,6,"Tom","Stewart","GEEL",3,"Geelong Cats","West Coast Eagles"
2021,6,"Lachie","Henderson","GEEL",2,"Geelong Cats","West Coast Eagles"
2021,6,"Gary","Rohan","GEEL",2,"Geelong Cats","West Coast Eagles"
2021,6,"Touk","Miller","GCFC",10,"Gold Coast Suns","Sydney Swans"
2021,6,"Ben","King","GCFC",7,"Gold Coast Suns","Sydney Swans"
2021,6,"Noah","Anderson","GCFC",7,"Gold Coast Suns","Sydney Swans"
2021,6,"Nick","Holman","GCFC",4,"Gold Coast Suns","Sydney Swans"
2021,6,"Josh","Kennedy","SYD",2,"Gold Coast Suns","Sydney Swans"
2021,6,"Hugh","McCluggage","BL",10,"Carlton","Brisbane Lions"
2021,6,"Harry","McKay","CARL",8,"Carlton","Brisbane Lions"
2021,6,"Dayne","Zorko","BL",6,"Carlton","Brisbane Lions"
2021,6,"Sam","Walsh","CARL",4,"Carlton","Brisbane Lions"
2021,6,"Brandon","Starcevich","BL",1,"Carlton","Brisbane Lions"
2021,6,"Ed","Curnow","CARL",1,"Carlton","Brisbane Lions"
2021,6,"Christian","Salem","MELB",10,"Melbourne","Richmond"
2021,6,"Christian","Petracca","MELB",7,"Melbourne","Richmond"
2021,6,"Jake","Lever","MELB",6,"Melbourne","Richmond"
2021,6,"Clayton","Oliver","MELB",3,"Melbourne","Richmond"
2021,6,"Max","Gawn","MELB",2,"Melbourne","Richmond"
2021,6,"Tom","McDonald","MELB",2,"Melbourne","Richmond"
2021,6,"David","Mundy","FRE",10,"Fremantle","North Melbourne"
2021,6,"Nathan","Fyfe","FRE",7,"Fremantle","North Melbourne"
2021,6,"Caleb","Serong","FRE",5,"Fremantle","North Melbourne"
2021,6,"Jack","Ziebell","NMFC",4,"Fremantle","North Melbourne"
2021,6,"Lachie","Schultz","FRE",4,"Fremantle","North Melbourne"
2021,6,"Jaeger","O'Meara","HAW",10,"Hawthorn","Adelaide Crows"
2021,6,"Ben","Keays","ADEL",7,"Hawthorn","Adelaide Crows"
2021,6,"Jacob","Koschitzke","HAW",6,"Hawthorn","Adelaide Crows"
2021,6,"Paul","Seedsman","ADEL",5,"Hawthorn","Adelaide Crows"
2021,6,"Riley","Thilthorpe","ADEL",2,"Hawthorn","Adelaide Crows"
2021,6,"Darcy","Parish","ESS",10,"Collingwood","Essendon"
2021,6,"Anthony","McDonald-Tipungwuti","ESS",8,"Collingwood","Essendon"
2021,6,"Peter","Wright","ESS",4,"Collingwood","Essendon"
2021,6,"Jayden","Laverde","ESS",3,"Collingwood","Essendon"
2021,6,"Zach","Merrett","ESS",3,"Collingwood","Essendon"
2021,6,"Jack","Crisp","COLL",1,"Collingwood","Essendon"
2021,6,"Darcy","Cameron","COLL",1,"Collingwood","Essendon"
2021,6,"Ollie","Wines","PORT",10,"Port Adelaide","St Kilda"
2021,6,"Karl","Amon","PORT",6,"Port Adelaide","St Kilda"
2021,6,"Tom","Jonas","PORT",6,"Port Adelaide","St Kilda"
2021,6,"Orazio","Fantasia","PORT",4,"Port Adelaide","St Kilda"
2021,6,"Ryan","Burton","PORT",3,"Port Adelaide","St Kilda"
2021,6,"Steven","Motlop","PORT",1,"Port Adelaide","St Kilda"
2021,7,"Shai","Bolton","RICH",10,"Richmond","Western Bulldogs"
2021,7,"Tom","J Lynch","RICH",7,"Richmond","Western Bulldogs"
2021,7,"Nathan","Broad","RICH",5,"Richmond","Western Bulldogs"
2021,7,"Bachar","Houli","RICH",4,"Richmond","Western Bulldogs"
2021,7,"Noah","Balta","RICH",2,"Richmond","Western Bulldogs"
2021,7,"Trent","Cotchin","RICH",1,"Richmond","Western Bulldogs"
2021,7,"Bailey","Dale","WB",1,"Richmond","Western Bulldogs"
2021,7,"Touk","Miller","GCFC",9,"Collingwood","Gold Coast Suns"
2021,7,"Hugh","Greenwood","GCFC",8,"Collingwood","Gold Coast Suns"
2021,7,"Josh","Corbett","GCFC",5,"Collingwood","Gold Coast Suns"
2021,7,"Brandon","Ellis","GCFC",4,"Collingwood","Gold Coast Suns"
2021,7,"Sam","Collins","GCFC",2,"Collingwood","Gold Coast Suns"
2021,7,"Brody","Mihocek","COLL",2,"Collingwood","Gold Coast Suns"
2021,7,"Tim","Taranto","GWS",9,"Adelaide Crows","GWS Giants"
2021,7,"Sam","Taylor","GWS",6,"Adelaide Crows","GWS Giants"
2021,7,"Jacob","Hopper","GWS",6,"Adelaide Crows","GWS Giants"
2021,7,"Josh","Kelly","GWS",5,"Adelaide Crows","GWS Giants"
2021,7,"Lachie","Whitfield","GWS",3,"Adelaide Crows","GWS Giants"
2021,7,"Shane","Mumford","GWS",1,"Adelaide Crows","GWS Giants"
2021,7,"Zak","Jones","STK",10,"St Kilda","Hawthorn"
2021,7,"Bradley","Hill","STK",7,"St Kilda","Hawthorn"
2021,7,"Jack","Sinclair","STK",6,"St Kilda","Hawthorn"
2021,7,"Sebastian","Ross","STK",3,"St Kilda","Hawthorn"
2021,7,"Brad","Crouch","STK",3,"St Kilda","Hawthorn"
2021,7,"Hunter","Clark","STK",1,"St Kilda","Hawthorn"
2021,7,"Tom","Hickey","SYD",10,"Sydney Swans","Geelong Cats"
2021,7,"Mitch","Duncan","GEEL",6,"Sydney Swans","Geelong Cats"
2021,7,"Jack","Henry","GEEL",4,"Sydney Swans","Geelong Cats"
2021,7,"Oliver","Florent","SYD",3,"Sydney Swans","Geelong Cats"
2021,7,"Tom","McCartin","SYD",3,"Sydney Swans","Geelong Cats"
2021,7,"Gary","Rohan","GEEL",2,"Sydney Swans","Geelong Cats"
2021,7,"Hayden","McLean","SYD",1,"Sydney Swans","Geelong Cats"
2021,7,"Joel","Selwood","GEEL",1,"Sydney Swans","Geelong Cats"
2021,7,"Hugh","McCluggage","BL",9,"Brisbane Lions","Port Adelaide"
2021,7,"Harris","Andrews","BL",9,"Brisbane Lions","Port Adelaide"
2021,7,"Charlie","Cameron","BL",5,"Brisbane Lions","Port Adelaide"
2021,7,"Ollie","Wines","PORT",3,"Brisbane Lions","Port Adelaide"
2021,7,"Grant","Birchall","BL",2,"Brisbane Lions","Port Adelaide"
2021,7,"Jarryd","Lyons","BL",1,"Brisbane Lions","Port Adelaide"
2021,7,"Lincoln","McCarthy","BL",1,"Brisbane Lions","Port Adelaide"
2021,7,"Bayley","Fritsch","MELB",10,"North Melbourne","Melbourne"
2021,7,"Ben","Cunnington","NMFC",8,"North Melbourne","Melbourne"
2021,7,"Aaron","Hall","NMFC",3,"North Melbourne","Melbourne"
2021,7,"Christian","Salem","MELB",3,"North Melbourne","Melbourne"
2021,7,"Christian","Petracca","MELB",3,"North Melbourne","Melbourne"
2021,7,"Kysaiah","Pickett","MELB",2,"North Melbourne","Melbourne"
2021,7,"Luke","Jackson","MELB",1,"North Melbourne","Melbourne"
2021,7,"Sam","Walsh","CARL",10,"Essendon","Carlton"
2021,7,"Jacob","Weitering","CARL",8,"Essendon","Carlton"
2021,7,"Jake","Stringer","ESS",5,"Essendon","Carlton"
2021,7,"Andrew","McGrath","ESS",3,"Essendon","Carlton"
2021,7,"Cale","Hooker","ESS",2,"Essendon","Carlton"
2021,7,"Archie","Perkins","ESS",1,"Essendon","Carlton"
2021,7,"Adam","Saad","CARL",1,"Essendon","Carlton"
2021,7,"Tim","Kelly","WCE",10,"West Coast Eagles","Fremantle"
2021,7,"Andrew","Gaff","WCE",8,"West Coast Eagles","Fremantle"
2021,7,"Nic","Naitanui","WCE",3,"West Coast Eagles","Fremantle"
2021,7,"Dom","Sheed","WCE",3,"West Coast Eagles","Fremantle"
2021,7,"Jack","Darling","WCE",3,"West Coast Eagles","Fremantle"
2021,7,"Josh","Rotham","WCE",2,"West Coast Eagles","Fremantle"
2021,7,"Jamaine","Jones","WCE",1,"West Coast Eagles","Fremantle"
2021,8,"Jeremy","Cameron","GEEL",9,"Richmond","Geelong Cats"
2021,8,"Gary","Rohan","GEEL",7,"Richmond","Geelong Cats"
2021,8,"Cameron","Guthrie","GEEL",5,"Richmond","Geelong Cats"
2021,8,"Shai","Bolton","RICH",3,"Richmond","Geelong Cats"
2021,8,"Tom","Hawkins","GEEL",3,"Richmond","Geelong Cats"
2021,8,"Lachie","Henderson","GEEL",2,"Richmond","Geelong Cats"
2021,8,"Mitch","Duncan","GEEL",1,"Richmond","Geelong Cats"
2021,8,"Zach","Merrett","ESS",9,"GWS Giants","Essendon"
2021,8,"Josh","Kelly","GWS",8,"GWS Giants","Essendon"
2021,8,"Sam","Taylor","GWS",5,"GWS Giants","Essendon"
2021,8,"Tim","Taranto","GWS",4,"GWS Giants","Essendon"
2021,8,"Darcy","Parish","ESS",2,"GWS Giants","Essendon"
2021,8,"Tom","Green","GWS",1,"GWS Giants","Essendon"
2021,8,"Will","Snelling","ESS",1,"GWS Giants","Essendon"
2021,8,"Jack","Steele","STK",8,"Gold Coast Suns","St Kilda"
2021,8,"Jack","Billings","STK",8,"Gold Coast Suns","St Kilda"
2021,8,"Touk","Miller","GCFC",6,"Gold Coast Suns","St Kilda"
2021,8,"Brad","Crouch","STK",5,"Gold Coast Suns","St Kilda"
2021,8,"David","Swallow","GCFC",2,"Gold Coast Suns","St Kilda"
2021,8,"Wil","Powell","GCFC",1,"Gold Coast Suns","St Kilda"
2021,8,"Jordan","De Goey","COLL",10,"North Melbourne","Collingwood"
2021,8,"Darcy","Moore","COLL",8,"North Melbourne","Collingwood"
2021,8,"Brayden","Maynard","COLL",3,"North Melbourne","Collingwood"
2021,8,"Aaron","Hall","NMFC",3,"North Melbourne","Collingwood"
2021,8,"Scott","Pendlebury","COLL",2,"North Melbourne","Collingwood"
2021,8,"Jack","Crisp","COLL",2,"North Melbourne","Collingwood"
2021,8,"Ben","McKay","NMFC",1,"North Melbourne","Collingwood"
2021,8,"Jack","Ziebell","NMFC",1,"North Melbourne","Collingwood"
2021,8,"Tom","McDonald","MELB",10,"Melbourne","Sydney Swans"
2021,8,"Callum","Mills","SYD",7,"Melbourne","Sydney Swans"
2021,8,"Clayton","Oliver","MELB",6,"Melbourne","Sydney Swans"
2021,8,"Steven","May","MELB",3,"Melbourne","Sydney Swans"
2021,8,"James","Harmes","MELB",2,"Melbourne","Sydney Swans"
2021,8,"Tom","Hickey","SYD",1,"Melbourne","Sydney Swans"
2021,8,"Christian","Salem","MELB",1,"Melbourne","Sydney Swans"
2021,8,"Travis","Boak","PORT",8,"Port Adelaide","Adelaide Crows"
2021,8,"Tom","Clurey","PORT",7,"Port Adelaide","Adelaide Crows"
2021,8,"Rory","Laird","ADEL",5,"Port Adelaide","Adelaide Crows"
2021,8,"Tom","Jonas","PORT",4,"Port Adelaide","Adelaide Crows"
2021,8,"Darcy","Byrne-Jones","PORT",4,"Port Adelaide","Adelaide Crows"
2021,8,"Todd","Marshall","PORT",1,"Port Adelaide","Adelaide Crows"
2021,8,"Karl","Amon","PORT",1,"Port Adelaide","Adelaide Crows"
2021,8,"Andrew","Gaff","WCE",9,"Hawthorn","West Coast Eagles"
2021,8,"Dom","Sheed","WCE",7,"Hawthorn","West Coast Eagles"
2021,8,"Jack","Darling","WCE",5,"Hawthorn","West Coast Eagles"
2021,8,"Brad","Sheppard","WCE",3,"Hawthorn","West Coast Eagles"
2021,8,"Nic","Naitanui","WCE",3,"Hawthorn","West Coast Eagles"
2021,8,"Brendon","Ah Chee","WCE",2,"Hawthorn","West Coast Eagles"
2021,8,"Jack","Redden","WCE",1,"Hawthorn","West Coast Eagles"
2021,8,"Marcus","Bontempelli","WB",10,"Western Bulldogs","Carlton"
2021,8,"Tom","Liberatore","WB",6,"Western Bulldogs","Carlton"
2021,8,"Josh","Bruce","WB",6,"Western Bulldogs","Carlton"
2021,8,"Jacob","Weitering","CARL",4,"Western Bulldogs","Carlton"
2021,8,"Eddie","Betts","CARL",3,"Western Bulldogs","Carlton"
2021,8,"Sam","Docherty","CARL",1,"Western Bulldogs","Carlton"
2021,8,"Jarryd","Lyons","BL",8,"Brisbane Lions","Fremantle"
2021,8,"Charlie","Cameron","BL",8,"Brisbane Lions","Fremantle"
2021,8,"Hugh","McCluggage","BL",8,"Brisbane Lions","Fremantle"
2021,8,"Daniel","Rich","BL",2,"Brisbane Lions","Fremantle"
2021,8,"Brandon","Starcevich","BL",2,"Brisbane Lions","Fremantle"
2021,8,"Sean","Darcy","FRE",1,"Brisbane Lions","Fremantle"
2021,8,"Nathan","Fyfe","FRE",1,"Brisbane Lions","Fremantle"
2021,9,"Cameron","Guthrie","GEEL",10,"St Kilda","Geelong Cats"
2021,9,"Mitch","Duncan","GEEL",7,"St Kilda","Geelong Cats"
2021,9,"Brad","Crouch","STK",5,"St Kilda","Geelong Cats"
2021,9,"Zach","Tuohy","GEEL",5,"St Kilda","Geelong Cats"
2021,9,"Sebastian","Ross","STK",2,"St Kilda","Geelong Cats"
2021,9,"Max","King","STK",1,"St Kilda","Geelong Cats"
2021,9,"Isaac","Heeney","SYD",9,"Sydney Swans","Collingwood"
2021,9,"Jake","Lloyd","SYD",5,"Sydney Swans","Collingwood"
2021,9,"Brayden","Maynard","COLL",5,"Sydney Swans","Collingwood"
2021,9,"Callum","Mills","SYD",4,"Sydney Swans","Collingwood"
2021,9,"Tom","Hickey","SYD",3,"Sydney Swans","Collingwood"
2021,9,"Dane","Rampe","SYD",2,"Sydney Swans","Collingwood"
2021,9,"Hayden","McLean","SYD",1,"Sydney Swans","Collingwood"
2021,9,"Will","Hoskin-Elliott","COLL",1,"Sydney Swans","Collingwood"
2021,9,"Jy","Simpkin","NMFC",9,"Hawthorn","North Melbourne"
2021,9,"Ben","Cunnington","NMFC",9,"Hawthorn","North Melbourne"
2021,9,"Todd","Goldstein","NMFC",4,"Hawthorn","North Melbourne"
2021,9,"Liam","Shiels","HAW",3,"Hawthorn","North Melbourne"
2021,9,"Luke","Davies-Uniacke","NMFC",3,"Hawthorn","North Melbourne"
2021,9,"Aaron","Hall","NMFC",1,"Hawthorn","North Melbourne"
2021,9,"Chad","Wingard","HAW",1,"Hawthorn","North Melbourne"
2021,9,"Jarryd","Lyons","BL",10,"Gold Coast Suns","Brisbane Lions"
2021,9,"Dayne","Zorko","BL",8,"Gold Coast Suns","Brisbane Lions"
2021,9,"Daniel","McStay","BL",6,"Gold Coast Suns","Brisbane Lions"
2021,9,"Harris","Andrews","BL",2,"Gold Coast Suns","Brisbane Lions"
2021,9,"Hugh","McCluggage","BL",2,"Gold Coast Suns","Brisbane Lions"
2021,9,"Grant","Birchall","BL",1,"Gold Coast Suns","Brisbane Lions"
2021,9,"Oscar","McInerney","BL",1,"Gold Coast Suns","Brisbane Lions"
2021,9,"Dustin","Martin","RICH",9,"Richmond","GWS Giants"
2021,9,"Liam","Baker","RICH",8,"Richmond","GWS Giants"
2021,9,"Jacob","Hopper","GWS",7,"Richmond","GWS Giants"
2021,9,"Josh","Kelly","GWS",3,"Richmond","GWS Giants"
2021,9,"Jesse","Hogan","GWS",2,"Richmond","GWS Giants"
2021,9,"Jack","Graham","RICH",1,"Richmond","GWS Giants"
2021,9,"Tom","Liberatore","WB",10,"Port Adelaide","Western Bulldogs"
2021,9,"Marcus","Bontempelli","WB",8,"Port Adelaide","Western Bulldogs"
2021,9,"Aaron","Naughton","WB",4,"Port Adelaide","Western Bulldogs"
2021,9,"Adam","Treloar","WB",3,"Port Adelaide","Western Bulldogs"
2021,9,"Alex","Keath","WB",2,"Port Adelaide","Western Bulldogs"
2021,9,"Ollie","Wines","PORT",2,"Port Adelaide","Western Bulldogs"
2021,9,"Caleb","Daniel","WB",1,"Port Adelaide","Western Bulldogs"
2021,9,"Darcy","Parish","ESS",10,"Essendon","Fremantle"
2021,9,"Matt","Taberner","FRE",7,"Essendon","Fremantle"
2021,9,"Sean","Darcy","FRE",7,"Essendon","Fremantle"
2021,9,"Mason","Redman","ESS",2,"Essendon","Fremantle"
2021,9,"Adam","Cerra","FRE",2,"Essendon","Fremantle"
2021,9,"Anthony","McDonald-Tipungwuti","ESS",1,"Essendon","Fremantle"
2021,9,"Jordan","Ridley","ESS",1,"Essendon","Fremantle"
2021,9,"Clayton","Oliver","MELB",10,"Melbourne","Carlton"
2021,9,"Tom","McDonald","MELB",8,"Melbourne","Carlton"
2021,9,"Jake","Lever","MELB",6,"Melbourne","Carlton"
2021,9,"Sam","Walsh","CARL",4,"Melbourne","Carlton"
2021,9,"Christian","Salem","MELB",1,"Melbourne","Carlton"
2021,9,"Sam","Docherty","CARL",1,"Melbourne","Carlton"
2021,9,"Jack","Darling","WCE",9,"West Coast Eagles","Adelaide Crows"
2021,9,"Tim","Kelly","WCE",9,"West Coast Eagles","Adelaide Crows"
2021,9,"Nic","Naitanui","WCE",6,"West Coast Eagles","Adelaide Crows"
2021,9,"Rory","Laird","ADEL",3,"West Coast Eagles","Adelaide Crows"
2021,9,"Jamie","Cripps","WCE",3,"West Coast Eagles","Adelaide Crows"
2021,10,"Jarryd","Lyons","BL",10,"Brisbane Lions","Richmond"
2021,10,"Hugh","McCluggage","BL",6,"Brisbane Lions","Richmond"
2021,10,"Zac","Bailey","BL",5,"Brisbane Lions","Richmond"
2021,10,"Eric","Hipwood","BL",4,"Brisbane Lions","Richmond"
2021,10,"Dayne","Zorko","BL",3,"Brisbane Lions","Richmond"
2021,10,"Noah","Balta","RICH",1,"Brisbane Lions","Richmond"
2021,10,"Bachar","Houli","RICH",1,"Brisbane Lions","Richmond"
2021,10,"Sam","Walsh","CARL",9,"Carlton","Hawthorn"
2021,10,"Sam","Docherty","CARL",8,"Carlton","Hawthorn"
2021,10,"Patrick","Cripps","CARL",4,"Carlton","Hawthorn"
2021,10,"Zac","Williams","CARL",3,"Carlton","Hawthorn"
2021,10,"Tom","Mitchell","HAW",3,"Carlton","Hawthorn"
2021,10,"Kyle","Hartigan","HAW",2,"Carlton","Hawthorn"
2021,10,"Blake","Hardwick","HAW",1,"Carlton","Hawthorn"
2021,10,"Joel","Selwood","GEEL",10,"Geelong Cats","Gold Coast Suns"
2021,10,"Tom","Stewart","GEEL",7,"Geelong Cats","Gold Coast Suns"
2021,10,"Sam","Menegola","GEEL",4,"Geelong Cats","Gold Coast Suns"
2021,10,"Quinton","Narkle","GEEL",3,"Geelong Cats","Gold Coast Suns"
2021,10,"Touk","Miller","GCFC",3,"Geelong Cats","Gold Coast Suns"
2021,10,"Mark","Blicavs","GEEL",3,"Geelong Cats","Gold Coast Suns"
2021,10,"Clayton","Oliver","MELB",10,"Adelaide Crows","Melbourne"
2021,10,"Ben","Keays","ADEL",7,"Adelaide Crows","Melbourne"
2021,10,"Paul","Seedsman","ADEL",7,"Adelaide Crows","Melbourne"
2021,10,"Jake","Lever","MELB",2,"Adelaide Crows","Melbourne"
2021,10,"Taylor","Walker","ADEL",2,"Adelaide Crows","Melbourne"
2021,10,"Christian","Petracca","MELB",1,"Adelaide Crows","Melbourne"
2021,10,"Ed","Langdon","MELB",1,"Adelaide Crows","Melbourne"
2021,10,"Marcus","Bontempelli","WB",10,"Western Bulldogs","St Kilda"
2021,10,"Bailey","Dale","WB",6,"Western Bulldogs","St Kilda"
2021,10,"Aaron","Naughton","WB",5,"Western Bulldogs","St Kilda"
2021,10,"Tom","Liberatore","WB",4,"Western Bulldogs","St Kilda"
2021,10,"Alex","Keath","WB",3,"Western Bulldogs","St Kilda"
2021,10,"Jordon","Sweet","WB",2,"Western Bulldogs","St Kilda"
2021,10,"Lance","Franklin","SYD",8,"Fremantle","Sydney Swans"
2021,10,"Rory","Lobb","FRE",8,"Fremantle","Sydney Swans"
2021,10,"Nathan","Fyfe","FRE",8,"Fremantle","Sydney Swans"
2021,10,"Sean","Darcy","FRE",4,"Fremantle","Sydney Swans"
2021,10,"David","Mundy","FRE",1,"Fremantle","Sydney Swans"
2021,10,"Michael","Walters","FRE",1,"Fremantle","Sydney Swans"
2021,10,"Callan","Ward","GWS",9,"GWS Giants","West Coast Eagles"
2021,10,"Tom","Green","GWS",5,"GWS Giants","West Coast Eagles"
2021,10,"Lachie","Whitfield","GWS",4,"GWS Giants","West Coast Eagles"
2021,10,"Jacob","Hopper","GWS",3,"GWS Giants","West Coast Eagles"
2021,10,"Josh","Kelly","GWS",3,"GWS Giants","West Coast Eagles"
2021,10,"Harry","Himmelberg","GWS",2,"GWS Giants","West Coast Eagles"
2021,10,"Nic","Naitanui","WCE",2,"GWS Giants","West Coast Eagles"
2021,10,"Connor","Idun","GWS",1,"GWS Giants","West Coast Eagles"
2021,10,"Tim","Kelly","WCE",1,"GWS Giants","West Coast Eagles"
2021,10,"Brodie","Grundy","COLL",10,"Collingwood","Port Adelaide"
2021,10,"Jordan","Roughead","COLL",6,"Collingwood","Port Adelaide"
2021,10,"Taylor","Adams","COLL",4,"Collingwood","Port Adelaide"
2021,10,"Travis","Boak","PORT",4,"Collingwood","Port Adelaide"
2021,10,"Kane","Farrell","PORT",3,"Collingwood","Port Adelaide"
2021,10,"Robbie","Gray","PORT",2,"Collingwood","Port Adelaide"
2021,10,"Trent","McKenzie","PORT",1,"Collingwood","Port Adelaide"
2021,10,"Darcy","Parish","ESS",9,"Essendon","North Melbourne"
2021,10,"Andrew","McGrath","ESS",8,"Essendon","North Melbourne"
2021,10,"Zach","Merrett","ESS",7,"Essendon","North Melbourne"
2021,10,"Peter","Wright","ESS",3,"Essendon","North Melbourne"
2021,10,"Dyson","Heppell","ESS",2,"Essendon","North Melbourne"
2021,10,"Will","Snelling","ESS",1,"Essendon","North Melbourne"
2021,11,"Max","Gawn","MELB",9,"Western Bulldogs","Melbourne"
2021,11,"Clayton","Oliver","MELB",9,"Western Bulldogs","Melbourne"
2021,11,"James","Harmes","MELB",4,"Western Bulldogs","Melbourne"
2021,11,"Jake","Lever","MELB",4,"Western Bulldogs","Melbourne"
2021,11,"Christian","Petracca","MELB",3,"Western Bulldogs","Melbourne"
2021,11,"Tom","McDonald","MELB",1,"Western Bulldogs","Melbourne"
2021,11,"Brandan","Parfitt","GEEL",9,"Collingwood","Geelong Cats"
2021,11,"Tom","Hawkins","GEEL",8,"Collingwood","Geelong Cats"
2021,11,"Tom","Stewart","GEEL",5,"Collingwood","Geelong Cats"
2021,11,"Joel","Selwood","GEEL",5,"Collingwood","Geelong Cats"
2021,11,"Jordan","De Goey","COLL",3,"Collingwood","Geelong Cats"
2021,11,"Mitch","Robinson","BL",9,"Brisbane Lions","GWS Giants"
2021,11,"Dayne","Zorko","BL",9,"Brisbane Lions","GWS Giants"
2021,11,"Oscar","McInerney","BL",4,"Brisbane Lions","GWS Giants"
2021,11,"Charlie","Cameron","BL",3,"Brisbane Lions","GWS Giants"
2021,11,"Marcus","Adams","BL",2,"Brisbane Lions","GWS Giants"
2021,11,"Daniel","Rich","BL",2,"Brisbane Lions","GWS Giants"
2021,11,"Callan","Ward","GWS",1,"Brisbane Lions","GWS Giants"
2021,11,"Luke","Dunstan","STK",9,"St Kilda","North Melbourne"
2021,11,"Paddy","Ryder","STK",8,"St Kilda","North Melbourne"
2021,11,"Jack","Steele","STK",7,"St Kilda","North Melbourne"
2021,11,"Tarryn","Thomas","NMFC",2,"St Kilda","North Melbourne"
2021,11,"Aaron","Hall","NMFC",2,"St Kilda","North Melbourne"
2021,11,"Bailey","Scott","NMFC",1,"St Kilda","North Melbourne"
2021,11,"Ben","McKay","NMFC",1,"St Kilda","North Melbourne"
2021,11,"Touk","Miller","GCFC",10,"Gold Coast Suns","Hawthorn"
2021,11,"Jack","Lukosius","GCFC",8,"Gold Coast Suns","Hawthorn"
2021,11,"Ben","King","GCFC",5,"Gold Coast Suns","Hawthorn"
2021,11,"Brandon","Ellis","GCFC",3,"Gold Coast Suns","Hawthorn"
2021,11,"Izak","Rankine","GCFC",2,"Gold Coast Suns","Hawthorn"
2021,11,"David","Swallow","GCFC",2,"Gold Coast Suns","Hawthorn"
2021,11,"Zach","Merrett","ESS",9,"West Coast Eagles","Essendon"
2021,11,"Darcy","Parish","ESS",9,"West Coast Eagles","Essendon"
2021,11,"Dyson","Heppell","ESS",3,"West Coast Eagles","Essendon"
2021,11,"Jayden","Laverde","ESS",3,"West Coast Eagles","Essendon"
2021,11,"Cale","Hooker","ESS",2,"West Coast Eagles","Essendon"
2021,11,"Nic","Naitanui","WCE",2,"West Coast Eagles","Essendon"
2021,11,"Josh","Rotham","WCE",1,"West Coast Eagles","Essendon"
2021,11,"Dom","Sheed","WCE",1,"West Coast Eagles","Essendon"
2021,11,"Jack","Riewoldt","RICH",10,"Richmond","Adelaide Crows"
2021,11,"Taylor","Walker","ADEL",6,"Richmond","Adelaide Crows"
2021,11,"Trent","Cotchin","RICH",5,"Richmond","Adelaide Crows"
2021,11,"Shai","Bolton","RICH",5,"Richmond","Adelaide Crows"
2021,11,"Callum","Coleman-Jones","RICH",2,"Richmond","Adelaide Crows"
2021,11,"Reilly","O'Brien","ADEL",2,"Richmond","Adelaide Crows"
2021,11,"Isaac","Heeney","SYD",10,"Sydney Swans","Carlton"
2021,11,"Patrick","Cripps","CARL",6,"Sydney Swans","Carlton"
2021,11,"Jake","Lloyd","SYD",4,"Sydney Swans","Carlton"
2021,11,"Harry","McKay","CARL",4,"Sydney Swans","Carlton"
2021,11,"Harry","Cunningham","SYD",3,"Sydney Swans","Carlton"
2021,11,"Josh","Kennedy","SYD",2,"Sydney Swans","Carlton"
2021,11,"Tom","Papley","SYD",1,"Sydney Swans","Carlton"
2021,11,"Ollie","Wines","PORT",10,"Port Adelaide","Fremantle"
2021,11,"Charlie","Dixon","PORT",6,"Port Adelaide","Fremantle"
2021,11,"Karl","Amon","PORT",5,"Port Adelaide","Fremantle"
2021,11,"Robbie","Gray","PORT",4,"Port Adelaide","Fremantle"
2021,11,"Sam","Powell-Pepper","PORT",3,"Port Adelaide","Fremantle"
2021,11,"Trent","McKenzie","PORT",2,"Port Adelaide","Fremantle"
2021,12,"Christian","Petracca","MELB",8,"Melbourne","Brisbane Lions"
2021,12,"Zac","Bailey","BL",7,"Melbourne","Brisbane Lions"
2021,12,"Clayton","Oliver","MELB",7,"Melbourne","Brisbane Lions"
2021,12,"Max","Gawn","MELB",6,"Melbourne","Brisbane Lions"
2021,12,"Tom","McDonald","MELB",1,"Melbourne","Brisbane Lions"
2021,12,"Eric","Hipwood","BL",1,"Melbourne","Brisbane Lions"
2021,12,"Jack","Steele","STK",6,"Sydney Swans","St Kilda"
2021,12,"Jack","Higgins","STK",6,"Sydney Swans","St Kilda"
2021,12,"Brad","Crouch","STK",5,"Sydney Swans","St Kilda"
2021,12,"Dane","Rampe","SYD",4,"Sydney Swans","St Kilda"
2021,12,"Jake","Lloyd","SYD",4,"Sydney Swans","St Kilda"
2021,12,"Tom","Hickey","SYD",3,"Sydney Swans","St Kilda"
2021,12,"Tim","Membrey","STK",2,"Sydney Swans","St Kilda"
2021,12,"Jamie","Elliott","COLL",10,"Adelaide Crows","Collingwood"
2021,12,"Rory","Laird","ADEL",8,"Adelaide Crows","Collingwood"
2021,12,"Scott","Pendlebury","COLL",3,"Adelaide Crows","Collingwood"
2021,12,"Steele","Sidebottom","COLL",3,"Adelaide Crows","Collingwood"
2021,12,"Jack","Crisp","COLL",3,"Adelaide Crows","Collingwood"
2021,12,"Taylor","Walker","ADEL",2,"Adelaide Crows","Collingwood"
2021,12,"Paul","Seedsman","ADEL",1,"Adelaide Crows","Collingwood"
2021,12,"Dustin","Martin","RICH",9,"Essendon","Richmond"
2021,12,"Darcy","Parish","ESS",8,"Essendon","Richmond"
2021,12,"Shai","Bolton","RICH",7,"Essendon","Richmond"
2021,12,"Zach","Merrett","ESS",3,"Essendon","Richmond"
2021,12,"Jack","Graham","RICH",2,"Essendon","Richmond"
2021,12,"Mabior","Chol","RICH",1,"Essendon","Richmond"
2021,12,"Liam","Ryan","WCE",8,"Carlton","West Coast Eagles"
2021,12,"Nic","Naitanui","WCE",8,"Carlton","West Coast Eagles"
2021,12,"Dom","Sheed","WCE",6,"Carlton","West Coast Eagles"
2021,12,"Sam","Walsh","CARL",4,"Carlton","West Coast Eagles"
2021,12,"Liam","Jones","CARL",3,"Carlton","West Coast Eagles"
2021,12,"Tom","Barrass","WCE",1,"Carlton","West Coast Eagles"
2021,12,"Marcus","Bontempelli","WB",10,"Fremantle","Western Bulldogs"
2021,12,"Aaron","Naughton","WB",8,"Fremantle","Western Bulldogs"
2021,12,"Andrew","Brayshaw","FRE",4,"Fremantle","Western Bulldogs"
2021,12,"Tom","Liberatore","WB",3,"Fremantle","Western Bulldogs"
2021,12,"Jack","Macrae","WB",3,"Fremantle","Western Bulldogs"
2021,12,"David","Mundy","FRE",2,"Fremantle","Western Bulldogs"
2021,13,"Jeremy","Cameron","GEEL",10,"Port Adelaide","Geelong Cats"
2021,13,"Tom","Stewart","GEEL",4,"Port Adelaide","Geelong Cats"
2021,13,"Ollie","Wines","PORT",4,"Port Adelaide","Geelong Cats"
2021,13,"Connor","Rozee","PORT",4,"Port Adelaide","Geelong Cats"
2021,13,"Jack","Henry","GEEL",3,"Port Adelaide","Geelong Cats"
2021,13,"Gary","Rohan","GEEL",3,"Port Adelaide","Geelong Cats"
2021,13,"Tom","Hawkins","GEEL",2,"Port Adelaide","Geelong Cats"
2021,13,"Changkuoth","Jiath","HAW",8,"Sydney Swans","Hawthorn"
2021,13,"Tom","Mitchell","HAW",8,"Sydney Swans","Hawthorn"
2021,13,"Jonathon","Ceglar","HAW",8,"Sydney Swans","Hawthorn"
2021,13,"Sam","Frost","HAW",3,"Sydney Swans","Hawthorn"
2021,13,"Ben","McEvoy","HAW",2,"Sydney Swans","Hawthorn"
2021,13,"Blake","Hardwick","HAW",1,"Sydney Swans","Hawthorn"
2021,13,"Sean","Darcy","FRE",9,"Fremantle","Gold Coast Suns"
2021,13,"James","Aish","FRE",7,"Fremantle","Gold Coast Suns"
2021,13,"Luke","Ryan","FRE",5,"Fremantle","Gold Coast Suns"
2021,13,"Touk","Miller","GCFC",4,"Fremantle","Gold Coast Suns"
2021,13,"David","Mundy","FRE",3,"Fremantle","Gold Coast Suns"
2021,13,"Andrew","Brayshaw","FRE",2,"Fremantle","Gold Coast Suns"
2021,13,"Jack","Steele","STK",9,"St Kilda","Adelaide Crows"
2021,13,"Rory","Laird","ADEL",9,"St Kilda","Adelaide Crows"
2021,13,"Paul","Seedsman","ADEL",3,"St Kilda","Adelaide Crows"
2021,13,"Riley","Thilthorpe","ADEL",3,"St Kilda","Adelaide Crows"
2021,13,"Reilly","O'Brien","ADEL",3,"St Kilda","Adelaide Crows"
2021,13,"Callum","Wilkie","STK",2,"St Kilda","Adelaide Crows"
2021,13,"Tom","Highmore","STK",1,"St Kilda","Adelaide Crows"
2021,13,"Josh","Kelly","GWS",10,"North Melbourne","GWS Giants"
2021,13,"Ben","Cunnington","NMFC",7,"North Melbourne","GWS Giants"
2021,13,"Nick","Haynes","GWS",4,"North Melbourne","GWS Giants"
2021,13,"Aaron","Hall","NMFC",4,"North Melbourne","GWS Giants"
2021,13,"Todd","Goldstein","NMFC",2,"North Melbourne","GWS Giants"
2021,13,"Cameron","Zurhaar","NMFC",2,"North Melbourne","GWS Giants"
2021,13,"Tarryn","Thomas","NMFC",1,"North Melbourne","GWS Giants"
2021,13,"Josh","J Kennedy","WCE",8,"West Coast Eagles","Richmond"
2021,13,"Kane","Lambert","RICH",6,"West Coast Eagles","Richmond"
2021,13,"Shannon","Hurn","WCE",6,"West Coast Eagles","Richmond"
2021,13,"Nick","Vlastuin","RICH",5,"West Coast Eagles","Richmond"
2021,13,"Nic","Naitanui","WCE",4,"West Coast Eagles","Richmond"
2021,13,"Dustin","Martin","RICH",1,"West Coast Eagles","Richmond"
2021,13,"Jordan","De Goey","COLL",8,"Melbourne","Collingwood"
2021,13,"Scott","Pendlebury","COLL",8,"Melbourne","Collingwood"
2021,13,"Brayden","Maynard","COLL",8,"Melbourne","Collingwood"
2021,13,"Luke","Jackson","MELB",2,"Melbourne","Collingwood"
2021,13,"Darcy","Cameron","COLL",2,"Melbourne","Collingwood"
2021,13,"Christian","Petracca","MELB",2,"Melbourne","Collingwood"
2021,14,"Tom","Stewart","GEEL",9,"Geelong Cats","Western Bulldogs"
2021,14,"Tom","Liberatore","WB",6,"Geelong Cats","Western Bulldogs"
2021,14,"Marcus","Bontempelli","WB",6,"Geelong Cats","Western Bulldogs"
2021,14,"Sam","Menegola","GEEL",4,"Geelong Cats","Western Bulldogs"
2021,14,"Taylor","Duryea","WB",3,"Geelong Cats","Western Bulldogs"
2021,14,"Jack","Macrae","WB",2,"Geelong Cats","Western Bulldogs"
2021,14,"Ollie","Wines","PORT",10,"Gold Coast Suns","Port Adelaide"
2021,14,"Aliir","Aliir","PORT",7,"Gold Coast Suns","Port Adelaide"
2021,14,"Steven","Motlop","PORT",7,"Gold Coast Suns","Port Adelaide"
2021,14,"Connor","Rozee","PORT",2,"Gold Coast Suns","Port Adelaide"
2021,14,"Karl","Amon","PORT",2,"Gold Coast Suns","Port Adelaide"
2021,14,"Touk","Miller","GCFC",1,"Gold Coast Suns","Port Adelaide"
2021,14,"Willem","Drew","PORT",1,"Gold Coast Suns","Port Adelaide"
2021,14,"Hugh","McCluggage","BL",5,"North Melbourne","Brisbane Lions"
2021,14,"Lachie","Neale","BL",5,"North Melbourne","Brisbane Lions"
2021,14,"Jack","Ziebell","NMFC",5,"North Melbourne","Brisbane Lions"
2021,14,"Lincoln","McCarthy","BL",5,"North Melbourne","Brisbane Lions"
2021,14,"Jarryd","Lyons","BL",4,"North Melbourne","Brisbane Lions"
2021,14,"Zac","Bailey","BL",4,"North Melbourne","Brisbane Lions"
2021,14,"Todd","Goldstein","NMFC",1,"North Melbourne","Brisbane Lions"
2021,14,"Grant","Birchall","BL",1,"North Melbourne","Brisbane Lions"
2021,14,"Toby","Greene","GWS",10,"GWS Giants","Carlton"
2021,14,"Jacob","Hopper","GWS",7,"GWS Giants","Carlton"
2021,14,"Jeremy","Finlayson","GWS",6,"GWS Giants","Carlton"
2021,14,"Lachie","Whitfield","GWS",3,"GWS Giants","Carlton"
2021,14,"Tim","Taranto","GWS",3,"GWS Giants","Carlton"
2021,14,"Nick","Haynes","GWS",1,"GWS Giants","Carlton"
2021,14,"Jake","Stringer","ESS",10,"Hawthorn","Essendon"
2021,14,"Sam","Draper","ESS",8,"Hawthorn","Essendon"
2021,14,"Tom","Mitchell","HAW",4,"Hawthorn","Essendon"
2021,14,"Jordan","Ridley","ESS",3,"Hawthorn","Essendon"
2021,14,"Luke","Breust","HAW",2,"Hawthorn","Essendon"
2021,14,"Nick","Hind","ESS",2,"Hawthorn","Essendon"
2021,14,"Jaeger","O'Meara","HAW",1,"Hawthorn","Essendon"
2021,15,"Dayne","Zorko","BL",9,"Brisbane Lions","Geelong Cats"
2021,15,"Marcus","Adams","BL",6,"Brisbane Lions","Geelong Cats"
2021,15,"Charlie","Cameron","BL",6,"Brisbane Lions","Geelong Cats"
2021,15,"Daniel","Rich","BL",5,"Brisbane Lions","Geelong Cats"
2021,15,"Oscar","McInerney","BL",4,"Brisbane Lions","Geelong Cats"
2021,15,"Luke","Dunstan","STK",10,"Richmond","St Kilda"
2021,15,"Jack","Steele","STK",8,"Richmond","St Kilda"
2021,15,"Callum","Wilkie","STK",4,"Richmond","St Kilda"
2021,15,"Dougal","Howard","STK",4,"Richmond","St Kilda"
2021,15,"Paddy","Ryder","STK",3,"Richmond","St Kilda"
2021,15,"Dylan","Grimes","RICH",1,"Richmond","St Kilda"
2021,15,"Jy","Simpkin","NMFC",8,"North Melbourne","Gold Coast Suns"
2021,15,"Cameron","Zurhaar","NMFC",6,"North Melbourne","Gold Coast Suns"
2021,15,"Todd","Goldstein","NMFC",6,"North Melbourne","Gold Coast Suns"
2021,15,"Ben","Cunnington","NMFC",5,"North Melbourne","Gold Coast Suns"
2021,15,"Touk","Miller","GCFC",4,"North Melbourne","Gold Coast Suns"
2021,15,"Ben","McKay","NMFC",1,"North Melbourne","Gold Coast Suns"
2021,15,"David","Mundy","FRE",10,"Collingwood","Fremantle"
2021,15,"Brayden","Maynard","COLL",6,"Collingwood","Fremantle"
2021,15,"Rory","Lobb","FRE",4,"Collingwood","Fremantle"
2021,15,"Taylor","Adams","COLL",3,"Collingwood","Fremantle"
2021,15,"James","Aish","FRE",3,"Collingwood","Fremantle"
2021,15,"Brodie","Grundy","COLL",2,"Collingwood","Fremantle"
2021,15,"Andrew","Brayshaw","FRE",1,"Collingwood","Fremantle"
2021,15,"Sean","Darcy","FRE",1,"Collingwood","Fremantle"
2021,15,"Charlie","Dixon","PORT",10,"Port Adelaide","Sydney Swans"
2021,15,"Luke","Parker","SYD",8,"Port Adelaide","Sydney Swans"
2021,15,"Callum","Mills","SYD",3,"Port Adelaide","Sydney Swans"
2021,15,"Travis","Boak","PORT",3,"Port Adelaide","Sydney Swans"
2021,15,"Lance","Franklin","SYD",3,"Port Adelaide","Sydney Swans"
2021,15,"Scott","Lycett","PORT",2,"Port Adelaide","Sydney Swans"
2021,15,"Willem","Drew","PORT",1,"Port Adelaide","Sydney Swans"
2021,15,"Steven","May","MELB",10,"Essendon","Melbourne"
2021,15,"Max","Gawn","MELB",4,"Essendon","Melbourne"
2021,15,"Jake","Lever","MELB",4,"Essendon","Melbourne"
2021,15,"Angus","Brayshaw","MELB",3,"Essendon","Melbourne"
2021,15,"Clayton","Oliver","MELB",3,"Essendon","Melbourne"
2021,15,"Zach","Merrett","ESS",3,"Essendon","Melbourne"
2021,15,"Dyson","Heppell","ESS",2,"Essendon","Melbourne"
2021,15,"Christian","Petracca","MELB",1,"Essendon","Melbourne"
2021,15,"Will","Day","HAW",9,"GWS Giants","Hawthorn"
2021,15,"Tom","Mitchell","HAW",6,"GWS Giants","Hawthorn"
2021,15,"Ben","McEvoy","HAW",5,"GWS Giants","Hawthorn"
2021,15,"Dylan","Moore","HAW",4,"GWS Giants","Hawthorn"
2021,15,"Jack","Scrimshaw","HAW",4,"GWS Giants","Hawthorn"
2021,15,"Lachie","Whitfield","GWS",2,"GWS Giants","Hawthorn"
2021,15,"Marcus","Bontempelli","WB",10,"West Coast Eagles","Western Bulldogs"
2021,15,"Bailey","Smith","WB",8,"West Coast Eagles","Western Bulldogs"
2021,15,"Aaron","Naughton","WB",6,"West Coast Eagles","Western Bulldogs"
2021,15,"Jack","Macrae","WB",4,"West Coast Eagles","Western Bulldogs"
2021,15,"Caleb","Daniel","WB",1,"West Coast Eagles","Western Bulldogs"
2021,15,"Bailey","Dale","WB",1,"West Coast Eagles","Western Bulldogs"
2021,15,"Sam","Walsh","CARL",10,"Carlton","Adelaide Crows"
2021,15,"Zac","Williams","CARL",7,"Carlton","Adelaide Crows"
2021,15,"Jacob","Weitering","CARL",6,"Carlton","Adelaide Crows"
2021,15,"Rory","Laird","ADEL",5,"Carlton","Adelaide Crows"
2021,15,"Jordon","Butts","ADEL",1,"Carlton","Adelaide Crows"
2021,15,"Paul","Seedsman","ADEL",1,"Carlton","Adelaide Crows"
2021,16,"Touk","Miller","GCFC",10,"Gold Coast Suns","Richmond"
2021,16,"Tom","J Lynch","RICH",7,"Gold Coast Suns","Richmond"
2021,16,"Ben","Ainsworth","GCFC",7,"Gold Coast Suns","Richmond"
2021,16,"Jack","Lukosius","GCFC",2,"Gold Coast Suns","Richmond"
2021,16,"Charlie","Ballard","GCFC",2,"Gold Coast Suns","Richmond"
2021,16,"Ben","King","GCFC",1,"Gold Coast Suns","Richmond"
2021,16,"Brandon","Ellis","GCFC",1,"Gold Coast Suns","Richmond"
2021,16,"Patrick","Dangerfield","GEEL",9,"Geelong Cats","Essendon"
2021,16,"Darcy","Parish","ESS",8,"Geelong Cats","Essendon"
2021,16,"Tom","Hawkins","GEEL",7,"Geelong Cats","Essendon"
2021,16,"Tom","Atkins","GEEL",3,"Geelong Cats","Essendon"
2021,16,"Jordan","Ridley","ESS",2,"Geelong Cats","Essendon"
2021,16,"Isaac","Smith","GEEL",1,"Geelong Cats","Essendon"
2021,16,"Josh","Kelly","GWS",10,"Melbourne","GWS Giants"
2021,16,"Christian","Salem","MELB",6,"Melbourne","GWS Giants"
2021,16,"Tim","Taranto","GWS",5,"Melbourne","GWS Giants"
2021,16,"Tom","Green","GWS",4,"Melbourne","GWS Giants"
2021,16,"Tom","McDonald","MELB",2,"Melbourne","GWS Giants"
2021,16,"Steven","May","MELB",2,"Melbourne","GWS Giants"
2021,16,"Shane","Mumford","GWS",1,"Melbourne","GWS Giants"
2021,16,"Marcus","Adams","BL",9,"Adelaide Crows","Brisbane Lions"
2021,16,"Zac","Bailey","BL",7,"Adelaide Crows","Brisbane Lions"
2021,16,"Lincoln","McCarthy","BL",6,"Adelaide Crows","Brisbane Lions"
2021,16,"Jarryd","Lyons","BL",4,"Adelaide Crows","Brisbane Lions"
2021,16,"Rory","Laird","ADEL",3,"Adelaide Crows","Brisbane Lions"
2021,16,"Jordon","Butts","ADEL",1,"Adelaide Crows","Brisbane Lions"
2021,16,"Sean","Darcy","FRE",7,"Fremantle","Carlton"
2021,16,"Jacob","Weitering","CARL",7,"Fremantle","Carlton"
2021,16,"Patrick","Cripps","CARL",5,"Fremantle","Carlton"
2021,16,"Sam","Walsh","CARL",5,"Fremantle","Carlton"
2021,16,"Andrew","Brayshaw","FRE",4,"Fremantle","Carlton"
2021,16,"Paddy","Dow","CARL",1,"Fremantle","Carlton"
2021,16,"Jack","Silvagni","CARL",1,"Fremantle","Carlton"
2021,16,"Ollie","Wines","PORT",10,"Hawthorn","Port Adelaide"
2021,16,"Darcy","Byrne-Jones","PORT",6,"Hawthorn","Port Adelaide"
2021,16,"Karl","Amon","PORT",4,"Hawthorn","Port Adelaide"
2021,16,"Charlie","Dixon","PORT",3,"Hawthorn","Port Adelaide"
2021,16,"Travis","Boak","PORT",3,"Hawthorn","Port Adelaide"
2021,16,"Tom","Jonas","PORT",2,"Hawthorn","Port Adelaide"
2021,16,"Ryan","Burton","PORT",1,"Hawthorn","Port Adelaide"
2021,16,"Blake","Hardwick","HAW",1,"Hawthorn","Port Adelaide"
2021,16,"Callum","Mills","SYD",10,"Sydney Swans","West Coast Eagles"
2021,16,"Oliver","Florent","SYD",7,"Sydney Swans","West Coast Eagles"
2021,16,"Isaac","Heeney","SYD",4,"Sydney Swans","West Coast Eagles"
2021,16,"Tom","Hickey","SYD",3,"Sydney Swans","West Coast Eagles"
2021,16,"Justin","McInerney","SYD",2,"Sydney Swans","West Coast Eagles"
2021,16,"Jordan","Dawson","SYD",2,"Sydney Swans","West Coast Eagles"
2021,16,"Lance","Franklin","SYD",1,"Sydney Swans","West Coast Eagles"
2021,16,"George","Hewett","SYD",1,"Sydney Swans","West Coast Eagles"
2021,16,"Jack","Steele","STK",10,"Collingwood","St Kilda"
2021,16,"Bradley","Hill","STK",6,"Collingwood","St Kilda"
2021,16,"Jordan","De Goey","COLL",6,"Collingwood","St Kilda"
2021,16,"Luke","Dunstan","STK",5,"Collingwood","St Kilda"
2021,16,"Scott","Pendlebury","COLL",2,"Collingwood","St Kilda"
2021,16,"Jack","Sinclair","STK",1,"Collingwood","St Kilda"
2021,16,"Ben","Cunnington","NMFC",8,"Western Bulldogs","North Melbourne"
2021,16,"Tom","Liberatore","WB",5,"Western Bulldogs","North Melbourne"
2021,16,"Cody","Weightman","WB",5,"Western Bulldogs","North Melbourne"
2021,16,"Bailey","Dale","WB",5,"Western Bulldogs","North Melbourne"
2021,16,"Jack","Macrae","WB",3,"Western Bulldogs","North Melbourne"
2021,16,"Cameron","Zurhaar","NMFC",3,"Western Bulldogs","North Melbourne"
2021,16,"Zaine","Cordy","WB",1,"Western Bulldogs","North Melbourne"
2021,17,"Christian","Petracca","MELB",10,"Port Adelaide","Melbourne"
2021,17,"Clayton","Oliver","MELB",8,"Port Adelaide","Melbourne"
2021,17,"Tom","McDonald","MELB",6,"Port Adelaide","Melbourne"
2021,17,"Steven","May","MELB",2,"Port Adelaide","Melbourne"
2021,17,"Max","Gawn","MELB",2,"Port Adelaide","Melbourne"
2021,17,"Kysaiah","Pickett","MELB",1,"Port Adelaide","Melbourne"
2021,17,"Christian","Salem","MELB",1,"Port Adelaide","Melbourne"
2021,17,"Zach","Merrett","ESS",10,"Essendon","Adelaide Crows"
2021,17,"Mason","Redman","ESS",5,"Essendon","Adelaide Crows"
2021,17,"Archie","Perkins","ESS",4,"Essendon","Adelaide Crows"
2021,17,"Jake","Stringer","ESS",4,"Essendon","Adelaide Crows"
2021,17,"Nick","Hind","ESS",3,"Essendon","Adelaide Crows"
2021,17,"Jordan","Ridley","ESS",3,"Essendon","Adelaide Crows"
2021,17,"Anthony","McDonald-Tipungwuti","ESS",1,"Essendon","Adelaide Crows"
2021,17,"Sean","Darcy","FRE",10,"Hawthorn","Fremantle"
2021,17,"Nathan","Fyfe","FRE",6,"Hawthorn","Fremantle"
2021,17,"David","Mundy","FRE",6,"Hawthorn","Fremantle"
2021,17,"Rory","Lobb","FRE",4,"Hawthorn","Fremantle"
2021,17,"Caleb","Serong","FRE",4,"Hawthorn","Fremantle"
2021,17,"Sam","Walsh","CARL",10,"Carlton","Geelong Cats"
2021,17,"Zach","Tuohy","GEEL",8,"Carlton","Geelong Cats"
2021,17,"Tom","Stewart","GEEL",6,"Carlton","Geelong Cats"
2021,17,"Jacob","Weitering","CARL",2,"Carlton","Geelong Cats"
2021,17,"Mark","O'Connor","GEEL",2,"Carlton","Geelong Cats"
2021,17,"Cameron","Guthrie","GEEL",1,"Carlton","Geelong Cats"
2021,17,"Isaac","Smith","GEEL",1,"Carlton","Geelong Cats"
2021,17,"Jack","Steele","STK",10,"Brisbane Lions","St Kilda"
2021,17,"Tom","Highmore","STK",7,"Brisbane Lions","St Kilda"
2021,17,"Luke","Dunstan","STK",7,"Brisbane Lions","St Kilda"
2021,17,"Dayne","Zorko","BL",4,"Brisbane Lions","St Kilda"
2021,17,"Jimmy","Webster","STK",1,"Brisbane Lions","St Kilda"
2021,17,"Tim","Membrey","STK",1,"Brisbane Lions","St Kilda"
2021,17,"Touk","Miller","GCFC",10,"GWS Giants","Gold Coast Suns"
2021,17,"Jacob","Hopper","GWS",8,"GWS Giants","Gold Coast Suns"
2021,17,"Brandon","Ellis","GCFC",5,"GWS Giants","Gold Coast Suns"
2021,17,"Toby","Greene","GWS",5,"GWS Giants","Gold Coast Suns"
2021,17,"Chris","Burgess","GCFC",1,"GWS Giants","Gold Coast Suns"
2021,17,"Charlie","Ballard","GCFC",1,"GWS Giants","Gold Coast Suns"
2021,17,"Jordan","Dawson","SYD",10,"Western Bulldogs","Sydney Swans"
2021,17,"Tom","McCartin","SYD",8,"Western Bulldogs","Sydney Swans"
2021,17,"Bailey","Smith","WB",3,"Western Bulldogs","Sydney Swans"
2021,17,"Luke","Parker","SYD",3,"Western Bulldogs","Sydney Swans"
2021,17,"Alex","Keath","WB",3,"Western Bulldogs","Sydney Swans"
2021,17,"Taylor","Duryea","WB",2,"Western Bulldogs","Sydney Swans"
2021,17,"Caleb","Daniel","WB",1,"Western Bulldogs","Sydney Swans"
2021,17,"Taylor","Adams","COLL",10,"Richmond","Collingwood"
2021,17,"Jordan","De Goey","COLL",7,"Richmond","Collingwood"
2021,17,"Jack","Crisp","COLL",7,"Richmond","Collingwood"
2021,17,"Jayden","Short","RICH",3,"Richmond","Collingwood"
2021,17,"Brayden","Maynard","COLL",2,"Richmond","Collingwood"
2021,17,"Dylan","Grimes","RICH",1,"Richmond","Collingwood"
2021,17,"Jaidyn","Stephenson","NMFC",10,"West Coast Eagles","North Melbourne"
2021,17,"Nic","Naitanui","WCE",7,"West Coast Eagles","North Melbourne"
2021,17,"Jack","Ziebell","NMFC",7,"West Coast Eagles","North Melbourne"
2021,17,"Jy","Simpkin","NMFC",2,"West Coast Eagles","North Melbourne"
2021,17,"Cameron","Zurhaar","NMFC",2,"West Coast Eagles","North Melbourne"
2021,17,"Ben","Cunnington","NMFC",2,"West Coast Eagles","North Melbourne"
2021,18,"Cameron","Guthrie","GEEL",8,"Fremantle","Geelong Cats"
2021,18,"Tom","Hawkins","GEEL",7,"Fremantle","Geelong Cats"
2021,18,"Sam","Menegola","GEEL",6,"Fremantle","Geelong Cats"
2021,18,"Zach","Tuohy","GEEL",4,"Fremantle","Geelong Cats"
2021,18,"Patrick","Dangerfield","GEEL",3,"Fremantle","Geelong Cats"
2021,18,"Brandan","Parfitt","GEEL",2,"Fremantle","Geelong Cats"
2021,18,"Jack","Riewoldt","RICH",10,"Richmond","Brisbane Lions"
2021,18,"Shai","Bolton","RICH",6,"Richmond","Brisbane Lions"
2021,18,"Mabior","Chol","RICH",6,"Richmond","Brisbane Lions"
2021,18,"Toby","Nankervis","RICH",6,"Richmond","Brisbane Lions"
2021,18,"Jayden","Short","RICH",1,"Richmond","Brisbane Lions"
2021,18,"Hugh","McCluggage","BL",1,"Richmond","Brisbane Lions"
2021,18,"Ollie","Wines","PORT",10,"St Kilda","Port Adelaide"
2021,18,"Mitchell","Georgiades","PORT",5,"St Kilda","Port Adelaide"
2021,18,"Jack","Steele","STK",5,"St Kilda","Port Adelaide"
2021,18,"Trent","McKenzie","PORT",4,"St Kilda","Port Adelaide"
2021,18,"Ryan","Burton","PORT",3,"St Kilda","Port Adelaide"
2021,18,"Karl","Amon","PORT",2,"St Kilda","Port Adelaide"
2021,18,"Rowan","Marshall","STK",1,"St Kilda","Port Adelaide"
2021,18,"Marcus","Bontempelli","WB",9,"Gold Coast Suns","Western Bulldogs"
2021,18,"Touk","Miller","GCFC",7,"Gold Coast Suns","Western Bulldogs"
2021,18,"Alex","Keath","WB",5,"Gold Coast Suns","Western Bulldogs"
2021,18,"Jack","Macrae","WB",3,"Gold Coast Suns","Western Bulldogs"
2021,18,"Bailey","Smith","WB",3,"Gold Coast Suns","Western Bulldogs"
2021,18,"Bailey","Dale","WB",2,"Gold Coast Suns","Western Bulldogs"
2021,18,"Sam","Collins","GCFC",1,"Gold Coast Suns","Western Bulldogs"
2021,18,"Tom","Mitchell","HAW",10,"Melbourne","Hawthorn"
2021,18,"Clayton","Oliver","MELB",6,"Melbourne","Hawthorn"
2021,18,"Luke","Breust","HAW",6,"Melbourne","Hawthorn"
2021,18,"Christian","Petracca","MELB",4,"Melbourne","Hawthorn"
2021,18,"Jack","Viney","MELB",2,"Melbourne","Hawthorn"
2021,18,"James","Worpel","HAW",1,"Melbourne","Hawthorn"
2021,18,"Tom","Phillips","HAW",1,"Melbourne","Hawthorn"
2021,18,"Jake","Stringer","ESS",7,"North Melbourne","Essendon"
2021,18,"Darcy","Parish","ESS",7,"North Melbourne","Essendon"
2021,18,"Zach","Merrett","ESS",7,"North Melbourne","Essendon"
2021,18,"Peter","Wright","ESS",5,"North Melbourne","Essendon"
2021,18,"Jy","Simpkin","NMFC",3,"North Melbourne","Essendon"
2021,18,"Nick","Larkey","NMFC",1,"North Melbourne","Essendon"
2021,18,"Sam","Walsh","CARL",10,"Collingwood","Carlton"
2021,18,"Jordan","De Goey","COLL",7,"Collingwood","Carlton"
2021,18,"Matthew","Kennedy","CARL",7,"Collingwood","Carlton"
2021,18,"Jacob","Weitering","CARL",2,"Collingwood","Carlton"
2021,18,"Chris","Mayne","COLL",2,"Collingwood","Carlton"
2021,18,"Jack","Martin","CARL",2,"Collingwood","Carlton"
2021,18,"Jamie","Cripps","WCE",10,"Adelaide Crows","West Coast Eagles"
2021,18,"Shannon","Hurn","WCE",7,"Adelaide Crows","West Coast Eagles"
2021,18,"Nic","Naitanui","WCE",6,"Adelaide Crows","West Coast Eagles"
2021,18,"Andrew","Gaff","WCE",3,"Adelaide Crows","West Coast Eagles"
2021,18,"Liam","Ryan","WCE",2,"Adelaide Crows","West Coast Eagles"
2021,18,"Elliot","Yeo","WCE",1,"Adelaide Crows","West Coast Eagles"
2021,18,"Ben","Keays","ADEL",1,"Adelaide Crows","West Coast Eagles"
2021,18,"Luke","Parker","SYD",8,"GWS Giants","Sydney Swans"
2021,18,"Tom","Papley","SYD",8,"GWS Giants","Sydney Swans"
2021,18,"George","Hewett","SYD",5,"GWS Giants","Sydney Swans"
2021,18,"Harry","Perryman","GWS",3,"GWS Giants","Sydney Swans"
2021,18,"Justin","McInerney","SYD",2,"GWS Giants","Sydney Swans"
2021,18,"Josh","Kennedy","SYD",2,"GWS Giants","Sydney Swans"
2021,18,"Lance","Franklin","SYD",2,"GWS Giants","Sydney Swans"
2021,19,"Willem","Drew","PORT",10,"Port Adelaide","Collingwood"
2021,19,"Jack","Crisp","COLL",5,"Port Adelaide","Collingwood"
2021,19,"Dan","Houston","PORT",4,"Port Adelaide","Collingwood"
2021,19,"Charlie","Dixon","PORT",4,"Port Adelaide","Collingwood"
2021,19,"Brodie","Grundy","COLL",3,"Port Adelaide","Collingwood"
2021,19,"Ollie","Wines","PORT",3,"Port Adelaide","Collingwood"
2021,19,"Jack","Madgen","COLL",1,"Port Adelaide","Collingwood"
2021,19,"Nick","Larkey","NMFC",10,"Carlton","North Melbourne"
2021,19,"Tarryn","Thomas","NMFC",7,"Carlton","North Melbourne"
2021,19,"Jy","Simpkin","NMFC",6,"Carlton","North Melbourne"
2021,19,"Jaidyn","Stephenson","NMFC",5,"Carlton","North Melbourne"
2021,19,"Ben","Cunnington","NMFC",1,"Carlton","North Melbourne"
2021,19,"Luke","Davies-Uniacke","NMFC",1,"Carlton","North Melbourne"
2021,19,"Oscar","McInerney","BL",10,"Brisbane Lions","Gold Coast Suns"
2021,19,"Jarryd","Lyons","BL",7,"Brisbane Lions","Gold Coast Suns"
2021,19,"Lincoln","McCarthy","BL",5,"Brisbane Lions","Gold Coast Suns"
2021,19,"Hugh","McCluggage","BL",3,"Brisbane Lions","Gold Coast Suns"
2021,19,"Touk","Miller","GCFC",2,"Brisbane Lions","Gold Coast Suns"
2021,19,"Harris","Andrews","BL",2,"Brisbane Lions","Gold Coast Suns"
2021,19,"Daniel","Rich","BL",1,"Brisbane Lions","Gold Coast Suns"
2021,19,"Max","King","STK",10,"West Coast Eagles","St Kilda"
2021,19,"Dom","Sheed","WCE",7,"West Coast Eagles","St Kilda"
2021,19,"Tim","Kelly","WCE",5,"West Coast Eagles","St Kilda"
2021,19,"Nic","Naitanui","WCE",4,"West Coast Eagles","St Kilda"
2021,19,"Zak","Jones","STK",2,"West Coast Eagles","St Kilda"
2021,19,"Dan","Butler","STK",2,"West Coast Eagles","St Kilda"
2021,19,"Marcus","Bontempelli","WB",9,"Melbourne","Western Bulldogs"
2021,19,"Caleb","Daniel","WB",8,"Melbourne","Western Bulldogs"
2021,19,"Clayton","Oliver","MELB",7,"Melbourne","Western Bulldogs"
2021,19,"Jack","Macrae","WB",3,"Melbourne","Western Bulldogs"
2021,19,"Lachie","Hunter","WB",2,"Melbourne","Western Bulldogs"
2021,19,"Bailey","Smith","WB",1,"Melbourne","Western Bulldogs"
2021,19,"Rory","Laird","ADEL",10,"Adelaide Crows","Hawthorn"
2021,19,"Harry","Schoenberg","ADEL",6,"Adelaide Crows","Hawthorn"
2021,19,"Tom","Doedee","ADEL",6,"Adelaide Crows","Hawthorn"
2021,19,"Reilly","O'Brien","ADEL",4,"Adelaide Crows","Hawthorn"
2021,19,"Dylan","Moore","HAW",2,"Adelaide Crows","Hawthorn"
2021,19,"Darcy","Fogarty","ADEL",1,"Adelaide Crows","Hawthorn"
2021,19,"Paul","Seedsman","ADEL",1,"Adelaide Crows","Hawthorn"
2021,19,"Isaac","Heeney","SYD",10,"Sydney Swans","Fremantle"
2021,19,"Josh","Kennedy","SYD",8,"Sydney Swans","Fremantle"
2021,19,"Luke","Parker","SYD",6,"Sydney Swans","Fremantle"
2021,19,"Adam","Cerra","FRE",4,"Sydney Swans","Fremantle"
2021,19,"Errol","Gulden","SYD",2,"Sydney Swans","Fremantle"
2021,19,"Patrick","Dangerfield","GEEL",9,"Geelong Cats","Richmond"
2021,19,"Tom","Stewart","GEEL",7,"Geelong Cats","Richmond"
2021,19,"Esava","Ratugolea","GEEL",4,"Geelong Cats","Richmond"
2021,19,"Tom","Hawkins","GEEL",4,"Geelong Cats","Richmond"
2021,19,"Cameron","Guthrie","GEEL",3,"Geelong Cats","Richmond"
2021,19,"Brandan","Parfitt","GEEL",2,"Geelong Cats","Richmond"
2021,19,"Lachie","Henderson","GEEL",1,"Geelong Cats","Richmond"
2021,19,"Lachie","Whitfield","GWS",10,"Essendon","GWS Giants"
2021,19,"Tom","Green","GWS",7,"Essendon","GWS Giants"
2021,19,"Sam","Taylor","GWS",4,"Essendon","GWS Giants"
2021,19,"Brent","Daniels","GWS",3,"Essendon","GWS Giants"
2021,19,"Jordan","Ridley","ESS",2,"Essendon","GWS Giants"
2021,19,"Shane","Mumford","GWS",2,"Essendon","GWS Giants"
2021,19,"Lachie","Ash","GWS",1,"Essendon","GWS Giants"
2021,19,"Will","Snelling","ESS",1,"Essendon","GWS Giants"
2021,20,"Jack","Silvagni","CARL",9,"St Kilda","Carlton"
2021,20,"Sam","Walsh","CARL",7,"St Kilda","Carlton"
2021,20,"Harry","McKay","CARL",7,"St Kilda","Carlton"
2021,20,"Jack","Steele","STK",4,"St Kilda","Carlton"
2021,20,"Patrick","Cripps","CARL",2,"St Kilda","Carlton"
2021,20,"Jacob","Weitering","CARL",1,"St Kilda","Carlton"
2021,20,"Bailey","Dale","WB",10,"Western Bulldogs","Adelaide Crows"
2021,20,"Caleb","Daniel","WB",7,"Western Bulldogs","Adelaide Crows"
2021,20,"Jack","Macrae","WB",7,"Western Bulldogs","Adelaide Crows"
2021,20,"Tom","Liberatore","WB",2,"Western Bulldogs","Adelaide Crows"
2021,20,"Lachie","Hunter","WB",2,"Western Bulldogs","Adelaide Crows"
2021,20,"Rory","Sloane","ADEL",1,"Western Bulldogs","Adelaide Crows"
2021,20,"Bailey","Smith","WB",1,"Western Bulldogs","Adelaide Crows"
2021,20,"Zach","Guthrie","GEEL",8,"North Melbourne","Geelong Cats"
2021,20,"Cameron","Guthrie","GEEL",8,"North Melbourne","Geelong Cats"
2021,20,"Aaron","Hall","NMFC",4,"North Melbourne","Geelong Cats"
2021,20,"Isaac","Smith","GEEL",4,"North Melbourne","Geelong Cats"
2021,20,"Tom","Stewart","GEEL",4,"North Melbourne","Geelong Cats"
2021,20,"Ben","McKay","NMFC",2,"North Melbourne","Geelong Cats"
2021,20,"Christian","Petracca","MELB",9,"Gold Coast Suns","Melbourne"
2021,20,"Clayton","Oliver","MELB",9,"Gold Coast Suns","Melbourne"
2021,20,"Max","Gawn","MELB",6,"Gold Coast Suns","Melbourne"
2021,20,"Luke","Jackson","MELB",3,"Gold Coast Suns","Melbourne"
2021,20,"Jake","Lever","MELB",3,"Gold Coast Suns","Melbourne"
2021,20,"Jack","Crisp","COLL",10,"Collingwood","West Coast Eagles"
2021,20,"Jordan","De Goey","COLL",7,"Collingwood","West Coast Eagles"
2021,20,"Taylor","Adams","COLL",4,"Collingwood","West Coast Eagles"
2021,20,"Brayden","Maynard","COLL",4,"Collingwood","West Coast Eagles"
2021,20,"Brodie","Grundy","COLL",3,"Collingwood","West Coast Eagles"
2021,20,"Steele","Sidebottom","COLL",2,"Collingwood","West Coast Eagles"
2021,20,"Zach","Merrett","ESS",9,"Essendon","Sydney Swans"
2021,20,"Tom","Papley","SYD",9,"Essendon","Sydney Swans"
2021,20,"Jake","Stringer","ESS",5,"Essendon","Sydney Swans"
2021,20,"Callum","Mills","SYD",5,"Essendon","Sydney Swans"
2021,20,"Luke","Parker","SYD",2,"Essendon","Sydney Swans"
2021,20,"Jaeger","O'Meara","HAW",10,"Hawthorn","Brisbane Lions"
2021,20,"Chad","Wingard","HAW",8,"Hawthorn","Brisbane Lions"
2021,20,"Jarryd","Lyons","BL",5,"Hawthorn","Brisbane Lions"
2021,20,"Tom","Mitchell","HAW",3,"Hawthorn","Brisbane Lions"
2021,20,"Jack","Scrimshaw","HAW",2,"Hawthorn","Brisbane Lions"
2021,20,"Daniel","McStay","BL",1,"Hawthorn","Brisbane Lions"
2021,20,"Sam","Frost","HAW",1,"Hawthorn","Brisbane Lions"
2021,20,"Karl","Amon","PORT",10,"GWS Giants","Port Adelaide"
2021,20,"Charlie","Dixon","PORT",7,"GWS Giants","Port Adelaide"
2021,20,"Ollie","Wines","PORT",6,"GWS Giants","Port Adelaide"
2021,20,"Nick","Haynes","GWS",5,"GWS Giants","Port Adelaide"
2021,20,"Trent","McKenzie","PORT",1,"GWS Giants","Port Adelaide"
2021,20,"Zak","Butters","PORT",1,"GWS Giants","Port Adelaide"
2021,20,"Andrew","Brayshaw","FRE",10,"Fremantle","Richmond"
2021,20,"Adam","Cerra","FRE",8,"Fremantle","Richmond"
2021,20,"Sydney","Stack","RICH",6,"Fremantle","Richmond"
2021,20,"Dion","Prestia","RICH",4,"Fremantle","Richmond"
2021,20,"Luke","Ryan","FRE",1,"Fremantle","Richmond"
2021,20,"David","Mundy","FRE",1,"Fremantle","Richmond"
2021,21,"Sam","Taylor","GWS",9,"Geelong Cats","GWS Giants"
2021,21,"Tim","Taranto","GWS",9,"Geelong Cats","GWS Giants"
2021,21,"Toby","Greene","GWS",3,"Geelong Cats","GWS Giants"
2021,21,"Isaac","Cumming","GWS",3,"Geelong Cats","GWS Giants"
2021,21,"Callan","Ward","GWS",3,"Geelong Cats","GWS Giants"
2021,21,"Jed","Bews","GEEL",2,"Geelong Cats","GWS Giants"
2021,21,"Lachie","Whitfield","GWS",1,"Geelong Cats","GWS Giants"
2021,21,"Touk","Miller","GCFC",10,"Carlton","Gold Coast Suns"
2021,21,"Wil","Powell","GCFC",7,"Carlton","Gold Coast Suns"
2021,21,"Noah","Anderson","GCFC",6,"Carlton","Gold Coast Suns"
2021,21,"Jacob","Weitering","CARL",4,"Carlton","Gold Coast Suns"
2021,21,"Sam","Collins","GCFC",2,"Carlton","Gold Coast Suns"
2021,21,"Brayden","Fiorini","GCFC",1,"Carlton","Gold Coast Suns"
2021,21,"Jack","Graham","RICH",10,"Richmond","North Melbourne"
2021,21,"Nick","Vlastuin","RICH",7,"Richmond","North Melbourne"
2021,21,"Aaron","Hall","NMFC",6,"Richmond","North Melbourne"
2021,21,"Jy","Simpkin","NMFC",3,"Richmond","North Melbourne"
2021,21,"Luke","Davies-Uniacke","NMFC",2,"Richmond","North Melbourne"
2021,21,"Liam","Baker","RICH",1,"Richmond","North Melbourne"
2021,21,"Dion","Prestia","RICH",1,"Richmond","North Melbourne"
2021,21,"Jack","Higgins","STK",8,"St Kilda","Sydney Swans"
2021,21,"Jack","Steele","STK",6,"St Kilda","Sydney Swans"
2021,21,"Jack","Sinclair","STK",5,"St Kilda","Sydney Swans"
2021,21,"Callum","Wilkie","STK",4,"St Kilda","Sydney Swans"
2021,21,"Luke","Parker","SYD",4,"St Kilda","Sydney Swans"
2021,21,"Rowan","Marshall","STK",3,"St Kilda","Sydney Swans"
2021,21,"Aliir","Aliir","PORT",10,"Adelaide Crows","Port Adelaide"
2021,21,"Willem","Drew","PORT",5,"Adelaide Crows","Port Adelaide"
2021,21,"Jordon","Butts","ADEL",4,"Adelaide Crows","Port Adelaide"
2021,21,"Chayce","Jones","ADEL",4,"Adelaide Crows","Port Adelaide"
2021,21,"Rory","Laird","ADEL",3,"Adelaide Crows","Port Adelaide"
2021,21,"Ryan","Burton","PORT",2,"Adelaide Crows","Port Adelaide"
2021,21,"Ollie","Wines","PORT",2,"Adelaide Crows","Port Adelaide"
2021,21,"Tom","Mitchell","HAW",9,"Hawthorn","Collingwood"
2021,21,"Chad","Wingard","HAW",9,"Hawthorn","Collingwood"
2021,21,"Jack","Scrimshaw","HAW",6,"Hawthorn","Collingwood"
2021,21,"Blake","Hardwick","HAW",2,"Hawthorn","Collingwood"
2021,21,"Jordan","De Goey","COLL",2,"Hawthorn","Collingwood"
2021,21,"Dylan","Moore","HAW",1,"Hawthorn","Collingwood"
2021,21,"Jack","Crisp","COLL",1,"Hawthorn","Collingwood"
2021,21,"Peter","Wright","ESS",10,"Western Bulldogs","Essendon"
2021,21,"Marcus","Bontempelli","WB",7,"Western Bulldogs","Essendon"
2021,21,"Zach","Merrett","ESS",7,"Western Bulldogs","Essendon"
2021,21,"Darcy","Parish","ESS",3,"Western Bulldogs","Essendon"
2021,21,"Jack","Macrae","WB",2,"Western Bulldogs","Essendon"
2021,21,"Sam","Draper","ESS",1,"Western Bulldogs","Essendon"
2021,21,"Dayne","Zorko","BL",10,"Fremantle","Brisbane Lions"
2021,21,"Joe","Daniher","BL",5,"Fremantle","Brisbane Lions"
2021,21,"Harris","Andrews","BL",5,"Fremantle","Brisbane Lions"
2021,21,"Jarryd","Lyons","BL",4,"Fremantle","Brisbane Lions"
2021,21,"Zac","Bailey","BL",3,"Fremantle","Brisbane Lions"
2021,21,"Oscar","McInerney","BL",2,"Fremantle","Brisbane Lions"
2021,21,"Daniel","Rich","BL",1,"Fremantle","Brisbane Lions"
2021,21,"Christian","Petracca","MELB",10,"West Coast Eagles","Melbourne"
2021,21,"Elliot","Yeo","WCE",6,"West Coast Eagles","Melbourne"
2021,21,"Luke","Jackson","MELB",4,"West Coast Eagles","Melbourne"
2021,21,"Clayton","Oliver","MELB",3,"West Coast Eagles","Melbourne"
2021,21,"Ben","Brown","MELB",3,"West Coast Eagles","Melbourne"
2021,21,"Alex","Neal-Bullen","MELB",2,"West Coast Eagles","Melbourne"
2021,21,"Jack","Redden","WCE",1,"West Coast Eagles","Melbourne"
2021,21,"Nic","Naitanui","WCE",1,"West Coast Eagles","Melbourne"
2021,22,"Tim","Taranto","GWS",10,"GWS Giants","Richmond"
2021,22,"Josh","Kelly","GWS",7,"GWS Giants","Richmond"
2021,22,"Isaac","Cumming","GWS",7,"GWS Giants","Richmond"
2021,22,"Callan","Ward","GWS",2,"GWS Giants","Richmond"
2021,22,"Jacob","Hopper","GWS",2,"GWS Giants","Richmond"
2021,22,"Harry","Himmelberg","GWS",1,"GWS Giants","Richmond"
2021,22,"Nick","Vlastuin","RICH",1,"GWS Giants","Richmond"
2021,22,"Chad","Wingard","HAW",9,"Hawthorn","Western Bulldogs"
2021,22,"Daniel","Howe","HAW",9,"Hawthorn","Western Bulldogs"
2021,22,"Tim","O'Brien","HAW",5,"Hawthorn","Western Bulldogs"
2021,22,"Jonathon","Ceglar","HAW",5,"Hawthorn","Western Bulldogs"
2021,22,"Tom","Liberatore","WB",1,"Hawthorn","Western Bulldogs"
2021,22,"Tom","Mitchell","HAW",1,"Hawthorn","Western Bulldogs"
2021,22,"Aliir","Aliir","PORT",10,"Port Adelaide","Carlton"
2021,22,"Karl","Amon","PORT",7,"Port Adelaide","Carlton"
2021,22,"Travis","Boak","PORT",4,"Port Adelaide","Carlton"
2021,22,"Connor","Rozee","PORT",3,"Port Adelaide","Carlton"
2021,22,"Miles","Bergman","PORT",2,"Port Adelaide","Carlton"
2021,22,"Ollie","Wines","PORT",2,"Port Adelaide","Carlton"
2021,22,"Darcy","Byrne-Jones","PORT",1,"Port Adelaide","Carlton"
2021,22,"Zak","Butters","PORT",1,"Port Adelaide","Carlton"
2021,22,"Patrick","Dangerfield","GEEL",10,"Geelong Cats","St Kilda"
2021,22,"Cameron","Guthrie","GEEL",5,"Geelong Cats","St Kilda"
2021,22,"Jack","Steele","STK",5,"Geelong Cats","St Kilda"
2021,22,"Rhys","Stanley","GEEL",4,"Geelong Cats","St Kilda"
2021,22,"Jeremy","Cameron","GEEL",4,"Geelong Cats","St Kilda"
2021,22,"Sam","Menegola","GEEL",1,"Geelong Cats","St Kilda"
2021,22,"Brad","Crouch","STK",1,"Geelong Cats","St Kilda"
2021,22,"Hugh","McCluggage","BL",7,"Brisbane Lions","Collingwood"
2021,22,"Charlie","Cameron","BL",7,"Brisbane Lions","Collingwood"
2021,22,"Jarryd","Lyons","BL",5,"Brisbane Lions","Collingwood"
2021,22,"Dayne","Zorko","BL",5,"Brisbane Lions","Collingwood"
2021,22,"Zac","Bailey","BL",2,"Brisbane Lions","Collingwood"
2021,22,"Oscar","McInerney","BL",2,"Brisbane Lions","Collingwood"
2021,22,"Lachie","Neale","BL",1,"Brisbane Lions","Collingwood"
2021,22,"Joe","Daniher","BL",1,"Brisbane Lions","Collingwood"
2021,22,"Will","Hayward","SYD",8,"North Melbourne","Sydney Swans"
2021,22,"Luke","Parker","SYD",8,"North Melbourne","Sydney Swans"
2021,22,"Harry","Cunningham","SYD",5,"North Melbourne","Sydney Swans"
2021,22,"Aaron","Hall","NMFC",4,"North Melbourne","Sydney Swans"
2021,22,"Tom","Hickey","SYD",3,"North Melbourne","Sydney Swans"
2021,22,"Jy","Simpkin","NMFC",1,"North Melbourne","Sydney Swans"
2021,22,"Nick","Blakey","SYD",1,"North Melbourne","Sydney Swans"
2021,22,"Bayley","Fritsch","MELB",10,"Melbourne","Adelaide Crows"
2021,22,"Paul","Seedsman","ADEL",8,"Melbourne","Adelaide Crows"
2021,22,"Christian","Petracca","MELB",6,"Melbourne","Adelaide Crows"
2021,22,"Rory","Sloane","ADEL",2,"Melbourne","Adelaide Crows"
2021,22,"Christian","Salem","MELB",2,"Melbourne","Adelaide Crows"
2021,22,"Ed","Langdon","MELB",1,"Melbourne","Adelaide Crows"
2021,22,"Max","Gawn","MELB",1,"Melbourne","Adelaide Crows"
2021,22,"Jake","Stringer","ESS",10,"Gold Coast Suns","Essendon"
2021,22,"Darcy","Parish","ESS",8,"Gold Coast Suns","Essendon"
2021,22,"Mason","Redman","ESS",5,"Gold Coast Suns","Essendon"
2021,22,"Nick","Hind","ESS",3,"Gold Coast Suns","Essendon"
2021,22,"Zach","Merrett","ESS",2,"Gold Coast Suns","Essendon"
2021,22,"Dyson","Heppell","ESS",1,"Gold Coast Suns","Essendon"
2021,22,"Touk","Miller","GCFC",1,"Gold Coast Suns","Essendon"
2021,22,"Caleb","Serong","FRE",10,"Fremantle","West Coast Eagles"
2021,22,"David","Mundy","FRE",8,"Fremantle","West Coast Eagles"
2021,22,"Tom","Cole","WCE",3,"Fremantle","West Coast Eagles"
2021,22,"Luke","Ryan","FRE",3,"Fremantle","West Coast Eagles"
2021,22,"Jack","Redden","WCE",2,"Fremantle","West Coast Eagles"
2021,22,"Nic","Naitanui","WCE",2,"Fremantle","West Coast Eagles"
2021,22,"Adam","Cerra","FRE",1,"Fremantle","West Coast Eagles"
2021,22,"Sean","Darcy","FRE",1,"Fremantle","West Coast Eagles"
2021,23,"Travis","Boak","PORT",10,"Western Bulldogs","Port Adelaide"
2021,23,"Ollie","Wines","PORT",8,"Western Bulldogs","Port Adelaide"
2021,23,"Alex","Keath","WB",5,"Western Bulldogs","Port Adelaide"
2021,23,"Scott","Lycett","PORT",3,"Western Bulldogs","Port Adelaide"
2021,23,"Robbie","Gray","PORT",3,"Western Bulldogs","Port Adelaide"
2021,23,"Connor","Rozee","PORT",1,"Western Bulldogs","Port Adelaide"
2021,23,"Chad","Wingard","HAW",10,"Richmond","Hawthorn"
2021,23,"Jaeger","O'Meara","HAW",6,"Richmond","Hawthorn"
2021,23,"Jonathon","Ceglar","HAW",4,"Richmond","Hawthorn"
2021,23,"Tom","J Lynch","RICH",4,"Richmond","Hawthorn"
2021,23,"Dylan","Grimes","RICH",3,"Richmond","Hawthorn"
2021,23,"Jack","Ross","RICH",2,"Richmond","Hawthorn"
2021,23,"Ben","McEvoy","HAW",1,"Richmond","Hawthorn"
2021,23,"Lance","Franklin","SYD",9,"Sydney Swans","Gold Coast Suns"
2021,23,"Jake","Lloyd","SYD",7,"Sydney Swans","Gold Coast Suns"
2021,23,"Jordan","Dawson","SYD",5,"Sydney Swans","Gold Coast Suns"
2021,23,"Isaac","Heeney","SYD",4,"Sydney Swans","Gold Coast Suns"
2021,23,"Luke","Parker","SYD",3,"Sydney Swans","Gold Coast Suns"
2021,23,"Tom","Papley","SYD",1,"Sydney Swans","Gold Coast Suns"
2021,23,"Touk","Miller","GCFC",1,"Sydney Swans","Gold Coast Suns"
2021,23,"Daniel","Rich","BL",10,"Brisbane Lions","West Coast Eagles"
2021,23,"Nic","Naitanui","WCE",8,"Brisbane Lions","West Coast Eagles"
2021,23,"Dayne","Zorko","BL",6,"Brisbane Lions","West Coast Eagles"
2021,23,"Elliot","Yeo","WCE",2,"Brisbane Lions","West Coast Eagles"
2021,23,"Joe","Daniher","BL",2,"Brisbane Lions","West Coast Eagles"
2021,23,"Lachie","Neale","BL",1,"Brisbane Lions","West Coast Eagles"
2021,23,"Luke","Shuey","WCE",1,"Brisbane Lions","West Coast Eagles"
2021,23,"Clayton","Oliver","MELB",10,"Geelong Cats","Melbourne"
2021,23,"Patrick","Dangerfield","GEEL",5,"Geelong Cats","Melbourne"
2021,23,"Christian","Petracca","MELB",4,"Geelong Cats","Melbourne"
2021,23,"Joel","Selwood","GEEL",4,"Geelong Cats","Melbourne"
2021,23,"Jake","Lever","MELB",3,"Geelong Cats","Melbourne"
2021,23,"Rhys","Stanley","GEEL",2,"Geelong Cats","Melbourne"
2021,23,"Tom","Hawkins","GEEL",1,"Geelong Cats","Melbourne"
2021,23,"Max","Gawn","MELB",1,"Geelong Cats","Melbourne"
2021,23,"Ed","Curnow","CARL",9,"Carlton","GWS Giants"
2021,23,"Callan","Ward","GWS",9,"Carlton","GWS Giants"
2021,23,"Tim","Taranto","GWS",3,"Carlton","GWS Giants"
2021,23,"Harry","Perryman","GWS",3,"Carlton","GWS Giants"
2021,23,"Josh","Kelly","GWS",3,"Carlton","GWS Giants"
2021,23,"Sam","Walsh","CARL",2,"Carlton","GWS Giants"
2021,23,"Jacob","Hopper","GWS",1,"Carlton","GWS Giants"
2021,23,"Jack","Steele","STK",10,"St Kilda","Fremantle"
2021,23,"Cooper","Sharman","STK",8,"St Kilda","Fremantle"
2021,23,"Tim","Membrey","STK",4,"St Kilda","Fremantle"
2021,23,"Caleb","Serong","FRE",3,"St Kilda","Fremantle"
2021,23,"Jack","Sinclair","STK",3,"St Kilda","Fremantle"
2021,23,"Nick","Coffield","STK",2,"St Kilda","Fremantle"
2021,23,"Devon","Smith","ESS",10,"Essendon","Collingwood"
2021,23,"Jamie","Elliott","COLL",5,"Essendon","Collingwood"
2021,23,"Zach","Merrett","ESS",5,"Essendon","Collingwood"
2021,23,"Peter","Wright","ESS",5,"Essendon","Collingwood"
2021,23,"Jake","Stringer","ESS",4,"Essendon","Collingwood"
2021,23,"Nick","Hind","ESS",1,"Essendon","Collingwood"
2021,23,"Rory","Laird","ADEL",10,"Adelaide Crows","North Melbourne"
2021,23,"Ben","Keays","ADEL",8,"Adelaide Crows","North Melbourne"
2021,23,"Rory","Sloane","ADEL",4,"Adelaide Crows","North Melbourne"
2021,23,"Brodie","Smith","ADEL",3,"Adelaide Crows","North Melbourne"
2021,23,"Ned","McHenry","ADEL",3,"Adelaide Crows","North Melbourne"
2021,23,"Shane","McAdam","ADEL",2,"Adelaide Crows","North Melbourne"
2022,1,"Christian","Petracca","MELB",10,"Melbourne","Western Bulldogs"
2022,1,"Aaron","Naughton","WB",6,"Melbourne","Western Bulldogs"
2022,1,"Ben","Brown","MELB",6,"Melbourne","Western Bulldogs"
2022,1,"Bailey","Smith","WB",4,"Melbourne","Western Bulldogs"
2022,1,"Clayton","Oliver","MELB",3,"Melbourne","Western Bulldogs"
2022,1,"Ed","Langdon","MELB",1,"Melbourne","Western Bulldogs"
2022,1,"Patrick","Cripps","CARL",10,"Carlton","Richmond"
2022,1,"Matthew","Kennedy","CARL",8,"Carlton","Richmond"
2022,1,"Adam","Cerra","CARL",6,"Carlton","Richmond"
2022,1,"George","Hewett","CARL",4,"Carlton","Richmond"
2022,1,"Sam","Docherty","CARL",1,"Carlton","Richmond"
2022,1,"Marc","Pittonet","CARL",1,"Carlton","Richmond"
2022,1,"Jordan","De Goey","COLL",9,"St Kilda","Collingwood"
2022,1,"Patrick","Lipinski","COLL",9,"St Kilda","Collingwood"
2022,1,"Taylor","Adams","COLL",5,"St Kilda","Collingwood"
2022,1,"Jack","Hayes","STK",5,"St Kilda","Collingwood"
2022,1,"Jeremy","Howe","COLL",2,"St Kilda","Collingwood"
2022,1,"Patrick","Dangerfield","GEEL",10,"Geelong Cats","Essendon"
2022,1,"Tom","Hawkins","GEEL",8,"Geelong Cats","Essendon"
2022,1,"Brandan","Parfitt","GEEL",6,"Geelong Cats","Essendon"
2022,1,"Nic","Martin","ESS",2,"Geelong Cats","Essendon"
2022,1,"Tom","Atkins","GEEL",2,"Geelong Cats","Essendon"
2022,1,"Joel","Selwood","GEEL",1,"Geelong Cats","Essendon"
2022,1,"Brad","Close","GEEL",1,"Geelong Cats","Essendon"
2022,1,"Luke","Parker","SYD",10,"GWS Giants","Sydney Swans"
2022,1,"Tom","Green","GWS",8,"GWS Giants","Sydney Swans"
2022,1,"Oliver","Florent","SYD",5,"GWS Giants","Sydney Swans"
2022,1,"Isaac","Heeney","SYD",5,"GWS Giants","Sydney Swans"
2022,1,"Nick","Blakey","SYD",1,"GWS Giants","Sydney Swans"
2022,1,"Phil","Davis","GWS",1,"GWS Giants","Sydney Swans"
2022,1,"Dan","Houston","PORT",10,"Brisbane Lions","Port Adelaide"
2022,1,"Joe","Daniher","BL",8,"Brisbane Lions","Port Adelaide"
2022,1,"Marcus","Adams","BL",5,"Brisbane Lions","Port Adelaide"
2022,1,"Travis","Boak","PORT",4,"Brisbane Lions","Port Adelaide"
2022,1,"Lachie","Neale","BL",2,"Brisbane Lions","Port Adelaide"
2022,1,"Oscar","McInerney","BL",1,"Brisbane Lions","Port Adelaide"
2022,1,"James","Sicily","HAW",8,"Hawthorn","North Melbourne"
2022,1,"Changkuoth","Jiath","HAW",8,"Hawthorn","North Melbourne"
2022,1,"Luke","McDonald","NMFC",6,"Hawthorn","North Melbourne"
2022,1,"Jack","Gunston","HAW",4,"Hawthorn","North Melbourne"
2022,1,"Mitch","Lewis","HAW",2,"Hawthorn","North Melbourne"
2022,1,"Jy","Simpkin","NMFC",2,"Hawthorn","North Melbourne"
2022,1,"Joshua","Rachele","ADEL",9,"Adelaide Crows","Fremantle"
2022,1,"Andrew","Brayshaw","FRE",8,"Adelaide Crows","Fremantle"
2022,1,"Ben","Keays","ADEL",5,"Adelaide Crows","Fremantle"
2022,1,"Jordan","Clark","FRE",3,"Adelaide Crows","Fremantle"
2022,1,"Rory","Lobb","FRE",2,"Adelaide Crows","Fremantle"
2022,1,"James","Rowe","ADEL",2,"Adelaide Crows","Fremantle"
2022,1,"Sam","Switkowski","FRE",1,"Adelaide Crows","Fremantle"
2022,1,"Matt","Rowell","GCFC",10,"West Coast Eagles","Gold Coast Suns"
2022,1,"Touk","Miller","GCFC",8,"West Coast Eagles","Gold Coast Suns"
2022,1,"Izak","Rankine","GCFC",5,"West Coast Eagles","Gold Coast Suns"
2022,1,"Jack","Redden","WCE",3,"West Coast Eagles","Gold Coast Suns"
2022,1,"Jamaine","Jones","WCE",3,"West Coast Eagles","Gold Coast Suns"
2022,1,"Jarrod","Witts","GCFC",1,"West Coast Eagles","Gold Coast Suns"
2022,2,"Patrick","Cripps","CARL",10,"Western Bulldogs","Carlton"
2022,2,"Harry","McKay","CARL",6,"Western Bulldogs","Carlton"
2022,2,"Charlie","Curnow","CARL",6,"Western Bulldogs","Carlton"
2022,2,"George","Hewett","CARL",4,"Western Bulldogs","Carlton"
2022,2,"Sam","Walsh","CARL",2,"Western Bulldogs","Carlton"
2022,2,"Bailey","Dale","WB",1,"Western Bulldogs","Carlton"
2022,2,"Jack","Macrae","WB",1,"Western Bulldogs","Carlton"
2022,2,"Isaac","Heeney","SYD",10,"Sydney Swans","Geelong Cats"
2022,2,"Callum","Mills","SYD",8,"Sydney Swans","Geelong Cats"
2022,2,"Brad","Close","GEEL",6,"Sydney Swans","Geelong Cats"
2022,2,"Tom","McCartin","SYD",2,"Sydney Swans","Geelong Cats"
2022,2,"Paddy","McCartin","SYD",2,"Sydney Swans","Geelong Cats"
2022,2,"Chad","Warner","SYD",1,"Sydney Swans","Geelong Cats"
2022,2,"Errol","Gulden","SYD",1,"Sydney Swans","Geelong Cats"
2022,2,"Jack","Crisp","COLL",9,"Collingwood","Adelaide Crows"
2022,2,"Jordan","De Goey","COLL",6,"Collingwood","Adelaide Crows"
2022,2,"Steele","Sidebottom","COLL",5,"Collingwood","Adelaide Crows"
2022,2,"Darcy","Moore","COLL",3,"Collingwood","Adelaide Crows"
2022,2,"Josh","Daicos","COLL",3,"Collingwood","Adelaide Crows"
2022,2,"Jack","Ginnivan","COLL",2,"Collingwood","Adelaide Crows"
2022,2,"Scott","Pendlebury","COLL",1,"Collingwood","Adelaide Crows"
2022,2,"Brodie","Grundy","COLL",1,"Collingwood","Adelaide Crows"
2022,2,"Lachie","Neale","BL",10,"Essendon","Brisbane Lions"
2022,2,"Darcy","Parish","ESS",6,"Essendon","Brisbane Lions"
2022,2,"Hugh","McCluggage","BL",4,"Essendon","Brisbane Lions"
2022,2,"Peter","Wright","ESS",4,"Essendon","Brisbane Lions"
2022,2,"Dayne","Zorko","BL",4,"Essendon","Brisbane Lions"
2022,2,"Daniel","Rich","BL",1,"Essendon","Brisbane Lions"
2022,2,"Jarrod","Berry","BL",1,"Essendon","Brisbane Lions"
2022,2,"Mitch","Lewis","HAW",9,"Port Adelaide","Hawthorn"
2022,2,"James","Sicily","HAW",5,"Port Adelaide","Hawthorn"
2022,2,"Dylan","Moore","HAW",5,"Port Adelaide","Hawthorn"
2022,2,"Jack","Scrimshaw","HAW",4,"Port Adelaide","Hawthorn"
2022,2,"Blake","Hardwick","HAW",3,"Port Adelaide","Hawthorn"
2022,2,"Jack","Gunston","HAW",2,"Port Adelaide","Hawthorn"
2022,2,"Travis","Boak","PORT",1,"Port Adelaide","Hawthorn"
2022,2,"Sam","Powell-Pepper","PORT",1,"Port Adelaide","Hawthorn"
2022,2,"Christian","Petracca","MELB",10,"Gold Coast Suns","Melbourne"
2022,2,"Luke","Jackson","MELB",6,"Gold Coast Suns","Melbourne"
2022,2,"Jake","Bowey","MELB",5,"Gold Coast Suns","Melbourne"
2022,2,"Touk","Miller","GCFC",5,"Gold Coast Suns","Melbourne"
2022,2,"Clayton","Oliver","MELB",4,"Gold Coast Suns","Melbourne"
2022,2,"Nick","Larkey","NMFC",10,"North Melbourne","West Coast Eagles"
2022,2,"William","Rioli","WCE",7,"North Melbourne","West Coast Eagles"
2022,2,"Hugh","Greenwood","NMFC",6,"North Melbourne","West Coast Eagles"
2022,2,"Jeremy","McGovern","WCE",5,"North Melbourne","West Coast Eagles"
2022,2,"Liam","Ryan","WCE",1,"North Melbourne","West Coast Eagles"
2022,2,"Aaron","Hall","NMFC",1,"North Melbourne","West Coast Eagles"
2022,2,"Noah","Balta","RICH",9,"Richmond","GWS Giants"
2022,2,"Shai","Bolton","RICH",7,"Richmond","GWS Giants"
2022,2,"Jayden","Short","RICH",6,"Richmond","GWS Giants"
2022,2,"Trent","Cotchin","RICH",3,"Richmond","GWS Giants"
2022,2,"Tom","Green","GWS",2,"Richmond","GWS Giants"
2022,2,"Marlion","Pickett","RICH",2,"Richmond","GWS Giants"
2022,2,"Nathan","Broad","RICH",1,"Richmond","GWS Giants"
2022,2,"Jack","Higgins","STK",8,"Fremantle","St Kilda"
2022,2,"Andrew","Brayshaw","FRE",8,"Fremantle","St Kilda"
2022,2,"Max","King","STK",5,"Fremantle","St Kilda"
2022,2,"Luke","Ryan","FRE",4,"Fremantle","St Kilda"
2022,2,"Josh","Battle","STK",4,"Fremantle","St Kilda"
2022,2,"Jack","Sinclair","STK",1,"Fremantle","St Kilda"
2022,3,"Tim","English","WB",10,"Western Bulldogs","Sydney Swans"
2022,3,"Bailey","Smith","WB",7,"Western Bulldogs","Sydney Swans"
2022,3,"Josh","Dunkley","WB",6,"Western Bulldogs","Sydney Swans"
2022,3,"Adam","Treloar","WB",3,"Western Bulldogs","Sydney Swans"
2022,3,"Ryan","Gardner","WB",2,"Western Bulldogs","Sydney Swans"
2022,3,"Cody","Weightman","WB",1,"Western Bulldogs","Sydney Swans"
2022,3,"Bailey","Dale","WB",1,"Western Bulldogs","Sydney Swans"
2022,3,"Clayton","Oliver","MELB",10,"Melbourne","Essendon"
2022,3,"Angus","Brayshaw","MELB",8,"Melbourne","Essendon"
2022,3,"Sam","Weideman","MELB",4,"Melbourne","Essendon"
2022,3,"Peter","Wright","ESS",4,"Melbourne","Essendon"
2022,3,"Ed","Langdon","MELB",4,"Melbourne","Essendon"
2022,3,"Jordan","Dawson","ADEL",10,"Adelaide Crows","Port Adelaide"
2022,3,"Todd","Marshall","PORT",8,"Adelaide Crows","Port Adelaide"
2022,3,"Elliott","Himmelberg","ADEL",6,"Adelaide Crows","Port Adelaide"
2022,3,"Travis","Boak","PORT",3,"Adelaide Crows","Port Adelaide"
2022,3,"Ben","Keays","ADEL",2,"Adelaide Crows","Port Adelaide"
2022,3,"Lachlan","Gollant","ADEL",1,"Adelaide Crows","Port Adelaide"
2022,3,"Stephen","Coniglio","GWS",10,"GWS Giants","Gold Coast Suns"
2022,3,"Tom","Green","GWS",7,"GWS Giants","Gold Coast Suns"
2022,3,"Tim","Taranto","GWS",7,"GWS Giants","Gold Coast Suns"
2022,3,"Braydon","Preuss","GWS",4,"GWS Giants","Gold Coast Suns"
2022,3,"Lachie","Ash","GWS",2,"GWS Giants","Gold Coast Suns"
2022,3,"Jeremy","Cameron","GEEL",10,"Collingwood","Geelong Cats"
2022,3,"Jamie","Elliott","COLL",8,"Collingwood","Geelong Cats"
2022,3,"Isaac","Quaynor","COLL",3,"Collingwood","Geelong Cats"
2022,3,"Taylor","Adams","COLL",3,"Collingwood","Geelong Cats"
2022,3,"Tom","Stewart","GEEL",2,"Collingwood","Geelong Cats"
2022,3,"Jordan","De Goey","COLL",2,"Collingwood","Geelong Cats"
2022,3,"Patrick","Dangerfield","GEEL",1,"Collingwood","Geelong Cats"
2022,3,"Cameron","Guthrie","GEEL",1,"Collingwood","Geelong Cats"
2022,3,"Lincoln","McCarthy","BL",9,"Brisbane Lions","North Melbourne"
2022,3,"Jarryd","Lyons","BL",6,"Brisbane Lions","North Melbourne"
2022,3,"Zac","Bailey","BL",4,"Brisbane Lions","North Melbourne"
2022,3,"Marcus","Adams","BL",4,"Brisbane Lions","North Melbourne"
2022,3,"Hugh","McCluggage","BL",3,"Brisbane Lions","North Melbourne"
2022,3,"Charlie","Cameron","BL",2,"Brisbane Lions","North Melbourne"
2022,3,"Dayne","Zorko","BL",2,"Brisbane Lions","North Melbourne"
2022,3,"Sam","Docherty","CARL",9,"Carlton","Hawthorn"
2022,3,"Changkuoth","Jiath","HAW",8,"Carlton","Hawthorn"
2022,3,"Jacob","Weitering","CARL",5,"Carlton","Hawthorn"
2022,3,"Patrick","Cripps","CARL",5,"Carlton","Hawthorn"
2022,3,"Dylan","Moore","HAW",3,"Carlton","Hawthorn"
2022,3,"Brad","Crouch","STK",9,"St Kilda","Richmond"
2022,3,"Max","King","STK",8,"St Kilda","Richmond"
2022,3,"Nathan","Broad","RICH",7,"St Kilda","Richmond"
2022,3,"Jack","Steele","STK",4,"St Kilda","Richmond"
2022,3,"Jade","Gresham","STK",2,"St Kilda","Richmond"
2022,3,"Lachie","Schultz","FRE",10,"West Coast Eagles","Fremantle"
2022,3,"Jeremy","McGovern","WCE",6,"West Coast Eagles","Fremantle"
2022,3,"Shannon","Hurn","WCE",4,"West Coast Eagles","Fremantle"
2022,3,"Andrew","Brayshaw","FRE",4,"West Coast Eagles","Fremantle"
2022,3,"Heath","Chapman","FRE",4,"West Coast Eagles","Fremantle"
2022,3,"Blake","Acres","FRE",1,"West Coast Eagles","Fremantle"
2022,3,"Sam","Switkowski","FRE",1,"West Coast Eagles","Fremantle"
2022,4,"Max","Gawn","MELB",10,"Port Adelaide","Melbourne"
2022,4,"Steven","May","MELB",7,"Port Adelaide","Melbourne"
2022,4,"Jack","Viney","MELB",5,"Port Adelaide","Melbourne"
2022,4,"James","Harmes","MELB",4,"Port Adelaide","Melbourne"
2022,4,"James","Jordon","MELB",4,"Port Adelaide","Melbourne"
2022,4,"Isaac","Smith","GEEL",10,"Geelong Cats","Brisbane Lions"
2022,4,"Tom","Hawkins","GEEL",7,"Geelong Cats","Brisbane Lions"
2022,4,"Daniel","McStay","BL",6,"Geelong Cats","Brisbane Lions"
2022,4,"Mark","Blicavs","GEEL",5,"Geelong Cats","Brisbane Lions"
2022,4,"Rhys","Stanley","GEEL",1,"Geelong Cats","Brisbane Lions"
2022,4,"Joe","Daniher","BL",1,"Geelong Cats","Brisbane Lions"
2022,4,"Justin","McInerney","SYD",10,"Sydney Swans","North Melbourne"
2022,4,"Jack","Ziebell","NMFC",8,"Sydney Swans","North Melbourne"
2022,4,"Jy","Simpkin","NMFC",5,"Sydney Swans","North Melbourne"
2022,4,"Callum","Mills","SYD",3,"Sydney Swans","North Melbourne"
2022,4,"Oliver","Florent","SYD",3,"Sydney Swans","North Melbourne"
2022,4,"Jake","Lloyd","SYD",1,"Sydney Swans","North Melbourne"
2022,4,"Jeremy","McGovern","WCE",10,"Collingwood","West Coast Eagles"
2022,4,"William","Rioli","WCE",7,"Collingwood","West Coast Eagles"
2022,4,"Nick","Daicos","COLL",4,"Collingwood","West Coast Eagles"
2022,4,"Jack","Crisp","COLL",3,"Collingwood","West Coast Eagles"
2022,4,"Tom","Barrass","WCE",2,"Collingwood","West Coast Eagles"
2022,4,"Brody","Mihocek","COLL",2,"Collingwood","West Coast Eagles"
2022,4,"Brodie","Grundy","COLL",2,"Collingwood","West Coast Eagles"
2022,4,"Shai","Bolton","RICH",10,"Richmond","Western Bulldogs"
2022,4,"Jayden","Short","RICH",6,"Richmond","Western Bulldogs"
2022,4,"Bailey","Smith","WB",5,"Richmond","Western Bulldogs"
2022,4,"Marcus","Bontempelli","WB",4,"Richmond","Western Bulldogs"
2022,4,"Marlion","Pickett","RICH",2,"Richmond","Western Bulldogs"
2022,4,"Tom","J Lynch","RICH",2,"Richmond","Western Bulldogs"
2022,4,"Bailey","Dale","WB",1,"Richmond","Western Bulldogs"
2022,4,"Will","Brodie","FRE",10,"Fremantle","GWS Giants"
2022,4,"Heath","Chapman","FRE",8,"Fremantle","GWS Giants"
2022,4,"Griffin","Logue","FRE",3,"Fremantle","GWS Giants"
2022,4,"Brennan","Cox","FRE",3,"Fremantle","GWS Giants"
2022,4,"Nathan","O'Driscoll","FRE",2,"Fremantle","GWS Giants"
2022,4,"Lachlan","Keeffe","GWS",2,"Fremantle","GWS Giants"
2022,4,"Isaac","Cumming","GWS",1,"Fremantle","GWS Giants"
2022,4,"Andrew","Brayshaw","FRE",1,"Fremantle","GWS Giants"
2022,4,"Darcy","Parish","ESS",10,"Essendon","Adelaide Crows"
2022,4,"Rory","Laird","ADEL",4,"Essendon","Adelaide Crows"
2022,4,"Taylor","Walker","ADEL",4,"Essendon","Adelaide Crows"
2022,4,"Sam","Draper","ESS",4,"Essendon","Adelaide Crows"
2022,4,"Mason","Redman","ESS",3,"Essendon","Adelaide Crows"
2022,4,"Joshua","Rachele","ADEL",3,"Essendon","Adelaide Crows"
2022,4,"Peter","Wright","ESS",2,"Essendon","Adelaide Crows"
2022,4,"Jack","Sinclair","STK",10,"Hawthorn","St Kilda"
2022,4,"Bradley","Hill","STK",8,"Hawthorn","St Kilda"
2022,4,"Jack","Steele","STK",6,"Hawthorn","St Kilda"
2022,4,"Dan","Butler","STK",3,"Hawthorn","St Kilda"
2022,4,"Tim","Membrey","STK",2,"Hawthorn","St Kilda"
2022,4,"Jade","Gresham","STK",1,"Hawthorn","St Kilda"
2022,4,"Jarrod","Witts","GCFC",9,"Gold Coast Suns","Carlton"
2022,4,"Noah","Anderson","GCFC",9,"Gold Coast Suns","Carlton"
2022,4,"Touk","Miller","GCFC",5,"Gold Coast Suns","Carlton"
2022,4,"Lachie","Weller","GCFC",4,"Gold Coast Suns","Carlton"
2022,4,"Sam","Collins","GCFC",2,"Gold Coast Suns","Carlton"
2022,4,"Adam","Saad","CARL",1,"Gold Coast Suns","Carlton"
2022,5,"Lachie","Neale","BL",10,"Brisbane Lions","Collingwood"
2022,5,"Hugh","McCluggage","BL",6,"Brisbane Lions","Collingwood"
2022,5,"Joe","Daniher","BL",5,"Brisbane Lions","Collingwood"
2022,5,"Jordan","De Goey","COLL",5,"Brisbane Lions","Collingwood"
2022,5,"Jack","Crisp","COLL",4,"Brisbane Lions","Collingwood"
2022,5,"Aaron","Naughton","WB",9,"North Melbourne","Western Bulldogs"
2022,5,"Bailey","Smith","WB",8,"North Melbourne","Western Bulldogs"
2022,5,"Cody","Weightman","WB",7,"North Melbourne","Western Bulldogs"
2022,5,"Tim","English","WB",3,"North Melbourne","Western Bulldogs"
2022,5,"Caleb","Daniel","WB",2,"North Melbourne","Western Bulldogs"
2022,5,"Jack","Macrae","WB",1,"North Melbourne","Western Bulldogs"
2022,5,"Callum","Mills","SYD",10,"West Coast Eagles","Sydney Swans"
2022,5,"Peter","Ladhams","SYD",7,"West Coast Eagles","Sydney Swans"
2022,5,"Luke","Parker","SYD",5,"West Coast Eagles","Sydney Swans"
2022,5,"Justin","McInerney","SYD",5,"West Coast Eagles","Sydney Swans"
2022,5,"Isaac","Heeney","SYD",2,"West Coast Eagles","Sydney Swans"
2022,5,"Jake","Lloyd","SYD",1,"West Coast Eagles","Sydney Swans"
2022,5,"Jack","Higgins","STK",9,"St Kilda","Gold Coast Suns"
2022,5,"Jack","Steele","STK",6,"St Kilda","Gold Coast Suns"
2022,5,"Jack","Sinclair","STK",5,"St Kilda","Gold Coast Suns"
2022,5,"Rowan","Marshall","STK",4,"St Kilda","Gold Coast Suns"
2022,5,"Jade","Gresham","STK",3,"St Kilda","Gold Coast Suns"
2022,5,"Touk","Miller","GCFC",3,"St Kilda","Gold Coast Suns"
2022,5,"Taylor","Walker","ADEL",10,"Adelaide Crows","Richmond"
2022,5,"Elliott","Himmelberg","ADEL",4,"Adelaide Crows","Richmond"
2022,5,"Trent","Cotchin","RICH",4,"Adelaide Crows","Richmond"
2022,5,"Tom","Doedee","ADEL",4,"Adelaide Crows","Richmond"
2022,5,"Ben","Keays","ADEL",3,"Adelaide Crows","Richmond"
2022,5,"Brodie","Smith","ADEL",2,"Adelaide Crows","Richmond"
2022,5,"Rory","Laird","ADEL",2,"Adelaide Crows","Richmond"
2022,5,"Shai","Bolton","RICH",1,"Adelaide Crows","Richmond"
2022,5,"Steven","May","MELB",10,"Melbourne","GWS Giants"
2022,5,"Max","Gawn","MELB",8,"Melbourne","GWS Giants"
2022,5,"Christian","Petracca","MELB",6,"Melbourne","GWS Giants"
2022,5,"Clayton","Oliver","MELB",4,"Melbourne","GWS Giants"
2022,5,"Charlie","Spargo","MELB",2,"Melbourne","GWS Giants"
2022,5,"Charlie","Curnow","CARL",9,"Carlton","Port Adelaide"
2022,5,"Sam","Walsh","CARL",8,"Carlton","Port Adelaide"
2022,5,"George","Hewett","CARL",7,"Carlton","Port Adelaide"
2022,5,"Connor","Rozee","PORT",2,"Carlton","Port Adelaide"
2022,5,"Harry","McKay","CARL",2,"Carlton","Port Adelaide"
2022,5,"Zak","Butters","PORT",2,"Carlton","Port Adelaide"
2022,5,"Matt","Taberner","FRE",10,"Essendon","Fremantle"
2022,5,"Andrew","Brayshaw","FRE",8,"Essendon","Fremantle"
2022,5,"Will","Brodie","FRE",4,"Essendon","Fremantle"
2022,5,"Brennan","Cox","FRE",3,"Essendon","Fremantle"
2022,5,"Sean","Darcy","FRE",3,"Essendon","Fremantle"
2022,5,"Dyson","Heppell","ESS",1,"Essendon","Fremantle"
2022,5,"Alex","Pearce","FRE",1,"Essendon","Fremantle"
2022,5,"James","Sicily","HAW",9,"Hawthorn","Geelong Cats"
2022,5,"Jai","Newcombe","HAW",9,"Hawthorn","Geelong Cats"
2022,5,"Tom","Stewart","GEEL",5,"Hawthorn","Geelong Cats"
2022,5,"Tom","Mitchell","HAW",4,"Hawthorn","Geelong Cats"
2022,5,"Joel","Selwood","GEEL",3,"Hawthorn","Geelong Cats"
2022,6,"Jack","Higgins","STK",10,"GWS Giants","St Kilda"
2022,6,"Josh","Battle","STK",7,"GWS Giants","St Kilda"
2022,6,"Jack","Sinclair","STK",4,"GWS Giants","St Kilda"
2022,6,"Jack","Steele","STK",4,"GWS Giants","St Kilda"
2022,6,"Callan","Ward","GWS",3,"GWS Giants","St Kilda"
2022,6,"Tom","Green","GWS",2,"GWS Giants","St Kilda"
2022,6,"Tom","Doedee","ADEL",9,"Western Bulldogs","Adelaide Crows"
2022,6,"Billy","Frampton","ADEL",6,"Western Bulldogs","Adelaide Crows"
2022,6,"Tom","Liberatore","WB",4,"Western Bulldogs","Adelaide Crows"
2022,6,"Ben","Keays","ADEL",4,"Western Bulldogs","Adelaide Crows"
2022,6,"Reilly","O'Brien","ADEL",3,"Western Bulldogs","Adelaide Crows"
2022,6,"Taylor","Walker","ADEL",3,"Western Bulldogs","Adelaide Crows"
2022,6,"Tim","O'Brien","WB",1,"Western Bulldogs","Adelaide Crows"
2022,6,"Connor","Rozee","PORT",10,"Port Adelaide","West Coast Eagles"
2022,6,"Dan","Houston","PORT",6,"Port Adelaide","West Coast Eagles"
2022,6,"Travis","Boak","PORT",4,"Port Adelaide","West Coast Eagles"
2022,6,"Jeremy","Finlayson","PORT",3,"Port Adelaide","West Coast Eagles"
2022,6,"Todd","Marshall","PORT",3,"Port Adelaide","West Coast Eagles"
2022,6,"Ollie","Wines","PORT",3,"Port Adelaide","West Coast Eagles"
2022,6,"Tim","Kelly","WCE",1,"Port Adelaide","West Coast Eagles"
2022,6,"Patrick","Cripps","CARL",10,"Fremantle","Carlton"
2022,6,"Andrew","Brayshaw","FRE",8,"Fremantle","Carlton"
2022,6,"Lachie","Schultz","FRE",6,"Fremantle","Carlton"
2022,6,"Rory","Lobb","FRE",2,"Fremantle","Carlton"
2022,6,"Brennan","Cox","FRE",2,"Fremantle","Carlton"
2022,6,"Sam","Switkowski","FRE",1,"Fremantle","Carlton"
2022,6,"Luke","Ryan","FRE",1,"Fremantle","Carlton"
2022,6,"Jeremy","Cameron","GEEL",10,"North Melbourne","Geelong Cats"
2022,6,"Zach","Tuohy","GEEL",8,"North Melbourne","Geelong Cats"
2022,6,"Joel","Selwood","GEEL",4,"North Melbourne","Geelong Cats"
2022,6,"Sam","De Koning","GEEL",3,"North Melbourne","Geelong Cats"
2022,6,"Tom","Atkins","GEEL",3,"North Melbourne","Geelong Cats"
2022,6,"Cameron","Guthrie","GEEL",2,"North Melbourne","Geelong Cats"
2022,6,"Zac","Bailey","BL",10,"Gold Coast Suns","Brisbane Lions"
2022,6,"Hugh","McCluggage","BL",7,"Gold Coast Suns","Brisbane Lions"
2022,6,"Jarryd","Lyons","BL",7,"Gold Coast Suns","Brisbane Lions"
2022,6,"Charlie","Cameron","BL",3,"Gold Coast Suns","Brisbane Lions"
2022,6,"Lincoln","McCarthy","BL",2,"Gold Coast Suns","Brisbane Lions"
2022,6,"Brandon","Starcevich","BL",1,"Gold Coast Suns","Brisbane Lions"
2022,6,"Clayton","Oliver","MELB",10,"Richmond","Melbourne"
2022,6,"Ed","Langdon","MELB",7,"Richmond","Melbourne"
2022,6,"Nick","Vlastuin","RICH",6,"Richmond","Melbourne"
2022,6,"Steven","May","MELB",3,"Richmond","Melbourne"
2022,6,"Christian","Petracca","MELB",2,"Richmond","Melbourne"
2022,6,"Angus","Brayshaw","MELB",1,"Richmond","Melbourne"
2022,6,"Tom","Sparrow","MELB",1,"Richmond","Melbourne"
2022,6,"Callum","Mills","SYD",10,"Hawthorn","Sydney Swans"
2022,6,"Chad","Warner","SYD",6,"Hawthorn","Sydney Swans"
2022,6,"Lance","Franklin","SYD",5,"Hawthorn","Sydney Swans"
2022,6,"Peter","Ladhams","SYD",4,"Hawthorn","Sydney Swans"
2022,6,"Luke","Parker","SYD",3,"Hawthorn","Sydney Swans"
2022,6,"Errol","Gulden","SYD",1,"Hawthorn","Sydney Swans"
2022,6,"Jaeger","O'Meara","HAW",1,"Hawthorn","Sydney Swans"
2022,6,"Darcy","Parish","ESS",8,"Essendon","Collingwood"
2022,6,"Jack","Ginnivan","COLL",8,"Essendon","Collingwood"
2022,6,"Jeremy","Howe","COLL",8,"Essendon","Collingwood"
2022,6,"Alec","Waterman","ESS",2,"Essendon","Collingwood"
2022,6,"Zach","Merrett","ESS",2,"Essendon","Collingwood"
2022,6,"Jack","Crisp","COLL",1,"Essendon","Collingwood"
2022,6,"Scott","Pendlebury","COLL",1,"Essendon","Collingwood"
2022,7,"Shai","Bolton","RICH",9,"West Coast Eagles","Richmond"
2022,7,"Tom","J Lynch","RICH",8,"West Coast Eagles","Richmond"
2022,7,"Jayden","Short","RICH",7,"West Coast Eagles","Richmond"
2022,7,"Nick","Vlastuin","RICH",4,"West Coast Eagles","Richmond"
2022,7,"Kamdyn","McIntosh","RICH",1,"West Coast Eagles","Richmond"
2022,7,"Daniel","Rioli","RICH",1,"West Coast Eagles","Richmond"
2022,7,"Tom","Stewart","GEEL",9,"Geelong Cats","Fremantle"
2022,7,"Blake","Acres","FRE",9,"Geelong Cats","Fremantle"
2022,7,"Caleb","Serong","FRE",3,"Geelong Cats","Fremantle"
2022,7,"Griffin","Logue","FRE",3,"Geelong Cats","Fremantle"
2022,7,"Rory","Lobb","FRE",2,"Geelong Cats","Fremantle"
2022,7,"Cameron","Guthrie","GEEL",2,"Geelong Cats","Fremantle"
2022,7,"David","Mundy","FRE",1,"Geelong Cats","Fremantle"
2022,7,"Jordan","Clark","FRE",1,"Geelong Cats","Fremantle"
2022,7,"Josh","Kelly","GWS",9,"Adelaide Crows","GWS Giants"
2022,7,"Isaac","Cumming","GWS",7,"Adelaide Crows","GWS Giants"
2022,7,"Toby","Greene","GWS",6,"Adelaide Crows","GWS Giants"
2022,7,"Jesse","Hogan","GWS",4,"Adelaide Crows","GWS Giants"
2022,7,"Sam","Taylor","GWS",3,"Adelaide Crows","GWS Giants"
2022,7,"Stephen","Coniglio","GWS",1,"Adelaide Crows","GWS Giants"
2022,7,"Max","Gawn","MELB",10,"Melbourne","Hawthorn"
2022,7,"Clayton","Oliver","MELB",7,"Melbourne","Hawthorn"
2022,7,"Dylan","Moore","HAW",6,"Melbourne","Hawthorn"
2022,7,"James","Sicily","HAW",5,"Melbourne","Hawthorn"
2022,7,"Christian","Petracca","MELB",2,"Melbourne","Hawthorn"
2022,7,"Ryan","Burton","PORT",9,"St Kilda","Port Adelaide"
2022,7,"Sebastian","Ross","STK",6,"St Kilda","Port Adelaide"
2022,7,"Jack","Steele","STK",6,"St Kilda","Port Adelaide"
2022,7,"Aliir","Aliir","PORT",3,"St Kilda","Port Adelaide"
2022,7,"Robbie","Gray","PORT",3,"St Kilda","Port Adelaide"
2022,7,"Dan","Houston","PORT",3,"St Kilda","Port Adelaide"
2022,7,"Patrick","Cripps","CARL",10,"Carlton","North Melbourne"
2022,7,"Sam","Docherty","CARL",4,"Carlton","North Melbourne"
2022,7,"Adam","Saad","CARL",4,"Carlton","North Melbourne"
2022,7,"Sam","Walsh","CARL",3,"Carlton","North Melbourne"
2022,7,"Charlie","Curnow","CARL",3,"Carlton","North Melbourne"
2022,7,"Harry","McKay","CARL",3,"Carlton","North Melbourne"
2022,7,"Lewis","Young","CARL",2,"Carlton","North Melbourne"
2022,7,"Todd","Goldstein","NMFC",1,"Carlton","North Melbourne"
2022,7,"Jack","Crisp","COLL",8,"Collingwood","Gold Coast Suns"
2022,7,"Touk","Miller","GCFC",8,"Collingwood","Gold Coast Suns"
2022,7,"Patrick","Lipinski","COLL",8,"Collingwood","Gold Coast Suns"
2022,7,"Brody","Mihocek","COLL",4,"Collingwood","Gold Coast Suns"
2022,7,"Levi","Casboult","GCFC",2,"Collingwood","Gold Coast Suns"
2022,7,"Josh","Dunkley","WB",10,"Western Bulldogs","Essendon"
2022,7,"Bailey","Dale","WB",7,"Western Bulldogs","Essendon"
2022,7,"Ed","Richards","WB",4,"Western Bulldogs","Essendon"
2022,7,"Caleb","Daniel","WB",4,"Western Bulldogs","Essendon"
2022,7,"Marcus","Bontempelli","WB",3,"Western Bulldogs","Essendon"
2022,7,"Nic","Martin","ESS",1,"Western Bulldogs","Essendon"
2022,7,"Peter","Wright","ESS",1,"Western Bulldogs","Essendon"
2022,7,"Lachie","Neale","BL",10,"Sydney Swans","Brisbane Lions"
2022,7,"Lance","Franklin","SYD",7,"Sydney Swans","Brisbane Lions"
2022,7,"Dayne","Zorko","BL",7,"Sydney Swans","Brisbane Lions"
2022,7,"Luke","Parker","SYD",2,"Sydney Swans","Brisbane Lions"
2022,7,"Daniel","McStay","BL",2,"Sydney Swans","Brisbane Lions"
2022,7,"Hugh","McCluggage","BL",1,"Sydney Swans","Brisbane Lions"
2022,7,"Harris","Andrews","BL",1,"Sydney Swans","Brisbane Lions"
2022,8,"Aaron","Naughton","WB",8,"Port Adelaide","Western Bulldogs"
2022,8,"Travis","Boak","PORT",8,"Port Adelaide","Western Bulldogs"
2022,8,"Todd","Marshall","PORT",8,"Port Adelaide","Western Bulldogs"
2022,8,"Jack","Macrae","WB",2,"Port Adelaide","Western Bulldogs"
2022,8,"Connor","Rozee","PORT",2,"Port Adelaide","Western Bulldogs"
2022,8,"Jeremy","Finlayson","PORT",2,"Port Adelaide","Western Bulldogs"
2022,8,"Andrew","Brayshaw","FRE",10,"Fremantle","North Melbourne"
2022,8,"Will","Brodie","FRE",7,"Fremantle","North Melbourne"
2022,8,"Heath","Chapman","FRE",4,"Fremantle","North Melbourne"
2022,8,"Sean","Darcy","FRE",4,"Fremantle","North Melbourne"
2022,8,"Caleb","Serong","FRE",3,"Fremantle","North Melbourne"
2022,8,"Bailey","Banfield","FRE",1,"Fremantle","North Melbourne"
2022,8,"Jordan","Clark","FRE",1,"Fremantle","North Melbourne"
2022,8,"Tom","J Lynch","RICH",10,"Richmond","Collingwood"
2022,8,"Jack","Crisp","COLL",6,"Richmond","Collingwood"
2022,8,"Jayden","Short","RICH",6,"Richmond","Collingwood"
2022,8,"Trent","Cotchin","RICH",4,"Richmond","Collingwood"
2022,8,"Patrick","Lipinski","COLL",2,"Richmond","Collingwood"
2022,8,"Noah","Balta","RICH",2,"Richmond","Collingwood"
2022,8,"Jarrod","Witts","GCFC",10,"Sydney Swans","Gold Coast Suns"
2022,8,"Wil","Powell","GCFC",4,"Sydney Swans","Gold Coast Suns"
2022,8,"David","Swallow","GCFC",4,"Sydney Swans","Gold Coast Suns"
2022,8,"Matt","Rowell","GCFC",4,"Sydney Swans","Gold Coast Suns"
2022,8,"Brayden","Fiorini","GCFC",3,"Sydney Swans","Gold Coast Suns"
2022,8,"Sam","Collins","GCFC",3,"Sydney Swans","Gold Coast Suns"
2022,8,"Brandon","Ellis","GCFC",1,"Sydney Swans","Gold Coast Suns"
2022,8,"Izak","Rankine","GCFC",1,"Sydney Swans","Gold Coast Suns"
2022,8,"Mark","Blicavs","GEEL",10,"GWS Giants","Geelong Cats"
2022,8,"Jeremy","Cameron","GEEL",7,"GWS Giants","Geelong Cats"
2022,8,"Mitch","Duncan","GEEL",7,"GWS Giants","Geelong Cats"
2022,8,"Tyson","Stengle","GEEL",3,"GWS Giants","Geelong Cats"
2022,8,"Cameron","Guthrie","GEEL",2,"GWS Giants","Geelong Cats"
2022,8,"Sam","Taylor","GWS",1,"GWS Giants","Geelong Cats"
2022,8,"Peter","Wright","ESS",10,"Essendon","Hawthorn"
2022,8,"Darcy","Parish","ESS",7,"Essendon","Hawthorn"
2022,8,"Dyson","Heppell","ESS",4,"Essendon","Hawthorn"
2022,8,"Zach","Merrett","ESS",3,"Essendon","Hawthorn"
2022,8,"Nic","Martin","ESS",2,"Essendon","Hawthorn"
2022,8,"Mason","Redman","ESS",2,"Essendon","Hawthorn"
2022,8,"Jai","Newcombe","HAW",1,"Essendon","Hawthorn"
2022,8,"Jaeger","O'Meara","HAW",1,"Essendon","Hawthorn"
2022,8,"Hugh","McCluggage","BL",10,"Brisbane Lions","West Coast Eagles"
2022,8,"Charlie","Cameron","BL",7,"Brisbane Lions","West Coast Eagles"
2022,8,"Lachie","Neale","BL",7,"Brisbane Lions","West Coast Eagles"
2022,8,"Daniel","Rich","BL",3,"Brisbane Lions","West Coast Eagles"
2022,8,"Harris","Andrews","BL",2,"Brisbane Lions","West Coast Eagles"
2022,8,"Noah","Answerth","BL",1,"Brisbane Lions","West Coast Eagles"
2022,8,"Clayton","Oliver","MELB",9,"Melbourne","St Kilda"
2022,8,"Angus","Brayshaw","MELB",8,"Melbourne","St Kilda"
2022,8,"Christian","Petracca","MELB",5,"Melbourne","St Kilda"
2022,8,"Ed","Langdon","MELB",5,"Melbourne","St Kilda"
2022,8,"Steven","May","MELB",3,"Melbourne","St Kilda"
2022,8,"Charlie","Curnow","CARL",10,"Carlton","Adelaide Crows"
2022,8,"Patrick","Cripps","CARL",8,"Carlton","Adelaide Crows"
2022,8,"Adam","Cerra","CARL",3,"Carlton","Adelaide Crows"
2022,8,"Sam","Docherty","CARL",3,"Carlton","Adelaide Crows"
2022,8,"Zac","Fisher","CARL",3,"Carlton","Adelaide Crows"
2022,8,"Matthew","Kennedy","CARL",2,"Carlton","Adelaide Crows"
2022,8,"Tom","De Koning","CARL",1,"Carlton","Adelaide Crows"
2022,9,"Adam","Treloar","WB",9,"Collingwood","Western Bulldogs"
2022,9,"Bailey","Smith","WB",8,"Collingwood","Western Bulldogs"
2022,9,"Josh","Dunkley","WB",5,"Collingwood","Western Bulldogs"
2022,9,"Jack","Macrae","WB",4,"Collingwood","Western Bulldogs"
2022,9,"Bailey","Dale","WB",3,"Collingwood","Western Bulldogs"
2022,9,"Aaron","Naughton","WB",1,"Collingwood","Western Bulldogs"
2022,9,"Toby","Nankervis","RICH",10,"Hawthorn","Richmond"
2022,9,"Tom","J Lynch","RICH",6,"Hawthorn","Richmond"
2022,9,"Liam","Baker","RICH",4,"Hawthorn","Richmond"
2022,9,"James","Sicily","HAW",3,"Hawthorn","Richmond"
2022,9,"Dustin","Martin","RICH",3,"Hawthorn","Richmond"
2022,9,"Dion","Prestia","RICH",2,"Hawthorn","Richmond"
2022,9,"Shai","Bolton","RICH",2,"Hawthorn","Richmond"
2022,9,"Ollie","Wines","PORT",10,"North Melbourne","Port Adelaide"
2022,9,"Connor","Rozee","PORT",8,"North Melbourne","Port Adelaide"
2022,9,"Sam","Powell-Pepper","PORT",4,"North Melbourne","Port Adelaide"
2022,9,"Karl","Amon","PORT",4,"North Melbourne","Port Adelaide"
2022,9,"Zak","Butters","PORT",3,"North Melbourne","Port Adelaide"
2022,9,"Darcy","Byrne-Jones","PORT",1,"North Melbourne","Port Adelaide"
2022,9,"Paddy","Ryder","STK",10,"St Kilda","Geelong Cats"
2022,9,"Zach","Tuohy","GEEL",5,"St Kilda","Geelong Cats"
2022,9,"Brad","Crouch","STK",5,"St Kilda","Geelong Cats"
2022,9,"Jade","Gresham","STK",4,"St Kilda","Geelong Cats"
2022,9,"Jack","Sinclair","STK",3,"St Kilda","Geelong Cats"
2022,9,"Zak","Jones","STK",2,"St Kilda","Geelong Cats"
2022,9,"Isaac","Smith","GEEL",1,"St Kilda","Geelong Cats"
2022,9,"Callum","Mills","SYD",10,"Sydney Swans","Essendon"
2022,9,"Chad","Warner","SYD",8,"Sydney Swans","Essendon"
2022,9,"Tom","Papley","SYD",5,"Sydney Swans","Essendon"
2022,9,"Errol","Gulden","SYD",4,"Sydney Swans","Essendon"
2022,9,"Luke","Parker","SYD",2,"Sydney Swans","Essendon"
2022,9,"Tom","McCartin","SYD",1,"Sydney Swans","Essendon"
2022,9,"Lachie","Neale","BL",10,"Adelaide Crows","Brisbane Lions"
2022,9,"Dayne","Zorko","BL",7,"Adelaide Crows","Brisbane Lions"
2022,9,"Charlie","Cameron","BL",7,"Adelaide Crows","Brisbane Lions"
2022,9,"Jordan","Dawson","ADEL",2,"Adelaide Crows","Brisbane Lions"
2022,9,"Oscar","McInerney","BL",2,"Adelaide Crows","Brisbane Lions"
2022,9,"Zac","Bailey","BL",1,"Adelaide Crows","Brisbane Lions"
2022,9,"Rory","Laird","ADEL",1,"Adelaide Crows","Brisbane Lions"
2022,9,"Touk","Miller","GCFC",9,"Gold Coast Suns","Fremantle"
2022,9,"Mabior","Chol","GCFC",8,"Gold Coast Suns","Fremantle"
2022,9,"Jarrod","Witts","GCFC",4,"Gold Coast Suns","Fremantle"
2022,9,"Griffin","Logue","FRE",3,"Gold Coast Suns","Fremantle"
2022,9,"Izak","Rankine","GCFC",2,"Gold Coast Suns","Fremantle"
2022,9,"Sam","Collins","GCFC",2,"Gold Coast Suns","Fremantle"
2022,9,"Matt","Rowell","GCFC",1,"Gold Coast Suns","Fremantle"
2022,9,"Will","Brodie","FRE",1,"Gold Coast Suns","Fremantle"
2022,9,"Sam","Walsh","CARL",10,"GWS Giants","Carlton"
2022,9,"Sam","Docherty","CARL",8,"GWS Giants","Carlton"
2022,9,"Matthew","Kennedy","CARL",3,"GWS Giants","Carlton"
2022,9,"George","Hewett","CARL",3,"GWS Giants","Carlton"
2022,9,"Jacob","Weitering","CARL",3,"GWS Giants","Carlton"
2022,9,"Sam","Taylor","GWS",2,"GWS Giants","Carlton"
2022,9,"Braydon","Preuss","GWS",1,"GWS Giants","Carlton"
2022,9,"Christian","Petracca","MELB",9,"West Coast Eagles","Melbourne"
2022,9,"Kysaiah","Pickett","MELB",6,"West Coast Eagles","Melbourne"
2022,9,"Jack","Viney","MELB",5,"West Coast Eagles","Melbourne"
2022,9,"Clayton","Oliver","MELB",4,"West Coast Eagles","Melbourne"
2022,9,"Angus","Brayshaw","MELB",2,"West Coast Eagles","Melbourne"
2022,9,"Max","Gawn","MELB",2,"West Coast Eagles","Melbourne"
2022,9,"Tom","McDonald","MELB",1,"West Coast Eagles","Melbourne"
2022,9,"Tim","Kelly","WCE",1,"West Coast Eagles","Melbourne"
2022,10,"Charlie","Curnow","CARL",9,"Carlton","Sydney Swans"
2022,10,"Jacob","Weitering","CARL",8,"Carlton","Sydney Swans"
2022,10,"Sam","Walsh","CARL",7,"Carlton","Sydney Swans"
2022,10,"George","Hewett","CARL",4,"Carlton","Sydney Swans"
2022,10,"Luke","Parker","SYD",1,"Carlton","Sydney Swans"
2022,10,"Sam","Docherty","CARL",1,"Carlton","Sydney Swans"
2022,10,"Dan","Houston","PORT",7,"Geelong Cats","Port Adelaide"
2022,10,"Jeremy","Cameron","GEEL",7,"Geelong Cats","Port Adelaide"
2022,10,"Cameron","Guthrie","GEEL",6,"Geelong Cats","Port Adelaide"
2022,10,"Tom","Stewart","GEEL",5,"Geelong Cats","Port Adelaide"
2022,10,"Sam","De Koning","GEEL",2,"Geelong Cats","Port Adelaide"
2022,10,"Tom","Atkins","GEEL",2,"Geelong Cats","Port Adelaide"
2022,10,"Tyson","Stengle","GEEL",1,"Geelong Cats","Port Adelaide"
2022,10,"Bailey","Smith","WB",8,"Western Bulldogs","Gold Coast Suns"
2022,10,"Ed","Richards","WB",6,"Western Bulldogs","Gold Coast Suns"
2022,10,"Marcus","Bontempelli","WB",5,"Western Bulldogs","Gold Coast Suns"
2022,10,"Jack","Macrae","WB",3,"Western Bulldogs","Gold Coast Suns"
2022,10,"Joel","Sudar-Jeffrey","GCFC",3,"Western Bulldogs","Gold Coast Suns"
2022,10,"David","Swallow","GCFC",2,"Western Bulldogs","Gold Coast Suns"
2022,10,"Bailey","Williams","WB",2,"Western Bulldogs","Gold Coast Suns"
2022,10,"Aaron","Naughton","WB",1,"Western Bulldogs","Gold Coast Suns"
2022,10,"Clayton","Oliver","MELB",10,"North Melbourne","Melbourne"
2022,10,"Christian","Petracca","MELB",6,"North Melbourne","Melbourne"
2022,10,"Tom","Sparrow","MELB",6,"North Melbourne","Melbourne"
2022,10,"Tom","McDonald","MELB",4,"North Melbourne","Melbourne"
2022,10,"Luke","Davies-Uniacke","NMFC",2,"North Melbourne","Melbourne"
2022,10,"Aidan","Corr","NMFC",1,"North Melbourne","Melbourne"
2022,10,"Charlie","Spargo","MELB",1,"North Melbourne","Melbourne"
2022,10,"Max","King","STK",10,"Adelaide Crows","St Kilda"
2022,10,"Callum","Wilkie","STK",7,"Adelaide Crows","St Kilda"
2022,10,"Bradley","Hill","STK",6,"Adelaide Crows","St Kilda"
2022,10,"Brodie","Smith","ADEL",3,"Adelaide Crows","St Kilda"
2022,10,"Jordan","Dawson","ADEL",3,"Adelaide Crows","St Kilda"
2022,10,"Jake","Soligo","ADEL",1,"Adelaide Crows","St Kilda"
2022,10,"Liam","Baker","RICH",9,"Richmond","Essendon"
2022,10,"Dion","Prestia","RICH",8,"Richmond","Essendon"
2022,10,"Toby","Nankervis","RICH",7,"Richmond","Essendon"
2022,10,"Jack","Riewoldt","RICH",2,"Richmond","Essendon"
2022,10,"Mason","Redman","ESS",2,"Richmond","Essendon"
2022,10,"Jayden","Short","RICH",2,"Richmond","Essendon"
2022,10,"Stephen","Coniglio","GWS",9,"GWS Giants","West Coast Eagles"
2022,10,"Josh","Kelly","GWS",6,"GWS Giants","West Coast Eagles"
2022,10,"James","Peatling","GWS",6,"GWS Giants","West Coast Eagles"
2022,10,"Harry","Perryman","GWS",5,"GWS Giants","West Coast Eagles"
2022,10,"Jesse","Hogan","GWS",3,"GWS Giants","West Coast Eagles"
2022,10,"Matt","Flynn","GWS",1,"GWS Giants","West Coast Eagles"
2022,10,"Jai","Newcombe","HAW",10,"Hawthorn","Brisbane Lions"
2022,10,"James","Sicily","HAW",8,"Hawthorn","Brisbane Lions"
2022,10,"Jarryd","Lyons","BL",6,"Hawthorn","Brisbane Lions"
2022,10,"Tom","Mitchell","HAW",4,"Hawthorn","Brisbane Lions"
2022,10,"Daniel","Rich","BL",2,"Hawthorn","Brisbane Lions"
2022,10,"Jack","Crisp","COLL",8,"Fremantle","Collingwood"
2022,10,"Oliver","Henry","COLL",5,"Fremantle","Collingwood"
2022,10,"Darcy","Moore","COLL",5,"Fremantle","Collingwood"
2022,10,"Will","Brodie","FRE",4,"Fremantle","Collingwood"
2022,10,"Sean","Darcy","FRE",3,"Fremantle","Collingwood"
2022,10,"Darcy","Cameron","COLL",3,"Fremantle","Collingwood"
2022,10,"Will","Hoskin-Elliott","COLL",1,"Fremantle","Collingwood"
2022,10,"John","Noble","COLL",1,"Fremantle","Collingwood"
2022,11,"Lance","Franklin","SYD",9,"Sydney Swans","Richmond"
2022,11,"Chad","Warner","SYD",6,"Sydney Swans","Richmond"
2022,11,"Peter","Ladhams","SYD",4,"Sydney Swans","Richmond"
2022,11,"Callum","Mills","SYD",3,"Sydney Swans","Richmond"
2022,11,"Toby","Nankervis","RICH",3,"Sydney Swans","Richmond"
2022,11,"Trent","Cotchin","RICH",2,"Sydney Swans","Richmond"
2022,11,"Luke","Parker","SYD",2,"Sydney Swans","Richmond"
2022,11,"Dylan","Grimes","RICH",1,"Sydney Swans","Richmond"
2022,11,"Lachie","Neale","BL",9,"Brisbane Lions","GWS Giants"
2022,11,"Jarrod","Berry","BL",7,"Brisbane Lions","GWS Giants"
2022,11,"Lincoln","McCarthy","BL",5,"Brisbane Lions","GWS Giants"
2022,11,"Toby","Greene","GWS",5,"Brisbane Lions","GWS Giants"
2022,11,"Josh","Kelly","GWS",4,"Brisbane Lions","GWS Giants"
2022,11,"Tom","Stewart","GEEL",10,"Geelong Cats","Adelaide Crows"
2022,11,"Jeremy","Cameron","GEEL",8,"Geelong Cats","Adelaide Crows"
2022,11,"Reilly","O'Brien","ADEL",4,"Geelong Cats","Adelaide Crows"
2022,11,"Tom","Atkins","GEEL",3,"Geelong Cats","Adelaide Crows"
2022,11,"Sam","De Koning","GEEL",2,"Geelong Cats","Adelaide Crows"
2022,11,"Cameron","Guthrie","GEEL",2,"Geelong Cats","Adelaide Crows"
2022,11,"Gryan","Miers","GEEL",1,"Geelong Cats","Adelaide Crows"
2022,11,"Rory","Lobb","FRE",8,"Melbourne","Fremantle"
2022,11,"Michael","Frederick","FRE",8,"Melbourne","Fremantle"
2022,11,"Sean","Darcy","FRE",5,"Melbourne","Fremantle"
2022,11,"Brennan","Cox","FRE",3,"Melbourne","Fremantle"
2022,11,"Clayton","Oliver","MELB",2,"Melbourne","Fremantle"
2022,11,"James","Aish","FRE",2,"Melbourne","Fremantle"
2022,11,"Andrew","Brayshaw","FRE",1,"Melbourne","Fremantle"
2022,11,"Lachie","Schultz","FRE",1,"Melbourne","Fremantle"
2022,11,"Tim","English","WB",10,"West Coast Eagles","Western Bulldogs"
2022,11,"Adam","Treloar","WB",6,"West Coast Eagles","Western Bulldogs"
2022,11,"Tim","Kelly","WCE",5,"West Coast Eagles","Western Bulldogs"
2022,11,"Josh","Dunkley","WB",4,"West Coast Eagles","Western Bulldogs"
2022,11,"Bailey","Dale","WB",3,"West Coast Eagles","Western Bulldogs"
2022,11,"Jack","Macrae","WB",1,"West Coast Eagles","Western Bulldogs"
2022,11,"Bailey","Williams","WB",1,"West Coast Eagles","Western Bulldogs"
2022,11,"Brandon","Ellis","GCFC",10,"Gold Coast Suns","Hawthorn"
2022,11,"Jarrod","Witts","GCFC",7,"Gold Coast Suns","Hawthorn"
2022,11,"Lachie","Weller","GCFC",7,"Gold Coast Suns","Hawthorn"
2022,11,"Touk","Miller","GCFC",2,"Gold Coast Suns","Hawthorn"
2022,11,"Charlie","Ballard","GCFC",2,"Gold Coast Suns","Hawthorn"
2022,11,"Izak","Rankine","GCFC",1,"Gold Coast Suns","Hawthorn"
2022,11,"James","Sicily","HAW",1,"Gold Coast Suns","Hawthorn"
2022,11,"Bradley","Hill","STK",10,"St Kilda","North Melbourne"
2022,11,"Jack","Sinclair","STK",8,"St Kilda","North Melbourne"
2022,11,"Jade","Gresham","STK",6,"St Kilda","North Melbourne"
2022,11,"Callum","Wilkie","STK",2,"St Kilda","North Melbourne"
2022,11,"Dougal","Howard","STK",2,"St Kilda","North Melbourne"
2022,11,"Sebastian","Ross","STK",1,"St Kilda","North Melbourne"
2022,11,"Todd","Goldstein","NMFC",1,"St Kilda","North Melbourne"
2022,11,"Jordan","De Goey","COLL",9,"Collingwood","Carlton"
2022,11,"Sam","Walsh","CARL",5,"Collingwood","Carlton"
2022,11,"John","Noble","COLL",5,"Collingwood","Carlton"
2022,11,"Nathan","Murphy","COLL",4,"Collingwood","Carlton"
2022,11,"Jeremy","Howe","COLL",3,"Collingwood","Carlton"
2022,11,"Adam","Cerra","CARL",2,"Collingwood","Carlton"
2022,11,"Steele","Sidebottom","COLL",2,"Collingwood","Carlton"
2022,11,"Darcy","Parish","ESS",10,"Port Adelaide","Essendon"
2022,11,"Connor","Rozee","PORT",8,"Port Adelaide","Essendon"
2022,11,"Ollie","Wines","PORT",5,"Port Adelaide","Essendon"
2022,11,"Nic","Martin","ESS",5,"Port Adelaide","Essendon"
2022,11,"Dan","Houston","PORT",1,"Port Adelaide","Essendon"
2022,11,"Karl","Amon","PORT",1,"Port Adelaide","Essendon"
2022,12,"Jeremy","Cameron","GEEL",10,"Western Bulldogs","Geelong Cats"
2022,12,"Tom","Liberatore","WB",6,"Western Bulldogs","Geelong Cats"
2022,12,"Tom","Atkins","GEEL",4,"Western Bulldogs","Geelong Cats"
2022,12,"Bailey","Smith","WB",3,"Western Bulldogs","Geelong Cats"
2022,12,"Mitch","Duncan","GEEL",3,"Western Bulldogs","Geelong Cats"
2022,12,"Jack","Macrae","WB",2,"Western Bulldogs","Geelong Cats"
2022,12,"Sam","De Koning","GEEL",1,"Western Bulldogs","Geelong Cats"
2022,12,"Cameron","Guthrie","GEEL",1,"Western Bulldogs","Geelong Cats"
2022,12,"Taylor","Walker","ADEL",10,"Adelaide Crows","West Coast Eagles"
2022,12,"Rory","Laird","ADEL",8,"Adelaide Crows","West Coast Eagles"
2022,12,"Luke","Shuey","WCE",3,"Adelaide Crows","West Coast Eagles"
2022,12,"Darcy","Fogarty","ADEL",3,"Adelaide Crows","West Coast Eagles"
2022,12,"Ben","Keays","ADEL",2,"Adelaide Crows","West Coast Eagles"
2022,12,"Shane","McAdam","ADEL",2,"Adelaide Crows","West Coast Eagles"
2022,12,"Jack","Darling","WCE",1,"Adelaide Crows","West Coast Eagles"
2022,12,"Andrew","Gaff","WCE",1,"Adelaide Crows","West Coast Eagles"
2022,12,"Touk","Miller","GCFC",10,"Gold Coast Suns","North Melbourne"
2022,12,"Matt","Rowell","GCFC",7,"Gold Coast Suns","North Melbourne"
2022,12,"Connor","Budarick","GCFC",6,"Gold Coast Suns","North Melbourne"
2022,12,"Izak","Rankine","GCFC",5,"Gold Coast Suns","North Melbourne"
2022,12,"David","Swallow","GCFC",2,"Gold Coast Suns","North Melbourne"
2022,12,"Max","Gawn","MELB",10,"Melbourne","Sydney Swans"
2022,12,"Sam","Reid","SYD",6,"Melbourne","Sydney Swans"
2022,12,"Paddy","McCartin","SYD",4,"Melbourne","Sydney Swans"
2022,12,"Logan","McDonald","SYD",4,"Melbourne","Sydney Swans"
2022,12,"Callum","Mills","SYD",4,"Melbourne","Sydney Swans"
2022,12,"Jack","Viney","MELB",2,"Melbourne","Sydney Swans"
2022,12,"Darcy","Cameron","COLL",9,"Hawthorn","Collingwood"
2022,12,"Nick","Daicos","COLL",8,"Hawthorn","Collingwood"
2022,12,"Mitch","Lewis","HAW",6,"Hawthorn","Collingwood"
2022,12,"Jai","Newcombe","HAW",5,"Hawthorn","Collingwood"
2022,12,"Patrick","Lipinski","COLL",2,"Hawthorn","Collingwood"
2022,12,"Andrew","Brayshaw","FRE",10,"Fremantle","Brisbane Lions"
2022,12,"Caleb","Serong","FRE",8,"Fremantle","Brisbane Lions"
2022,12,"Zac","Bailey","BL",5,"Fremantle","Brisbane Lions"
2022,12,"Will","Brodie","FRE",3,"Fremantle","Brisbane Lions"
2022,12,"Michael","Frederick","FRE",2,"Fremantle","Brisbane Lions"
2022,12,"Bailey","Banfield","FRE",1,"Fremantle","Brisbane Lions"
2022,12,"Daniel","Rich","BL",1,"Fremantle","Brisbane Lions"
2022,13,"Liam","Baker","RICH",9,"Richmond","Port Adelaide"
2022,13,"Nick","Vlastuin","RICH",7,"Richmond","Port Adelaide"
2022,13,"Travis","Boak","PORT",4,"Richmond","Port Adelaide"
2022,13,"Dylan","Grimes","RICH",3,"Richmond","Port Adelaide"
2022,13,"Dion","Prestia","RICH",3,"Richmond","Port Adelaide"
2022,13,"Dan","Houston","PORT",2,"Richmond","Port Adelaide"
2022,13,"Todd","Marshall","PORT",1,"Richmond","Port Adelaide"
2022,13,"Karl","Amon","PORT",1,"Richmond","Port Adelaide"
2022,13,"Sam","Docherty","CARL",10,"Essendon","Carlton"
2022,13,"Patrick","Cripps","CARL",6,"Essendon","Carlton"
2022,13,"Harry","McKay","CARL",5,"Essendon","Carlton"
2022,13,"Lewis","Young","CARL",5,"Essendon","Carlton"
2022,13,"Nicholas","Newman","CARL",2,"Essendon","Carlton"
2022,13,"Dylan","Shiel","ESS",2,"Essendon","Carlton"
2022,13,"Caleb","Serong","FRE",9,"Fremantle","Hawthorn"
2022,13,"Andrew","Brayshaw","FRE",6,"Fremantle","Hawthorn"
2022,13,"Jaeger","O'Meara","HAW",6,"Fremantle","Hawthorn"
2022,13,"James","Sicily","HAW",5,"Fremantle","Hawthorn"
2022,13,"Blake","Acres","FRE",3,"Fremantle","Hawthorn"
2022,13,"Michael","Walters","FRE",1,"Fremantle","Hawthorn"
2022,13,"Hugh","McCluggage","BL",10,"Brisbane Lions","St Kilda"
2022,13,"Lachie","Neale","BL",7,"Brisbane Lions","St Kilda"
2022,13,"Keidean","Coleman","BL",6,"Brisbane Lions","St Kilda"
2022,13,"Jarrod","Berry","BL",3,"Brisbane Lions","St Kilda"
2022,13,"Jimmy","Webster","STK",2,"Brisbane Lions","St Kilda"
2022,13,"Oscar","McInerney","BL",1,"Brisbane Lions","St Kilda"
2022,13,"Jack","Sinclair","STK",1,"Brisbane Lions","St Kilda"
2022,13,"Stephen","Coniglio","GWS",9,"North Melbourne","GWS Giants"
2022,13,"Harry","Himmelberg","GWS",9,"North Melbourne","GWS Giants"
2022,13,"Tanner","Bruhn","GWS",3,"North Melbourne","GWS Giants"
2022,13,"Isaac","Cumming","GWS",3,"North Melbourne","GWS Giants"
2022,13,"Tom","Green","GWS",2,"North Melbourne","GWS Giants"
2022,13,"Sam","Taylor","GWS",2,"North Melbourne","GWS Giants"
2022,13,"Luke","Davies-Uniacke","NMFC",1,"North Melbourne","GWS Giants"
2022,13,"Callan","Ward","GWS",1,"North Melbourne","GWS Giants"
2022,13,"Mason","Cox","COLL",10,"Collingwood","Melbourne"
2022,13,"Clayton","Oliver","MELB",8,"Collingwood","Melbourne"
2022,13,"Brody","Mihocek","COLL",4,"Collingwood","Melbourne"
2022,13,"Jack","Crisp","COLL",3,"Collingwood","Melbourne"
2022,13,"Angus","Brayshaw","MELB",3,"Collingwood","Melbourne"
2022,13,"Darcy","Moore","COLL",2,"Collingwood","Melbourne"
2022,14,"Dion","Prestia","RICH",10,"Richmond","Carlton"
2022,14,"Adam","Saad","CARL",6,"Richmond","Carlton"
2022,14,"Jayden","Short","RICH",4,"Richmond","Carlton"
2022,14,"Liam","Baker","RICH",3,"Richmond","Carlton"
2022,14,"Jack","Graham","RICH",3,"Richmond","Carlton"
2022,14,"Dylan","Grimes","RICH",2,"Richmond","Carlton"
2022,14,"Sam","Docherty","CARL",1,"Richmond","Carlton"
2022,14,"Nick","Vlastuin","RICH",1,"Richmond","Carlton"
2022,14,"Mason","Redman","ESS",10,"St Kilda","Essendon"
2022,14,"Peter","Wright","ESS",7,"St Kilda","Essendon"
2022,14,"Nick","Hind","ESS",6,"St Kilda","Essendon"
2022,14,"Archie","Perkins","ESS",3,"St Kilda","Essendon"
2022,14,"Jayden","Laverde","ESS",2,"St Kilda","Essendon"
2022,14,"Sam","Draper","ESS",1,"St Kilda","Essendon"
2022,14,"Dylan","Shiel","ESS",1,"St Kilda","Essendon"
2022,14,"Connor","Rozee","PORT",9,"Port Adelaide","Sydney Swans"
2022,14,"Todd","Marshall","PORT",7,"Port Adelaide","Sydney Swans"
2022,14,"Ollie","Wines","PORT",6,"Port Adelaide","Sydney Swans"
2022,14,"Isaac","Heeney","SYD",5,"Port Adelaide","Sydney Swans"
2022,14,"Darcy","Byrne-Jones","PORT",2,"Port Adelaide","Sydney Swans"
2022,14,"Riley","Bonner","PORT",1,"Port Adelaide","Sydney Swans"
2022,14,"Mark","Blicavs","GEEL",9,"West Coast Eagles","Geelong Cats"
2022,14,"Cameron","Guthrie","GEEL",6,"West Coast Eagles","Geelong Cats"
2022,14,"Tyson","Stengle","GEEL",6,"West Coast Eagles","Geelong Cats"
2022,14,"Tom","Barrass","WCE",4,"West Coast Eagles","Geelong Cats"
2022,14,"Elliot","Yeo","WCE",3,"West Coast Eagles","Geelong Cats"
2022,14,"Joel","Selwood","GEEL",2,"West Coast Eagles","Geelong Cats"
2022,14,"Toby","Greene","GWS",10,"GWS Giants","Western Bulldogs"
2022,14,"Jack","Macrae","WB",7,"GWS Giants","Western Bulldogs"
2022,14,"Aaron","Naughton","WB",6,"GWS Giants","Western Bulldogs"
2022,14,"Cody","Weightman","WB",5,"GWS Giants","Western Bulldogs"
2022,14,"Tim","English","WB",1,"GWS Giants","Western Bulldogs"
2022,14,"Tom","Liberatore","WB",1,"GWS Giants","Western Bulldogs"
2022,14,"Noah","Anderson","GCFC",8,"Gold Coast Suns","Adelaide Crows"
2022,14,"Izak","Rankine","GCFC",8,"Gold Coast Suns","Adelaide Crows"
2022,14,"Ben","Ainsworth","GCFC",7,"Gold Coast Suns","Adelaide Crows"
2022,14,"Matt","Rowell","GCFC",3,"Gold Coast Suns","Adelaide Crows"
2022,14,"Mabior","Chol","GCFC",2,"Gold Coast Suns","Adelaide Crows"
2022,14,"Sam","Berry","ADEL",1,"Gold Coast Suns","Adelaide Crows"
2022,14,"Jordan","Dawson","ADEL",1,"Gold Coast Suns","Adelaide Crows"
2022,15,"Jack","Viney","MELB",10,"Melbourne","Brisbane Lions"
2022,15,"Jake","Lever","MELB",8,"Melbourne","Brisbane Lions"
2022,15,"Christian","Petracca","MELB",5,"Melbourne","Brisbane Lions"
2022,15,"Clayton","Oliver","MELB",5,"Melbourne","Brisbane Lions"
2022,15,"James","Jordon","MELB",1,"Melbourne","Brisbane Lions"
2022,15,"Luke","Jackson","MELB",1,"Melbourne","Brisbane Lions"
2022,15,"Tom","Liberatore","WB",10,"Western Bulldogs","Hawthorn"
2022,15,"Rhylee","West","WB",7,"Western Bulldogs","Hawthorn"
2022,15,"Jack","Scrimshaw","HAW",4,"Western Bulldogs","Hawthorn"
2022,15,"Marcus","Bontempelli","WB",4,"Western Bulldogs","Hawthorn"
2022,15,"Aaron","Naughton","WB",3,"Western Bulldogs","Hawthorn"
2022,15,"Mitch","Lewis","HAW",1,"Western Bulldogs","Hawthorn"
2022,15,"Josh","Dunkley","WB",1,"Western Bulldogs","Hawthorn"
2022,15,"Peter","Wright","ESS",8,"West Coast Eagles","Essendon"
2022,15,"Josh","J Kennedy","WCE",8,"West Coast Eagles","Essendon"
2022,15,"Jack","Darling","WCE",5,"West Coast Eagles","Essendon"
2022,15,"William","Rioli","WCE",3,"West Coast Eagles","Essendon"
2022,15,"Mason","Redman","ESS",2,"West Coast Eagles","Essendon"
2022,15,"Liam","Ryan","WCE",2,"West Coast Eagles","Essendon"
2022,15,"Elliot","Yeo","WCE",1,"West Coast Eagles","Essendon"
2022,15,"Dylan","Shiel","ESS",1,"West Coast Eagles","Essendon"
2022,15,"Sam","Walsh","CARL",10,"Carlton","Fremantle"
2022,15,"Zac","Fisher","CARL",5,"Carlton","Fremantle"
2022,15,"Tom","De Koning","CARL",4,"Carlton","Fremantle"
2022,15,"Sam","Docherty","CARL",4,"Carlton","Fremantle"
2022,15,"George","Hewett","CARL",3,"Carlton","Fremantle"
2022,15,"Matthew","Kennedy","CARL",2,"Carlton","Fremantle"
2022,15,"Adam","Saad","CARL",2,"Carlton","Fremantle"
2022,15,"Liam","Baker","RICH",9,"Geelong Cats","Richmond"
2022,15,"Tyson","Stengle","GEEL",6,"Geelong Cats","Richmond"
2022,15,"Mark","Blicavs","GEEL",5,"Geelong Cats","Richmond"
2022,15,"Tom","Stewart","GEEL",4,"Geelong Cats","Richmond"
2022,15,"Cameron","Guthrie","GEEL",2,"Geelong Cats","Richmond"
2022,15,"Tom","J Lynch","RICH",2,"Geelong Cats","Richmond"
2022,15,"Zach","Tuohy","GEEL",1,"Geelong Cats","Richmond"
2022,15,"Jeremy","Cameron","GEEL",1,"Geelong Cats","Richmond"
2022,15,"Jake","Lloyd","SYD",10,"Sydney Swans","St Kilda"
2022,15,"Oliver","Florent","SYD",7,"Sydney Swans","St Kilda"
2022,15,"Nick","Blakey","SYD",7,"Sydney Swans","St Kilda"
2022,15,"Tom","Papley","SYD",2,"Sydney Swans","St Kilda"
2022,15,"Paddy","McCartin","SYD",2,"Sydney Swans","St Kilda"
2022,15,"Tom","McCartin","SYD",1,"Sydney Swans","St Kilda"
2022,15,"Dylan","Stephens","SYD",1,"Sydney Swans","St Kilda"
2022,15,"Taylor","Walker","ADEL",10,"North Melbourne","Adelaide Crows"
2022,15,"Darcy","Fogarty","ADEL",8,"North Melbourne","Adelaide Crows"
2022,15,"Rory","Laird","ADEL",6,"North Melbourne","Adelaide Crows"
2022,15,"Jordan","Dawson","ADEL",3,"North Melbourne","Adelaide Crows"
2022,15,"Ben","Keays","ADEL",2,"North Melbourne","Adelaide Crows"
2022,15,"James","Rowe","ADEL",1,"North Melbourne","Adelaide Crows"
2022,15,"Darcy","Cameron","COLL",9,"Collingwood","GWS Giants"
2022,15,"Steele","Sidebottom","COLL",8,"Collingwood","GWS Giants"
2022,15,"Brayden","Maynard","COLL",6,"Collingwood","GWS Giants"
2022,15,"Stephen","Coniglio","GWS",4,"Collingwood","GWS Giants"
2022,15,"Taylor","Adams","COLL",2,"Collingwood","GWS Giants"
2022,15,"Jesse","Hogan","GWS",1,"Collingwood","GWS Giants"
2022,15,"Connor","Rozee","PORT",10,"Port Adelaide","Gold Coast Suns"
2022,15,"Touk","Miller","GCFC",8,"Port Adelaide","Gold Coast Suns"
2022,15,"Todd","Marshall","PORT",6,"Port Adelaide","Gold Coast Suns"
2022,15,"Dan","Houston","PORT",3,"Port Adelaide","Gold Coast Suns"
2022,15,"Jarrod","Witts","GCFC",2,"Port Adelaide","Gold Coast Suns"
2022,15,"Mitchell","Georgiades","PORT",1,"Port Adelaide","Gold Coast Suns"
2022,16,"Charlie","Cameron","BL",10,"Brisbane Lions","Western Bulldogs"
2022,16,"Keidean","Coleman","BL",8,"Brisbane Lions","Western Bulldogs"
2022,16,"Tom","Liberatore","WB",4,"Brisbane Lions","Western Bulldogs"
2022,16,"Lachie","Neale","BL",3,"Brisbane Lions","Western Bulldogs"
2022,16,"Hugh","McCluggage","BL",2,"Brisbane Lions","Western Bulldogs"
2022,16,"Harris","Andrews","BL",2,"Brisbane Lions","Western Bulldogs"
2022,16,"Jarrod","Berry","BL",1,"Brisbane Lions","Western Bulldogs"
2022,16,"Jack","Sinclair","STK",10,"Carlton","St Kilda"
2022,16,"Paddy","Ryder","STK",6,"Carlton","St Kilda"
2022,16,"Tim","Membrey","STK",5,"Carlton","St Kilda"
2022,16,"Jade","Gresham","STK",4,"Carlton","St Kilda"
2022,16,"Adam","Saad","CARL",4,"Carlton","St Kilda"
2022,16,"Patrick","Cripps","CARL",1,"Carlton","St Kilda"
2022,16,"Chad","Warner","SYD",8,"Essendon","Sydney Swans"
2022,16,"Nick","Hind","ESS",8,"Essendon","Sydney Swans"
2022,16,"Zach","Merrett","ESS",7,"Essendon","Sydney Swans"
2022,16,"Dyson","Heppell","ESS",3,"Essendon","Sydney Swans"
2022,16,"Mason","Redman","ESS",2,"Essendon","Sydney Swans"
2022,16,"Jake","Kelly","ESS",1,"Essendon","Sydney Swans"
2022,16,"Brandon","Zerk-Thatcher","ESS",1,"Essendon","Sydney Swans"
2022,16,"Christian","Petracca","MELB",10,"Adelaide Crows","Melbourne"
2022,16,"Clayton","Oliver","MELB",7,"Adelaide Crows","Melbourne"
2022,16,"Steven","May","MELB",7,"Adelaide Crows","Melbourne"
2022,16,"Jordan","Dawson","ADEL",2,"Adelaide Crows","Melbourne"
2022,16,"Jake","Lever","MELB",2,"Adelaide Crows","Melbourne"
2022,16,"Ed","Langdon","MELB",1,"Adelaide Crows","Melbourne"
2022,16,"Angus","Brayshaw","MELB",1,"Adelaide Crows","Melbourne"
2022,16,"Jeremy","Cameron","GEEL",10,"Geelong Cats","North Melbourne"
2022,16,"Tom","Hawkins","GEEL",7,"Geelong Cats","North Melbourne"
2022,16,"Cameron","Guthrie","GEEL",6,"Geelong Cats","North Melbourne"
2022,16,"Mitch","Duncan","GEEL",4,"Geelong Cats","North Melbourne"
2022,16,"Zach","Tuohy","GEEL",2,"Geelong Cats","North Melbourne"
2022,16,"Luke","Davies-Uniacke","NMFC",1,"Geelong Cats","North Melbourne"
2022,16,"Josh","Daicos","COLL",7,"Gold Coast Suns","Collingwood"
2022,16,"Izak","Rankine","GCFC",7,"Gold Coast Suns","Collingwood"
2022,16,"Touk","Miller","GCFC",7,"Gold Coast Suns","Collingwood"
2022,16,"Nick","Daicos","COLL",7,"Gold Coast Suns","Collingwood"
2022,16,"Steele","Sidebottom","COLL",1,"Gold Coast Suns","Collingwood"
2022,16,"Darcy","Moore","COLL",1,"Gold Coast Suns","Collingwood"
2022,16,"Daniel","Rioli","RICH",10,"Richmond","West Coast Eagles"
2022,16,"Tim","Kelly","WCE",8,"Richmond","West Coast Eagles"
2022,16,"Nic","Naitanui","WCE",5,"Richmond","West Coast Eagles"
2022,16,"Marlion","Pickett","RICH",5,"Richmond","West Coast Eagles"
2022,16,"Jamie","Cripps","WCE",1,"Richmond","West Coast Eagles"
2022,16,"Tom","Barrass","WCE",1,"Richmond","West Coast Eagles"
2022,16,"Jesse","Hogan","GWS",9,"GWS Giants","Hawthorn"
2022,16,"Lachie","Whitfield","GWS",7,"GWS Giants","Hawthorn"
2022,16,"Callum","Brown","GWS",6,"GWS Giants","Hawthorn"
2022,16,"Sam","Taylor","GWS",3,"GWS Giants","Hawthorn"
2022,16,"Tim","Taranto","GWS",3,"GWS Giants","Hawthorn"
2022,16,"Tom","Mitchell","HAW",2,"GWS Giants","Hawthorn"
2022,16,"Sean","Darcy","FRE",9,"Fremantle","Port Adelaide"
2022,16,"Rory","Lobb","FRE",9,"Fremantle","Port Adelaide"
2022,16,"Jordan","Clark","FRE",3,"Fremantle","Port Adelaide"
2022,16,"Connor","Rozee","PORT",3,"Fremantle","Port Adelaide"
2022,16,"Ollie","Wines","PORT",3,"Fremantle","Port Adelaide"
2022,16,"James","Aish","FRE",3,"Fremantle","Port Adelaide"
2022,17,"Cameron","Guthrie","GEEL",8,"Geelong Cats","Melbourne"
2022,17,"Mitch","Duncan","GEEL",8,"Geelong Cats","Melbourne"
2022,17,"Patrick","Dangerfield","GEEL",8,"Geelong Cats","Melbourne"
2022,17,"Christian","Petracca","MELB",2,"Geelong Cats","Melbourne"
2022,17,"Tom","Atkins","GEEL",2,"Geelong Cats","Melbourne"
2022,17,"Clayton","Oliver","MELB",1,"Geelong Cats","Melbourne"
2022,17,"Mark","Blicavs","GEEL",1,"Geelong Cats","Melbourne"
2022,17,"Chad","Warner","SYD",9,"Sydney Swans","Western Bulldogs"
2022,17,"Tom","Papley","SYD",8,"Sydney Swans","Western Bulldogs"
2022,17,"Sam","Reid","SYD",6,"Sydney Swans","Western Bulldogs"
2022,17,"Paddy","McCartin","SYD",4,"Sydney Swans","Western Bulldogs"
2022,17,"Isaac","Heeney","SYD",2,"Sydney Swans","Western Bulldogs"
2022,17,"Callum","Mills","SYD",1,"Sydney Swans","Western Bulldogs"
2022,17,"Luke","Davies-Uniacke","NMFC",10,"Collingwood","North Melbourne"
2022,17,"Nick","Larkey","NMFC",8,"Collingwood","North Melbourne"
2022,17,"Josh","Daicos","COLL",4,"Collingwood","North Melbourne"
2022,17,"Taylor","Adams","COLL",4,"Collingwood","North Melbourne"
2022,17,"Ben","McKay","NMFC",2,"Collingwood","North Melbourne"
2022,17,"Todd","Goldstein","NMFC",2,"Collingwood","North Melbourne"
2022,17,"Shai","Bolton","RICH",9,"Gold Coast Suns","Richmond"
2022,17,"Touk","Miller","GCFC",7,"Gold Coast Suns","Richmond"
2022,17,"Noah","Anderson","GCFC",7,"Gold Coast Suns","Richmond"
2022,17,"Ben","Ainsworth","GCFC",4,"Gold Coast Suns","Richmond"
2022,17,"Robbie","Tarrant","RICH",2,"Gold Coast Suns","Richmond"
2022,17,"Daniel","Rioli","RICH",1,"Gold Coast Suns","Richmond"
2022,17,"Andrew","Brayshaw","FRE",8,"St Kilda","Fremantle"
2022,17,"Nathan","Fyfe","FRE",7,"St Kilda","Fremantle"
2022,17,"Will","Brodie","FRE",7,"St Kilda","Fremantle"
2022,17,"Lachie","Schultz","FRE",4,"St Kilda","Fremantle"
2022,17,"Jordan","Clark","FRE",2,"St Kilda","Fremantle"
2022,17,"Brad","Crouch","STK",1,"St Kilda","Fremantle"
2022,17,"Rory","Lobb","FRE",1,"St Kilda","Fremantle"
2022,17,"Connor","Rozee","PORT",10,"Port Adelaide","GWS Giants"
2022,17,"Karl","Amon","PORT",7,"Port Adelaide","GWS Giants"
2022,17,"Sam","Powell-Pepper","PORT",7,"Port Adelaide","GWS Giants"
2022,17,"Ryan","Burton","PORT",2,"Port Adelaide","GWS Giants"
2022,17,"Jeremy","Finlayson","PORT",2,"Port Adelaide","GWS Giants"
2022,17,"Kane","Farrell","PORT",2,"Port Adelaide","GWS Giants"
2022,17,"Jye","Caldwell","ESS",9,"Brisbane Lions","Essendon"
2022,17,"Peter","Wright","ESS",9,"Brisbane Lions","Essendon"
2022,17,"Jayden","Laverde","ESS",5,"Brisbane Lions","Essendon"
2022,17,"Zach","Merrett","ESS",3,"Brisbane Lions","Essendon"
2022,17,"Brandon","Starcevich","BL",2,"Brisbane Lions","Essendon"
2022,17,"Kyle","Langford","ESS",1,"Brisbane Lions","Essendon"
2022,17,"Oscar","McInerney","BL",1,"Brisbane Lions","Essendon"
2022,17,"Dylan","Moore","HAW",9,"Hawthorn","Adelaide Crows"
2022,17,"Mitch","Lewis","HAW",8,"Hawthorn","Adelaide Crows"
2022,17,"Blake","Hardwick","HAW",7,"Hawthorn","Adelaide Crows"
2022,17,"Jai","Newcombe","HAW",2,"Hawthorn","Adelaide Crows"
2022,17,"James","Sicily","HAW",2,"Hawthorn","Adelaide Crows"
2022,17,"Rory","Laird","ADEL",1,"Hawthorn","Adelaide Crows"
2022,17,"Jaeger","O'Meara","HAW",1,"Hawthorn","Adelaide Crows"
2022,17,"Charlie","Curnow","CARL",9,"West Coast Eagles","Carlton"
2022,17,"Tom","De Koning","CARL",7,"West Coast Eagles","Carlton"
2022,17,"Matthew","Kennedy","CARL",5,"West Coast Eagles","Carlton"
2022,17,"Patrick","Cripps","CARL",5,"West Coast Eagles","Carlton"
2022,17,"Harry","McKay","CARL",3,"West Coast Eagles","Carlton"
2022,17,"Shannon","Hurn","WCE",1,"West Coast Eagles","Carlton"
2022,18,"Marcus","Bontempelli","WB",10,"Western Bulldogs","St Kilda"
2022,18,"Callum","Wilkie","STK",7,"Western Bulldogs","St Kilda"
2022,18,"Tom","Liberatore","WB",5,"Western Bulldogs","St Kilda"
2022,18,"Ryan","Gardner","WB",3,"Western Bulldogs","St Kilda"
2022,18,"Jason","Johannisen","WB",2,"Western Bulldogs","St Kilda"
2022,18,"Bailey","Dale","WB",2,"Western Bulldogs","St Kilda"
2022,18,"Jack","Macrae","WB",1,"Western Bulldogs","St Kilda"
2022,18,"Nick","Daicos","COLL",10,"Adelaide Crows","Collingwood"
2022,18,"Scott","Pendlebury","COLL",7,"Adelaide Crows","Collingwood"
2022,18,"Taylor","Walker","ADEL",7,"Adelaide Crows","Collingwood"
2022,18,"Rory","Laird","ADEL",4,"Adelaide Crows","Collingwood"
2022,18,"Patrick","Lipinski","COLL",1,"Adelaide Crows","Collingwood"
2022,18,"Steele","Sidebottom","COLL",1,"Adelaide Crows","Collingwood"
2022,18,"Hugh","McCluggage","BL",10,"GWS Giants","Brisbane Lions"
2022,18,"Keidean","Coleman","BL",5,"GWS Giants","Brisbane Lions"
2022,18,"Rhys","Mathieson","BL",4,"GWS Giants","Brisbane Lions"
2022,18,"Cameron","Rayner","BL",3,"GWS Giants","Brisbane Lions"
2022,18,"Daniel","McStay","BL",3,"GWS Giants","Brisbane Lions"
2022,18,"Sam","Taylor","GWS",2,"GWS Giants","Brisbane Lions"
2022,18,"Lachie","Neale","BL",2,"GWS Giants","Brisbane Lions"
2022,18,"Harris","Andrews","BL",1,"GWS Giants","Brisbane Lions"
2022,18,"Cameron","Zurhaar","NMFC",10,"North Melbourne","Richmond"
2022,18,"Jy","Simpkin","NMFC",8,"North Melbourne","Richmond"
2022,18,"Luke","Davies-Uniacke","NMFC",3,"North Melbourne","Richmond"
2022,18,"Noah","Cumberland","RICH",3,"North Melbourne","Richmond"
2022,18,"Dion","Prestia","RICH",3,"North Melbourne","Richmond"
2022,18,"Robbie","Tarrant","RICH",2,"North Melbourne","Richmond"
2022,18,"Bailey","Scott","NMFC",1,"North Melbourne","Richmond"
2022,18,"Mark","Blicavs","GEEL",9,"Carlton","Geelong Cats"
2022,18,"Joel","Selwood","GEEL",6,"Carlton","Geelong Cats"
2022,18,"Zach","Tuohy","GEEL",5,"Carlton","Geelong Cats"
2022,18,"Jeremy","Cameron","GEEL",4,"Carlton","Geelong Cats"
2022,18,"Sam","De Koning","GEEL",3,"Carlton","Geelong Cats"
2022,18,"Sam","Walsh","CARL",3,"Carlton","Geelong Cats"
2022,18,"Chad","Warner","SYD",10,"Fremantle","Sydney Swans"
2022,18,"Errol","Gulden","SYD",8,"Fremantle","Sydney Swans"
2022,18,"Callum","Mills","SYD",6,"Fremantle","Sydney Swans"
2022,18,"Griffin","Logue","FRE",3,"Fremantle","Sydney Swans"
2022,18,"Isaac","Heeney","SYD",2,"Fremantle","Sydney Swans"
2022,18,"Tom","Papley","SYD",1,"Fremantle","Sydney Swans"
2022,18,"Tom","Barrass","WCE",10,"Hawthorn","West Coast Eagles"
2022,18,"Luke","Breust","HAW",8,"Hawthorn","West Coast Eagles"
2022,18,"Josh","Ward","HAW",6,"Hawthorn","West Coast Eagles"
2022,18,"Jai","Newcombe","HAW",3,"Hawthorn","West Coast Eagles"
2022,18,"James","Sicily","HAW",2,"Hawthorn","West Coast Eagles"
2022,18,"Dylan","Moore","HAW",1,"Hawthorn","West Coast Eagles"
2022,18,"Kysaiah","Pickett","MELB",10,"Melbourne","Port Adelaide"
2022,18,"Christian","Petracca","MELB",8,"Melbourne","Port Adelaide"
2022,18,"Connor","Rozee","PORT",6,"Melbourne","Port Adelaide"
2022,18,"Travis","Boak","PORT",4,"Melbourne","Port Adelaide"
2022,18,"Jack","Viney","MELB",1,"Melbourne","Port Adelaide"
2022,18,"Michael","Hibberd","MELB",1,"Melbourne","Port Adelaide"
2022,18,"Mason","Redman","ESS",8,"Essendon","Gold Coast Suns"
2022,18,"Zach","Merrett","ESS",8,"Essendon","Gold Coast Suns"
2022,18,"Andrew","McGrath","ESS",6,"Essendon","Gold Coast Suns"
2022,18,"Dylan","Shiel","ESS",5,"Essendon","Gold Coast Suns"
2022,18,"Jake","Stringer","ESS",3,"Essendon","Gold Coast Suns"
2022,19,"Hayden","Young","FRE",10,"Richmond","Fremantle"
2022,19,"Brennan","Cox","FRE",4,"Richmond","Fremantle"
2022,19,"Nick","Vlastuin","RICH",4,"Richmond","Fremantle"
2022,19,"Robbie","Tarrant","RICH",4,"Richmond","Fremantle"
2022,19,"Dion","Prestia","RICH",3,"Richmond","Fremantle"
2022,19,"Caleb","Serong","FRE",3,"Richmond","Fremantle"
2022,19,"Dylan","Grimes","RICH",1,"Richmond","Fremantle"
2022,19,"Jordan","Clark","FRE",1,"Richmond","Fremantle"
2022,19,"Jack","Gunston","HAW",10,"North Melbourne","Hawthorn"
2022,19,"Jai","Newcombe","HAW",8,"North Melbourne","Hawthorn"
2022,19,"Blake","Hardwick","HAW",3,"North Melbourne","Hawthorn"
2022,19,"Tom","Mitchell","HAW",3,"North Melbourne","Hawthorn"
2022,19,"Luke","Davies-Uniacke","NMFC",2,"North Melbourne","Hawthorn"
2022,19,"Finn","Maginness","HAW",2,"North Melbourne","Hawthorn"
2022,19,"Jaeger","O'Meara","HAW",1,"North Melbourne","Hawthorn"
2022,19,"Ned","Reeves","HAW",1,"North Melbourne","Hawthorn"
2022,19,"Tom","Papley","SYD",10,"Sydney Swans","Adelaide Crows"
2022,19,"Rory","Laird","ADEL",8,"Sydney Swans","Adelaide Crows"
2022,19,"Nick","Blakey","SYD",6,"Sydney Swans","Adelaide Crows"
2022,19,"James","Rowbottom","SYD",2,"Sydney Swans","Adelaide Crows"
2022,19,"Will","Hayward","SYD",2,"Sydney Swans","Adelaide Crows"
2022,19,"Callum","Mills","SYD",1,"Sydney Swans","Adelaide Crows"
2022,19,"Sam","Berry","ADEL",1,"Sydney Swans","Adelaide Crows"
2022,19,"Tom","Atkins","GEEL",10,"Port Adelaide","Geelong Cats"
2022,19,"Charlie","Dixon","PORT",7,"Port Adelaide","Geelong Cats"
2022,19,"Brad","Close","GEEL",5,"Port Adelaide","Geelong Cats"
2022,19,"Tom","Hawkins","GEEL",3,"Port Adelaide","Geelong Cats"
2022,19,"Sam","Powell-Pepper","PORT",2,"Port Adelaide","Geelong Cats"
2022,19,"Jeremy","Finlayson","PORT",2,"Port Adelaide","Geelong Cats"
2022,19,"Gary","Rohan","GEEL",1,"Port Adelaide","Geelong Cats"
2022,19,"Touk","Miller","GCFC",8,"Brisbane Lions","Gold Coast Suns"
2022,19,"Lachie","Neale","BL",8,"Brisbane Lions","Gold Coast Suns"
2022,19,"Brandon","Starcevich","BL",8,"Brisbane Lions","Gold Coast Suns"
2022,19,"Charlie","Cameron","BL",3,"Brisbane Lions","Gold Coast Suns"
2022,19,"Noah","Anderson","GCFC",2,"Brisbane Lions","Gold Coast Suns"
2022,19,"Levi","Casboult","GCFC",1,"Brisbane Lions","Gold Coast Suns"
2022,19,"Jamarra","Ugle-Hagan","WB",8,"Western Bulldogs","Melbourne"
2022,19,"Marcus","Bontempelli","WB",8,"Western Bulldogs","Melbourne"
2022,19,"Steven","May","MELB",5,"Western Bulldogs","Melbourne"
2022,19,"Adam","Treloar","WB",4,"Western Bulldogs","Melbourne"
2022,19,"Ryan","Gardner","WB",2,"Western Bulldogs","Melbourne"
2022,19,"Clayton","Oliver","MELB",2,"Western Bulldogs","Melbourne"
2022,19,"Ed","Richards","WB",1,"Western Bulldogs","Melbourne"
2022,19,"Adam","Saad","CARL",8,"Carlton","GWS Giants"
2022,19,"Sam","Walsh","CARL",6,"Carlton","GWS Giants"
2022,19,"Patrick","Cripps","CARL",6,"Carlton","GWS Giants"
2022,19,"Charlie","Curnow","CARL",4,"Carlton","GWS Giants"
2022,19,"Harry","McKay","CARL",3,"Carlton","GWS Giants"
2022,19,"Toby","Greene","GWS",2,"Carlton","GWS Giants"
2022,19,"Harry","Himmelberg","GWS",1,"Carlton","GWS Giants"
2022,19,"Zach","Merrett","ESS",9,"Collingwood","Essendon"
2022,19,"Sam","Draper","ESS",9,"Collingwood","Essendon"
2022,19,"Jamie","Elliott","COLL",3,"Collingwood","Essendon"
2022,19,"Jack","Crisp","COLL",3,"Collingwood","Essendon"
2022,19,"Dylan","Shiel","ESS",2,"Collingwood","Essendon"
2022,19,"Josh","Daicos","COLL",2,"Collingwood","Essendon"
2022,19,"Taylor","Adams","COLL",1,"Collingwood","Essendon"
2022,19,"Peter","Wright","ESS",1,"Collingwood","Essendon"
2022,19,"Jack","Steele","STK",10,"West Coast Eagles","St Kilda"
2022,19,"Tom","Barrass","WCE",7,"West Coast Eagles","St Kilda"
2022,19,"Dan","Butler","STK",4,"West Coast Eagles","St Kilda"
2022,19,"Brad","Crouch","STK",4,"West Coast Eagles","St Kilda"
2022,19,"Jack","Sinclair","STK",3,"West Coast Eagles","St Kilda"
2022,19,"Marcus","Windhager","STK",2,"West Coast Eagles","St Kilda"
2022,20,"Jack","Viney","MELB",10,"Fremantle","Melbourne"
2022,20,"Christian","Petracca","MELB",8,"Fremantle","Melbourne"
2022,20,"Angus","Brayshaw","MELB",5,"Fremantle","Melbourne"
2022,20,"Steven","May","MELB",3,"Fremantle","Melbourne"
2022,20,"James","Aish","FRE",2,"Fremantle","Melbourne"
2022,20,"David","Mundy","FRE",1,"Fremantle","Melbourne"
2022,20,"Bayley","Fritsch","MELB",1,"Fremantle","Melbourne"
2022,20,"Jordan","De Goey","COLL",7,"Collingwood","Port Adelaide"
2022,20,"Connor","Rozee","PORT",7,"Collingwood","Port Adelaide"
2022,20,"Josh","Daicos","COLL",7,"Collingwood","Port Adelaide"
2022,20,"Brayden","Maynard","COLL",6,"Collingwood","Port Adelaide"
2022,20,"Zak","Butters","PORT",3,"Collingwood","Port Adelaide"
2022,20,"Errol","Gulden","SYD",9,"Sydney Swans","GWS Giants"
2022,20,"James","Rowbottom","SYD",8,"Sydney Swans","GWS Giants"
2022,20,"Luke","Parker","SYD",7,"Sydney Swans","GWS Giants"
2022,20,"Sam","Taylor","GWS",3,"Sydney Swans","GWS Giants"
2022,20,"Sam","Reid","SYD",2,"Sydney Swans","GWS Giants"
2022,20,"Nick","Blakey","SYD",1,"Sydney Swans","GWS Giants"
2022,20,"Rowan","Marshall","STK",10,"St Kilda","Hawthorn"
2022,20,"Jack","Steele","STK",6,"St Kilda","Hawthorn"
2022,20,"Brad","Crouch","STK",6,"St Kilda","Hawthorn"
2022,20,"Callum","Wilkie","STK",4,"St Kilda","Hawthorn"
2022,20,"Tom","Mitchell","HAW",2,"St Kilda","Hawthorn"
2022,20,"Max","King","STK",1,"St Kilda","Hawthorn"
2022,20,"Will","Day","HAW",1,"St Kilda","Hawthorn"
2022,20,"Patrick","Dangerfield","GEEL",10,"Geelong Cats","Western Bulldogs"
2022,20,"Sam","De Koning","GEEL",4,"Geelong Cats","Western Bulldogs"
2022,20,"Cameron","Guthrie","GEEL",4,"Geelong Cats","Western Bulldogs"
2022,20,"Mark","Blicavs","GEEL",4,"Geelong Cats","Western Bulldogs"
2022,20,"Ryan","Gardner","WB",3,"Geelong Cats","Western Bulldogs"
2022,20,"Isaac","Smith","GEEL",2,"Geelong Cats","Western Bulldogs"
2022,20,"Ed","Richards","WB",2,"Geelong Cats","Western Bulldogs"
2022,20,"Brad","Close","GEEL",1,"Geelong Cats","Western Bulldogs"
2022,20,"Brodie","Smith","ADEL",10,"Adelaide Crows","Carlton"
2022,20,"Rory","Laird","ADEL",7,"Adelaide Crows","Carlton"
2022,20,"Ben","Keays","ADEL",7,"Adelaide Crows","Carlton"
2022,20,"Patrick","Cripps","CARL",4,"Adelaide Crows","Carlton"
2022,20,"Taylor","Walker","ADEL",1,"Adelaide Crows","Carlton"
2022,20,"Wayne","Milera","ADEL",1,"Adelaide Crows","Carlton"
2022,20,"Jack","Darling","WCE",9,"Gold Coast Suns","West Coast Eagles"
2022,20,"Touk","Miller","GCFC",8,"Gold Coast Suns","West Coast Eagles"
2022,20,"Mabior","Chol","GCFC",6,"Gold Coast Suns","West Coast Eagles"
2022,20,"Noah","Anderson","GCFC",3,"Gold Coast Suns","West Coast Eagles"
2022,20,"Izak","Rankine","GCFC",2,"Gold Coast Suns","West Coast Eagles"
2022,20,"Tom","Barrass","WCE",2,"Gold Coast Suns","West Coast Eagles"
2022,20,"Tom","J Lynch","RICH",9,"Richmond","Brisbane Lions"
2022,20,"Shai","Bolton","RICH",9,"Richmond","Brisbane Lions"
2022,20,"Keidean","Coleman","BL",6,"Richmond","Brisbane Lions"
2022,20,"Eric","Hipwood","BL",3,"Richmond","Brisbane Lions"
2022,20,"Noah","Cumberland","RICH",2,"Richmond","Brisbane Lions"
2022,20,"Lachie","Neale","BL",1,"Richmond","Brisbane Lions"
2022,20,"Mason","Redman","ESS",10,"Essendon","North Melbourne"
2022,20,"Zach","Merrett","ESS",7,"Essendon","North Melbourne"
2022,20,"Jake","Stringer","ESS",6,"Essendon","North Melbourne"
2022,20,"Jy","Simpkin","NMFC",5,"Essendon","North Melbourne"
2022,20,"Cameron","Zurhaar","NMFC",1,"Essendon","North Melbourne"
2022,20,"Nick","Hind","ESS",1,"Essendon","North Melbourne"
2022,21,"Max","Gawn","MELB",10,"Melbourne","Collingwood"
2022,21,"Jordan","De Goey","COLL",8,"Melbourne","Collingwood"
2022,21,"Jamie","Elliott","COLL",5,"Melbourne","Collingwood"
2022,21,"Christian","Petracca","MELB",3,"Melbourne","Collingwood"
2022,21,"Christian","Salem","MELB",2,"Melbourne","Collingwood"
2022,21,"Nick","Daicos","COLL",1,"Melbourne","Collingwood"
2022,21,"Brayden","Maynard","COLL",1,"Melbourne","Collingwood"
2022,21,"Jack","Gunston","HAW",10,"Hawthorn","Gold Coast Suns"
2022,21,"Jai","Newcombe","HAW",6,"Hawthorn","Gold Coast Suns"
2022,21,"David","Swallow","GCFC",5,"Hawthorn","Gold Coast Suns"
2022,21,"Finn","Maginness","HAW",5,"Hawthorn","Gold Coast Suns"
2022,21,"Dylan","Moore","HAW",4,"Hawthorn","Gold Coast Suns"
2022,21,"Jesse","Hogan","GWS",10,"GWS Giants","Essendon"
2022,21,"Lachie","Whitfield","GWS",8,"GWS Giants","Essendon"
2022,21,"Harry","Perryman","GWS",6,"GWS Giants","Essendon"
2022,21,"Sam","Taylor","GWS",3,"GWS Giants","Essendon"
2022,21,"Callan","Ward","GWS",2,"GWS Giants","Essendon"
2022,21,"Matt","Guelfi","ESS",1,"GWS Giants","Essendon"
2022,21,"Rory","Lobb","FRE",10,"Western Bulldogs","Fremantle"
2022,21,"Caleb","Serong","FRE",8,"Western Bulldogs","Fremantle"
2022,21,"Josh","Dunkley","WB",6,"Western Bulldogs","Fremantle"
2022,21,"Luke","Ryan","FRE",4,"Western Bulldogs","Fremantle"
2022,21,"Jordan","Clark","FRE",2,"Western Bulldogs","Fremantle"
2022,21,"Max","Holmes","GEEL",6,"Geelong Cats","St Kilda"
2022,21,"Brandan","Parfitt","GEEL",6,"Geelong Cats","St Kilda"
2022,21,"Sam","De Koning","GEEL",6,"Geelong Cats","St Kilda"
2022,21,"Cameron","Guthrie","GEEL",5,"Geelong Cats","St Kilda"
2022,21,"Isaac","Smith","GEEL",4,"Geelong Cats","St Kilda"
2022,21,"Zach","Guthrie","GEEL",2,"Geelong Cats","St Kilda"
2022,21,"Sam","Menegola","GEEL",1,"Geelong Cats","St Kilda"
2022,21,"Shai","Bolton","RICH",10,"Port Adelaide","Richmond"
2022,21,"Dion","Prestia","RICH",7,"Port Adelaide","Richmond"
2022,21,"Toby","Nankervis","RICH",6,"Port Adelaide","Richmond"
2022,21,"Trent","Cotchin","RICH",3,"Port Adelaide","Richmond"
2022,21,"Tom","J Lynch","RICH",3,"Port Adelaide","Richmond"
2022,21,"Daniel","Rioli","RICH",1,"Port Adelaide","Richmond"
2022,21,"Nick","Larkey","NMFC",10,"North Melbourne","Sydney Swans"
2022,21,"Chad","Warner","SYD",7,"North Melbourne","Sydney Swans"
2022,21,"Tom","Hickey","SYD",4,"North Melbourne","Sydney Swans"
2022,21,"Luke","Parker","SYD",3,"North Melbourne","Sydney Swans"
2022,21,"Luke","Davies-Uniacke","NMFC",3,"North Melbourne","Sydney Swans"
2022,21,"Lance","Franklin","SYD",2,"North Melbourne","Sydney Swans"
2022,21,"Isaac","Heeney","SYD",1,"North Melbourne","Sydney Swans"
2022,21,"Lachie","Neale","BL",9,"Brisbane Lions","Carlton"
2022,21,"Zac","Bailey","BL",8,"Brisbane Lions","Carlton"
2022,21,"Oscar","McInerney","BL",7,"Brisbane Lions","Carlton"
2022,21,"Rhys","Mathieson","BL",2,"Brisbane Lions","Carlton"
2022,21,"Harris","Andrews","BL",2,"Brisbane Lions","Carlton"
2022,21,"Jacob","Weitering","CARL",1,"Brisbane Lions","Carlton"
2022,21,"Daniel","McStay","BL",1,"Brisbane Lions","Carlton"
2022,21,"Josh","J Kennedy","WCE",10,"West Coast Eagles","Adelaide Crows"
2022,21,"Darcy","Fogarty","ADEL",7,"West Coast Eagles","Adelaide Crows"
2022,21,"Rory","Laird","ADEL",6,"West Coast Eagles","Adelaide Crows"
2022,21,"Tom","Barrass","WCE",5,"West Coast Eagles","Adelaide Crows"
2022,21,"Jordan","Dawson","ADEL",1,"West Coast Eagles","Adelaide Crows"
2022,21,"Nic","Naitanui","WCE",1,"West Coast Eagles","Adelaide Crows"
2022,22,"Cameron","Rayner","BL",10,"St Kilda","Brisbane Lions"
2022,22,"Mason","Wood","STK",7,"St Kilda","Brisbane Lions"
2022,22,"Hugh","McCluggage","BL",4,"St Kilda","Brisbane Lions"
2022,22,"Marcus","Windhager","STK",3,"St Kilda","Brisbane Lions"
2022,22,"Rhys","Mathieson","BL",2,"St Kilda","Brisbane Lions"
2022,22,"Sebastian","Ross","STK",2,"St Kilda","Brisbane Lions"
2022,22,"Daniel","Rich","BL",1,"St Kilda","Brisbane Lions"
2022,22,"Oscar","McInerney","BL",1,"St Kilda","Brisbane Lions"
2022,22,"Bailey","Dale","WB",5,"Western Bulldogs","GWS Giants"
2022,22,"Ed","Richards","WB",5,"Western Bulldogs","GWS Giants"
2022,22,"Caleb","Daniel","WB",4,"Western Bulldogs","GWS Giants"
2022,22,"Nick","Haynes","GWS",4,"Western Bulldogs","GWS Giants"
2022,22,"Harry","Perryman","GWS",3,"Western Bulldogs","GWS Giants"
2022,22,"Callan","Ward","GWS",3,"Western Bulldogs","GWS Giants"
2022,22,"Josh","Kelly","GWS",2,"Western Bulldogs","GWS Giants"
2022,22,"Jack","Macrae","WB",2,"Western Bulldogs","GWS Giants"
2022,22,"Tim","English","WB",1,"Western Bulldogs","GWS Giants"
2022,22,"Bailey","Williams","WB",1,"Western Bulldogs","GWS Giants"
2022,22,"Luke","Davies-Uniacke","NMFC",10,"Adelaide Crows","North Melbourne"
2022,22,"Jordan","Dawson","ADEL",8,"Adelaide Crows","North Melbourne"
2022,22,"Jy","Simpkin","NMFC",5,"Adelaide Crows","North Melbourne"
2022,22,"Darcy","Fogarty","ADEL",4,"Adelaide Crows","North Melbourne"
2022,22,"Rory","Laird","ADEL",2,"Adelaide Crows","North Melbourne"
2022,22,"Josh","Worrell","ADEL",1,"Adelaide Crows","North Melbourne"
2022,22,"Jeremy","Cameron","GEEL",9,"Gold Coast Suns","Geelong Cats"
2022,22,"Mark","Blicavs","GEEL",8,"Gold Coast Suns","Geelong Cats"
2022,22,"Touk","Miller","GCFC",7,"Gold Coast Suns","Geelong Cats"
2022,22,"Max","Holmes","GEEL",4,"Gold Coast Suns","Geelong Cats"
2022,22,"Zach","Guthrie","GEEL",1,"Gold Coast Suns","Geelong Cats"
2022,22,"Cameron","Guthrie","GEEL",1,"Gold Coast Suns","Geelong Cats"
2022,22,"Jake","Melksham","MELB",10,"Melbourne","Carlton"
2022,22,"Sam","Docherty","CARL",7,"Melbourne","Carlton"
2022,22,"Angus","Brayshaw","MELB",5,"Melbourne","Carlton"
2022,22,"Max","Gawn","MELB",3,"Melbourne","Carlton"
2022,22,"Clayton","Oliver","MELB",2,"Melbourne","Carlton"
2022,22,"Lewis","Young","CARL",2,"Melbourne","Carlton"
2022,22,"Patrick","Cripps","CARL",1,"Melbourne","Carlton"
2022,22,"Sean","Darcy","FRE",10,"Fremantle","West Coast Eagles"
2022,22,"Tom","Barrass","WCE",8,"Fremantle","West Coast Eagles"
2022,22,"Caleb","Serong","FRE",6,"Fremantle","West Coast Eagles"
2022,22,"Jordan","Clark","FRE",2,"Fremantle","West Coast Eagles"
2022,22,"Liam","Duggan","WCE",2,"Fremantle","West Coast Eagles"
2022,22,"Blake","Acres","FRE",1,"Fremantle","West Coast Eagles"
2022,22,"Alex","Pearce","FRE",1,"Fremantle","West Coast Eagles"
2022,22,"Tom","J Lynch","RICH",10,"Richmond","Hawthorn"
2022,22,"Dion","Prestia","RICH",8,"Richmond","Hawthorn"
2022,22,"Trent","Cotchin","RICH",5,"Richmond","Hawthorn"
2022,22,"Finn","Maginness","HAW",3,"Richmond","Hawthorn"
2022,22,"Daniel","Rioli","RICH",2,"Richmond","Hawthorn"
2022,22,"Jayden","Short","RICH",1,"Richmond","Hawthorn"
2022,22,"James","Sicily","HAW",1,"Richmond","Hawthorn"
2022,22,"Callum","Mills","SYD",9,"Sydney Swans","Collingwood"
2022,22,"James","Rowbottom","SYD",8,"Sydney Swans","Collingwood"
2022,22,"Josh","Daicos","COLL",5,"Sydney Swans","Collingwood"
2022,22,"Paddy","McCartin","SYD",5,"Sydney Swans","Collingwood"
2022,22,"Luke","Parker","SYD",2,"Sydney Swans","Collingwood"
2022,22,"Lance","Franklin","SYD",1,"Sydney Swans","Collingwood"
2022,22,"Jeremy","Finlayson","PORT",10,"Essendon","Port Adelaide"
2022,22,"Dan","Houston","PORT",6,"Essendon","Port Adelaide"
2022,22,"Zak","Butters","PORT",4,"Essendon","Port Adelaide"
2022,22,"Connor","Rozee","PORT",3,"Essendon","Port Adelaide"
2022,22,"Travis","Boak","PORT",3,"Essendon","Port Adelaide"
2022,22,"Sam","Powell-Pepper","PORT",2,"Essendon","Port Adelaide"
2022,22,"Ollie","Wines","PORT",2,"Essendon","Port Adelaide"
2022,23,"Clayton","Oliver","MELB",10,"Brisbane Lions","Melbourne"
2022,23,"Kysaiah","Pickett","MELB",7,"Brisbane Lions","Melbourne"
2022,23,"Lachie","Neale","BL",4,"Brisbane Lions","Melbourne"
2022,23,"Christian","Petracca","MELB",3,"Brisbane Lions","Melbourne"
2022,23,"Luke","Jackson","MELB",2,"Brisbane Lions","Melbourne"
2022,23,"Jake","Lever","MELB",2,"Brisbane Lions","Melbourne"
2022,23,"Bayley","Fritsch","MELB",1,"Brisbane Lions","Melbourne"
2022,23,"Angus","Brayshaw","MELB",1,"Brisbane Lions","Melbourne"
2022,23,"Caleb","Serong","FRE",9,"GWS Giants","Fremantle"
2022,23,"Will","Brodie","FRE",5,"GWS Giants","Fremantle"
2022,23,"Sam","Taylor","GWS",5,"GWS Giants","Fremantle"
2022,23,"Michael","Walters","FRE",3,"GWS Giants","Fremantle"
2022,23,"David","Mundy","FRE",3,"GWS Giants","Fremantle"
2022,23,"Jacob","Hopper","GWS",2,"GWS Giants","Fremantle"
2022,23,"Andrew","Brayshaw","FRE",2,"GWS Giants","Fremantle"
2022,23,"Jordan","Clark","FRE",1,"GWS Giants","Fremantle"
2022,23,"Noah","Anderson","GCFC",8,"North Melbourne","Gold Coast Suns"
2022,23,"Alex","Sexton","GCFC",7,"North Melbourne","Gold Coast Suns"
2022,23,"David","Swallow","GCFC",7,"North Melbourne","Gold Coast Suns"
2022,23,"Ben","Ainsworth","GCFC",4,"North Melbourne","Gold Coast Suns"
2022,23,"Touk","Miller","GCFC",3,"North Melbourne","Gold Coast Suns"
2022,23,"Jarrod","Witts","GCFC",1,"North Melbourne","Gold Coast Suns"
2022,23,"Mark","Blicavs","GEEL",9,"Geelong Cats","West Coast Eagles"
2022,23,"Isaac","Smith","GEEL",5,"Geelong Cats","West Coast Eagles"
2022,23,"Tyson","Stengle","GEEL",5,"Geelong Cats","West Coast Eagles"
2022,23,"Joel","Selwood","GEEL",4,"Geelong Cats","West Coast Eagles"
2022,23,"Brandan","Parfitt","GEEL",3,"Geelong Cats","West Coast Eagles"
2022,23,"Patrick","Dangerfield","GEEL",2,"Geelong Cats","West Coast Eagles"
2022,23,"Jonathon","Ceglar","GEEL",1,"Geelong Cats","West Coast Eagles"
2022,23,"Tom","Hawkins","GEEL",1,"Geelong Cats","West Coast Eagles"
2022,23,"Dion","Prestia","RICH",9,"Essendon","Richmond"
2022,23,"Jack","Ross","RICH",5,"Essendon","Richmond"
2022,23,"Tom","J Lynch","RICH",5,"Essendon","Richmond"
2022,23,"Tyler","Sonsie","RICH",4,"Essendon","Richmond"
2022,23,"Daniel","Rioli","RICH",3,"Essendon","Richmond"
2022,23,"Liam","Baker","RICH",2,"Essendon","Richmond"
2022,23,"Dylan","Shiel","ESS",1,"Essendon","Richmond"
2022,23,"Zach","Merrett","ESS",1,"Essendon","Richmond"
2022,23,"Connor","Rozee","PORT",10,"Port Adelaide","Adelaide Crows"
2022,23,"Ollie","Wines","PORT",6,"Port Adelaide","Adelaide Crows"
2022,23,"Zak","Butters","PORT",6,"Port Adelaide","Adelaide Crows"
2022,23,"Aliir","Aliir","PORT",3,"Port Adelaide","Adelaide Crows"
2022,23,"Todd","Marshall","PORT",3,"Port Adelaide","Adelaide Crows"
2022,23,"Reilly","O'Brien","ADEL",1,"Port Adelaide","Adelaide Crows"
2022,23,"Karl","Amon","PORT",1,"Port Adelaide","Adelaide Crows"
2022,23,"Josh","Dunkley","WB",10,"Hawthorn","Western Bulldogs"
2022,23,"James","Sicily","HAW",6,"Hawthorn","Western Bulldogs"
2022,23,"Roarke","Smith","WB",4,"Hawthorn","Western Bulldogs"
2022,23,"Adam","Treloar","WB",3,"Hawthorn","Western Bulldogs"
2022,23,"Tim","English","WB",3,"Hawthorn","Western Bulldogs"
2022,23,"Sam","Darcy","WB",2,"Hawthorn","Western Bulldogs"
2022,23,"Lachie","Hunter","WB",1,"Hawthorn","Western Bulldogs"
2022,23,"Blake","Hardwick","HAW",1,"Hawthorn","Western Bulldogs"
2022,23,"Patrick","Cripps","CARL",10,"Carlton","Collingwood"
2022,23,"Scott","Pendlebury","COLL",5,"Carlton","Collingwood"
2022,23,"Sam","Docherty","CARL",5,"Carlton","Collingwood"
2022,23,"Adam","Cerra","CARL",4,"Carlton","Collingwood"
2022,23,"Brayden","Maynard","COLL",4,"Carlton","Collingwood"
2022,23,"Josh","Daicos","COLL",1,"Carlton","Collingwood"
2022,23,"Darcy","Moore","COLL",1,"Carlton","Collingwood"
2022,23,"Ben","Long","STK",10,"St Kilda","Sydney Swans"
2022,23,"Max","King","STK",8,"St Kilda","Sydney Swans"
2022,23,"James","Rowbottom","SYD",5,"St Kilda","Sydney Swans"
2022,23,"Will","Hayward","SYD",3,"St Kilda","Sydney Swans"
2022,23,"Isaac","Heeney","SYD",3,"St Kilda","Sydney Swans"
2022,23,"Jack","Sinclair","STK",1,"St Kilda","Sydney Swans"
2023,1,"Daniel","Rioli","RICH",10,"Richmond","Carlton"
2023,1,"Lewis","Young","CARL",6,"Richmond","Carlton"
2023,1,"Dion","Prestia","RICH",4,"Richmond","Carlton"
2023,1,"Toby","Nankervis","RICH",4,"Richmond","Carlton"
2023,1,"Tim","Taranto","RICH",3,"Richmond","Carlton"
2023,1,"George","Hewett","CARL",3,"Richmond","Carlton"
2023,1,"Jordan","De Goey","COLL",10,"Geelong Cats","Collingwood"
2023,1,"Nick","Daicos","COLL",6,"Geelong Cats","Collingwood"
2023,1,"Esava","Ratugolea","GEEL",6,"Geelong Cats","Collingwood"
2023,1,"Scott","Pendlebury","COLL",4,"Geelong Cats","Collingwood"
2023,1,"Jack","Crisp","COLL",2,"Geelong Cats","Collingwood"
2023,1,"Isaac","Smith","GEEL",1,"Geelong Cats","Collingwood"
2023,1,"Josh","Daicos","COLL",1,"Geelong Cats","Collingwood"
2023,1,"Luke","Davies-Uniacke","NMFC",10,"North Melbourne","West Coast Eagles"
2023,1,"Nick","Larkey","NMFC",8,"North Melbourne","West Coast Eagles"
2023,1,"Harry","Sheezel","NMFC",6,"North Melbourne","West Coast Eagles"
2023,1,"Jeremy","McGovern","WCE",3,"North Melbourne","West Coast Eagles"
2023,1,"Luke","Shuey","WCE",2,"North Melbourne","West Coast Eagles"
2023,1,"Charlie","Comben","NMFC",1,"North Melbourne","West Coast Eagles"
2023,1,"Jason","Horne-Francis","PORT",9,"Port Adelaide","Brisbane Lions"
2023,1,"Ryan","Burton","PORT",7,"Port Adelaide","Brisbane Lions"
2023,1,"Charlie","Dixon","PORT",6,"Port Adelaide","Brisbane Lions"
2023,1,"Aliir","Aliir","PORT",5,"Port Adelaide","Brisbane Lions"
2023,1,"Connor","Rozee","PORT",3,"Port Adelaide","Brisbane Lions"
2023,1,"Jake","Lever","MELB",9,"Melbourne","Western Bulldogs"
2023,1,"Kysaiah","Pickett","MELB",9,"Melbourne","Western Bulldogs"
2023,1,"Christian","Petracca","MELB",5,"Melbourne","Western Bulldogs"
2023,1,"Max","Gawn","MELB",5,"Melbourne","Western Bulldogs"
2023,1,"Clayton","Oliver","MELB",2,"Melbourne","Western Bulldogs"
2023,1,"Chad","Warner","SYD",10,"Gold Coast Suns","Sydney Swans"
2023,1,"Dane","Rampe","SYD",8,"Gold Coast Suns","Sydney Swans"
2023,1,"Errol","Gulden","SYD",4,"Gold Coast Suns","Sydney Swans"
2023,1,"Jarrod","Witts","GCFC",3,"Gold Coast Suns","Sydney Swans"
2023,1,"Dylan","Stephens","SYD",3,"Gold Coast Suns","Sydney Swans"
2023,1,"Will","Hayward","SYD",1,"Gold Coast Suns","Sydney Swans"
2023,1,"Callum","Mills","SYD",1,"Gold Coast Suns","Sydney Swans"
2023,1,"Toby","Greene","GWS",9,"GWS Giants","Adelaide Crows"
2023,1,"Stephen","Coniglio","GWS",8,"GWS Giants","Adelaide Crows"
2023,1,"Tom","Green","GWS",6,"GWS Giants","Adelaide Crows"
2023,1,"Izak","Rankine","ADEL",3,"GWS Giants","Adelaide Crows"
2023,1,"Joshua","Rachele","ADEL",2,"GWS Giants","Adelaide Crows"
2023,1,"Josh","Kelly","GWS",1,"GWS Giants","Adelaide Crows"
2023,1,"Callan","Ward","GWS",1,"GWS Giants","Adelaide Crows"
2023,1,"Archie","Perkins","ESS",8,"Hawthorn","Essendon"
2023,1,"Darcy","Parish","ESS",8,"Hawthorn","Essendon"
2023,1,"Mason","Redman","ESS",6,"Hawthorn","Essendon"
2023,1,"Brandon","Zerk-Thatcher","ESS",6,"Hawthorn","Essendon"
2023,1,"Zach","Merrett","ESS",1,"Hawthorn","Essendon"
2023,1,"Will","Setterfield","ESS",1,"Hawthorn","Essendon"
2023,1,"Brennan","Cox","FRE",7,"St Kilda","Fremantle"
2023,1,"Luke","Ryan","FRE",7,"St Kilda","Fremantle"
2023,1,"Callum","Wilkie","STK",7,"St Kilda","Fremantle"
2023,1,"Jack","Sinclair","STK",5,"St Kilda","Fremantle"
2023,1,"Josh","Battle","STK",2,"St Kilda","Fremantle"
2023,1,"Mason","Wood","STK",1,"St Kilda","Fremantle"
2023,1,"Ryan","Byrnes","STK",1,"St Kilda","Fremantle"
2023,2,"Jeremy","Cameron","GEEL",9,"Carlton","Geelong Cats"
2023,2,"Charlie","Curnow","CARL",9,"Carlton","Geelong Cats"
2023,2,"Adam","Saad","CARL",6,"Carlton","Geelong Cats"
2023,2,"Ed","Curnow","CARL",2,"Carlton","Geelong Cats"
2023,2,"Jacob","Weitering","CARL",2,"Carlton","Geelong Cats"
2023,2,"Blake","Acres","CARL",1,"Carlton","Geelong Cats"
2023,2,"Isaac","Smith","GEEL",1,"Carlton","Geelong Cats"
2023,2,"Dayne","Zorko","BL",10,"Brisbane Lions","Melbourne"
2023,2,"Will","Ashcroft","BL",8,"Brisbane Lions","Melbourne"
2023,2,"Harris","Andrews","BL",6,"Brisbane Lions","Melbourne"
2023,2,"Josh","Dunkley","BL",2,"Brisbane Lions","Melbourne"
2023,2,"Jake","Lever","MELB",2,"Brisbane Lions","Melbourne"
2023,2,"Charlie","Cameron","BL",1,"Brisbane Lions","Melbourne"
2023,2,"Clayton","Oliver","MELB",1,"Brisbane Lions","Melbourne"
2023,2,"Nick","Daicos","COLL",9,"Collingwood","Port Adelaide"
2023,2,"Darcy","Cameron","COLL",8,"Collingwood","Port Adelaide"
2023,2,"Josh","Daicos","COLL",6,"Collingwood","Port Adelaide"
2023,2,"John","Noble","COLL",3,"Collingwood","Port Adelaide"
2023,2,"Taylor","Adams","COLL",2,"Collingwood","Port Adelaide"
2023,2,"Tom","Mitchell","COLL",1,"Collingwood","Port Adelaide"
2023,2,"Brayden","Maynard","COLL",1,"Collingwood","Port Adelaide"
2023,2,"Jacob","Hopper","RICH",8,"Adelaide Crows","Richmond"
2023,2,"Noah","Balta","RICH",7,"Adelaide Crows","Richmond"
2023,2,"Tim","Taranto","RICH",4,"Adelaide Crows","Richmond"
2023,2,"Rory","Laird","ADEL",4,"Adelaide Crows","Richmond"
2023,2,"Tom","J Lynch","RICH",3,"Adelaide Crows","Richmond"
2023,2,"Liam","Baker","RICH",2,"Adelaide Crows","Richmond"
2023,2,"Toby","Nankervis","RICH",2,"Adelaide Crows","Richmond"
2023,2,"Rowan","Marshall","STK",6,"Western Bulldogs","St Kilda"
2023,2,"Jack","Steele","STK",6,"Western Bulldogs","St Kilda"
2023,2,"Mason","Wood","STK",5,"Western Bulldogs","St Kilda"
2023,2,"Marcus","Bontempelli","WB",4,"Western Bulldogs","St Kilda"
2023,2,"Jack","Sinclair","STK",4,"Western Bulldogs","St Kilda"
2023,2,"Mitch","Owens","STK",2,"Western Bulldogs","St Kilda"
2023,2,"Mattaes","Phillipou","STK",2,"Western Bulldogs","St Kilda"
2023,2,"Bradley","Hill","STK",1,"Western Bulldogs","St Kilda"
2023,2,"Luke","Davies-Uniacke","NMFC",10,"Fremantle","North Melbourne"
2023,2,"Luke","Ryan","FRE",5,"Fremantle","North Melbourne"
2023,2,"Jy","Simpkin","NMFC",4,"Fremantle","North Melbourne"
2023,2,"Nick","Larkey","NMFC",3,"Fremantle","North Melbourne"
2023,2,"Harry","Sheezel","NMFC",3,"Fremantle","North Melbourne"
2023,2,"Sam","Switkowski","FRE",2,"Fremantle","North Melbourne"
2023,2,"Andrew","Brayshaw","FRE",2,"Fremantle","North Melbourne"
2023,2,"Jack","Ziebell","NMFC",1,"Fremantle","North Melbourne"
2023,2,"Callum","Mills","SYD",10,"Sydney Swans","Hawthorn"
2023,2,"Joel","Amartey","SYD",6,"Sydney Swans","Hawthorn"
2023,2,"Errol","Gulden","SYD",5,"Sydney Swans","Hawthorn"
2023,2,"Logan","McDonald","SYD",5,"Sydney Swans","Hawthorn"
2023,2,"Oliver","Florent","SYD",2,"Sydney Swans","Hawthorn"
2023,2,"Luke","Parker","SYD",2,"Sydney Swans","Hawthorn"
2023,2,"Kyle","Langford","ESS",7,"Essendon","Gold Coast Suns"
2023,2,"Darcy","Parish","ESS",5,"Essendon","Gold Coast Suns"
2023,2,"Mason","Redman","ESS",5,"Essendon","Gold Coast Suns"
2023,2,"Zach","Merrett","ESS",4,"Essendon","Gold Coast Suns"
2023,2,"Will","Setterfield","ESS",4,"Essendon","Gold Coast Suns"
2023,2,"Matt","Rowell","GCFC",3,"Essendon","Gold Coast Suns"
2023,2,"Brandon","Zerk-Thatcher","ESS",2,"Essendon","Gold Coast Suns"
2023,2,"Tim","Kelly","WCE",10,"West Coast Eagles","GWS Giants"
2023,2,"Jamaine","Jones","WCE",8,"West Coast Eagles","GWS Giants"
2023,2,"Jake","Waterman","WCE",3,"West Coast Eagles","GWS Giants"
2023,2,"Toby","Greene","GWS",3,"West Coast Eagles","GWS Giants"
2023,2,"Luke","Shuey","WCE",3,"West Coast Eagles","GWS Giants"
2023,2,"Jesse","Hogan","GWS",2,"West Coast Eagles","GWS Giants"
2023,2,"Dom","Sheed","WCE",1,"West Coast Eagles","GWS Giants"
2023,3,"Marcus","Bontempelli","WB",10,"Western Bulldogs","Brisbane Lions"
2023,3,"Jamarra","Ugle-Hagan","WB",7,"Western Bulldogs","Brisbane Lions"
2023,3,"Harris","Andrews","BL",7,"Western Bulldogs","Brisbane Lions"
2023,3,"Lachie","Neale","BL",3,"Western Bulldogs","Brisbane Lions"
2023,3,"Tim","English","WB",2,"Western Bulldogs","Brisbane Lions"
2023,3,"Bailey","Dale","WB",1,"Western Bulldogs","Brisbane Lions"
2023,3,"Jordan","De Goey","COLL",10,"Collingwood","Richmond"
2023,3,"Billy","Frampton","COLL",4,"Collingwood","Richmond"
2023,3,"Liam","Baker","RICH",4,"Collingwood","Richmond"
2023,3,"Nick","Daicos","COLL",3,"Collingwood","Richmond"
2023,3,"Josh","Daicos","COLL",3,"Collingwood","Richmond"
2023,3,"Nathan","Murphy","COLL",2,"Collingwood","Richmond"
2023,3,"Steele","Sidebottom","COLL",2,"Collingwood","Richmond"
2023,3,"Toby","Nankervis","RICH",1,"Collingwood","Richmond"
2023,3,"Scott","Pendlebury","COLL",1,"Collingwood","Richmond"
2023,3,"Will","Day","HAW",8,"Hawthorn","North Melbourne"
2023,3,"Dylan","Moore","HAW",8,"Hawthorn","North Melbourne"
2023,3,"James","Sicily","HAW",5,"Hawthorn","North Melbourne"
2023,3,"Blake","Hardwick","HAW",3,"Hawthorn","North Melbourne"
2023,3,"Sam","Frost","HAW",3,"Hawthorn","North Melbourne"
2023,3,"Tyler","Brockman","HAW",2,"Hawthorn","North Melbourne"
2023,3,"Changkuoth","Jiath","HAW",1,"Hawthorn","North Melbourne"
2023,3,"Patrick","Cripps","CARL",10,"GWS Giants","Carlton"
2023,3,"Nicholas","Newman","CARL",8,"GWS Giants","Carlton"
2023,3,"Sam","Docherty","CARL",4,"GWS Giants","Carlton"
2023,3,"Adam","Cerra","CARL",3,"GWS Giants","Carlton"
2023,3,"Sam","Taylor","GWS",2,"GWS Giants","Carlton"
2023,3,"Josh","Kelly","GWS",2,"GWS Giants","Carlton"
2023,3,"Jack","Buckley","GWS",1,"GWS Giants","Carlton"
2023,3,"Mason","Wood","STK",10,"St Kilda","Essendon"
2023,3,"Callum","Wilkie","STK",8,"St Kilda","Essendon"
2023,3,"Jack","Higgins","STK",4,"St Kilda","Essendon"
2023,3,"Nic","Martin","ESS",3,"St Kilda","Essendon"
2023,3,"Jye","Caldwell","ESS",2,"St Kilda","Essendon"
2023,3,"Darcy","Parish","ESS",2,"St Kilda","Essendon"
2023,3,"Dan","Butler","STK",1,"St Kilda","Essendon"
2023,3,"Izak","Rankine","ADEL",10,"Port Adelaide","Adelaide Crows"
2023,3,"Riley","Thilthorpe","ADEL",7,"Port Adelaide","Adelaide Crows"
2023,3,"Jordan","Dawson","ADEL",5,"Port Adelaide","Adelaide Crows"
2023,3,"Sam","Powell-Pepper","PORT",3,"Port Adelaide","Adelaide Crows"
2023,3,"Reilly","O'Brien","ADEL",3,"Port Adelaide","Adelaide Crows"
2023,3,"Connor","Rozee","PORT",2,"Port Adelaide","Adelaide Crows"
2023,3,"Matt","Rowell","GCFC",9,"Gold Coast Suns","Geelong Cats"
2023,3,"Jack","Lukosius","GCFC",9,"Gold Coast Suns","Geelong Cats"
2023,3,"Jarrod","Witts","GCFC",5,"Gold Coast Suns","Geelong Cats"
2023,3,"Lachie","Weller","GCFC",3,"Gold Coast Suns","Geelong Cats"
2023,3,"Jeremy","Cameron","GEEL",2,"Gold Coast Suns","Geelong Cats"
2023,3,"Touk","Miller","GCFC",2,"Gold Coast Suns","Geelong Cats"
2023,3,"Clayton","Oliver","MELB",9,"Melbourne","Sydney Swans"
2023,3,"Christian","Petracca","MELB",7,"Melbourne","Sydney Swans"
2023,3,"Ed","Langdon","MELB",6,"Melbourne","Sydney Swans"
2023,3,"Brodie","Grundy","MELB",6,"Melbourne","Sydney Swans"
2023,3,"Lachie","Hunter","MELB",1,"Melbourne","Sydney Swans"
2023,3,"Kade","Chandler","MELB",1,"Melbourne","Sydney Swans"
2023,3,"Caleb","Serong","FRE",10,"Fremantle","West Coast Eagles"
2023,3,"Tim","Kelly","WCE",7,"Fremantle","West Coast Eagles"
2023,3,"Sam","Switkowski","FRE",7,"Fremantle","West Coast Eagles"
2023,3,"Michael","Walters","FRE",2,"Fremantle","West Coast Eagles"
2023,3,"James","Aish","FRE",2,"Fremantle","West Coast Eagles"
2023,3,"Oscar","Allen","WCE",1,"Fremantle","West Coast Eagles"
2023,3,"Shannon","Hurn","WCE",1,"Fremantle","West Coast Eagles"
2023,4,"Charlie","Cameron","BL",9,"Brisbane Lions","Collingwood"
2023,4,"Cameron","Rayner","BL",8,"Brisbane Lions","Collingwood"
2023,4,"Nick","Daicos","COLL",7,"Brisbane Lions","Collingwood"
2023,4,"Oscar","McInerney","BL",2,"Brisbane Lions","Collingwood"
2023,4,"Joe","Daniher","BL",2,"Brisbane Lions","Collingwood"
2023,4,"Brayden","Maynard","COLL",1,"Brisbane Lions","Collingwood"
2023,4,"Conor","McKenna","BL",1,"Brisbane Lions","Collingwood"
2023,4,"Harry","McKay","CARL",9,"North Melbourne","Carlton"
2023,4,"Charlie","Curnow","CARL",9,"North Melbourne","Carlton"
2023,4,"Mitch","McGovern","CARL",3,"North Melbourne","Carlton"
2023,4,"Harry","Sheezel","NMFC",3,"North Melbourne","Carlton"
2023,4,"Cameron","Zurhaar","NMFC",2,"North Melbourne","Carlton"
2023,4,"Zac","Fisher","CARL",2,"North Melbourne","Carlton"
2023,4,"Jacob","Weitering","CARL",1,"North Melbourne","Carlton"
2023,4,"Luke","Davies-Uniacke","NMFC",1,"North Melbourne","Carlton"
2023,4,"Jordan","Dawson","ADEL",7,"Adelaide Crows","Fremantle"
2023,4,"Max","Michalanney","ADEL",5,"Adelaide Crows","Fremantle"
2023,4,"Ned","McHenry","ADEL",5,"Adelaide Crows","Fremantle"
2023,4,"Brodie","Smith","ADEL",4,"Adelaide Crows","Fremantle"
2023,4,"Taylor","Walker","ADEL",3,"Adelaide Crows","Fremantle"
2023,4,"Chayce","Jones","ADEL",3,"Adelaide Crows","Fremantle"
2023,4,"Izak","Rankine","ADEL",2,"Adelaide Crows","Fremantle"
2023,4,"Riley","Thilthorpe","ADEL",1,"Adelaide Crows","Fremantle"
2023,4,"Marcus","Bontempelli","WB",9,"Richmond","Western Bulldogs"
2023,4,"Tim","English","WB",8,"Richmond","Western Bulldogs"
2023,4,"Tom","Liberatore","WB",4,"Richmond","Western Bulldogs"
2023,4,"Caleb","Daniel","WB",3,"Richmond","Western Bulldogs"
2023,4,"Liam","Baker","RICH",2,"Richmond","Western Bulldogs"
2023,4,"Bailey","Dale","WB",2,"Richmond","Western Bulldogs"
2023,4,"Daniel","Rioli","RICH",2,"Richmond","Western Bulldogs"
2023,4,"Jack","Sinclair","STK",9,"St Kilda","Gold Coast Suns"
2023,4,"Mitch","Owens","STK",8,"St Kilda","Gold Coast Suns"
2023,4,"Jack","Higgins","STK",6,"St Kilda","Gold Coast Suns"
2023,4,"Brad","Crouch","STK",3,"St Kilda","Gold Coast Suns"
2023,4,"Callum","Wilkie","STK",3,"St Kilda","Gold Coast Suns"
2023,4,"Sebastian","Ross","STK",1,"St Kilda","Gold Coast Suns"
2023,4,"Chad","Warner","SYD",9,"Sydney Swans","Port Adelaide"
2023,4,"Aliir","Aliir","PORT",7,"Sydney Swans","Port Adelaide"
2023,4,"Oliver","Florent","SYD",7,"Sydney Swans","Port Adelaide"
2023,4,"Zak","Butters","PORT",5,"Sydney Swans","Port Adelaide"
2023,4,"Xavier","Duursma","PORT",1,"Sydney Swans","Port Adelaide"
2023,4,"Jeremy","Finlayson","PORT",1,"Sydney Swans","Port Adelaide"
2023,4,"Jake","Stringer","ESS",10,"Essendon","GWS Giants"
2023,4,"Zach","Merrett","ESS",7,"Essendon","GWS Giants"
2023,4,"Mason","Redman","ESS",6,"Essendon","GWS Giants"
2023,4,"Nic","Martin","ESS",3,"Essendon","GWS Giants"
2023,4,"Sam","Draper","ESS",2,"Essendon","GWS Giants"
2023,4,"Josh","Kelly","GWS",1,"Essendon","GWS Giants"
2023,4,"Nick","Haynes","GWS",1,"Essendon","GWS Giants"
2023,4,"Christian","Petracca","MELB",9,"West Coast Eagles","Melbourne"
2023,4,"Clayton","Oliver","MELB",8,"West Coast Eagles","Melbourne"
2023,4,"Brodie","Grundy","MELB",6,"West Coast Eagles","Melbourne"
2023,4,"Tim","Kelly","WCE",5,"West Coast Eagles","Melbourne"
2023,4,"Tom","McDonald","MELB",2,"West Coast Eagles","Melbourne"
2023,4,"Jeremy","Cameron","GEEL",10,"Geelong Cats","Hawthorn"
2023,4,"Mitch","Duncan","GEEL",8,"Geelong Cats","Hawthorn"
2023,4,"Patrick","Dangerfield","GEEL",5,"Geelong Cats","Hawthorn"
2023,4,"Tom","Stewart","GEEL",3,"Geelong Cats","Hawthorn"
2023,4,"Max","Holmes","GEEL",2,"Geelong Cats","Hawthorn"
2023,4,"Isaac","Smith","GEEL",1,"Geelong Cats","Hawthorn"
2023,4,"Mark","O'Connor","GEEL",1,"Geelong Cats","Hawthorn"
2023,5,"Rory","Laird","ADEL",9,"Adelaide Crows","Carlton"
2023,5,"Jordan","Dawson","ADEL",9,"Adelaide Crows","Carlton"
2023,5,"Darcy","Fogarty","ADEL",6,"Adelaide Crows","Carlton"
2023,5,"Taylor","Walker","ADEL",2,"Adelaide Crows","Carlton"
2023,5,"Chayce","Jones","ADEL",2,"Adelaide Crows","Carlton"
2023,5,"Tom","Doedee","ADEL",2,"Adelaide Crows","Carlton"
2023,5,"Caleb","Serong","FRE",10,"Fremantle","Gold Coast Suns"
2023,5,"Sean","Darcy","FRE",6,"Fremantle","Gold Coast Suns"
2023,5,"Jack","Lukosius","GCFC",6,"Fremantle","Gold Coast Suns"
2023,5,"Lachie","Schultz","FRE",4,"Fremantle","Gold Coast Suns"
2023,5,"Michael","Walters","FRE",3,"Fremantle","Gold Coast Suns"
2023,5,"Noah","Anderson","GCFC",1,"Fremantle","Gold Coast Suns"
2023,5,"Tom","Papley","SYD",10,"Sydney Swans","Richmond"
2023,5,"Nick","Blakey","SYD",8,"Sydney Swans","Richmond"
2023,5,"Isaac","Heeney","SYD",5,"Sydney Swans","Richmond"
2023,5,"Chad","Warner","SYD",5,"Sydney Swans","Richmond"
2023,5,"Liam","Baker","RICH",2,"Sydney Swans","Richmond"
2023,5,"Lachie","Neale","BL",10,"North Melbourne","Brisbane Lions"
2023,5,"Joe","Daniher","BL",8,"North Melbourne","Brisbane Lions"
2023,5,"Eric","Hipwood","BL",6,"North Melbourne","Brisbane Lions"
2023,5,"Dayne","Zorko","BL",3,"North Melbourne","Brisbane Lions"
2023,5,"Josh","Dunkley","BL",3,"North Melbourne","Brisbane Lions"
2023,5,"Zach","Merrett","ESS",8,"Essendon","Melbourne"
2023,5,"Sam","Draper","ESS",8,"Essendon","Melbourne"
2023,5,"Andrew","McGrath","ESS",4,"Essendon","Melbourne"
2023,5,"Darcy","Parish","ESS",4,"Essendon","Melbourne"
2023,5,"Kyle","Langford","ESS",2,"Essendon","Melbourne"
2023,5,"Sam","Durham","ESS",2,"Essendon","Melbourne"
2023,5,"Christian","Petracca","MELB",1,"Essendon","Melbourne"
2023,5,"Dylan","Shiel","ESS",1,"Essendon","Melbourne"
2023,5,"Zak","Butters","PORT",10,"Port Adelaide","Western Bulldogs"
2023,5,"Cody","Weightman","WB",8,"Port Adelaide","Western Bulldogs"
2023,5,"Dan","Houston","PORT",4,"Port Adelaide","Western Bulldogs"
2023,5,"Aliir","Aliir","PORT",3,"Port Adelaide","Western Bulldogs"
2023,5,"Todd","Marshall","PORT",2,"Port Adelaide","Western Bulldogs"
2023,5,"Tim","English","WB",2,"Port Adelaide","Western Bulldogs"
2023,5,"Liam","Jones","WB",1,"Port Adelaide","Western Bulldogs"
2023,5,"Patrick","Dangerfield","GEEL",9,"Geelong Cats","West Coast Eagles"
2023,5,"Max","Holmes","GEEL",6,"Geelong Cats","West Coast Eagles"
2023,5,"Jeremy","Cameron","GEEL",5,"Geelong Cats","West Coast Eagles"
2023,5,"Esava","Ratugolea","GEEL",4,"Geelong Cats","West Coast Eagles"
2023,5,"Mark","Blicavs","GEEL",3,"Geelong Cats","West Coast Eagles"
2023,5,"Tom","Hawkins","GEEL",2,"Geelong Cats","West Coast Eagles"
2023,5,"Jake","Waterman","WCE",1,"Geelong Cats","West Coast Eagles"
2023,5,"Sam","Taylor","GWS",9,"Hawthorn","GWS Giants"
2023,5,"Toby","Greene","GWS",7,"Hawthorn","GWS Giants"
2023,5,"Jai","Newcombe","HAW",7,"Hawthorn","GWS Giants"
2023,5,"Jack","Buckley","GWS",3,"Hawthorn","GWS Giants"
2023,5,"James","Worpel","HAW",2,"Hawthorn","GWS Giants"
2023,5,"Ned","Reeves","HAW",1,"Hawthorn","GWS Giants"
2023,5,"Stephen","Coniglio","GWS",1,"Hawthorn","GWS Giants"
2023,5,"Nick","Daicos","COLL",10,"St Kilda","Collingwood"
2023,5,"Darcy","Moore","COLL",8,"St Kilda","Collingwood"
2023,5,"Callum","Wilkie","STK",6,"St Kilda","Collingwood"
2023,5,"Josh","Daicos","COLL",3,"St Kilda","Collingwood"
2023,5,"Rowan","Marshall","STK",2,"St Kilda","Collingwood"
2023,5,"Brad","Crouch","STK",1,"St Kilda","Collingwood"
2023,6,"Marcus","Bontempelli","WB",10,"Fremantle","Western Bulldogs"
2023,6,"Adam","Treloar","WB",7,"Fremantle","Western Bulldogs"
2023,6,"Bailey","Williams","WB",6,"Fremantle","Western Bulldogs"
2023,6,"Jack","Macrae","WB",5,"Fremantle","Western Bulldogs"
2023,6,"Liam","Jones","WB",1,"Fremantle","Western Bulldogs"
2023,6,"Aaron","Naughton","WB",1,"Fremantle","Western Bulldogs"
2023,6,"Connor","Rozee","PORT",10,"Port Adelaide","West Coast Eagles"
2023,6,"Jeremy","Finlayson","PORT",7,"Port Adelaide","West Coast Eagles"
2023,6,"Bailey","J Williams","WCE",7,"Port Adelaide","West Coast Eagles"
2023,6,"Zak","Butters","PORT",2,"Port Adelaide","West Coast Eagles"
2023,6,"Willem","Drew","PORT",2,"Port Adelaide","West Coast Eagles"
2023,6,"Tim","Kelly","WCE",1,"Port Adelaide","West Coast Eagles"
2023,6,"Dan","Houston","PORT",1,"Port Adelaide","West Coast Eagles"
2023,6,"Charlie","Cameron","BL",10,"GWS Giants","Brisbane Lions"
2023,6,"Josh","Kelly","GWS",7,"GWS Giants","Brisbane Lions"
2023,6,"Jack","Payne","BL",4,"GWS Giants","Brisbane Lions"
2023,6,"Daniel","Rich","BL",3,"GWS Giants","Brisbane Lions"
2023,6,"Stephen","Coniglio","GWS",2,"GWS Giants","Brisbane Lions"
2023,6,"Nick","Haynes","GWS",2,"GWS Giants","Brisbane Lions"
2023,6,"Brandon","Starcevich","BL",1,"GWS Giants","Brisbane Lions"
2023,6,"Brent","Daniels","GWS",1,"GWS Giants","Brisbane Lions"
2023,6,"Patrick","Dangerfield","GEEL",10,"Geelong Cats","Sydney Swans"
2023,6,"Jeremy","Cameron","GEEL",7,"Geelong Cats","Sydney Swans"
2023,6,"Mark","Blicavs","GEEL",6,"Geelong Cats","Sydney Swans"
2023,6,"Tom","Hawkins","GEEL",5,"Geelong Cats","Sydney Swans"
2023,6,"Cameron","Guthrie","GEEL",1,"Geelong Cats","Sydney Swans"
2023,6,"Tom","Stewart","GEEL",1,"Geelong Cats","Sydney Swans"
2023,6,"Taylor","Walker","ADEL",7,"Hawthorn","Adelaide Crows"
2023,6,"Rory","Laird","ADEL",6,"Hawthorn","Adelaide Crows"
2023,6,"Rory","Sloane","ADEL",5,"Hawthorn","Adelaide Crows"
2023,6,"Conor","Nash","HAW",5,"Hawthorn","Adelaide Crows"
2023,6,"Jai","Newcombe","HAW",3,"Hawthorn","Adelaide Crows"
2023,6,"James","Sicily","HAW",2,"Hawthorn","Adelaide Crows"
2023,6,"Sam","Frost","HAW",2,"Hawthorn","Adelaide Crows"
2023,6,"Jack","Sinclair","STK",10,"Carlton","St Kilda"
2023,6,"Patrick","Cripps","CARL",7,"Carlton","St Kilda"
2023,6,"Adam","Cerra","CARL",6,"Carlton","St Kilda"
2023,6,"Bradley","Hill","STK",3,"Carlton","St Kilda"
2023,6,"Dan","Butler","STK",2,"Carlton","St Kilda"
2023,6,"Rowan","Marshall","STK",1,"Carlton","St Kilda"
2023,6,"Sebastian","Ross","STK",1,"Carlton","St Kilda"
2023,6,"Noah","Anderson","GCFC",9,"Gold Coast Suns","North Melbourne"
2023,6,"Ben","King","GCFC",7,"Gold Coast Suns","North Melbourne"
2023,6,"Lachie","Weller","GCFC",7,"Gold Coast Suns","North Melbourne"
2023,6,"Matt","Rowell","GCFC",3,"Gold Coast Suns","North Melbourne"
2023,6,"Ben","Ainsworth","GCFC",2,"Gold Coast Suns","North Melbourne"
2023,6,"Darcy","MacPherson","GCFC",2,"Gold Coast Suns","North Melbourne"
2023,6,"Tim","Taranto","RICH",9,"Melbourne","Richmond"
2023,6,"Jack","Viney","MELB",6,"Melbourne","Richmond"
2023,6,"Michael","Hibberd","MELB",4,"Melbourne","Richmond"
2023,6,"Jack","Riewoldt","RICH",3,"Melbourne","Richmond"
2023,6,"Max","Gawn","MELB",3,"Melbourne","Richmond"
2023,6,"Clayton","Oliver","MELB",2,"Melbourne","Richmond"
2023,6,"Jayden","Short","RICH",2,"Melbourne","Richmond"
2023,6,"Christian","Petracca","MELB",1,"Melbourne","Richmond"
2023,6,"Nick","Daicos","COLL",10,"Collingwood","Essendon"
2023,6,"Steele","Sidebottom","COLL",7,"Collingwood","Essendon"
2023,6,"Jordan","De Goey","COLL",6,"Collingwood","Essendon"
2023,6,"Darcy","Moore","COLL",5,"Collingwood","Essendon"
2023,6,"Mason","Redman","ESS",1,"Collingwood","Essendon"
2023,6,"Kyle","Langford","ESS",1,"Collingwood","Essendon"
2023,7,"Jason","Horne-Francis","PORT",10,"St Kilda","Port Adelaide"
2023,7,"Rowan","Marshall","STK",6,"St Kilda","Port Adelaide"
2023,7,"Travis","Boak","PORT",6,"St Kilda","Port Adelaide"
2023,7,"Zak","Butters","PORT",4,"St Kilda","Port Adelaide"
2023,7,"Sam","Powell-Pepper","PORT",2,"St Kilda","Port Adelaide"
2023,7,"Jack","Sinclair","STK",1,"St Kilda","Port Adelaide"
2023,7,"Mitch","Owens","STK",1,"St Kilda","Port Adelaide"
2023,7,"Lachie","Neale","BL",10,"Brisbane Lions","Fremantle"
2023,7,"Will","Ashcroft","BL",7,"Brisbane Lions","Fremantle"
2023,7,"Oscar","McInerney","BL",5,"Brisbane Lions","Fremantle"
2023,7,"Brandon","Starcevich","BL",3,"Brisbane Lions","Fremantle"
2023,7,"Dayne","Zorko","BL",3,"Brisbane Lions","Fremantle"
2023,7,"Josh","Dunkley","BL",2,"Brisbane Lions","Fremantle"
2023,7,"Toby","Greene","GWS",10,"Sydney Swans","GWS Giants"
2023,7,"Luke","Parker","SYD",8,"Sydney Swans","GWS Giants"
2023,7,"Peter","Ladhams","SYD",5,"Sydney Swans","GWS Giants"
2023,7,"Harry","Perryman","GWS",4,"Sydney Swans","GWS Giants"
2023,7,"Jack","Buckley","GWS",2,"Sydney Swans","GWS Giants"
2023,7,"Stephen","Coniglio","GWS",1,"Sydney Swans","GWS Giants"
2023,7,"Will","Day","HAW",5,"Western Bulldogs","Hawthorn"
2023,7,"Caleb","Daniel","WB",5,"Western Bulldogs","Hawthorn"
2023,7,"Bailey","Williams","WB",4,"Western Bulldogs","Hawthorn"
2023,7,"Jai","Newcombe","HAW",4,"Western Bulldogs","Hawthorn"
2023,7,"Ed","Richards","WB",3,"Western Bulldogs","Hawthorn"
2023,7,"Aaron","Naughton","WB",3,"Western Bulldogs","Hawthorn"
2023,7,"Blake","Hardwick","HAW",3,"Western Bulldogs","Hawthorn"
2023,7,"Ned","Reeves","HAW",3,"Western Bulldogs","Hawthorn"
2023,7,"Christian","Petracca","MELB",10,"Melbourne","North Melbourne"
2023,7,"Clayton","Oliver","MELB",7,"Melbourne","North Melbourne"
2023,7,"Angus","Brayshaw","MELB",5,"Melbourne","North Melbourne"
2023,7,"Kade","Chandler","MELB",5,"Melbourne","North Melbourne"
2023,7,"Kysaiah","Pickett","MELB",3,"Melbourne","North Melbourne"
2023,7,"Charlie","Curnow","CARL",10,"West Coast Eagles","Carlton"
2023,7,"Nicholas","Newman","CARL",7,"West Coast Eagles","Carlton"
2023,7,"Patrick","Cripps","CARL",5,"West Coast Eagles","Carlton"
2023,7,"Adam","Cerra","CARL",4,"West Coast Eagles","Carlton"
2023,7,"Blake","Acres","CARL",3,"West Coast Eagles","Carlton"
2023,7,"Harry","McKay","CARL",1,"West Coast Eagles","Carlton"
2023,7,"Tom","Hawkins","GEEL",10,"Essendon","Geelong Cats"
2023,7,"Patrick","Dangerfield","GEEL",8,"Essendon","Geelong Cats"
2023,7,"Jake","Stringer","ESS",6,"Essendon","Geelong Cats"
2023,7,"Tom","Stewart","GEEL",3,"Essendon","Geelong Cats"
2023,7,"Mark","Blicavs","GEEL",2,"Essendon","Geelong Cats"
2023,7,"Sam","Weideman","ESS",1,"Essendon","Geelong Cats"
2023,7,"Noah","Anderson","GCFC",9,"Richmond","Gold Coast Suns"
2023,7,"Wil","Powell","GCFC",9,"Richmond","Gold Coast Suns"
2023,7,"Charlie","Ballard","GCFC",6,"Richmond","Gold Coast Suns"
2023,7,"Matt","Rowell","GCFC",2,"Richmond","Gold Coast Suns"
2023,7,"Ben","King","GCFC",2,"Richmond","Gold Coast Suns"
2023,7,"Jarrod","Witts","GCFC",1,"Richmond","Gold Coast Suns"
2023,7,"Jayden","Short","RICH",1,"Richmond","Gold Coast Suns"
2023,7,"Darcy","Moore","COLL",9,"Adelaide Crows","Collingwood"
2023,7,"Jordan","Dawson","ADEL",5,"Adelaide Crows","Collingwood"
2023,7,"Tom","Doedee","ADEL",4,"Adelaide Crows","Collingwood"
2023,7,"Chayce","Jones","ADEL",3,"Adelaide Crows","Collingwood"
2023,7,"Reilly","O'Brien","ADEL",3,"Adelaide Crows","Collingwood"
2023,7,"Jordan","De Goey","COLL",2,"Adelaide Crows","Collingwood"
2023,7,"Josh","Daicos","COLL",2,"Adelaide Crows","Collingwood"
2023,7,"John","Noble","COLL",1,"Adelaide Crows","Collingwood"
2023,7,"Rory","Laird","ADEL",1,"Adelaide Crows","Collingwood"
2023,8,"Josh","Dunkley","BL",10,"Carlton","Brisbane Lions"
2023,8,"Jack","Payne","BL",8,"Carlton","Brisbane Lions"
2023,8,"Charlie","Cameron","BL",4,"Carlton","Brisbane Lions"
2023,8,"Adam","Cerra","CARL",3,"Carlton","Brisbane Lions"
2023,8,"Harris","Andrews","BL",3,"Carlton","Brisbane Lions"
2023,8,"Zac","Bailey","BL",1,"Carlton","Brisbane Lions"
2023,8,"Hugh","McCluggage","BL",1,"Carlton","Brisbane Lions"
2023,8,"Shai","Bolton","RICH",10,"Richmond","West Coast Eagles"
2023,8,"Tim","Taranto","RICH",7,"Richmond","West Coast Eagles"
2023,8,"Dion","Prestia","RICH",7,"Richmond","West Coast Eagles"
2023,8,"Jacob","Hopper","RICH",2,"Richmond","West Coast Eagles"
2023,8,"Oscar","Allen","WCE",2,"Richmond","West Coast Eagles"
2023,8,"Dustin","Martin","RICH",1,"Richmond","West Coast Eagles"
2023,8,"Liam","Baker","RICH",1,"Richmond","West Coast Eagles"
2023,8,"Esava","Ratugolea","GEEL",10,"Geelong Cats","Adelaide Crows"
2023,8,"Max","Holmes","GEEL",5,"Geelong Cats","Adelaide Crows"
2023,8,"Mark","Blicavs","GEEL",4,"Geelong Cats","Adelaide Crows"
2023,8,"Zach","Guthrie","GEEL",4,"Geelong Cats","Adelaide Crows"
2023,8,"Jordan","Dawson","ADEL",3,"Geelong Cats","Adelaide Crows"
2023,8,"Lachlan","Murphy","ADEL",2,"Geelong Cats","Adelaide Crows"
2023,8,"Jeremy","Cameron","GEEL",1,"Geelong Cats","Adelaide Crows"
2023,8,"Mark","O'Connor","GEEL",1,"Geelong Cats","Adelaide Crows"
2023,8,"Noah","Anderson","GCFC",10,"Gold Coast Suns","Melbourne"
2023,8,"Clayton","Oliver","MELB",7,"Gold Coast Suns","Melbourne"
2023,8,"Matt","Rowell","GCFC",4,"Gold Coast Suns","Melbourne"
2023,8,"Max","Gawn","MELB",3,"Gold Coast Suns","Melbourne"
2023,8,"Wil","Powell","GCFC",3,"Gold Coast Suns","Melbourne"
2023,8,"David","Swallow","GCFC",2,"Gold Coast Suns","Melbourne"
2023,8,"Charlie","Ballard","GCFC",1,"Gold Coast Suns","Melbourne"
2023,8,"Marcus","Bontempelli","WB",10,"GWS Giants","Western Bulldogs"
2023,8,"Tom","Green","GWS",8,"GWS Giants","Western Bulldogs"
2023,8,"Tim","English","WB",6,"GWS Giants","Western Bulldogs"
2023,8,"Tom","Liberatore","WB",4,"GWS Giants","Western Bulldogs"
2023,8,"Bailey","Smith","WB",1,"GWS Giants","Western Bulldogs"
2023,8,"Josh","Kelly","GWS",1,"GWS Giants","Western Bulldogs"
2023,8,"Luke","Jackson","FRE",10,"Fremantle","Hawthorn"
2023,8,"Andrew","Brayshaw","FRE",8,"Fremantle","Hawthorn"
2023,8,"Hayden","Young","FRE",6,"Fremantle","Hawthorn"
2023,8,"Jaeger","O'Meara","FRE",3,"Fremantle","Hawthorn"
2023,8,"Conor","Nash","HAW",2,"Fremantle","Hawthorn"
2023,8,"Jye","Amiss","FRE",1,"Fremantle","Hawthorn"
2023,8,"Zak","Butters","PORT",10,"Port Adelaide","Essendon"
2023,8,"Connor","Rozee","PORT",6,"Port Adelaide","Essendon"
2023,8,"Miles","Bergman","PORT",4,"Port Adelaide","Essendon"
2023,8,"Darcy","Parish","ESS",3,"Port Adelaide","Essendon"
2023,8,"Zach","Merrett","ESS",3,"Port Adelaide","Essendon"
2023,8,"Sam","Draper","ESS",3,"Port Adelaide","Essendon"
2023,8,"Dan","Houston","PORT",1,"Port Adelaide","Essendon"
2023,8,"Brody","Mihocek","COLL",9,"Collingwood","Sydney Swans"
2023,8,"Scott","Pendlebury","COLL",9,"Collingwood","Sydney Swans"
2023,8,"Errol","Gulden","SYD",5,"Collingwood","Sydney Swans"
2023,8,"Darcy","Moore","COLL",3,"Collingwood","Sydney Swans"
2023,8,"Isaac","Quaynor","COLL",2,"Collingwood","Sydney Swans"
2023,8,"Luke","Parker","SYD",2,"Collingwood","Sydney Swans"
2023,8,"Callum","Wilkie","STK",10,"North Melbourne","St Kilda"
2023,8,"Ben","McKay","NMFC",7,"North Melbourne","St Kilda"
2023,8,"Bradley","Hill","STK",5,"North Melbourne","St Kilda"
2023,8,"Nasiah","Wanganeen-Milera","STK",5,"North Melbourne","St Kilda"
2023,8,"Jack","Ziebell","NMFC",3,"North Melbourne","St Kilda"
2023,9,"Nathan","Broad","RICH",8,"Richmond","Geelong Cats"
2023,9,"Jayden","Short","RICH",7,"Richmond","Geelong Cats"
2023,9,"Dustin","Martin","RICH",6,"Richmond","Geelong Cats"
2023,9,"Daniel","Rioli","RICH",5,"Richmond","Geelong Cats"
2023,9,"Tom","Atkins","GEEL",3,"Richmond","Geelong Cats"
2023,9,"Liam","Baker","RICH",1,"Richmond","Geelong Cats"
2023,9,"Matt","Rowell","GCFC",10,"West Coast Eagles","Gold Coast Suns"
2023,9,"Charlie","Ballard","GCFC",8,"West Coast Eagles","Gold Coast Suns"
2023,9,"Ben","King","GCFC",4,"West Coast Eagles","Gold Coast Suns"
2023,9,"Jarrod","Witts","GCFC",3,"West Coast Eagles","Gold Coast Suns"
2023,9,"Noah","Anderson","GCFC",3,"West Coast Eagles","Gold Coast Suns"
2023,9,"Liam","Duggan","WCE",1,"West Coast Eagles","Gold Coast Suns"
2023,9,"David","Swallow","GCFC",1,"West Coast Eagles","Gold Coast Suns"
2023,9,"Sean","Darcy","FRE",10,"Sydney Swans","Fremantle"
2023,9,"Lachie","Schultz","FRE",5,"Sydney Swans","Fremantle"
2023,9,"Luke","Jackson","FRE",5,"Sydney Swans","Fremantle"
2023,9,"Errol","Gulden","SYD",5,"Sydney Swans","Fremantle"
2023,9,"Caleb","Serong","FRE",5,"Sydney Swans","Fremantle"
2023,9,"Zak","Butters","PORT",10,"North Melbourne","Port Adelaide"
2023,9,"Miles","Bergman","PORT",8,"North Melbourne","Port Adelaide"
2023,9,"Connor","Rozee","PORT",6,"North Melbourne","Port Adelaide"
2023,9,"Todd","Goldstein","NMFC",2,"North Melbourne","Port Adelaide"
2023,9,"Jeremy","Finlayson","PORT",2,"North Melbourne","Port Adelaide"
2023,9,"Jack","Ziebell","NMFC",2,"North Melbourne","Port Adelaide"
2023,9,"Christian","Petracca","MELB",10,"Hawthorn","Melbourne"
2023,9,"Jack","Viney","MELB",7,"Hawthorn","Melbourne"
2023,9,"Trent","Rivers","MELB",6,"Hawthorn","Melbourne"
2023,9,"James","Sicily","HAW",3,"Hawthorn","Melbourne"
2023,9,"Clayton","Oliver","MELB",2,"Hawthorn","Melbourne"
2023,9,"Steven","May","MELB",1,"Hawthorn","Melbourne"
2023,9,"Jai","Newcombe","HAW",1,"Hawthorn","Melbourne"
2023,9,"Joe","Daniher","BL",10,"Brisbane Lions","Essendon"
2023,9,"Lachie","Neale","BL",7,"Brisbane Lions","Essendon"
2023,9,"Andrew","McGrath","ESS",4,"Brisbane Lions","Essendon"
2023,9,"Ryan","Lester","BL",3,"Brisbane Lions","Essendon"
2023,9,"Oscar","McInerney","BL",3,"Brisbane Lions","Essendon"
2023,9,"Mason","Redman","ESS",2,"Brisbane Lions","Essendon"
2023,9,"Harris","Andrews","BL",1,"Brisbane Lions","Essendon"
2023,9,"Tom","Liberatore","WB",9,"Carlton","Western Bulldogs"
2023,9,"Ed","Richards","WB",8,"Carlton","Western Bulldogs"
2023,9,"Bailey","Smith","WB",5,"Carlton","Western Bulldogs"
2023,9,"Jason","Johannisen","WB",3,"Carlton","Western Bulldogs"
2023,9,"Liam","Jones","WB",2,"Carlton","Western Bulldogs"
2023,9,"Sam","Walsh","CARL",2,"Carlton","Western Bulldogs"
2023,9,"Bailey","Dale","WB",1,"Carlton","Western Bulldogs"
2023,9,"Brodie","Smith","ADEL",8,"Adelaide Crows","St Kilda"
2023,9,"Taylor","Walker","ADEL",8,"Adelaide Crows","St Kilda"
2023,9,"Wayne","Milera","ADEL",5,"Adelaide Crows","St Kilda"
2023,9,"Jordan","Dawson","ADEL",5,"Adelaide Crows","St Kilda"
2023,9,"Luke","Pedlar","ADEL",2,"Adelaide Crows","St Kilda"
2023,9,"Chayce","Jones","ADEL",1,"Adelaide Crows","St Kilda"
2023,9,"Izak","Rankine","ADEL",1,"Adelaide Crows","St Kilda"
2023,9,"Mason","Cox","COLL",10,"Collingwood","GWS Giants"
2023,9,"Jordan","De Goey","COLL",8,"Collingwood","GWS Giants"
2023,9,"Nick","Daicos","COLL",6,"Collingwood","GWS Giants"
2023,9,"Tom","Mitchell","COLL",4,"Collingwood","GWS Giants"
2023,9,"Darcy","Moore","COLL",2,"Collingwood","GWS Giants"
2023,10,"Zak","Butters","PORT",10,"Port Adelaide","Melbourne"
2023,10,"Connor","Rozee","PORT",8,"Port Adelaide","Melbourne"
2023,10,"Dan","Houston","PORT",6,"Port Adelaide","Melbourne"
2023,10,"Clayton","Oliver","MELB",2,"Port Adelaide","Melbourne"
2023,10,"Willem","Drew","PORT",2,"Port Adelaide","Melbourne"
2023,10,"Lachie","Hunter","MELB",2,"Port Adelaide","Melbourne"
2023,10,"Luke","Parker","SYD",10,"North Melbourne","Sydney Swans"
2023,10,"Bailey","Scott","NMFC",7,"North Melbourne","Sydney Swans"
2023,10,"Jy","Simpkin","NMFC",7,"North Melbourne","Sydney Swans"
2023,10,"Lance","Franklin","SYD",2,"North Melbourne","Sydney Swans"
2023,10,"Chad","Warner","SYD",2,"North Melbourne","Sydney Swans"
2023,10,"Todd","Goldstein","NMFC",1,"North Melbourne","Sydney Swans"
2023,10,"Harry","Sheezel","NMFC",1,"North Melbourne","Sydney Swans"
2023,10,"Bailey","Smith","WB",10,"Western Bulldogs","Adelaide Crows"
2023,10,"Tom","Liberatore","WB",6,"Western Bulldogs","Adelaide Crows"
2023,10,"Bailey","Dale","WB",6,"Western Bulldogs","Adelaide Crows"
2023,10,"Liam","Jones","WB",4,"Western Bulldogs","Adelaide Crows"
2023,10,"Caleb","Daniel","WB",2,"Western Bulldogs","Adelaide Crows"
2023,10,"Tim","English","WB",2,"Western Bulldogs","Adelaide Crows"
2023,10,"Andrew","Brayshaw","FRE",10,"Fremantle","Geelong Cats"
2023,10,"Caleb","Serong","FRE",8,"Fremantle","Geelong Cats"
2023,10,"Luke","Ryan","FRE",3,"Fremantle","Geelong Cats"
2023,10,"Ethan","Hughes","FRE",3,"Fremantle","Geelong Cats"
2023,10,"Jaeger","O'Meara","FRE",2,"Fremantle","Geelong Cats"
2023,10,"Sean","Darcy","FRE",2,"Fremantle","Geelong Cats"
2023,10,"Bailey","Banfield","FRE",1,"Fremantle","Geelong Cats"
2023,10,"Tom","Hawkins","GEEL",1,"Fremantle","Geelong Cats"
2023,10,"Lachie","Neale","BL",9,"Brisbane Lions","Gold Coast Suns"
2023,10,"Josh","Dunkley","BL",6,"Brisbane Lions","Gold Coast Suns"
2023,10,"Will","Ashcroft","BL",5,"Brisbane Lions","Gold Coast Suns"
2023,10,"Joe","Daniher","BL",5,"Brisbane Lions","Gold Coast Suns"
2023,10,"Hugh","McCluggage","BL",3,"Brisbane Lions","Gold Coast Suns"
2023,10,"Bailey","Humphrey","GCFC",1,"Brisbane Lions","Gold Coast Suns"
2023,10,"Charlie","Ballard","GCFC",1,"Brisbane Lions","Gold Coast Suns"
2023,10,"Zach","Merrett","ESS",10,"Essendon","Richmond"
2023,10,"Jordan","Ridley","ESS",7,"Essendon","Richmond"
2023,10,"Shai","Bolton","RICH",6,"Essendon","Richmond"
2023,10,"Tim","Taranto","RICH",5,"Essendon","Richmond"
2023,10,"Mason","Redman","ESS",1,"Essendon","Richmond"
2023,10,"Sam","Durham","ESS",1,"Essendon","Richmond"
2023,10,"Mitch","Lewis","HAW",10,"Hawthorn","West Coast Eagles"
2023,10,"James","Sicily","HAW",7,"Hawthorn","West Coast Eagles"
2023,10,"Joshua","Weddle","HAW",6,"Hawthorn","West Coast Eagles"
2023,10,"Jai","Newcombe","HAW",4,"Hawthorn","West Coast Eagles"
2023,10,"Conor","Nash","HAW",3,"Hawthorn","West Coast Eagles"
2023,10,"Darcy","Moore","COLL",10,"Carlton","Collingwood"
2023,10,"Josh","Daicos","COLL",8,"Carlton","Collingwood"
2023,10,"Brody","Mihocek","COLL",6,"Carlton","Collingwood"
2023,10,"Scott","Pendlebury","COLL",4,"Carlton","Collingwood"
2023,10,"Jordan","De Goey","COLL",1,"Carlton","Collingwood"
2023,10,"Steele","Sidebottom","COLL",1,"Carlton","Collingwood"
2023,10,"Jack","Sinclair","STK",10,"GWS Giants","St Kilda"
2023,10,"Rowan","Marshall","STK",8,"GWS Giants","St Kilda"
2023,10,"Josh","Kelly","GWS",3,"GWS Giants","St Kilda"
2023,10,"Callum","Wilkie","STK",3,"GWS Giants","St Kilda"
2023,10,"Brent","Daniels","GWS",2,"GWS Giants","St Kilda"
2023,10,"Tom","Green","GWS",2,"GWS Giants","St Kilda"
2023,10,"Max","King","STK",1,"GWS Giants","St Kilda"
2023,10,"Jack","Steele","STK",1,"GWS Giants","St Kilda"
2023,11,"Chad","Warner","SYD",9,"Sydney Swans","Carlton"
2023,11,"Nick","Blakey","SYD",9,"Sydney Swans","Carlton"
2023,11,"Jacob","Weitering","CARL",3,"Sydney Swans","Carlton"
2023,11,"Sam","Walsh","CARL",3,"Sydney Swans","Carlton"
2023,11,"Jake","Lloyd","SYD",2,"Sydney Swans","Carlton"
2023,11,"Charlie","Curnow","CARL",2,"Sydney Swans","Carlton"
2023,11,"Luke","Parker","SYD",1,"Sydney Swans","Carlton"
2023,11,"Isaac","Heeney","SYD",1,"Sydney Swans","Carlton"
2023,11,"James","Sicily","HAW",10,"St Kilda","Hawthorn"
2023,11,"Jai","Newcombe","HAW",8,"St Kilda","Hawthorn"
2023,11,"Dylan","Moore","HAW",6,"St Kilda","Hawthorn"
2023,11,"Mitch","Lewis","HAW",2,"St Kilda","Hawthorn"
2023,11,"Jarman","Impey","HAW",2,"St Kilda","Hawthorn"
2023,11,"Luke","Breust","HAW",1,"St Kilda","Hawthorn"
2023,11,"Max","King","STK",1,"St Kilda","Hawthorn"
2023,11,"Christian","Petracca","MELB",8,"Melbourne","Fremantle"
2023,11,"Luke","Jackson","FRE",8,"Melbourne","Fremantle"
2023,11,"Andrew","Brayshaw","FRE",6,"Melbourne","Fremantle"
2023,11,"Hayden","Young","FRE",3,"Melbourne","Fremantle"
2023,11,"Max","Gawn","MELB",2,"Melbourne","Fremantle"
2023,11,"Angus","Brayshaw","MELB",2,"Melbourne","Fremantle"
2023,11,"Jaeger","O'Meara","FRE",1,"Melbourne","Fremantle"
2023,11,"Toby","Greene","GWS",9,"Geelong Cats","GWS Giants"
2023,11,"Lachie","Whitfield","GWS",6,"Geelong Cats","GWS Giants"
2023,11,"Connor","Idun","GWS",6,"Geelong Cats","GWS Giants"
2023,11,"Tom","Stewart","GEEL",5,"Geelong Cats","GWS Giants"
2023,11,"Harry","Perryman","GWS",2,"Geelong Cats","GWS Giants"
2023,11,"Brent","Daniels","GWS",2,"Geelong Cats","GWS Giants"
2023,11,"Matt","Rowell","GCFC",10,"Gold Coast Suns","Western Bulldogs"
2023,11,"Jarrod","Witts","GCFC",6,"Gold Coast Suns","Western Bulldogs"
2023,11,"Liam","Jones","WB",4,"Gold Coast Suns","Western Bulldogs"
2023,11,"Charlie","Ballard","GCFC",3,"Gold Coast Suns","Western Bulldogs"
2023,11,"Jack","Lukosius","GCFC",3,"Gold Coast Suns","Western Bulldogs"
2023,11,"Noah","Anderson","GCFC",3,"Gold Coast Suns","Western Bulldogs"
2023,11,"Marcus","Bontempelli","WB",1,"Gold Coast Suns","Western Bulldogs"
2023,11,"Zach","Merrett","ESS",10,"West Coast Eagles","Essendon"
2023,11,"Nic","Martin","ESS",8,"West Coast Eagles","Essendon"
2023,11,"Mason","Redman","ESS",6,"West Coast Eagles","Essendon"
2023,11,"Oscar","Allen","WCE",3,"West Coast Eagles","Essendon"
2023,11,"Andrew","McGrath","ESS",2,"West Coast Eagles","Essendon"
2023,11,"Kyle","Langford","ESS",1,"West Coast Eagles","Essendon"
2023,11,"Tim","Taranto","RICH",10,"Richmond","Port Adelaide"
2023,11,"Zak","Butters","PORT",8,"Richmond","Port Adelaide"
2023,11,"Dan","Houston","PORT",6,"Richmond","Port Adelaide"
2023,11,"Aliir","Aliir","PORT",4,"Richmond","Port Adelaide"
2023,11,"Shai","Bolton","RICH",1,"Richmond","Port Adelaide"
2023,11,"Jason","Horne-Francis","PORT",1,"Richmond","Port Adelaide"
2023,11,"Jordan","De Goey","COLL",10,"Collingwood","North Melbourne"
2023,11,"Nick","Daicos","COLL",5,"Collingwood","North Melbourne"
2023,11,"Josh","Daicos","COLL",5,"Collingwood","North Melbourne"
2023,11,"Nick","Larkey","NMFC",5,"Collingwood","North Melbourne"
2023,11,"Isaac","Quaynor","COLL",4,"Collingwood","North Melbourne"
2023,11,"Hugh","Greenwood","NMFC",1,"Collingwood","North Melbourne"
2023,11,"Rory","Laird","ADEL",10,"Adelaide Crows","Brisbane Lions"
2023,11,"Izak","Rankine","ADEL",8,"Adelaide Crows","Brisbane Lions"
2023,11,"Jordan","Dawson","ADEL",6,"Adelaide Crows","Brisbane Lions"
2023,11,"Lachie","Neale","BL",2,"Adelaide Crows","Brisbane Lions"
2023,11,"Josh","Dunkley","BL",2,"Adelaide Crows","Brisbane Lions"
2023,11,"Zac","Bailey","BL",1,"Adelaide Crows","Brisbane Lions"
2023,11,"Charlie","Cameron","BL",1,"Adelaide Crows","Brisbane Lions"
2023,12,"Christian","Petracca","MELB",10,"Melbourne","Carlton"
2023,12,"Steven","May","MELB",8,"Melbourne","Carlton"
2023,12,"Jake","Lever","MELB",5,"Melbourne","Carlton"
2023,12,"Ed","Langdon","MELB",4,"Melbourne","Carlton"
2023,12,"Harry","McKay","CARL",2,"Melbourne","Carlton"
2023,12,"Jacob","Weitering","CARL",1,"Melbourne","Carlton"
2023,12,"Connor","Rozee","PORT",8,"Port Adelaide","Hawthorn"
2023,12,"Dan","Houston","PORT",7,"Port Adelaide","Hawthorn"
2023,12,"Jeremy","Finlayson","PORT",5,"Port Adelaide","Hawthorn"
2023,12,"Zak","Butters","PORT",4,"Port Adelaide","Hawthorn"
2023,12,"William","Rioli","PORT",3,"Port Adelaide","Hawthorn"
2023,12,"Luke","Breust","HAW",2,"Port Adelaide","Hawthorn"
2023,12,"James","Worpel","HAW",1,"Port Adelaide","Hawthorn"
2023,12,"Nick","Daicos","COLL",7,"West Coast Eagles","Collingwood"
2023,12,"Tom","Mitchell","COLL",5,"West Coast Eagles","Collingwood"
2023,12,"Brody","Mihocek","COLL",4,"West Coast Eagles","Collingwood"
2023,12,"Dom","Sheed","WCE",4,"West Coast Eagles","Collingwood"
2023,12,"Tim","Kelly","WCE",3,"West Coast Eagles","Collingwood"
2023,12,"Elliot","Yeo","WCE",3,"West Coast Eagles","Collingwood"
2023,12,"Taylor","Adams","COLL",3,"West Coast Eagles","Collingwood"
2023,12,"Darcy","Cameron","COLL",1,"West Coast Eagles","Collingwood"
2023,12,"Tom","Stewart","GEEL",10,"Western Bulldogs","Geelong Cats"
2023,12,"Tim","English","WB",8,"Western Bulldogs","Geelong Cats"
2023,12,"Caleb","Daniel","WB",5,"Western Bulldogs","Geelong Cats"
2023,12,"Gryan","Miers","GEEL",5,"Western Bulldogs","Geelong Cats"
2023,12,"Brad","Close","GEEL",1,"Western Bulldogs","Geelong Cats"
2023,12,"Tom","Atkins","GEEL",1,"Western Bulldogs","Geelong Cats"
2023,12,"Noah","Anderson","GCFC",9,"Gold Coast Suns","Adelaide Crows"
2023,12,"Jack","Lukosius","GCFC",8,"Gold Coast Suns","Adelaide Crows"
2023,12,"Matt","Rowell","GCFC",4,"Gold Coast Suns","Adelaide Crows"
2023,12,"Jarrod","Witts","GCFC",4,"Gold Coast Suns","Adelaide Crows"
2023,12,"Ben","Keays","ADEL",3,"Gold Coast Suns","Adelaide Crows"
2023,12,"Ben","King","GCFC",2,"Gold Coast Suns","Adelaide Crows"
2023,12,"Jack","Riewoldt","RICH",7,"GWS Giants","Richmond"
2023,12,"Shai","Bolton","RICH",5,"GWS Giants","Richmond"
2023,12,"Tim","Taranto","RICH",5,"GWS Giants","Richmond"
2023,12,"Callan","Ward","GWS",5,"GWS Giants","Richmond"
2023,12,"Noah","Balta","RICH",5,"GWS Giants","Richmond"
2023,12,"Tom","Green","GWS",3,"GWS Giants","Richmond"
2023,12,"Zach","Merrett","ESS",9,"Essendon","North Melbourne"
2023,12,"Jordan","Ridley","ESS",9,"Essendon","North Melbourne"
2023,12,"Ben","McKay","NMFC",6,"Essendon","North Melbourne"
2023,12,"Nic","Martin","ESS",3,"Essendon","North Melbourne"
2023,12,"Will","Phillips","NMFC",3,"Essendon","North Melbourne"
2023,13,"Jack","Sinclair","STK",9,"Sydney Swans","St Kilda"
2023,13,"Mitch","Owens","STK",7,"Sydney Swans","St Kilda"
2023,13,"Nasiah","Wanganeen-Milera","STK",6,"Sydney Swans","St Kilda"
2023,13,"Oliver","Florent","SYD",5,"Sydney Swans","St Kilda"
2023,13,"Brad","Crouch","STK",2,"Sydney Swans","St Kilda"
2023,13,"Callum","Wilkie","STK",1,"Sydney Swans","St Kilda"
2023,13,"Zak","Butters","PORT",10,"Western Bulldogs","Port Adelaide"
2023,13,"Tom","Liberatore","WB",8,"Western Bulldogs","Port Adelaide"
2023,13,"Scott","Lycett","PORT",5,"Western Bulldogs","Port Adelaide"
2023,13,"Travis","Boak","PORT",3,"Western Bulldogs","Port Adelaide"
2023,13,"Connor","Rozee","PORT",2,"Western Bulldogs","Port Adelaide"
2023,13,"Lachie","Jones","PORT",2,"Western Bulldogs","Port Adelaide"
2023,13,"Connor","MacDonald","HAW",9,"Hawthorn","Brisbane Lions"
2023,13,"Jai","Newcombe","HAW",7,"Hawthorn","Brisbane Lions"
2023,13,"James","Sicily","HAW",5,"Hawthorn","Brisbane Lions"
2023,13,"Josh","Dunkley","BL",4,"Hawthorn","Brisbane Lions"
2023,13,"Jarman","Impey","HAW",3,"Hawthorn","Brisbane Lions"
2023,13,"Dylan","Moore","HAW",1,"Hawthorn","Brisbane Lions"
2023,13,"Eric","Hipwood","BL",1,"Hawthorn","Brisbane Lions"
2023,13,"Taylor","Walker","ADEL",10,"Adelaide Crows","West Coast Eagles"
2023,13,"Jordan","Dawson","ADEL",7,"Adelaide Crows","West Coast Eagles"
2023,13,"Rory","Laird","ADEL",7,"Adelaide Crows","West Coast Eagles"
2023,13,"Rory","Sloane","ADEL",3,"Adelaide Crows","West Coast Eagles"
2023,13,"Ben","Keays","ADEL",2,"Adelaide Crows","West Coast Eagles"
2023,13,"Izak","Rankine","ADEL",1,"Adelaide Crows","West Coast Eagles"
2023,13,"Tim","Taranto","RICH",9,"Fremantle","Richmond"
2023,13,"Shai","Bolton","RICH",9,"Fremantle","Richmond"
2023,13,"Nick","Vlastuin","RICH",5,"Fremantle","Richmond"
2023,13,"Caleb","Serong","FRE",3,"Fremantle","Richmond"
2023,13,"Jye","Amiss","FRE",2,"Fremantle","Richmond"
2023,13,"Jayden","Short","RICH",1,"Fremantle","Richmond"
2023,13,"Luke","Jackson","FRE",1,"Fremantle","Richmond"
2023,13,"Kieren","Briggs","GWS",9,"North Melbourne","GWS Giants"
2023,13,"Toby","Greene","GWS",9,"North Melbourne","GWS Giants"
2023,13,"Nick","Larkey","NMFC",3,"North Melbourne","GWS Giants"
2023,13,"Stephen","Coniglio","GWS",3,"North Melbourne","GWS Giants"
2023,13,"Tom","Green","GWS",2,"North Melbourne","GWS Giants"
2023,13,"Callan","Ward","GWS",2,"North Melbourne","GWS Giants"
2023,13,"Tarryn","Thomas","NMFC",1,"North Melbourne","GWS Giants"
2023,13,"Connor","Idun","GWS",1,"North Melbourne","GWS Giants"
2023,13,"Nic","Martin","ESS",10,"Carlton","Essendon"
2023,13,"Peter","Wright","ESS",8,"Carlton","Essendon"
2023,13,"Jye","Caldwell","ESS",5,"Carlton","Essendon"
2023,13,"Adam","Cerra","CARL",4,"Carlton","Essendon"
2023,13,"Jordan","Ridley","ESS",2,"Carlton","Essendon"
2023,13,"Ben","Hobbs","ESS",1,"Carlton","Essendon"
2023,13,"Jack","Viney","MELB",10,"Melbourne","Collingwood"
2023,13,"Steven","May","MELB",7,"Melbourne","Collingwood"
2023,13,"Christian","Salem","MELB",4,"Melbourne","Collingwood"
2023,13,"Jack","Crisp","COLL",3,"Melbourne","Collingwood"
2023,13,"Max","Gawn","MELB",2,"Melbourne","Collingwood"
2023,13,"Bayley","Fritsch","MELB",2,"Melbourne","Collingwood"
2023,13,"Christian","Petracca","MELB",1,"Melbourne","Collingwood"
2023,13,"Tom","Mitchell","COLL",1,"Melbourne","Collingwood"
2023,14,"Dan","Houston","PORT",9,"Port Adelaide","Geelong Cats"
2023,14,"Jeremy","Finlayson","PORT",5,"Port Adelaide","Geelong Cats"
2023,14,"Todd","Marshall","PORT",4,"Port Adelaide","Geelong Cats"
2023,14,"Connor","Rozee","PORT",3,"Port Adelaide","Geelong Cats"
2023,14,"Zak","Butters","PORT",3,"Port Adelaide","Geelong Cats"
2023,14,"Ollie","Wines","PORT",2,"Port Adelaide","Geelong Cats"
2023,14,"Scott","Lycett","PORT",2,"Port Adelaide","Geelong Cats"
2023,14,"Sam","Powell-Pepper","PORT",1,"Port Adelaide","Geelong Cats"
2023,14,"Gary","Rohan","GEEL",1,"Port Adelaide","Geelong Cats"
2023,14,"Zac","Bailey","BL",10,"Brisbane Lions","Sydney Swans"
2023,14,"Lachie","Neale","BL",6,"Brisbane Lions","Sydney Swans"
2023,14,"Harry","Cunningham","SYD",5,"Brisbane Lions","Sydney Swans"
2023,14,"Will","Ashcroft","BL",4,"Brisbane Lions","Sydney Swans"
2023,14,"Oscar","McInerney","BL",3,"Brisbane Lions","Sydney Swans"
2023,14,"Josh","Dunkley","BL",1,"Brisbane Lions","Sydney Swans"
2023,14,"Ryan","Lester","BL",1,"Brisbane Lions","Sydney Swans"
2023,14,"Josh","Kelly","GWS",10,"GWS Giants","Fremantle"
2023,14,"Stephen","Coniglio","GWS",5,"GWS Giants","Fremantle"
2023,14,"Toby","Greene","GWS",5,"GWS Giants","Fremantle"
2023,14,"Jake","Riccardi","GWS",5,"GWS Giants","Fremantle"
2023,14,"Tom","Green","GWS",5,"GWS Giants","Fremantle"
2023,14,"Tim","Taranto","RICH",10,"Richmond","St Kilda"
2023,14,"Trent","Cotchin","RICH",8,"Richmond","St Kilda"
2023,14,"Dustin","Martin","RICH",6,"Richmond","St Kilda"
2023,14,"Nick","Vlastuin","RICH",4,"Richmond","St Kilda"
2023,14,"Shai","Bolton","RICH",1,"Richmond","St Kilda"
2023,14,"Jack","Sinclair","STK",1,"Richmond","St Kilda"
2023,14,"Adam","Cerra","CARL",9,"Carlton","Gold Coast Suns"
2023,14,"Patrick","Cripps","CARL",8,"Carlton","Gold Coast Suns"
2023,14,"Sam","Docherty","CARL",7,"Carlton","Gold Coast Suns"
2023,14,"Sam","Walsh","CARL",4,"Carlton","Gold Coast Suns"
2023,14,"Brodie","Kemp","CARL",1,"Carlton","Gold Coast Suns"
2023,14,"Tom","De Koning","CARL",1,"Carlton","Gold Coast Suns"
2023,14,"Marcus","Bontempelli","WB",9,"North Melbourne","Western Bulldogs"
2023,14,"Cody","Weightman","WB",9,"North Melbourne","Western Bulldogs"
2023,14,"Tom","Liberatore","WB",3,"North Melbourne","Western Bulldogs"
2023,14,"Adam","Treloar","WB",3,"North Melbourne","Western Bulldogs"
2023,14,"Tim","English","WB",3,"North Melbourne","Western Bulldogs"
2023,14,"Tarryn","Thomas","NMFC",2,"North Melbourne","Western Bulldogs"
2023,14,"Harry","Sheezel","NMFC",1,"North Melbourne","Western Bulldogs"
2023,15,"Gary","Rohan","GEEL",10,"Geelong Cats","Melbourne"
2023,15,"Tom","Stewart","GEEL",6,"Geelong Cats","Melbourne"
2023,15,"Christian","Petracca","MELB",5,"Geelong Cats","Melbourne"
2023,15,"Brad","Close","GEEL",5,"Geelong Cats","Melbourne"
2023,15,"Jack","Viney","MELB",3,"Geelong Cats","Melbourne"
2023,15,"Jake","Lever","MELB",1,"Geelong Cats","Melbourne"
2023,15,"Harris","Andrews","BL",10,"St Kilda","Brisbane Lions"
2023,15,"Eric","Hipwood","BL",8,"St Kilda","Brisbane Lions"
2023,15,"Lachie","Neale","BL",6,"St Kilda","Brisbane Lions"
2023,15,"Jack","Sinclair","STK",3,"St Kilda","Brisbane Lions"
2023,15,"Oscar","McInerney","BL",3,"St Kilda","Brisbane Lions"
2023,15,"Errol","Gulden","SYD",10,"Sydney Swans","West Coast Eagles"
2023,15,"Chad","Warner","SYD",8,"Sydney Swans","West Coast Eagles"
2023,15,"Isaac","Heeney","SYD",6,"Sydney Swans","West Coast Eagles"
2023,15,"James","Rowbottom","SYD",2,"Sydney Swans","West Coast Eagles"
2023,15,"Luke","Parker","SYD",2,"Sydney Swans","West Coast Eagles"
2023,15,"Tom","Hickey","SYD",2,"Sydney Swans","West Coast Eagles"
2023,15,"Caleb","Serong","FRE",10,"Fremantle","Essendon"
2023,15,"Luke","Jackson","FRE",8,"Fremantle","Essendon"
2023,15,"Liam","Henry","FRE",6,"Fremantle","Essendon"
2023,15,"Luke","Ryan","FRE",3,"Fremantle","Essendon"
2023,15,"Andrew","Brayshaw","FRE",2,"Fremantle","Essendon"
2023,15,"Jordan","Ridley","ESS",1,"Fremantle","Essendon"
2023,15,"Nick","Daicos","COLL",9,"Collingwood","Adelaide Crows"
2023,15,"Jordan","Dawson","ADEL",9,"Collingwood","Adelaide Crows"
2023,15,"Josh","Daicos","COLL",6,"Collingwood","Adelaide Crows"
2023,15,"Taylor","Walker","ADEL",4,"Collingwood","Adelaide Crows"
2023,15,"John","Noble","COLL",1,"Collingwood","Adelaide Crows"
2023,15,"Scott","Pendlebury","COLL",1,"Collingwood","Adelaide Crows"
2023,15,"Noah","Anderson","GCFC",8,"Gold Coast Suns","Hawthorn"
2023,15,"Ben","Ainsworth","GCFC",8,"Gold Coast Suns","Hawthorn"
2023,15,"Brayden","Fiorini","GCFC",8,"Gold Coast Suns","Hawthorn"
2023,15,"Wil","Powell","GCFC",3,"Gold Coast Suns","Hawthorn"
2023,15,"Jarrod","Witts","GCFC",2,"Gold Coast Suns","Hawthorn"
2023,15,"Sam","Flanders","GCFC",1,"Gold Coast Suns","Hawthorn"
2023,16,"Lachie","Neale","BL",10,"Brisbane Lions","Richmond"
2023,16,"Hugh","McCluggage","BL",7,"Brisbane Lions","Richmond"
2023,16,"Joe","Daniher","BL",6,"Brisbane Lions","Richmond"
2023,16,"Will","Ashcroft","BL",5,"Brisbane Lions","Richmond"
2023,16,"Darcy","Wilmot","BL",1,"Brisbane Lions","Richmond"
2023,16,"Conor","McKenna","BL",1,"Brisbane Lions","Richmond"
2023,16,"Errol","Gulden","SYD",8,"Sydney Swans","Geelong Cats"
2023,16,"Nick","Blakey","SYD",7,"Sydney Swans","Geelong Cats"
2023,16,"Gryan","Miers","GEEL",4,"Sydney Swans","Geelong Cats"
2023,16,"Braeden","Campbell","SYD",4,"Sydney Swans","Geelong Cats"
2023,16,"Zach","Tuohy","GEEL",3,"Sydney Swans","Geelong Cats"
2023,16,"Callum","Mills","SYD",2,"Sydney Swans","Geelong Cats"
2023,16,"Luke","Parker","SYD",1,"Sydney Swans","Geelong Cats"
2023,16,"Tom","Atkins","GEEL",1,"Sydney Swans","Geelong Cats"
2023,16,"Jamarra","Ugle-Hagan","WB",10,"Western Bulldogs","Fremantle"
2023,16,"Caleb","Serong","FRE",7,"Western Bulldogs","Fremantle"
2023,16,"Tom","Liberatore","WB",4,"Western Bulldogs","Fremantle"
2023,16,"Bailey","Dale","WB",3,"Western Bulldogs","Fremantle"
2023,16,"Marcus","Bontempelli","WB",2,"Western Bulldogs","Fremantle"
2023,16,"Sean","Darcy","FRE",2,"Western Bulldogs","Fremantle"
2023,16,"Brennan","Cox","FRE",1,"Western Bulldogs","Fremantle"
2023,16,"Jack","Macrae","WB",1,"Western Bulldogs","Fremantle"
2023,16,"Reilly","O'Brien","ADEL",9,"Adelaide Crows","North Melbourne"
2023,16,"Mitchell","Hinge","ADEL",8,"Adelaide Crows","North Melbourne"
2023,16,"Izak","Rankine","ADEL",7,"Adelaide Crows","North Melbourne"
2023,16,"Ben","Keays","ADEL",3,"Adelaide Crows","North Melbourne"
2023,16,"Jordan","Dawson","ADEL",2,"Adelaide Crows","North Melbourne"
2023,16,"Rory","Sloane","ADEL",1,"Adelaide Crows","North Melbourne"
2023,16,"Nick","Daicos","COLL",10,"Gold Coast Suns","Collingwood"
2023,16,"Jamie","Elliott","COLL",5,"Gold Coast Suns","Collingwood"
2023,16,"John","Noble","COLL",5,"Gold Coast Suns","Collingwood"
2023,16,"Darcy","Moore","COLL",5,"Gold Coast Suns","Collingwood"
2023,16,"Josh","Daicos","COLL",4,"Gold Coast Suns","Collingwood"
2023,16,"Oleg","Markov","COLL",1,"Gold Coast Suns","Collingwood"
2023,16,"Dan","Houston","PORT",10,"Essendon","Port Adelaide"
2023,16,"Connor","Rozee","PORT",5,"Essendon","Port Adelaide"
2023,16,"Kane","Farrell","PORT",4,"Essendon","Port Adelaide"
2023,16,"Jye","Caldwell","ESS",4,"Essendon","Port Adelaide"
2023,16,"Zach","Merrett","ESS",4,"Essendon","Port Adelaide"
2023,16,"Andrew","Phillips","ESS",3,"Essendon","Port Adelaide"
2023,16,"Adam","Cerra","CARL",10,"Hawthorn","Carlton"
2023,16,"Sam","Walsh","CARL",5,"Hawthorn","Carlton"
2023,16,"Jacob","Weitering","CARL",5,"Hawthorn","Carlton"
2023,16,"Harry","McKay","CARL",5,"Hawthorn","Carlton"
2023,16,"Blake","Acres","CARL",3,"Hawthorn","Carlton"
2023,16,"Patrick","Cripps","CARL",2,"Hawthorn","Carlton"
2023,16,"Jack","Viney","MELB",9,"Melbourne","GWS Giants"
2023,16,"Josh","Kelly","GWS",9,"Melbourne","GWS Giants"
2023,16,"Nick","Haynes","GWS",6,"Melbourne","GWS Giants"
2023,16,"Lachie","Hunter","MELB",2,"Melbourne","GWS Giants"
2023,16,"Christian","Petracca","MELB",2,"Melbourne","GWS Giants"
2023,16,"Tom","Green","GWS",1,"Melbourne","GWS Giants"
2023,16,"Jake","Bowey","MELB",1,"Melbourne","GWS Giants"
2023,16,"Luke","Shuey","WCE",7,"West Coast Eagles","St Kilda"
2023,16,"Rowan","Marshall","STK",7,"West Coast Eagles","St Kilda"
2023,16,"Mitch","Owens","STK",7,"West Coast Eagles","St Kilda"
2023,16,"Jack","Sinclair","STK",5,"West Coast Eagles","St Kilda"
2023,16,"Tom","Barrass","WCE",3,"West Coast Eagles","St Kilda"
2023,16,"Jack","Steele","STK",1,"West Coast Eagles","St Kilda"
2023,17,"Shai","Bolton","RICH",10,"Richmond","Sydney Swans"
2023,17,"Dustin","Martin","RICH",8,"Richmond","Sydney Swans"
2023,17,"Toby","Nankervis","RICH",5,"Richmond","Sydney Swans"
2023,17,"Errol","Gulden","SYD",5,"Richmond","Sydney Swans"
2023,17,"Oliver","Florent","SYD",1,"Richmond","Sydney Swans"
2023,17,"Jack","Ross","RICH",1,"Richmond","Sydney Swans"
2023,17,"Isaac","Quaynor","COLL",9,"Western Bulldogs","Collingwood"
2023,17,"Nick","Daicos","COLL",9,"Western Bulldogs","Collingwood"
2023,17,"Jamarra","Ugle-Hagan","WB",5,"Western Bulldogs","Collingwood"
2023,17,"Aaron","Naughton","WB",3,"Western Bulldogs","Collingwood"
2023,17,"Jamie","Elliott","COLL",3,"Western Bulldogs","Collingwood"
2023,17,"Marcus","Bontempelli","WB",1,"Western Bulldogs","Collingwood"
2023,17,"Harris","Andrews","BL",10,"Brisbane Lions","West Coast Eagles"
2023,17,"Lachie","Neale","BL",7,"Brisbane Lions","West Coast Eagles"
2023,17,"Jack","Gunston","BL",7,"Brisbane Lions","West Coast Eagles"
2023,17,"Brady","Hough","WCE",2,"Brisbane Lions","West Coast Eagles"
2023,17,"Cameron","Rayner","BL",2,"Brisbane Lions","West Coast Eagles"
2023,17,"Will","Ashcroft","BL",2,"Brisbane Lions","West Coast Eagles"
2023,17,"Stephen","Coniglio","GWS",10,"GWS Giants","Hawthorn"
2023,17,"Jai","Newcombe","HAW",7,"GWS Giants","Hawthorn"
2023,17,"Sam","Taylor","GWS",7,"GWS Giants","Hawthorn"
2023,17,"Will","Day","HAW",2,"GWS Giants","Hawthorn"
2023,17,"Jesse","Hogan","GWS",2,"GWS Giants","Hawthorn"
2023,17,"Conor","Nash","HAW",1,"GWS Giants","Hawthorn"
2023,17,"Finn","Maginness","HAW",1,"GWS Giants","Hawthorn"
2023,17,"Steven","May","MELB",10,"St Kilda","Melbourne"
2023,17,"Rowan","Marshall","STK",7,"St Kilda","Melbourne"
2023,17,"Christian","Petracca","MELB",7,"St Kilda","Melbourne"
2023,17,"Nasiah","Wanganeen-Milera","STK",4,"St Kilda","Melbourne"
2023,17,"Jack","Steele","STK",1,"St Kilda","Melbourne"
2023,17,"Angus","Brayshaw","MELB",1,"St Kilda","Melbourne"
2023,17,"Connor","Rozee","PORT",10,"Port Adelaide","Gold Coast Suns"
2023,17,"Aliir","Aliir","PORT",8,"Port Adelaide","Gold Coast Suns"
2023,17,"Jeremy","Finlayson","PORT",5,"Port Adelaide","Gold Coast Suns"
2023,17,"Noah","Anderson","GCFC",3,"Port Adelaide","Gold Coast Suns"
2023,17,"Levi","Casboult","GCFC",2,"Port Adelaide","Gold Coast Suns"
2023,17,"Zak","Butters","PORT",1,"Port Adelaide","Gold Coast Suns"
2023,17,"Ollie","Wines","PORT",1,"Port Adelaide","Gold Coast Suns"
2023,17,"Tom","Atkins","GEEL",6,"Geelong Cats","North Melbourne"
2023,17,"Gryan","Miers","GEEL",5,"Geelong Cats","North Melbourne"
2023,17,"Mitch","Duncan","GEEL",5,"Geelong Cats","North Melbourne"
2023,17,"Patrick","Dangerfield","GEEL",4,"Geelong Cats","North Melbourne"
2023,17,"Jack","Henry","GEEL",4,"Geelong Cats","North Melbourne"
2023,17,"Tyson","Stengle","GEEL",2,"Geelong Cats","North Melbourne"
2023,17,"Tom","Stewart","GEEL",2,"Geelong Cats","North Melbourne"
2023,17,"Jack","Bowes","GEEL",1,"Geelong Cats","North Melbourne"
2023,17,"Oliver","Henry","GEEL",1,"Geelong Cats","North Melbourne"
2023,17,"Darcy","Parish","ESS",9,"Essendon","Adelaide Crows"
2023,17,"Zach","Merrett","ESS",9,"Essendon","Adelaide Crows"
2023,17,"Peter","Wright","ESS",5,"Essendon","Adelaide Crows"
2023,17,"Nic","Martin","ESS",3,"Essendon","Adelaide Crows"
2023,17,"Andrew","McGrath","ESS",2,"Essendon","Adelaide Crows"
2023,17,"Ben","Hobbs","ESS",1,"Essendon","Adelaide Crows"
2023,17,"Rory","Laird","ADEL",1,"Essendon","Adelaide Crows"
2023,17,"Adam","Cerra","CARL",10,"Fremantle","Carlton"
2023,17,"Patrick","Cripps","CARL",6,"Fremantle","Carlton"
2023,17,"Sam","Walsh","CARL",4,"Fremantle","Carlton"
2023,17,"Luke","Ryan","FRE",4,"Fremantle","Carlton"
2023,17,"Harry","McKay","CARL",2,"Fremantle","Carlton"
2023,17,"Adam","Saad","CARL",2,"Fremantle","Carlton"
2023,17,"Jacob","Weitering","CARL",1,"Fremantle","Carlton"
2023,17,"Charlie","Curnow","CARL",1,"Fremantle","Carlton"
2023,18,"Marcus","Bontempelli","WB",10,"Sydney Swans","Western Bulldogs"
2023,18,"Errol","Gulden","SYD",8,"Sydney Swans","Western Bulldogs"
2023,18,"Tim","English","WB",4,"Sydney Swans","Western Bulldogs"
2023,18,"Tom","Papley","SYD",4,"Sydney Swans","Western Bulldogs"
2023,18,"Tom","Liberatore","WB",3,"Sydney Swans","Western Bulldogs"
2023,18,"Aaron","Naughton","WB",1,"Sydney Swans","Western Bulldogs"
2023,18,"Max","Gawn","MELB",10,"Melbourne","Brisbane Lions"
2023,18,"Christian","Petracca","MELB",8,"Melbourne","Brisbane Lions"
2023,18,"Joe","Daniher","BL",6,"Melbourne","Brisbane Lions"
2023,18,"Jake","Melksham","MELB",3,"Melbourne","Brisbane Lions"
2023,18,"Zac","Bailey","BL",2,"Melbourne","Brisbane Lions"
2023,18,"Jack","Viney","MELB",1,"Melbourne","Brisbane Lions"
2023,18,"Taylor","Adams","COLL",9,"Collingwood","Fremantle"
2023,18,"Nick","Daicos","COLL",8,"Collingwood","Fremantle"
2023,18,"Josh","Daicos","COLL",4,"Collingwood","Fremantle"
2023,18,"Darcy","Moore","COLL",3,"Collingwood","Fremantle"
2023,18,"Jordan","De Goey","COLL",3,"Collingwood","Fremantle"
2023,18,"Jamie","Elliott","COLL",2,"Collingwood","Fremantle"
2023,18,"Brayden","Maynard","COLL",1,"Collingwood","Fremantle"
2023,18,"Noah","Anderson","GCFC",10,"Gold Coast Suns","St Kilda"
2023,18,"Rory","Atkins","GCFC",6,"Gold Coast Suns","St Kilda"
2023,18,"Sam","Flanders","GCFC",5,"Gold Coast Suns","St Kilda"
2023,18,"Jarrod","Witts","GCFC",4,"Gold Coast Suns","St Kilda"
2023,18,"Wil","Powell","GCFC",4,"Gold Coast Suns","St Kilda"
2023,18,"Jack","Lukosius","GCFC",1,"Gold Coast Suns","St Kilda"
2023,18,"Jack","Silvagni","CARL",10,"Carlton","Port Adelaide"
2023,18,"Patrick","Cripps","CARL",8,"Carlton","Port Adelaide"
2023,18,"Dan","Houston","PORT",6,"Carlton","Port Adelaide"
2023,18,"Tom","De Koning","CARL",2,"Carlton","Port Adelaide"
2023,18,"Charlie","Curnow","CARL",2,"Carlton","Port Adelaide"
2023,18,"Nicholas","Newman","CARL",2,"Carlton","Port Adelaide"
2023,18,"Tom","Stewart","GEEL",8,"Geelong Cats","Essendon"
2023,18,"Max","Holmes","GEEL",7,"Geelong Cats","Essendon"
2023,18,"Tom","Hawkins","GEEL",6,"Geelong Cats","Essendon"
2023,18,"Tom","Atkins","GEEL",5,"Geelong Cats","Essendon"
2023,18,"Jack","Henry","GEEL",2,"Geelong Cats","Essendon"
2023,18,"Gryan","Miers","GEEL",1,"Geelong Cats","Essendon"
2023,18,"Brad","Close","GEEL",1,"Geelong Cats","Essendon"
2023,18,"Sam","Taylor","GWS",10,"Adelaide Crows","GWS Giants"
2023,18,"Josh","Kelly","GWS",7,"Adelaide Crows","GWS Giants"
2023,18,"Toby","Greene","GWS",6,"Adelaide Crows","GWS Giants"
2023,18,"Jordan","Dawson","ADEL",4,"Adelaide Crows","GWS Giants"
2023,18,"Stephen","Coniglio","GWS",2,"Adelaide Crows","GWS Giants"
2023,18,"Lachie","Whitfield","GWS",1,"Adelaide Crows","GWS Giants"
2023,18,"James","Worpel","HAW",10,"North Melbourne","Hawthorn"
2023,18,"Karl","Amon","HAW",8,"North Melbourne","Hawthorn"
2023,18,"Jai","Newcombe","HAW",6,"North Melbourne","Hawthorn"
2023,18,"Jarman","Impey","HAW",2,"North Melbourne","Hawthorn"
2023,18,"Connor","MacDonald","HAW",2,"North Melbourne","Hawthorn"
2023,18,"Conor","Nash","HAW",1,"North Melbourne","Hawthorn"
2023,18,"Blake","Hardwick","HAW",1,"North Melbourne","Hawthorn"
2023,18,"Daniel","Rioli","RICH",10,"West Coast Eagles","Richmond"
2023,18,"Shai","Bolton","RICH",6,"West Coast Eagles","Richmond"
2023,18,"Dustin","Martin","RICH",5,"West Coast Eagles","Richmond"
2023,18,"Noah","Balta","RICH",5,"West Coast Eagles","Richmond"
2023,18,"Tim","Kelly","WCE",4,"West Coast Eagles","Richmond"
2023,19,"Marcus","Bontempelli","WB",10,"Essendon","Western Bulldogs"
2023,19,"Tom","Liberatore","WB",8,"Essendon","Western Bulldogs"
2023,19,"Jordan","Ridley","ESS",5,"Essendon","Western Bulldogs"
2023,19,"Bailey","Smith","WB",3,"Essendon","Western Bulldogs"
2023,19,"Adam","Treloar","WB",2,"Essendon","Western Bulldogs"
2023,19,"Caleb","Daniel","WB",1,"Essendon","Western Bulldogs"
2023,19,"Jamarra","Ugle-Hagan","WB",1,"Essendon","Western Bulldogs"
2023,19,"James","Sicily","HAW",10,"Richmond","Hawthorn"
2023,19,"Jack","Graham","RICH",6,"Richmond","Hawthorn"
2023,19,"Noah","Balta","RICH",4,"Richmond","Hawthorn"
2023,19,"Jai","Newcombe","HAW",3,"Richmond","Hawthorn"
2023,19,"Dion","Prestia","RICH",3,"Richmond","Hawthorn"
2023,19,"James","Worpel","HAW",3,"Richmond","Hawthorn"
2023,19,"Tim","Taranto","RICH",1,"Richmond","Hawthorn"
2023,19,"Charlie","Curnow","CARL",10,"Carlton","West Coast Eagles"
2023,19,"Sam","Docherty","CARL",8,"Carlton","West Coast Eagles"
2023,19,"George","Hewett","CARL",6,"Carlton","West Coast Eagles"
2023,19,"Tom","De Koning","CARL",2,"Carlton","West Coast Eagles"
2023,19,"Nicholas","Newman","CARL",2,"Carlton","West Coast Eagles"
2023,19,"Adam","Saad","CARL",1,"Carlton","West Coast Eagles"
2023,19,"Sam","Walsh","CARL",1,"Carlton","West Coast Eagles"
2023,19,"Tom","Stewart","GEEL",7,"Brisbane Lions","Geelong Cats"
2023,19,"Callum","Ah Chee","BL",7,"Brisbane Lions","Geelong Cats"
2023,19,"Josh","Dunkley","BL",6,"Brisbane Lions","Geelong Cats"
2023,19,"Hugh","McCluggage","BL",4,"Brisbane Lions","Geelong Cats"
2023,19,"Lachie","Neale","BL",3,"Brisbane Lions","Geelong Cats"
2023,19,"Harris","Andrews","BL",2,"Brisbane Lions","Geelong Cats"
2023,19,"Conor","McKenna","BL",1,"Brisbane Lions","Geelong Cats"
2023,19,"Connor","Rozee","PORT",9,"Port Adelaide","Collingwood"
2023,19,"Willem","Drew","PORT",5,"Port Adelaide","Collingwood"
2023,19,"Jamie","Elliott","COLL",5,"Port Adelaide","Collingwood"
2023,19,"Nathan","Murphy","COLL",4,"Port Adelaide","Collingwood"
2023,19,"Taylor","Adams","COLL",3,"Port Adelaide","Collingwood"
2023,19,"Sam","Powell-Pepper","PORT",3,"Port Adelaide","Collingwood"
2023,19,"Steele","Sidebottom","COLL",1,"Port Adelaide","Collingwood"
2023,19,"Luke","Parker","SYD",10,"Fremantle","Sydney Swans"
2023,19,"Caleb","Serong","FRE",8,"Fremantle","Sydney Swans"
2023,19,"Lance","Franklin","SYD",4,"Fremantle","Sydney Swans"
2023,19,"Lachie","Schultz","FRE",3,"Fremantle","Sydney Swans"
2023,19,"Andrew","Brayshaw","FRE",2,"Fremantle","Sydney Swans"
2023,19,"Will","Hayward","SYD",2,"Fremantle","Sydney Swans"
2023,19,"James","Rowbottom","SYD",1,"Fremantle","Sydney Swans"
2023,19,"Sam","Taylor","GWS",10,"GWS Giants","Gold Coast Suns"
2023,19,"Toby","Greene","GWS",6,"GWS Giants","Gold Coast Suns"
2023,19,"Stephen","Coniglio","GWS",4,"GWS Giants","Gold Coast Suns"
2023,19,"Lachie","Whitfield","GWS",3,"GWS Giants","Gold Coast Suns"
2023,19,"Lachie","Ash","GWS",3,"GWS Giants","Gold Coast Suns"
2023,19,"Sam","Collins","GCFC",2,"GWS Giants","Gold Coast Suns"
2023,19,"Josh","Kelly","GWS",1,"GWS Giants","Gold Coast Suns"
2023,19,"Sam","Flanders","GCFC",1,"GWS Giants","Gold Coast Suns"
2023,19,"Max","Gawn","MELB",7,"Melbourne","Adelaide Crows"
2023,19,"Kysaiah","Pickett","MELB",7,"Melbourne","Adelaide Crows"
2023,19,"Izak","Rankine","ADEL",6,"Melbourne","Adelaide Crows"
2023,19,"Angus","Brayshaw","MELB",5,"Melbourne","Adelaide Crows"
2023,19,"Jack","Viney","MELB",4,"Melbourne","Adelaide Crows"
2023,19,"Taylor","Walker","ADEL",1,"Melbourne","Adelaide Crows"
2023,19,"Luke","Davies-Uniacke","NMFC",10,"St Kilda","North Melbourne"
2023,19,"Ben","McKay","NMFC",7,"St Kilda","North Melbourne"
2023,19,"Callum","Wilkie","STK",5,"St Kilda","North Melbourne"
2023,19,"Jack","Steele","STK",4,"St Kilda","North Melbourne"
2023,19,"Harry","Sheezel","NMFC",2,"St Kilda","North Melbourne"
2023,19,"Jack","Sinclair","STK",1,"St Kilda","North Melbourne"
2023,19,"Tarryn","Thomas","NMFC",1,"St Kilda","North Melbourne"
2023,20,"Charlie","Curnow","CARL",9,"Collingwood","Carlton"
2023,20,"Nicholas","Newman","CARL",7,"Collingwood","Carlton"
2023,20,"Jacob","Weitering","CARL",5,"Collingwood","Carlton"
2023,20,"Jack","Martin","CARL",4,"Collingwood","Carlton"
2023,20,"Darcy","Cameron","COLL",3,"Collingwood","Carlton"
2023,20,"Patrick","Cripps","CARL",2,"Collingwood","Carlton"
2023,20,"Alex","Pearce","FRE",10,"Geelong Cats","Fremantle"
2023,20,"Luke","Jackson","FRE",7,"Geelong Cats","Fremantle"
2023,20,"Tom","Stewart","GEEL",7,"Geelong Cats","Fremantle"
2023,20,"Andrew","Brayshaw","FRE",4,"Geelong Cats","Fremantle"
2023,20,"Caleb","Serong","FRE",2,"Geelong Cats","Fremantle"
2023,20,"Toby","Greene","GWS",10,"Western Bulldogs","GWS Giants"
2023,20,"Sam","Taylor","GWS",7,"Western Bulldogs","GWS Giants"
2023,20,"Bailey","Dale","WB",5,"Western Bulldogs","GWS Giants"
2023,20,"Adam","Treloar","WB",4,"Western Bulldogs","GWS Giants"
2023,20,"Lachie","Whitfield","GWS",2,"Western Bulldogs","GWS Giants"
2023,20,"Josh","Kelly","GWS",1,"Western Bulldogs","GWS Giants"
2023,20,"Tom","Liberatore","WB",1,"Western Bulldogs","GWS Giants"
2023,20,"Touk","Miller","GCFC",10,"Gold Coast Suns","Brisbane Lions"
2023,20,"Ben","King","GCFC",7,"Gold Coast Suns","Brisbane Lions"
2023,20,"Noah","Anderson","GCFC",6,"Gold Coast Suns","Brisbane Lions"
2023,20,"Josh","Dunkley","BL",3,"Gold Coast Suns","Brisbane Lions"
2023,20,"Jarrod","Witts","GCFC",2,"Gold Coast Suns","Brisbane Lions"
2023,20,"Matt","Rowell","GCFC",1,"Gold Coast Suns","Brisbane Lions"
2023,20,"Wil","Powell","GCFC",1,"Gold Coast Suns","Brisbane Lions"
2023,20,"Errol","Gulden","SYD",9,"Essendon","Sydney Swans"
2023,20,"Kyle","Langford","ESS",7,"Essendon","Sydney Swans"
2023,20,"Zach","Merrett","ESS",5,"Essendon","Sydney Swans"
2023,20,"Jye","Caldwell","ESS",3,"Essendon","Sydney Swans"
2023,20,"Joel","Amartey","SYD",3,"Essendon","Sydney Swans"
2023,20,"Dyson","Heppell","ESS",3,"Essendon","Sydney Swans"
2023,20,"Taylor","Walker","ADEL",10,"Adelaide Crows","Port Adelaide"
2023,20,"Matt","Crouch","ADEL",7,"Adelaide Crows","Port Adelaide"
2023,20,"Jordan","Dawson","ADEL",6,"Adelaide Crows","Port Adelaide"
2023,20,"Wayne","Milera","ADEL",5,"Adelaide Crows","Port Adelaide"
2023,20,"Darcy","Fogarty","ADEL",1,"Adelaide Crows","Port Adelaide"
2023,20,"Mitchell","Hinge","ADEL",1,"Adelaide Crows","Port Adelaide"
2023,20,"Brad","Crouch","STK",10,"Hawthorn","St Kilda"
2023,20,"Luke","Breust","HAW",7,"Hawthorn","St Kilda"
2023,20,"Nasiah","Wanganeen-Milera","STK",4,"Hawthorn","St Kilda"
2023,20,"Mason","Wood","STK",3,"Hawthorn","St Kilda"
2023,20,"Jack","Steele","STK",2,"Hawthorn","St Kilda"
2023,20,"Dan","Butler","STK",2,"Hawthorn","St Kilda"
2023,20,"Cooper","Sharman","STK",1,"Hawthorn","St Kilda"
2023,20,"Will","Day","HAW",1,"Hawthorn","St Kilda"
2023,20,"Max","Gawn","MELB",10,"Richmond","Melbourne"
2023,20,"Harrison","Petty","MELB",8,"Richmond","Melbourne"
2023,20,"Jack","Viney","MELB",6,"Richmond","Melbourne"
2023,20,"Dustin","Martin","RICH",4,"Richmond","Melbourne"
2023,20,"Christian","Petracca","MELB",2,"Richmond","Melbourne"
2023,20,"Tim","Kelly","WCE",9,"West Coast Eagles","North Melbourne"
2023,20,"Shannon","Hurn","WCE",7,"West Coast Eagles","North Melbourne"
2023,20,"Luke","Davies-Uniacke","NMFC",6,"West Coast Eagles","North Melbourne"
2023,20,"Paul","Curtis","NMFC",4,"West Coast Eagles","North Melbourne"
2023,20,"Bailey","J Williams","WCE",4,"West Coast Eagles","North Melbourne"
2023,21,"Marcus","Bontempelli","WB",10,"Western Bulldogs","Richmond"
2023,21,"Adam","Treloar","WB",6,"Western Bulldogs","Richmond"
2023,21,"Jamarra","Ugle-Hagan","WB",6,"Western Bulldogs","Richmond"
2023,21,"Tom","Liberatore","WB",6,"Western Bulldogs","Richmond"
2023,21,"Liam","Jones","WB",1,"Western Bulldogs","Richmond"
2023,21,"Bailey","Dale","WB",1,"Western Bulldogs","Richmond"
2023,21,"Tim","Kelly","WCE",8,"Essendon","West Coast Eagles"
2023,21,"Kyle","Langford","ESS",8,"Essendon","West Coast Eagles"
2023,21,"Darcy","Parish","ESS",7,"Essendon","West Coast Eagles"
2023,21,"Zach","Merrett","ESS",3,"Essendon","West Coast Eagles"
2023,21,"Liam","Duggan","WCE",2,"Essendon","West Coast Eagles"
2023,21,"Nick","Hind","ESS",1,"Essendon","West Coast Eagles"
2023,21,"Jayden","Hunt","WCE",1,"Essendon","West Coast Eagles"
2023,21,"Mitchell","Hinge","ADEL",9,"Adelaide Crows","Gold Coast Suns"
2023,21,"Darcy","Fogarty","ADEL",9,"Adelaide Crows","Gold Coast Suns"
2023,21,"Matt","Crouch","ADEL",6,"Adelaide Crows","Gold Coast Suns"
2023,21,"Brodie","Smith","ADEL",2,"Adelaide Crows","Gold Coast Suns"
2023,21,"Lachlan","Murphy","ADEL",2,"Adelaide Crows","Gold Coast Suns"
2023,21,"Mac","Andrew","GCFC",1,"Adelaide Crows","Gold Coast Suns"
2023,21,"James","Borlase","ADEL",1,"Adelaide Crows","Gold Coast Suns"
2023,21,"James","Sicily","HAW",10,"Hawthorn","Collingwood"
2023,21,"Will","Day","HAW",8,"Hawthorn","Collingwood"
2023,21,"Conor","Nash","HAW",5,"Hawthorn","Collingwood"
2023,21,"Jai","Newcombe","HAW",3,"Hawthorn","Collingwood"
2023,21,"Finn","Maginness","HAW",2,"Hawthorn","Collingwood"
2023,21,"Dylan","Moore","HAW",1,"Hawthorn","Collingwood"
2023,21,"Beau","McCreery","COLL",1,"Hawthorn","Collingwood"
2023,21,"Zak","Butters","PORT",10,"Geelong Cats","Port Adelaide"
2023,21,"Gryan","Miers","GEEL",7,"Geelong Cats","Port Adelaide"
2023,21,"Esava","Ratugolea","GEEL",4,"Geelong Cats","Port Adelaide"
2023,21,"Connor","Rozee","PORT",3,"Geelong Cats","Port Adelaide"
2023,21,"Jason","Horne-Francis","PORT",3,"Geelong Cats","Port Adelaide"
2023,21,"Oliver","Henry","GEEL",2,"Geelong Cats","Port Adelaide"
2023,21,"Patrick","Dangerfield","GEEL",1,"Geelong Cats","Port Adelaide"
2023,21,"Errol","Gulden","SYD",10,"GWS Giants","Sydney Swans"
2023,21,"Hayden","McLean","SYD",7,"GWS Giants","Sydney Swans"
2023,21,"Tom","Green","GWS",6,"GWS Giants","Sydney Swans"
2023,21,"Jake","Lloyd","SYD",5,"GWS Giants","Sydney Swans"
2023,21,"Lachie","Ash","GWS",1,"GWS Giants","Sydney Swans"
2023,21,"James","Rowbottom","SYD",1,"GWS Giants","Sydney Swans"
2023,21,"Angus","Brayshaw","MELB",9,"North Melbourne","Melbourne"
2023,21,"Jack","Viney","MELB",9,"North Melbourne","Melbourne"
2023,21,"Kysaiah","Pickett","MELB",4,"North Melbourne","Melbourne"
2023,21,"Jack","Ziebell","NMFC",3,"North Melbourne","Melbourne"
2023,21,"Christian","Petracca","MELB",3,"North Melbourne","Melbourne"
2023,21,"Tarryn","Thomas","NMFC",1,"North Melbourne","Melbourne"
2023,21,"Alex","Neal-Bullen","MELB",1,"North Melbourne","Melbourne"
2023,21,"Blake","Acres","CARL",7,"St Kilda","Carlton"
2023,21,"Zac","Fisher","CARL",6,"St Kilda","Carlton"
2023,21,"Patrick","Cripps","CARL",5,"St Kilda","Carlton"
2023,21,"Nicholas","Newman","CARL",5,"St Kilda","Carlton"
2023,21,"Jacob","Weitering","CARL",3,"St Kilda","Carlton"
2023,21,"Tom","De Koning","CARL",2,"St Kilda","Carlton"
2023,21,"Callum","Wilkie","STK",1,"St Kilda","Carlton"
2023,21,"Mason","Wood","STK",1,"St Kilda","Carlton"
2023,21,"Luke","Jackson","FRE",10,"Fremantle","Brisbane Lions"
2023,21,"Jarrod","Berry","BL",7,"Fremantle","Brisbane Lions"
2023,21,"Caleb","Serong","FRE",4,"Fremantle","Brisbane Lions"
2023,21,"Hayden","Young","FRE",4,"Fremantle","Brisbane Lions"
2023,21,"Hugh","McCluggage","BL",2,"Fremantle","Brisbane Lions"
2023,21,"Lincoln","McCarthy","BL",2,"Fremantle","Brisbane Lions"
2023,21,"Harris","Andrews","BL",1,"Fremantle","Brisbane Lions"
2023,22,"Jeremy","Cameron","GEEL",9,"Collingwood","Geelong Cats"
2023,22,"Josh","Daicos","COLL",6,"Collingwood","Geelong Cats"
2023,22,"Patrick","Dangerfield","GEEL",4,"Collingwood","Geelong Cats"
2023,22,"Tom","Atkins","GEEL",4,"Collingwood","Geelong Cats"
2023,22,"Nathan","Murphy","COLL",3,"Collingwood","Geelong Cats"
2023,22,"Brody","Mihocek","COLL",2,"Collingwood","Geelong Cats"
2023,22,"John","Noble","COLL",2,"Collingwood","Geelong Cats"
2023,22,"Nic","Martin","ESS",10,"North Melbourne","Essendon"
2023,22,"Darcy","Parish","ESS",5,"North Melbourne","Essendon"
2023,22,"Luke","Davies-Uniacke","NMFC",5,"North Melbourne","Essendon"
2023,22,"Mason","Redman","ESS",4,"North Melbourne","Essendon"
2023,22,"Nick","Larkey","NMFC",4,"North Melbourne","Essendon"
2023,22,"Harry","Sheezel","NMFC",2,"North Melbourne","Essendon"
2023,22,"Will","Hayward","SYD",7,"Sydney Swans","Gold Coast Suns"
2023,22,"Matt","Rowell","GCFC",7,"Sydney Swans","Gold Coast Suns"
2023,22,"Chad","Warner","SYD",7,"Sydney Swans","Gold Coast Suns"
2023,22,"Nick","Blakey","SYD",5,"Sydney Swans","Gold Coast Suns"
2023,22,"Tom","Papley","SYD",4,"Sydney Swans","Gold Coast Suns"
2023,22,"Hugh","McCluggage","BL",9,"Brisbane Lions","Adelaide Crows"
2023,22,"Harris","Andrews","BL",7,"Brisbane Lions","Adelaide Crows"
2023,22,"Charlie","Cameron","BL",5,"Brisbane Lions","Adelaide Crows"
2023,22,"Matt","Crouch","ADEL",4,"Brisbane Lions","Adelaide Crows"
2023,22,"Jordan","Dawson","ADEL",3,"Brisbane Lions","Adelaide Crows"
2023,22,"Ben","Keays","ADEL",1,"Brisbane Lions","Adelaide Crows"
2023,22,"Shane","McAdam","ADEL",1,"Brisbane Lions","Adelaide Crows"
2023,22,"George","Hewett","CARL",9,"Carlton","Melbourne"
2023,22,"Patrick","Cripps","CARL",7,"Carlton","Melbourne"
2023,22,"Nicholas","Newman","CARL",7,"Carlton","Melbourne"
2023,22,"Jack","Viney","MELB",3,"Carlton","Melbourne"
2023,22,"Angus","Brayshaw","MELB",2,"Carlton","Melbourne"
2023,22,"Christian","Petracca","MELB",1,"Carlton","Melbourne"
2023,22,"Jacob","Weitering","CARL",1,"Carlton","Melbourne"
2023,22,"Lachie","Schultz","FRE",9,"West Coast Eagles","Fremantle"
2023,22,"Luke","Jackson","FRE",9,"West Coast Eagles","Fremantle"
2023,22,"Jordan","Clark","FRE",6,"West Coast Eagles","Fremantle"
2023,22,"Sam","Switkowski","FRE",3,"West Coast Eagles","Fremantle"
2023,22,"Caleb","Serong","FRE",2,"West Coast Eagles","Fremantle"
2023,22,"Jye","Amiss","FRE",1,"West Coast Eagles","Fremantle"
2023,22,"Jai","Newcombe","HAW",10,"Hawthorn","Western Bulldogs"
2023,22,"Karl","Amon","HAW",8,"Hawthorn","Western Bulldogs"
2023,22,"Ed","Richards","WB",3,"Hawthorn","Western Bulldogs"
2023,22,"Blake","Hardwick","HAW",3,"Hawthorn","Western Bulldogs"
2023,22,"James","Worpel","HAW",2,"Hawthorn","Western Bulldogs"
2023,22,"Dylan","Moore","HAW",2,"Hawthorn","Western Bulldogs"
2023,22,"Marcus","Bontempelli","WB",1,"Hawthorn","Western Bulldogs"
2023,22,"Will","Day","HAW",1,"Hawthorn","Western Bulldogs"
2023,22,"Jack","Sinclair","STK",9,"St Kilda","Richmond"
2023,22,"Rowan","Marshall","STK",8,"St Kilda","Richmond"
2023,22,"Sebastian","Ross","STK",4,"St Kilda","Richmond"
2023,22,"Jade","Gresham","STK",3,"St Kilda","Richmond"
2023,22,"Max","King","STK",3,"St Kilda","Richmond"
2023,22,"Nasiah","Wanganeen-Milera","STK",2,"St Kilda","Richmond"
2023,22,"Callum","Wilkie","STK",1,"St Kilda","Richmond"
2023,22,"Jason","Horne-Francis","PORT",7,"Port Adelaide","GWS Giants"
2023,22,"Ollie","Wines","PORT",7,"Port Adelaide","GWS Giants"
2023,22,"Zak","Butters","PORT",5,"Port Adelaide","GWS Giants"
2023,22,"Connor","Rozee","PORT",5,"Port Adelaide","GWS Giants"
2023,22,"Dan","Houston","PORT",5,"Port Adelaide","GWS Giants"
2023,22,"Miles","Bergman","PORT",1,"Port Adelaide","GWS Giants"
2023,23,"Dustin","Martin","RICH",10,"Richmond","North Melbourne"
2023,23,"Shai","Bolton","RICH",8,"Richmond","North Melbourne"
2023,23,"Nick","Larkey","NMFC",5,"Richmond","North Melbourne"
2023,23,"Harry","Sheezel","NMFC",4,"Richmond","North Melbourne"
2023,23,"Tarryn","Thomas","NMFC",2,"Richmond","North Melbourne"
2023,23,"Jacob","Hopper","RICH",1,"Richmond","North Melbourne"
2023,23,"Charlie","Curnow","CARL",10,"Gold Coast Suns","Carlton"
2023,23,"David","Swallow","GCFC",7,"Gold Coast Suns","Carlton"
2023,23,"Jacob","Weitering","CARL",5,"Gold Coast Suns","Carlton"
2023,23,"Sam","Flanders","GCFC",5,"Gold Coast Suns","Carlton"
2023,23,"Nicholas","Newman","CARL",2,"Gold Coast Suns","Carlton"
2023,23,"Touk","Miller","GCFC",1,"Gold Coast Suns","Carlton"
2023,23,"Jesse","Hogan","GWS",10,"GWS Giants","Essendon"
2023,23,"Tom","Green","GWS",7,"GWS Giants","Essendon"
2023,23,"Harry","Himmelberg","GWS",4,"GWS Giants","Essendon"
2023,23,"Brent","Daniels","GWS",3,"GWS Giants","Essendon"
2023,23,"Kieren","Briggs","GWS",2,"GWS Giants","Essendon"
2023,23,"Callan","Ward","GWS",2,"GWS Giants","Essendon"
2023,23,"Lachie","Whitfield","GWS",2,"GWS Giants","Essendon"
2023,23,"Jack","Sinclair","STK",10,"St Kilda","Geelong Cats"
2023,23,"Rowan","Marshall","STK",8,"St Kilda","Geelong Cats"
2023,23,"Callum","Wilkie","STK",4,"St Kilda","Geelong Cats"
2023,23,"Bradley","Hill","STK",3,"St Kilda","Geelong Cats"
2023,23,"Brad","Crouch","STK",2,"St Kilda","Geelong Cats"
2023,23,"Max","King","STK",2,"St Kilda","Geelong Cats"
2023,23,"Tom","Stewart","GEEL",1,"St Kilda","Geelong Cats"
2023,23,"Nick","Blakey","SYD",9,"Adelaide Crows","Sydney Swans"
2023,23,"Errol","Gulden","SYD",9,"Adelaide Crows","Sydney Swans"
2023,23,"Isaac","Heeney","SYD",4,"Adelaide Crows","Sydney Swans"
2023,23,"Rory","Laird","ADEL",3,"Adelaide Crows","Sydney Swans"
2023,23,"Jake","Soligo","ADEL",2,"Adelaide Crows","Sydney Swans"
2023,23,"Shane","McAdam","ADEL",2,"Adelaide Crows","Sydney Swans"
2023,23,"Jordan","Dawson","ADEL",1,"Adelaide Crows","Sydney Swans"
2023,23,"Marcus","Bontempelli","WB",9,"Western Bulldogs","West Coast Eagles"
2023,23,"Tim","Kelly","WCE",9,"Western Bulldogs","West Coast Eagles"
2023,23,"Jamie","Cripps","WCE",6,"Western Bulldogs","West Coast Eagles"
2023,23,"Oscar","Allen","WCE",3,"Western Bulldogs","West Coast Eagles"
2023,23,"Elliot","Yeo","WCE",2,"Western Bulldogs","West Coast Eagles"
2023,23,"James","O'Donnell","WB",1,"Western Bulldogs","West Coast Eagles"
2023,23,"Jake","Lever","MELB",10,"Melbourne","Hawthorn"
2023,23,"Jake","Melksham","MELB",8,"Melbourne","Hawthorn"
2023,23,"Trent","Rivers","MELB",6,"Melbourne","Hawthorn"
2023,23,"Jack","Viney","MELB",2,"Melbourne","Hawthorn"
2023,23,"James","Worpel","HAW",2,"Melbourne","Hawthorn"
2023,23,"Finn","Maginness","HAW",1,"Melbourne","Hawthorn"
2023,23,"Karl","Amon","HAW",1,"Melbourne","Hawthorn"
2023,23,"Zak","Butters","PORT",10,"Fremantle","Port Adelaide"
2023,23,"Caleb","Serong","FRE",7,"Fremantle","Port Adelaide"
2023,23,"Andrew","Brayshaw","FRE",4,"Fremantle","Port Adelaide"
2023,23,"Jason","Horne-Francis","PORT",4,"Fremantle","Port Adelaide"
2023,23,"Ollie","Wines","PORT",3,"Fremantle","Port Adelaide"
2023,23,"Connor","Rozee","PORT",1,"Fremantle","Port Adelaide"
2023,23,"Jeremy","Finlayson","PORT",1,"Fremantle","Port Adelaide"
2024,0,"Isaac","Heeney","SYD",9,"Sydney Swans","Melbourne"
2024,0,"Brodie","Grundy","SYD",9,"Sydney Swans","Melbourne"
2024,0,"Nick","Blakey","SYD",5,"Sydney Swans","Melbourne"
2024,0,"Jack","Viney","MELB",5,"Sydney Swans","Melbourne"
2024,0,"Chad","Warner","SYD",2,"Sydney Swans","Melbourne"
2024,0,"Harry","McKay","CARL",10,"Brisbane Lions","Carlton"
2024,0,"Charlie","Curnow","CARL",6,"Brisbane Lions","Carlton"
2024,0,"George","Hewett","CARL",4,"Brisbane Lions","Carlton"
2024,0,"Lachie","Fogarty","CARL",3,"Brisbane Lions","Carlton"
2024,0,"Darcy","Wilmot","BL",3,"Brisbane Lions","Carlton"
2024,0,"Josh","Dunkley","BL",3,"Brisbane Lions","Carlton"
2024,0,"Blake","Acres","CARL",1,"Brisbane Lions","Carlton"
2024,0,"Matt","Rowell","GCFC",10,"Gold Coast Suns","Richmond"
2024,0,"Wil","Powell","GCFC",8,"Gold Coast Suns","Richmond"
2024,0,"Touk","Miller","GCFC",3,"Gold Coast Suns","Richmond"
2024,0,"Jarrod","Witts","GCFC",3,"Gold Coast Suns","Richmond"
2024,0,"Ben","King","GCFC",2,"Gold Coast Suns","Richmond"
2024,0,"Sam","Flanders","GCFC",2,"Gold Coast Suns","Richmond"
2024,0,"Noah","Anderson","GCFC",1,"Gold Coast Suns","Richmond"
2024,0,"Sam","Collins","GCFC",1,"Gold Coast Suns","Richmond"
2024,0,"Jesse","Hogan","GWS",7,"GWS Giants","Collingwood"
2024,0,"Callum","Brown","GWS",7,"GWS Giants","Collingwood"
2024,0,"Tom","Green","GWS",5,"GWS Giants","Collingwood"
2024,0,"Brent","Daniels","GWS",4,"GWS Giants","Collingwood"
2024,0,"Lachie","Whitfield","GWS",4,"GWS Giants","Collingwood"
2024,0,"Nick","Daicos","COLL",2,"GWS Giants","Collingwood"
2024,0,"Josh","Kelly","GWS",1,"GWS Giants","Collingwood"
2024,1,"Mitch","McGovern","CARL",8,"Carlton","Richmond"
2024,1,"Patrick","Cripps","CARL",7,"Carlton","Richmond"
2024,1,"Nick","Vlastuin","RICH",6,"Carlton","Richmond"
2024,1,"Noah","Balta","RICH",5,"Carlton","Richmond"
2024,1,"Harry","McKay","CARL",3,"Carlton","Richmond"
2024,1,"Toby","Nankervis","RICH",1,"Carlton","Richmond"
2024,1,"Isaac","Heeney","SYD",10,"Collingwood","Sydney Swans"
2024,1,"Chad","Warner","SYD",5,"Collingwood","Sydney Swans"
2024,1,"James","Rowbottom","SYD",5,"Collingwood","Sydney Swans"
2024,1,"Nick","Daicos","COLL",5,"Collingwood","Sydney Swans"
2024,1,"Errol","Gulden","SYD",5,"Collingwood","Sydney Swans"
2024,1,"Archie","Perkins","ESS",10,"Essendon","Hawthorn"
2024,1,"Massimo","D'Ambrosio","HAW",6,"Essendon","Hawthorn"
2024,1,"Jake","Stringer","ESS",4,"Essendon","Hawthorn"
2024,1,"Andrew","McGrath","ESS",4,"Essendon","Hawthorn"
2024,1,"Zach","Merrett","ESS",2,"Essendon","Hawthorn"
2024,1,"Dylan","Moore","HAW",2,"Essendon","Hawthorn"
2024,1,"James","Worpel","HAW",1,"Essendon","Hawthorn"
2024,1,"Sam","Durham","ESS",1,"Essendon","Hawthorn"
2024,1,"Tom","Green","GWS",10,"GWS Giants","North Melbourne"
2024,1,"Jesse","Hogan","GWS",8,"GWS Giants","North Melbourne"
2024,1,"Sam","Taylor","GWS",4,"GWS Giants","North Melbourne"
2024,1,"Jack","Buckley","GWS",3,"GWS Giants","North Melbourne"
2024,1,"Tristan","Xerri","NMFC",3,"GWS Giants","North Melbourne"
2024,1,"Josh","Kelly","GWS",2,"GWS Giants","North Melbourne"
2024,1,"Patrick","Dangerfield","GEEL",10,"Geelong Cats","St Kilda"
2024,1,"Jeremy","Cameron","GEEL",7,"Geelong Cats","St Kilda"
2024,1,"Max","Holmes","GEEL",6,"Geelong Cats","St Kilda"
2024,1,"Mark","Blicavs","GEEL",3,"Geelong Cats","St Kilda"
2024,1,"Liam","Henry","STK",2,"Geelong Cats","St Kilda"
2024,1,"Tom","Atkins","GEEL",1,"Geelong Cats","St Kilda"
2024,1,"Oliver","Dempsey","GEEL",1,"Geelong Cats","St Kilda"
2024,1,"Matt","Rowell","GCFC",8,"Gold Coast Suns","Adelaide Crows"
2024,1,"Touk","Miller","GCFC",8,"Gold Coast Suns","Adelaide Crows"
2024,1,"Noah","Anderson","GCFC",8,"Gold Coast Suns","Adelaide Crows"
2024,1,"Sam","Flanders","GCFC",2,"Gold Coast Suns","Adelaide Crows"
2024,1,"Matt","Crouch","ADEL",2,"Gold Coast Suns","Adelaide Crows"
2024,1,"Wil","Powell","GCFC",1,"Gold Coast Suns","Adelaide Crows"
2024,1,"Joshua","Rachele","ADEL",1,"Gold Coast Suns","Adelaide Crows"
2024,1,"Clayton","Oliver","MELB",9,"Melbourne","Western Bulldogs"
2024,1,"Steven","May","MELB",7,"Melbourne","Western Bulldogs"
2024,1,"Max","Gawn","MELB",7,"Melbourne","Western Bulldogs"
2024,1,"Christian","Petracca","MELB",5,"Melbourne","Western Bulldogs"
2024,1,"Lachie","Bramble","WB",1,"Melbourne","Western Bulldogs"
2024,1,"Jack","Billings","MELB",1,"Melbourne","Western Bulldogs"
2024,1,"Connor","Rozee","PORT",10,"Port Adelaide","West Coast Eagles"
2024,1,"Zak","Butters","PORT",7,"Port Adelaide","West Coast Eagles"
2024,1,"Kane","Farrell","PORT",4,"Port Adelaide","West Coast Eagles"
2024,1,"Ryan","Burton","PORT",4,"Port Adelaide","West Coast Eagles"
2024,1,"Ivan","Soldo","PORT",3,"Port Adelaide","West Coast Eagles"
2024,1,"Charlie","Dixon","PORT",1,"Port Adelaide","West Coast Eagles"
2024,1,"Jack","Petruccelle","WCE",1,"Port Adelaide","West Coast Eagles"
2024,1,"Caleb","Serong","FRE",10,"Fremantle","Brisbane Lions"
2024,1,"Luke","Ryan","FRE",7,"Fremantle","Brisbane Lions"
2024,1,"Luke","Jackson","FRE",7,"Fremantle","Brisbane Lions"
2024,1,"Andrew","Brayshaw","FRE",2,"Fremantle","Brisbane Lions"
2024,1,"Alex","Pearce","FRE",2,"Fremantle","Brisbane Lions"
2024,1,"Josh","Treacy","FRE",1,"Fremantle","Brisbane Lions"
2024,1,"Joe","Daniher","BL",1,"Fremantle","Brisbane Lions"
2024,2,"Nasiah","Wanganeen-Milera","STK",10,"St Kilda","Collingwood"
2024,2,"Jack","Steele","STK",5,"St Kilda","Collingwood"
2024,2,"Jack","Higgins","STK",5,"St Kilda","Collingwood"
2024,2,"Rowan","Marshall","STK",4,"St Kilda","Collingwood"
2024,2,"Max","King","STK",3,"St Kilda","Collingwood"
2024,2,"Marcus","Windhager","STK",2,"St Kilda","Collingwood"
2024,2,"Jamie","Elliott","COLL",1,"St Kilda","Collingwood"
2024,2,"Tom","Stewart","GEEL",10,"Adelaide Crows","Geelong Cats"
2024,2,"Gryan","Miers","GEEL",8,"Adelaide Crows","Geelong Cats"
2024,2,"Tom","Hawkins","GEEL",5,"Adelaide Crows","Geelong Cats"
2024,2,"Jordan","Dawson","ADEL",3,"Adelaide Crows","Geelong Cats"
2024,2,"Matt","Crouch","ADEL",2,"Adelaide Crows","Geelong Cats"
2024,2,"Mark","Blicavs","GEEL",1,"Adelaide Crows","Geelong Cats"
2024,2,"Patrick","Dangerfield","GEEL",1,"Adelaide Crows","Geelong Cats"
2024,2,"Luke","Jackson","FRE",9,"North Melbourne","Fremantle"
2024,2,"Caleb","Serong","FRE",7,"North Melbourne","Fremantle"
2024,2,"Luke","Davies-Uniacke","NMFC",5,"North Melbourne","Fremantle"
2024,2,"Tom","Powell","NMFC",5,"North Melbourne","Fremantle"
2024,2,"Andrew","Brayshaw","FRE",2,"North Melbourne","Fremantle"
2024,2,"Harry","Sheezel","NMFC",1,"North Melbourne","Fremantle"
2024,2,"Tristan","Xerri","NMFC",1,"North Melbourne","Fremantle"
2024,2,"Christian","Petracca","MELB",10,"Hawthorn","Melbourne"
2024,2,"Bayley","Fritsch","MELB",8,"Hawthorn","Melbourne"
2024,2,"Alex","Neal-Bullen","MELB",4,"Hawthorn","Melbourne"
2024,2,"Kysaiah","Pickett","MELB",4,"Hawthorn","Melbourne"
2024,2,"Max","Gawn","MELB",2,"Hawthorn","Melbourne"
2024,2,"Kade","Chandler","MELB",2,"Hawthorn","Melbourne"
2024,2,"Isaac","Heeney","SYD",9,"Sydney Swans","Essendon"
2024,2,"Tom","Papley","SYD",7,"Sydney Swans","Essendon"
2024,2,"Errol","Gulden","SYD",6,"Sydney Swans","Essendon"
2024,2,"Zach","Merrett","ESS",6,"Sydney Swans","Essendon"
2024,2,"Chad","Warner","SYD",1,"Sydney Swans","Essendon"
2024,2,"Sam","Durham","ESS",1,"Sydney Swans","Essendon"
2024,2,"Marcus","Bontempelli","WB",10,"Western Bulldogs","Gold Coast Suns"
2024,2,"Cody","Weightman","WB",8,"Western Bulldogs","Gold Coast Suns"
2024,2,"Tim","English","WB",3,"Western Bulldogs","Gold Coast Suns"
2024,2,"Tom","Liberatore","WB",3,"Western Bulldogs","Gold Coast Suns"
2024,2,"Sam","Collins","GCFC",2,"Western Bulldogs","Gold Coast Suns"
2024,2,"Liam","Jones","WB",2,"Western Bulldogs","Gold Coast Suns"
2024,2,"Touk","Miller","GCFC",1,"Western Bulldogs","Gold Coast Suns"
2024,2,"Adam","Treloar","WB",1,"Western Bulldogs","Gold Coast Suns"
2024,2,"Zak","Butters","PORT",10,"Richmond","Port Adelaide"
2024,2,"Liam","Baker","RICH",5,"Richmond","Port Adelaide"
2024,2,"Willem","Drew","PORT",4,"Richmond","Port Adelaide"
2024,2,"Ollie","Wines","PORT",4,"Richmond","Port Adelaide"
2024,2,"Brandon","Zerk-Thatcher","PORT",3,"Richmond","Port Adelaide"
2024,2,"Connor","Rozee","PORT",2,"Richmond","Port Adelaide"
2024,2,"Todd","Marshall","PORT",2,"Richmond","Port Adelaide"
2024,2,"Sam","Taylor","GWS",10,"West Coast Eagles","GWS Giants"
2024,2,"Kieren","Briggs","GWS",8,"West Coast Eagles","GWS Giants"
2024,2,"Tom","Green","GWS",6,"West Coast Eagles","GWS Giants"
2024,2,"Lachie","Whitfield","GWS",4,"West Coast Eagles","GWS Giants"
2024,2,"Jeremy","McGovern","WCE",1,"West Coast Eagles","GWS Giants"
2024,2,"Josh","Kelly","GWS",1,"West Coast Eagles","GWS Giants"
2024,3,"Jamie","Elliott","COLL",9,"Brisbane Lions","Collingwood"
2024,3,"Lachie","Neale","BL",9,"Brisbane Lions","Collingwood"
2024,3,"Nick","Daicos","COLL",5,"Brisbane Lions","Collingwood"
2024,3,"Tom","Mitchell","COLL",3,"Brisbane Lions","Collingwood"
2024,3,"Hugh","McCluggage","BL",2,"Brisbane Lions","Collingwood"
2024,3,"John","Noble","COLL",1,"Brisbane Lions","Collingwood"
2024,3,"Billy","Frampton","COLL",1,"Brisbane Lions","Collingwood"
2024,3,"Harry","McKay","CARL",10,"North Melbourne","Carlton"
2024,3,"George","Hewett","CARL",8,"North Melbourne","Carlton"
2024,3,"Patrick","Cripps","CARL",6,"North Melbourne","Carlton"
2024,3,"Charlie","Curnow","CARL",3,"North Melbourne","Carlton"
2024,3,"Elijah","Hollands","CARL",2,"North Melbourne","Carlton"
2024,3,"Adam","Cerra","CARL",1,"North Melbourne","Carlton"
2024,3,"Hayden","Young","FRE",9,"Fremantle","Adelaide Crows"
2024,3,"Alex","Pearce","FRE",7,"Fremantle","Adelaide Crows"
2024,3,"Jordan","Clark","FRE",5,"Fremantle","Adelaide Crows"
2024,3,"Michael","Walters","FRE",4,"Fremantle","Adelaide Crows"
2024,3,"Luke","Ryan","FRE",3,"Fremantle","Adelaide Crows"
2024,3,"Caleb","Serong","FRE",1,"Fremantle","Adelaide Crows"
2024,3,"Mark","Keane","ADEL",1,"Fremantle","Adelaide Crows"
2024,3,"Andrew","McGrath","ESS",9,"Essendon","St Kilda"
2024,3,"Zach","Merrett","ESS",5,"Essendon","St Kilda"
2024,3,"Nic","Martin","ESS",4,"Essendon","St Kilda"
2024,3,"Sebastian","Ross","STK",4,"Essendon","St Kilda"
2024,3,"Jack","Steele","STK",3,"Essendon","St Kilda"
2024,3,"Dyson","Heppell","ESS",2,"Essendon","St Kilda"
2024,3,"Bradley","Hill","STK",2,"Essendon","St Kilda"
2024,3,"Xavier","Duursma","ESS",1,"Essendon","St Kilda"
2024,3,"Max","Gawn","MELB",8,"Port Adelaide","Melbourne"
2024,3,"Alex","Neal-Bullen","MELB",8,"Port Adelaide","Melbourne"
2024,3,"Willem","Drew","PORT",8,"Port Adelaide","Melbourne"
2024,3,"Connor","Rozee","PORT",2,"Port Adelaide","Melbourne"
2024,3,"Travis","Boak","PORT",2,"Port Adelaide","Melbourne"
2024,3,"Trent","Rivers","MELB",1,"Port Adelaide","Melbourne"
2024,3,"Dan","Houston","PORT",1,"Port Adelaide","Melbourne"
2024,3,"Adam","Treloar","WB",10,"Western Bulldogs","West Coast Eagles"
2024,3,"Bailey","Williams","WB",7,"Western Bulldogs","West Coast Eagles"
2024,3,"Aaron","Naughton","WB",4,"Western Bulldogs","West Coast Eagles"
2024,3,"Lachie","Bramble","WB",3,"Western Bulldogs","West Coast Eagles"
2024,3,"Jeremy","McGovern","WCE",2,"Western Bulldogs","West Coast Eagles"
2024,3,"Tim","English","WB",2,"Western Bulldogs","West Coast Eagles"
2024,3,"Laitham","Vandermeer","WB",2,"Western Bulldogs","West Coast Eagles"
2024,3,"Nick","Vlastuin","RICH",8,"Richmond","Sydney Swans"
2024,3,"Tim","Taranto","RICH",8,"Richmond","Sydney Swans"
2024,3,"Shai","Bolton","RICH",8,"Richmond","Sydney Swans"
2024,3,"Isaac","Heeney","SYD",4,"Richmond","Sydney Swans"
2024,3,"Daniel","Rioli","RICH",2,"Richmond","Sydney Swans"
2024,3,"James","Worpel","HAW",9,"Hawthorn","Geelong Cats"
2024,3,"Oliver","Henry","GEEL",6,"Hawthorn","Geelong Cats"
2024,3,"Mitch","Duncan","GEEL",5,"Hawthorn","Geelong Cats"
2024,3,"Max","Holmes","GEEL",4,"Hawthorn","Geelong Cats"
2024,3,"Tanner","Bruhn","GEEL",3,"Hawthorn","Geelong Cats"
2024,3,"Tyson","Stengle","GEEL",3,"Hawthorn","Geelong Cats"
2024,4,"Christian","Petracca","MELB",10,"Adelaide Crows","Melbourne"
2024,4,"Judd","McVee","MELB",5,"Adelaide Crows","Melbourne"
2024,4,"Jake","Soligo","ADEL",5,"Adelaide Crows","Melbourne"
2024,4,"Max","Gawn","MELB",4,"Adelaide Crows","Melbourne"
2024,4,"Jake","Lever","MELB",3,"Adelaide Crows","Melbourne"
2024,4,"Steven","May","MELB",3,"Adelaide Crows","Melbourne"
2024,4,"Lachie","Neale","BL",8,"Brisbane Lions","North Melbourne"
2024,4,"Joe","Daniher","BL",7,"Brisbane Lions","North Melbourne"
2024,4,"Josh","Dunkley","BL",7,"Brisbane Lions","North Melbourne"
2024,4,"Hugh","McCluggage","BL",6,"Brisbane Lions","North Melbourne"
2024,4,"Dayne","Zorko","BL",2,"Brisbane Lions","North Melbourne"
2024,4,"Connor","Rozee","PORT",10,"Port Adelaide","Essendon"
2024,4,"Jason","Horne-Francis","PORT",8,"Port Adelaide","Essendon"
2024,4,"Ivan","Soldo","PORT",6,"Port Adelaide","Essendon"
2024,4,"Darcy","Byrne-Jones","PORT",3,"Port Adelaide","Essendon"
2024,4,"Zak","Butters","PORT",2,"Port Adelaide","Essendon"
2024,4,"Ben","McKay","ESS",1,"Port Adelaide","Essendon"
2024,4,"Isaac","Heeney","SYD",9,"West Coast Eagles","Sydney Swans"
2024,4,"Errol","Gulden","SYD",9,"West Coast Eagles","Sydney Swans"
2024,4,"Elliot","Yeo","WCE",6,"West Coast Eagles","Sydney Swans"
2024,4,"Jeremy","McGovern","WCE",3,"West Coast Eagles","Sydney Swans"
2024,4,"Liam","Duggan","WCE",2,"West Coast Eagles","Sydney Swans"
2024,4,"Jayden","Hunt","WCE",1,"West Coast Eagles","Sydney Swans"
2024,4,"Andrew","Brayshaw","FRE",8,"Fremantle","Carlton"
2024,4,"Hayden","Young","FRE",5,"Fremantle","Carlton"
2024,4,"Jacob","Weitering","CARL",4,"Fremantle","Carlton"
2024,4,"Charlie","Curnow","CARL",4,"Fremantle","Carlton"
2024,4,"Jordan","Clark","FRE",4,"Fremantle","Carlton"
2024,4,"Caleb","Serong","FRE",3,"Fremantle","Carlton"
2024,4,"James","Aish","FRE",1,"Fremantle","Carlton"
2024,4,"Luke","Ryan","FRE",1,"Fremantle","Carlton"
2024,4,"Tom","Liberatore","WB",9,"Western Bulldogs","Geelong Cats"
2024,4,"Gryan","Miers","GEEL",9,"Western Bulldogs","Geelong Cats"
2024,4,"Marcus","Bontempelli","WB",5,"Western Bulldogs","Geelong Cats"
2024,4,"Jeremy","Cameron","GEEL",5,"Western Bulldogs","Geelong Cats"
2024,4,"Liam","Jones","WB",2,"Western Bulldogs","Geelong Cats"
2024,4,"Stephen","Coniglio","GWS",8,"Gold Coast Suns","GWS Giants"
2024,4,"Mac","Andrew","GCFC",8,"Gold Coast Suns","GWS Giants"
2024,4,"Toby","Greene","GWS",8,"Gold Coast Suns","GWS Giants"
2024,4,"Sam","Flanders","GCFC",3,"Gold Coast Suns","GWS Giants"
2024,4,"Harry","Himmelberg","GWS",2,"Gold Coast Suns","GWS Giants"
2024,4,"Matt","Rowell","GCFC",1,"Gold Coast Suns","GWS Giants"
2024,4,"Shai","Bolton","RICH",10,"Richmond","St Kilda"
2024,4,"Jack","Steele","STK",7,"Richmond","St Kilda"
2024,4,"Dustin","Martin","RICH",4,"Richmond","St Kilda"
2024,4,"Jack","Sinclair","STK",3,"Richmond","St Kilda"
2024,4,"Josh","Battle","STK",2,"Richmond","St Kilda"
2024,4,"Bradley","Hill","STK",2,"Richmond","St Kilda"
2024,4,"Tim","Taranto","RICH",1,"Richmond","St Kilda"
2024,4,"Callum","Wilkie","STK",1,"Richmond","St Kilda"
2024,4,"Jordan","De Goey","COLL",10,"Collingwood","Hawthorn"
2024,4,"Blake","Hardwick","HAW",6,"Collingwood","Hawthorn"
2024,4,"Tom","Mitchell","COLL",4,"Collingwood","Hawthorn"
2024,4,"Josh","Daicos","COLL",3,"Collingwood","Hawthorn"
2024,4,"Karl","Amon","HAW",3,"Collingwood","Hawthorn"
2024,4,"Jai","Newcombe","HAW",2,"Collingwood","Hawthorn"
2024,4,"John","Noble","COLL",1,"Collingwood","Hawthorn"
2024,4,"Billy","Frampton","COLL",1,"Collingwood","Hawthorn"
2024,5,"Cameron","Rayner","BL",10,"Melbourne","Brisbane Lions"
2024,5,"Josh","Dunkley","BL",6,"Melbourne","Brisbane Lions"
2024,5,"Hugh","McCluggage","BL",5,"Melbourne","Brisbane Lions"
2024,5,"Ryan","Lester","BL",4,"Melbourne","Brisbane Lions"
2024,5,"Max","Gawn","MELB",3,"Melbourne","Brisbane Lions"
2024,5,"Harris","Andrews","BL",2,"Melbourne","Brisbane Lions"
2024,5,"Sam","Durham","ESS",10,"Western Bulldogs","Essendon"
2024,5,"Xavier","Duursma","ESS",6,"Western Bulldogs","Essendon"
2024,5,"Mason","Redman","ESS",4,"Western Bulldogs","Essendon"
2024,5,"Zach","Merrett","ESS",4,"Western Bulldogs","Essendon"
2024,5,"Harrison","Jones","ESS",2,"Western Bulldogs","Essendon"
2024,5,"Kyle","Langford","ESS",2,"Western Bulldogs","Essendon"
2024,5,"Jamarra","Ugle-Hagan","WB",1,"Western Bulldogs","Essendon"
2024,5,"Taylor","Duryea","WB",1,"Western Bulldogs","Essendon"
2024,5,"Lachie","Ash","GWS",8,"GWS Giants","St Kilda"
2024,5,"Rowan","Marshall","STK",8,"GWS Giants","St Kilda"
2024,5,"Bradley","Hill","STK",5,"GWS Giants","St Kilda"
2024,5,"Lachie","Whitfield","GWS",3,"GWS Giants","St Kilda"
2024,5,"Jack","Steele","STK",3,"GWS Giants","St Kilda"
2024,5,"Jack","Buckley","GWS",2,"GWS Giants","St Kilda"
2024,5,"Harry","Himmelberg","GWS",1,"GWS Giants","St Kilda"
2024,5,"Sam","Walsh","CARL",9,"Carlton","Adelaide Crows"
2024,5,"Izak","Rankine","ADEL",9,"Carlton","Adelaide Crows"
2024,5,"Taylor","Walker","ADEL",5,"Carlton","Adelaide Crows"
2024,5,"Jake","Soligo","ADEL",3,"Carlton","Adelaide Crows"
2024,5,"Ben","Keays","ADEL",2,"Carlton","Adelaide Crows"
2024,5,"Mitchell","Hinge","ADEL",1,"Carlton","Adelaide Crows"
2024,5,"Charlie","Curnow","CARL",1,"Carlton","Adelaide Crows"
2024,5,"Alex","Pearce","FRE",10,"Port Adelaide","Fremantle"
2024,5,"Luke","Ryan","FRE",6,"Port Adelaide","Fremantle"
2024,5,"Dan","Houston","PORT",5,"Port Adelaide","Fremantle"
2024,5,"Josh","Treacy","FRE",4,"Port Adelaide","Fremantle"
2024,5,"Aliir","Aliir","PORT",3,"Port Adelaide","Fremantle"
2024,5,"Caleb","Serong","FRE",2,"Port Adelaide","Fremantle"
2024,5,"Noah","Anderson","GCFC",10,"Gold Coast Suns","Hawthorn"
2024,5,"Ben","King","GCFC",5,"Gold Coast Suns","Hawthorn"
2024,5,"Sam","Collins","GCFC",4,"Gold Coast Suns","Hawthorn"
2024,5,"Sam","Flanders","GCFC",4,"Gold Coast Suns","Hawthorn"
2024,5,"Touk","Miller","GCFC",3,"Gold Coast Suns","Hawthorn"
2024,5,"Matt","Rowell","GCFC",2,"Gold Coast Suns","Hawthorn"
2024,5,"Mac","Andrew","GCFC",2,"Gold Coast Suns","Hawthorn"
2024,5,"Jeremy","Cameron","GEEL",10,"Geelong Cats","North Melbourne"
2024,5,"Jack","Bowes","GEEL",8,"Geelong Cats","North Melbourne"
2024,5,"Brad","Close","GEEL",3,"Geelong Cats","North Melbourne"
2024,5,"Gryan","Miers","GEEL",3,"Geelong Cats","North Melbourne"
2024,5,"Tom","Stewart","GEEL",3,"Geelong Cats","North Melbourne"
2024,5,"Harry","Sheezel","NMFC",2,"Geelong Cats","North Melbourne"
2024,5,"Max","Holmes","GEEL",1,"Geelong Cats","North Melbourne"
2024,5,"Elliot","Yeo","WCE",10,"West Coast Eagles","Richmond"
2024,5,"Jake","Waterman","WCE",8,"West Coast Eagles","Richmond"
2024,5,"Tim","Kelly","WCE",6,"West Coast Eagles","Richmond"
2024,5,"Harley","Reid","WCE",4,"West Coast Eagles","Richmond"
2024,5,"Shai","Bolton","RICH",1,"West Coast Eagles","Richmond"
2024,5,"Liam","Duggan","WCE",1,"West Coast Eagles","Richmond"
2024,6,"Aaron","Naughton","WB",9,"St Kilda","Western Bulldogs"
2024,6,"Bailey","Dale","WB",9,"St Kilda","Western Bulldogs"
2024,6,"Marcus","Bontempelli","WB",5,"St Kilda","Western Bulldogs"
2024,6,"Adam","Treloar","WB",5,"St Kilda","Western Bulldogs"
2024,6,"Liam","Jones","WB",1,"St Kilda","Western Bulldogs"
2024,6,"Tim","English","WB",1,"St Kilda","Western Bulldogs"
2024,6,"Zach","Merrett","ESS",10,"Adelaide Crows","Essendon"
2024,6,"Jordan","Dawson","ADEL",8,"Adelaide Crows","Essendon"
2024,6,"Jake","Soligo","ADEL",4,"Adelaide Crows","Essendon"
2024,6,"Nic","Martin","ESS",4,"Adelaide Crows","Essendon"
2024,6,"Jade","Gresham","ESS",3,"Adelaide Crows","Essendon"
2024,6,"Ben","McKay","ESS",1,"Adelaide Crows","Essendon"
2024,6,"Jordan","De Goey","COLL",9,"Collingwood","Port Adelaide"
2024,6,"Nick","Daicos","COLL",8,"Collingwood","Port Adelaide"
2024,6,"Patrick","Lipinski","COLL",6,"Collingwood","Port Adelaide"
2024,6,"Darcy","Cameron","COLL",3,"Collingwood","Port Adelaide"
2024,6,"Will","Hoskin-Elliott","COLL",3,"Collingwood","Port Adelaide"
2024,6,"Zak","Butters","PORT",1,"Collingwood","Port Adelaide"
2024,6,"Patrick","Cripps","CARL",10,"Carlton","GWS Giants"
2024,6,"Sam","Walsh","CARL",8,"Carlton","GWS Giants"
2024,6,"Josh","Kelly","GWS",5,"Carlton","GWS Giants"
2024,6,"Tom","De Koning","CARL",3,"Carlton","GWS Giants"
2024,6,"Marc","Pittonet","CARL",3,"Carlton","GWS Giants"
2024,6,"Matthew","Kennedy","CARL",1,"Carlton","GWS Giants"
2024,6,"Tyson","Stengle","GEEL",10,"Brisbane Lions","Geelong Cats"
2024,6,"Zach","Guthrie","GEEL",8,"Brisbane Lions","Geelong Cats"
2024,6,"Max","Holmes","GEEL",4,"Brisbane Lions","Geelong Cats"
2024,6,"Brandan","Parfitt","GEEL",3,"Brisbane Lions","Geelong Cats"
2024,6,"Dayne","Zorko","BL",3,"Brisbane Lions","Geelong Cats"
2024,6,"Jarrod","Berry","BL",1,"Brisbane Lions","Geelong Cats"
2024,6,"Noah","Answerth","BL",1,"Brisbane Lions","Geelong Cats"
2024,6,"Elliot","Yeo","WCE",9,"West Coast Eagles","Fremantle"
2024,6,"Jake","Waterman","WCE",9,"West Coast Eagles","Fremantle"
2024,6,"Tom","Barrass","WCE",5,"West Coast Eagles","Fremantle"
2024,6,"Harley","Reid","WCE",5,"West Coast Eagles","Fremantle"
2024,6,"Tim","Kelly","WCE",1,"West Coast Eagles","Fremantle"
2024,6,"Bailey","J Williams","WCE",1,"West Coast Eagles","Fremantle"
2024,6,"Nick","Blakey","SYD",9,"Sydney Swans","Gold Coast Suns"
2024,6,"Brodie","Grundy","SYD",9,"Sydney Swans","Gold Coast Suns"
2024,6,"Isaac","Heeney","SYD",6,"Sydney Swans","Gold Coast Suns"
2024,6,"Errol","Gulden","SYD",2,"Sydney Swans","Gold Coast Suns"
2024,6,"Oliver","Florent","SYD",2,"Sydney Swans","Gold Coast Suns"
2024,6,"Matt","Rowell","GCFC",1,"Sydney Swans","Gold Coast Suns"
2024,6,"Justin","McInerney","SYD",1,"Sydney Swans","Gold Coast Suns"
2024,6,"Jai","Newcombe","HAW",9,"North Melbourne","Hawthorn"
2024,6,"Dylan","Moore","HAW",8,"North Melbourne","Hawthorn"
2024,6,"Conor","Nash","HAW",7,"North Melbourne","Hawthorn"
2024,6,"Harry","Morrison","HAW",3,"North Melbourne","Hawthorn"
2024,6,"Jarman","Impey","HAW",2,"North Melbourne","Hawthorn"
2024,6,"Tristan","Xerri","NMFC",1,"North Melbourne","Hawthorn"
2024,7,"Jake","Lever","MELB",9,"Richmond","Melbourne"
2024,7,"Max","Gawn","MELB",9,"Richmond","Melbourne"
2024,7,"Daniel","Turner","MELB",4,"Richmond","Melbourne"
2024,7,"Trent","Rivers","MELB",4,"Richmond","Melbourne"
2024,7,"Ed","Langdon","MELB",2,"Richmond","Melbourne"
2024,7,"Steven","May","MELB",2,"Richmond","Melbourne"
2024,7,"Zach","Merrett","ESS",10,"Essendon","Collingwood"
2024,7,"Brody","Mihocek","COLL",7,"Essendon","Collingwood"
2024,7,"Andrew","McGrath","ESS",6,"Essendon","Collingwood"
2024,7,"Kyle","Langford","ESS",4,"Essendon","Collingwood"
2024,7,"Darcy","Moore","COLL",3,"Essendon","Collingwood"
2024,7,"Tom","Green","GWS",10,"GWS Giants","Brisbane Lions"
2024,7,"Finn","Callaghan","GWS",8,"GWS Giants","Brisbane Lions"
2024,7,"Harry","Himmelberg","GWS",5,"GWS Giants","Brisbane Lions"
2024,7,"Harry","Perryman","GWS",3,"GWS Giants","Brisbane Lions"
2024,7,"Jack","Buckley","GWS",3,"GWS Giants","Brisbane Lions"
2024,7,"Kieren","Briggs","GWS",1,"GWS Giants","Brisbane Lions"
2024,7,"Jase","Burgoyne","PORT",10,"Port Adelaide","St Kilda"
2024,7,"Willem","Drew","PORT",5,"Port Adelaide","St Kilda"
2024,7,"Dan","Houston","PORT",5,"Port Adelaide","St Kilda"
2024,7,"Charlie","Dixon","PORT",4,"Port Adelaide","St Kilda"
2024,7,"Zak","Butters","PORT",4,"Port Adelaide","St Kilda"
2024,7,"Jack","Sinclair","STK",1,"Port Adelaide","St Kilda"
2024,7,"Callum","Wilkie","STK",1,"Port Adelaide","St Kilda"
2024,7,"Rory","Laird","ADEL",10,"North Melbourne","Adelaide Crows"
2024,7,"Jordan","Dawson","ADEL",8,"North Melbourne","Adelaide Crows"
2024,7,"Taylor","Walker","ADEL",3,"North Melbourne","Adelaide Crows"
2024,7,"Josh","Worrell","ADEL",3,"North Melbourne","Adelaide Crows"
2024,7,"Izak","Rankine","ADEL",3,"North Melbourne","Adelaide Crows"
2024,7,"Reilly","O'Brien","ADEL",3,"North Melbourne","Adelaide Crows"
2024,7,"Jeremy","Cameron","GEEL",10,"Geelong Cats","Carlton"
2024,7,"Gryan","Miers","GEEL",7,"Geelong Cats","Carlton"
2024,7,"Marc","Pittonet","CARL",5,"Geelong Cats","Carlton"
2024,7,"Patrick","Cripps","CARL",4,"Geelong Cats","Carlton"
2024,7,"Max","Holmes","GEEL",2,"Geelong Cats","Carlton"
2024,7,"Sam","Walsh","CARL",2,"Geelong Cats","Carlton"
2024,7,"Caleb","Serong","FRE",9,"Fremantle","Western Bulldogs"
2024,7,"Nathan","Fyfe","FRE",9,"Fremantle","Western Bulldogs"
2024,7,"Bailey","Dale","WB",5,"Fremantle","Western Bulldogs"
2024,7,"Andrew","Brayshaw","FRE",3,"Fremantle","Western Bulldogs"
2024,7,"James","Aish","FRE",3,"Fremantle","Western Bulldogs"
2024,7,"Liam","Jones","WB",1,"Fremantle","Western Bulldogs"
2024,7,"Jarrod","Witts","GCFC",10,"Gold Coast Suns","West Coast Eagles"
2024,7,"Noah","Anderson","GCFC",8,"Gold Coast Suns","West Coast Eagles"
2024,7,"Matt","Rowell","GCFC",6,"Gold Coast Suns","West Coast Eagles"
2024,7,"Jake","Rogers","GCFC",2,"Gold Coast Suns","West Coast Eagles"
2024,7,"Touk","Miller","GCFC",2,"Gold Coast Suns","West Coast Eagles"
2024,7,"Elliot","Yeo","WCE",2,"Gold Coast Suns","West Coast Eagles"
2024,7,"Isaac","Heeney","SYD",7,"Hawthorn","Sydney Swans"
2024,7,"Errol","Gulden","SYD",5,"Hawthorn","Sydney Swans"
2024,7,"Oliver","Florent","SYD",5,"Hawthorn","Sydney Swans"
2024,7,"Nick","Blakey","SYD",5,"Hawthorn","Sydney Swans"
2024,7,"Chad","Warner","SYD",5,"Hawthorn","Sydney Swans"
2024,7,"Dylan","Moore","HAW",2,"Hawthorn","Sydney Swans"
2024,7,"Logan","McDonald","SYD",1,"Hawthorn","Sydney Swans"
2024,8,"Jake","Soligo","ADEL",10,"Adelaide Crows","Port Adelaide"
2024,8,"Zak","Butters","PORT",6,"Adelaide Crows","Port Adelaide"
2024,8,"Mark","Keane","ADEL",5,"Adelaide Crows","Port Adelaide"
2024,8,"Matt","Crouch","ADEL",4,"Adelaide Crows","Port Adelaide"
2024,8,"Izak","Rankine","ADEL",3,"Adelaide Crows","Port Adelaide"
2024,8,"Darcy","Fogarty","ADEL",2,"Adelaide Crows","Port Adelaide"
2024,8,"Nick","Daicos","COLL",10,"Carlton","Collingwood"
2024,8,"Jack","Crisp","COLL",4,"Carlton","Collingwood"
2024,8,"Harry","McKay","CARL",4,"Carlton","Collingwood"
2024,8,"Nicholas","Newman","CARL",4,"Carlton","Collingwood"
2024,8,"Sam","Walsh","CARL",4,"Carlton","Collingwood"
2024,8,"Scott","Pendlebury","COLL",3,"Carlton","Collingwood"
2024,8,"Darcy","Moore","COLL",1,"Carlton","Collingwood"
2024,8,"Chad","Warner","SYD",10,"Sydney Swans","GWS Giants"
2024,8,"Dane","Rampe","SYD",7,"Sydney Swans","GWS Giants"
2024,8,"Errol","Gulden","SYD",6,"Sydney Swans","GWS Giants"
2024,8,"Will","Hayward","SYD",5,"Sydney Swans","GWS Giants"
2024,8,"Isaac","Heeney","SYD",1,"Sydney Swans","GWS Giants"
2024,8,"Jack","Buckley","GWS",1,"Sydney Swans","GWS Giants"
2024,8,"Jack","Sinclair","STK",10,"St Kilda","North Melbourne"
2024,8,"Darcy","Wilson","STK",8,"St Kilda","North Melbourne"
2024,8,"Aidan","Corr","NMFC",4,"St Kilda","North Melbourne"
2024,8,"Nasiah","Wanganeen-Milera","STK",3,"St Kilda","North Melbourne"
2024,8,"Bradley","Hill","STK",3,"St Kilda","North Melbourne"
2024,8,"Callum","Wilkie","STK",1,"St Kilda","North Melbourne"
2024,8,"Marcus","Windhager","STK",1,"St Kilda","North Melbourne"
2024,8,"Max","Holmes","GEEL",8,"Melbourne","Geelong Cats"
2024,8,"Zach","Guthrie","GEEL",6,"Melbourne","Geelong Cats"
2024,8,"Jake","Lever","MELB",5,"Melbourne","Geelong Cats"
2024,8,"Kysaiah","Pickett","MELB",4,"Melbourne","Geelong Cats"
2024,8,"Max","Gawn","MELB",3,"Melbourne","Geelong Cats"
2024,8,"Steven","May","MELB",3,"Melbourne","Geelong Cats"
2024,8,"Harrison","Petty","MELB",1,"Melbourne","Geelong Cats"
2024,8,"Zach","Merrett","ESS",10,"West Coast Eagles","Essendon"
2024,8,"Nic","Martin","ESS",7,"West Coast Eagles","Essendon"
2024,8,"Tim","Kelly","WCE",5,"West Coast Eagles","Essendon"
2024,8,"Jake","Waterman","WCE",4,"West Coast Eagles","Essendon"
2024,8,"Darcy","Parish","ESS",3,"West Coast Eagles","Essendon"
2024,8,"Sam","Durham","ESS",1,"West Coast Eagles","Essendon"
2024,8,"Hayden","Young","FRE",10,"Richmond","Fremantle"
2024,8,"Caleb","Serong","FRE",8,"Richmond","Fremantle"
2024,8,"Luke","Ryan","FRE",6,"Richmond","Fremantle"
2024,8,"Andrew","Brayshaw","FRE",4,"Richmond","Fremantle"
2024,8,"Josh","Treacy","FRE",1,"Richmond","Fremantle"
2024,8,"Jordan","Clark","FRE",1,"Richmond","Fremantle"
2024,8,"Jarman","Impey","HAW",9,"Western Bulldogs","Hawthorn"
2024,8,"Marcus","Bontempelli","WB",9,"Western Bulldogs","Hawthorn"
2024,8,"Dylan","Moore","HAW",5,"Western Bulldogs","Hawthorn"
2024,8,"James","Sicily","HAW",3,"Western Bulldogs","Hawthorn"
2024,8,"Blake","Hardwick","HAW",2,"Western Bulldogs","Hawthorn"
2024,8,"Conor","Nash","HAW",2,"Western Bulldogs","Hawthorn"
2024,8,"Dayne","Zorko","BL",10,"Brisbane Lions","Gold Coast Suns"
2024,8,"Harris","Andrews","BL",7,"Brisbane Lions","Gold Coast Suns"
2024,8,"Josh","Dunkley","BL",7,"Brisbane Lions","Gold Coast Suns"
2024,8,"Hugh","McCluggage","BL",4,"Brisbane Lions","Gold Coast Suns"
2024,8,"Lachie","Neale","BL",2,"Brisbane Lions","Gold Coast Suns"
2024,9,"Christian","Petracca","MELB",10,"Carlton","Melbourne"
2024,9,"Jacob","Weitering","CARL",7,"Carlton","Melbourne"
2024,9,"Sam","Walsh","CARL",6,"Carlton","Melbourne"
2024,9,"Patrick","Cripps","CARL",5,"Carlton","Melbourne"
2024,9,"Alex","Neal-Bullen","MELB",1,"Carlton","Melbourne"
2024,9,"Ed","Langdon","MELB",1,"Carlton","Melbourne"
2024,9,"Zak","Butters","PORT",9,"Geelong Cats","Port Adelaide"
2024,9,"Jason","Horne-Francis","PORT",9,"Geelong Cats","Port Adelaide"
2024,9,"William","Rioli","PORT",3,"Geelong Cats","Port Adelaide"
2024,9,"Ollie","Wines","PORT",3,"Geelong Cats","Port Adelaide"
2024,9,"Zach","Guthrie","GEEL",3,"Geelong Cats","Port Adelaide"
2024,9,"Tyson","Stengle","GEEL",2,"Geelong Cats","Port Adelaide"
2024,9,"Max","Holmes","GEEL",1,"Geelong Cats","Port Adelaide"
2024,9,"Isaac","Heeney","SYD",8,"Fremantle","Sydney Swans"
2024,9,"Oliver","Florent","SYD",8,"Fremantle","Sydney Swans"
2024,9,"Caleb","Serong","FRE",6,"Fremantle","Sydney Swans"
2024,9,"Chad","Warner","SYD",5,"Fremantle","Sydney Swans"
2024,9,"James","Jordon","SYD",3,"Fremantle","Sydney Swans"
2024,9,"Jai","Newcombe","HAW",9,"Hawthorn","St Kilda"
2024,9,"Rowan","Marshall","STK",7,"Hawthorn","St Kilda"
2024,9,"Karl","Amon","HAW",7,"Hawthorn","St Kilda"
2024,9,"Jarman","Impey","HAW",3,"Hawthorn","St Kilda"
2024,9,"Jack","Scrimshaw","HAW",2,"Hawthorn","St Kilda"
2024,9,"Jack","Steele","STK",1,"Hawthorn","St Kilda"
2024,9,"Callum","Wilkie","STK",1,"Hawthorn","St Kilda"
2024,9,"Kyle","Langford","ESS",8,"Essendon","GWS Giants"
2024,9,"Nic","Martin","ESS",5,"Essendon","GWS Giants"
2024,9,"Sam","Durham","ESS",4,"Essendon","GWS Giants"
2024,9,"Mason","Redman","ESS",4,"Essendon","GWS Giants"
2024,9,"Tom","Green","GWS",3,"Essendon","GWS Giants"
2024,9,"Matt","Guelfi","ESS",2,"Essendon","GWS Giants"
2024,9,"Ben","McKay","ESS",2,"Essendon","GWS Giants"
2024,9,"Sam","Taylor","GWS",2,"Essendon","GWS Giants"
2024,9,"Adam","Treloar","WB",10,"Richmond","Western Bulldogs"
2024,9,"Marcus","Bontempelli","WB",7,"Richmond","Western Bulldogs"
2024,9,"James","Harmes","WB",6,"Richmond","Western Bulldogs"
2024,9,"Aaron","Naughton","WB",4,"Richmond","Western Bulldogs"
2024,9,"Ed","Richards","WB",3,"Richmond","Western Bulldogs"
2024,9,"Mac","Andrew","GCFC",8,"Gold Coast Suns","North Melbourne"
2024,9,"Touk","Miller","GCFC",8,"Gold Coast Suns","North Melbourne"
2024,9,"Sam","Collins","GCFC",5,"Gold Coast Suns","North Melbourne"
2024,9,"Sam","Clohesy","GCFC",4,"Gold Coast Suns","North Melbourne"
2024,9,"Sam","Flanders","GCFC",2,"Gold Coast Suns","North Melbourne"
2024,9,"Luke","Davies-Uniacke","NMFC",2,"Gold Coast Suns","North Melbourne"
2024,9,"Charlie","Comben","NMFC",1,"Gold Coast Suns","North Melbourne"
2024,9,"Nick","Daicos","COLL",10,"Collingwood","West Coast Eagles"
2024,9,"Jack","Crisp","COLL",8,"Collingwood","West Coast Eagles"
2024,9,"Isaac","Quaynor","COLL",3,"Collingwood","West Coast Eagles"
2024,9,"Scott","Pendlebury","COLL",3,"Collingwood","West Coast Eagles"
2024,9,"Darcy","Cameron","COLL",2,"Collingwood","West Coast Eagles"
2024,9,"Steele","Sidebottom","COLL",2,"Collingwood","West Coast Eagles"
2024,9,"Tom","Barrass","WCE",1,"Collingwood","West Coast Eagles"
2024,9,"Joe","Richards","COLL",1,"Collingwood","West Coast Eagles"
2024,9,"Jordan","Dawson","ADEL",10,"Adelaide Crows","Brisbane Lions"
2024,9,"Jack","Payne","BL",6,"Adelaide Crows","Brisbane Lions"
2024,9,"Izak","Rankine","ADEL",5,"Adelaide Crows","Brisbane Lions"
2024,9,"Hugh","McCluggage","BL",4,"Adelaide Crows","Brisbane Lions"
2024,9,"Callum","Ah Chee","BL",3,"Adelaide Crows","Brisbane Lions"
2024,9,"Darcy","Fogarty","ADEL",2,"Adelaide Crows","Brisbane Lions"
2024,10,"Noah","Anderson","GCFC",10,"Gold Coast Suns","Geelong Cats"
2024,10,"Matt","Rowell","GCFC",8,"Gold Coast Suns","Geelong Cats"
2024,10,"Bailey","Humphrey","GCFC",5,"Gold Coast Suns","Geelong Cats"
2024,10,"Jack","Lukosius","GCFC",4,"Gold Coast Suns","Geelong Cats"
2024,10,"Touk","Miller","GCFC",2,"Gold Coast Suns","Geelong Cats"
2024,10,"Sam","Flanders","GCFC",1,"Gold Coast Suns","Geelong Cats"
2024,10,"Chad","Warner","SYD",10,"Sydney Swans","Carlton"
2024,10,"Isaac","Heeney","SYD",8,"Sydney Swans","Carlton"
2024,10,"Brodie","Grundy","SYD",6,"Sydney Swans","Carlton"
2024,10,"James","Rowbottom","SYD",4,"Sydney Swans","Carlton"
2024,10,"Errol","Gulden","SYD",1,"Sydney Swans","Carlton"
2024,10,"James","Jordon","SYD",1,"Sydney Swans","Carlton"
2024,10,"Nick","Daicos","COLL",10,"Collingwood","Adelaide Crows"
2024,10,"Izak","Rankine","ADEL",8,"Collingwood","Adelaide Crows"
2024,10,"Scott","Pendlebury","COLL",5,"Collingwood","Adelaide Crows"
2024,10,"Jack","Crisp","COLL",3,"Collingwood","Adelaide Crows"
2024,10,"Jordan","Dawson","ADEL",3,"Collingwood","Adelaide Crows"
2024,10,"Jordan","De Goey","COLL",1,"Collingwood","Adelaide Crows"
2024,10,"Adam","Treloar","WB",10,"GWS Giants","Western Bulldogs"
2024,10,"Ed","Richards","WB",7,"GWS Giants","Western Bulldogs"
2024,10,"Jack","Macrae","WB",4,"GWS Giants","Western Bulldogs"
2024,10,"James","Harmes","WB",4,"GWS Giants","Western Bulldogs"
2024,10,"Aaron","Naughton","WB",3,"GWS Giants","Western Bulldogs"
2024,10,"Jesse","Hogan","GWS",2,"GWS Giants","Western Bulldogs"
2024,10,"Caleb","Serong","FRE",9,"St Kilda","Fremantle"
2024,10,"Luke","Jackson","FRE",6,"St Kilda","Fremantle"
2024,10,"Hayden","Young","FRE",5,"St Kilda","Fremantle"
2024,10,"Jordan","Clark","FRE",3,"St Kilda","Fremantle"
2024,10,"Andrew","Brayshaw","FRE",3,"St Kilda","Fremantle"
2024,10,"Rowan","Marshall","STK",2,"St Kilda","Fremantle"
2024,10,"Jaeger","O'Meara","FRE",2,"St Kilda","Fremantle"
2024,10,"Lachie","Neale","BL",10,"Brisbane Lions","Richmond"
2024,10,"Dayne","Zorko","BL",7,"Brisbane Lions","Richmond"
2024,10,"Kai","Lohmann","BL",6,"Brisbane Lions","Richmond"
2024,10,"Joe","Daniher","BL",3,"Brisbane Lions","Richmond"
2024,10,"Charlie","Cameron","BL",3,"Brisbane Lions","Richmond"
2024,10,"Cameron","Rayner","BL",1,"Brisbane Lions","Richmond"
2024,10,"Peter","Wright","ESS",10,"Essendon","North Melbourne"
2024,10,"Luke","Davies-Uniacke","NMFC",7,"Essendon","North Melbourne"
2024,10,"Tristan","Xerri","NMFC",5,"Essendon","North Melbourne"
2024,10,"Matt","Guelfi","ESS",3,"Essendon","North Melbourne"
2024,10,"Jye","Caldwell","ESS",2,"Essendon","North Melbourne"
2024,10,"Andrew","McGrath","ESS",2,"Essendon","North Melbourne"
2024,10,"Nic","Martin","ESS",1,"Essendon","North Melbourne"
2024,10,"Dan","Houston","PORT",8,"Port Adelaide","Hawthorn"
2024,10,"Blake","Hardwick","HAW",8,"Port Adelaide","Hawthorn"
2024,10,"Jason","Horne-Francis","PORT",8,"Port Adelaide","Hawthorn"
2024,10,"Zak","Butters","PORT",4,"Port Adelaide","Hawthorn"
2024,10,"Will","Day","HAW",2,"Port Adelaide","Hawthorn"
2024,10,"Harley","Reid","WCE",10,"West Coast Eagles","Melbourne"
2024,10,"Jake","Waterman","WCE",8,"West Coast Eagles","Melbourne"
2024,10,"Tim","Kelly","WCE",6,"West Coast Eagles","Melbourne"
2024,10,"Jeremy","McGovern","WCE",2,"West Coast Eagles","Melbourne"
2024,10,"Jack","Darling","WCE",2,"West Coast Eagles","Melbourne"
2024,10,"Liam","Duggan","WCE",2,"West Coast Eagles","Melbourne"
2024,11,"Chad","Warner","SYD",10,"Western Bulldogs","Sydney Swans"
2024,11,"Marcus","Bontempelli","WB",7,"Western Bulldogs","Sydney Swans"
2024,11,"Errol","Gulden","SYD",6,"Western Bulldogs","Sydney Swans"
2024,11,"Adam","Treloar","WB",3,"Western Bulldogs","Sydney Swans"
2024,11,"Jamarra","Ugle-Hagan","WB",2,"Western Bulldogs","Sydney Swans"
2024,11,"Liam","Jones","WB",2,"Western Bulldogs","Sydney Swans"
2024,11,"Jordan","Clark","FRE",9,"Fremantle","Collingwood"
2024,11,"Nick","Daicos","COLL",9,"Fremantle","Collingwood"
2024,11,"Patrick","Lipinski","COLL",3,"Fremantle","Collingwood"
2024,11,"Darcy","Cameron","COLL",3,"Fremantle","Collingwood"
2024,11,"Jeremy","Sharp","FRE",2,"Fremantle","Collingwood"
2024,11,"Jack","Crisp","COLL",2,"Fremantle","Collingwood"
2024,11,"Bailey","Banfield","FRE",1,"Fremantle","Collingwood"
2024,11,"Luke","Ryan","FRE",1,"Fremantle","Collingwood"
2024,11,"Jason","Horne-Francis","PORT",10,"North Melbourne","Port Adelaide"
2024,11,"Todd","Marshall","PORT",7,"North Melbourne","Port Adelaide"
2024,11,"Luke","Davies-Uniacke","NMFC",5,"North Melbourne","Port Adelaide"
2024,11,"Esava","Ratugolea","PORT",4,"North Melbourne","Port Adelaide"
2024,11,"Ollie","Wines","PORT",3,"North Melbourne","Port Adelaide"
2024,11,"Tristan","Xerri","NMFC",1,"North Melbourne","Port Adelaide"
2024,11,"Patrick","Cripps","CARL",10,"Carlton","Gold Coast Suns"
2024,11,"Sam","Walsh","CARL",8,"Carlton","Gold Coast Suns"
2024,11,"Charlie","Curnow","CARL",4,"Carlton","Gold Coast Suns"
2024,11,"Tom","De Koning","CARL",4,"Carlton","Gold Coast Suns"
2024,11,"Mac","Andrew","GCFC",2,"Carlton","Gold Coast Suns"
2024,11,"Zac","Williams","CARL",2,"Carlton","Gold Coast Suns"
2024,11,"Toby","Greene","GWS",9,"Geelong Cats","GWS Giants"
2024,11,"Max","Holmes","GEEL",5,"Geelong Cats","GWS Giants"
2024,11,"Kieren","Briggs","GWS",5,"Geelong Cats","GWS Giants"
2024,11,"Connor","Idun","GWS",4,"Geelong Cats","GWS Giants"
2024,11,"Jake","Riccardi","GWS",3,"Geelong Cats","GWS Giants"
2024,11,"Leek","Aleer","GWS",2,"Geelong Cats","GWS Giants"
2024,11,"Tyson","Stengle","GEEL",2,"Geelong Cats","GWS Giants"
2024,11,"Jordan","Ridley","ESS",10,"Richmond","Essendon"
2024,11,"Dustin","Martin","RICH",5,"Richmond","Essendon"
2024,11,"Toby","Nankervis","RICH",5,"Richmond","Essendon"
2024,11,"Zach","Merrett","ESS",3,"Richmond","Essendon"
2024,11,"Jake","Stringer","ESS",3,"Richmond","Essendon"
2024,11,"Nic","Martin","ESS",2,"Richmond","Essendon"
2024,11,"Mason","Redman","ESS",2,"Richmond","Essendon"
2024,11,"James","Worpel","HAW",10,"Hawthorn","Brisbane Lions"
2024,11,"Jack","Gunston","HAW",6,"Hawthorn","Brisbane Lions"
2024,11,"Will","Day","HAW",6,"Hawthorn","Brisbane Lions"
2024,11,"Lachie","Neale","BL",4,"Hawthorn","Brisbane Lions"
2024,11,"Oscar","McInerney","BL",2,"Hawthorn","Brisbane Lions"
2024,11,"Karl","Amon","HAW",1,"Hawthorn","Brisbane Lions"
2024,11,"James","Sicily","HAW",1,"Hawthorn","Brisbane Lions"
2024,11,"Max","Gawn","MELB",10,"Melbourne","St Kilda"
2024,11,"Adam","Tomlinson","MELB",5,"Melbourne","St Kilda"
2024,11,"Christian","Salem","MELB",5,"Melbourne","St Kilda"
2024,11,"Jack","Viney","MELB",4,"Melbourne","St Kilda"
2024,11,"Tom","McDonald","MELB",4,"Melbourne","St Kilda"
2024,11,"Jacob","Van Rooyen","MELB",1,"Melbourne","St Kilda"
2024,11,"Christian","Petracca","MELB",1,"Melbourne","St Kilda"
2024,11,"Jordan","Dawson","ADEL",10,"Adelaide Crows","West Coast Eagles"
2024,11,"Lachlan","Sholl","ADEL",7,"Adelaide Crows","West Coast Eagles"
2024,11,"Darcy","Fogarty","ADEL",6,"Adelaide Crows","West Coast Eagles"
2024,11,"Rory","Laird","ADEL",4,"Adelaide Crows","West Coast Eagles"
2024,11,"Chayce","Jones","ADEL",3,"Adelaide Crows","West Coast Eagles"
2024,12,"Sam","Walsh","CARL",9,"Port Adelaide","Carlton"
2024,12,"Patrick","Cripps","CARL",7,"Port Adelaide","Carlton"
2024,12,"Jason","Horne-Francis","PORT",6,"Port Adelaide","Carlton"
2024,12,"Tom","De Koning","CARL",6,"Port Adelaide","Carlton"
2024,12,"Aliir","Aliir","PORT",1,"Port Adelaide","Carlton"
2024,12,"Nicholas","Newman","CARL",1,"Port Adelaide","Carlton"
2024,12,"Marcus","Bontempelli","WB",10,"Collingwood","Western Bulldogs"
2024,12,"Nick","Daicos","COLL",8,"Collingwood","Western Bulldogs"
2024,12,"Adam","Treloar","WB",4,"Collingwood","Western Bulldogs"
2024,12,"Bailey","Dale","WB",3,"Collingwood","Western Bulldogs"
2024,12,"Sam","Darcy","WB",3,"Collingwood","Western Bulldogs"
2024,12,"Darcy","Cameron","COLL",2,"Collingwood","Western Bulldogs"
2024,12,"Dylan","Moore","HAW",10,"Hawthorn","Adelaide Crows"
2024,12,"Jack","Ginnivan","HAW",5,"Hawthorn","Adelaide Crows"
2024,12,"Jai","Newcombe","HAW",5,"Hawthorn","Adelaide Crows"
2024,12,"Will","Day","HAW",5,"Hawthorn","Adelaide Crows"
2024,12,"Jack","Scrimshaw","HAW",4,"Hawthorn","Adelaide Crows"
2024,12,"James","Borlase","ADEL",1,"Hawthorn","Adelaide Crows"
2024,12,"Nasiah","Wanganeen-Milera","STK",8,"West Coast Eagles","St Kilda"
2024,12,"Mason","Wood","STK",7,"West Coast Eagles","St Kilda"
2024,12,"Elliot","Yeo","WCE",5,"West Coast Eagles","St Kilda"
2024,12,"Callum","Wilkie","STK",5,"West Coast Eagles","St Kilda"
2024,12,"Liam","Duggan","WCE",3,"West Coast Eagles","St Kilda"
2024,12,"Paddy","Dow","STK",1,"West Coast Eagles","St Kilda"
2024,12,"Liam","Ryan","WCE",1,"West Coast Eagles","St Kilda"
2024,12,"Jack","Bowes","GEEL",9,"Geelong Cats","Richmond"
2024,12,"Max","Holmes","GEEL",9,"Geelong Cats","Richmond"
2024,12,"Oliver","Dempsey","GEEL",6,"Geelong Cats","Richmond"
2024,12,"Liam","Baker","RICH",4,"Geelong Cats","Richmond"
2024,12,"Mitch","Duncan","GEEL",1,"Geelong Cats","Richmond"
2024,12,"Daniel","Rioli","RICH",1,"Geelong Cats","Richmond"
2024,12,"Jordan","Clark","FRE",8,"Melbourne","Fremantle"
2024,12,"Josh","Treacy","FRE",5,"Melbourne","Fremantle"
2024,12,"Hayden","Young","FRE",5,"Melbourne","Fremantle"
2024,12,"Sam","Switkowski","FRE",4,"Melbourne","Fremantle"
2024,12,"Caleb","Serong","FRE",4,"Melbourne","Fremantle"
2024,12,"Alex","Pearce","FRE",2,"Melbourne","Fremantle"
2024,12,"Luke","Jackson","FRE",2,"Melbourne","Fremantle"
2024,12,"Matt","Rowell","GCFC",9,"Gold Coast Suns","Essendon"
2024,12,"Noah","Anderson","GCFC",8,"Gold Coast Suns","Essendon"
2024,12,"Sam","Collins","GCFC",6,"Gold Coast Suns","Essendon"
2024,12,"Mac","Andrew","GCFC",3,"Gold Coast Suns","Essendon"
2024,12,"Nick","Hind","ESS",2,"Gold Coast Suns","Essendon"
2024,12,"Touk","Miller","GCFC",1,"Gold Coast Suns","Essendon"
2024,12,"Zach","Merrett","ESS",1,"Gold Coast Suns","Essendon"
2024,13,"Shai","Bolton","RICH",5,"Adelaide Crows","Richmond"
2024,13,"Jayden","Short","RICH",5,"Adelaide Crows","Richmond"
2024,13,"Noah","Balta","RICH",5,"Adelaide Crows","Richmond"
2024,13,"Tim","Taranto","RICH",4,"Adelaide Crows","Richmond"
2024,13,"Toby","Nankervis","RICH",4,"Adelaide Crows","Richmond"
2024,13,"Luke","Nankervis","ADEL",3,"Adelaide Crows","Richmond"
2024,13,"Jordan","Dawson","ADEL",3,"Adelaide Crows","Richmond"
2024,13,"Liam","Baker","RICH",1,"Adelaide Crows","Richmond"
2024,13,"Lachie","Neale","BL",10,"Western Bulldogs","Brisbane Lions"
2024,13,"Eric","Hipwood","BL",6,"Western Bulldogs","Brisbane Lions"
2024,13,"Dayne","Zorko","BL",4,"Western Bulldogs","Brisbane Lions"
2024,13,"Jarrod","Berry","BL",3,"Western Bulldogs","Brisbane Lions"
2024,13,"Hugh","McCluggage","BL",3,"Western Bulldogs","Brisbane Lions"
2024,13,"Harris","Andrews","BL",2,"Western Bulldogs","Brisbane Lions"
2024,13,"Oscar","McInerney","BL",1,"Western Bulldogs","Brisbane Lions"
2024,13,"Cameron","Rayner","BL",1,"Western Bulldogs","Brisbane Lions"
2024,13,"Will","Day","HAW",10,"Hawthorn","GWS Giants"
2024,13,"Joshua","Weddle","HAW",6,"Hawthorn","GWS Giants"
2024,13,"Xavier","O'Halloran","GWS",5,"Hawthorn","GWS Giants"
2024,13,"Finn","Callaghan","GWS",3,"Hawthorn","GWS Giants"
2024,13,"James","Sicily","HAW",3,"Hawthorn","GWS Giants"
2024,13,"Massimo","D'Ambrosio","HAW",2,"Hawthorn","GWS Giants"
2024,13,"Mabior","Chol","HAW",1,"Hawthorn","GWS Giants"
2024,13,"Jy","Simpkin","NMFC",10,"West Coast Eagles","North Melbourne"
2024,13,"Nick","Larkey","NMFC",7,"West Coast Eagles","North Melbourne"
2024,13,"Luke","Davies-Uniacke","NMFC",4,"West Coast Eagles","North Melbourne"
2024,13,"Harry","Sheezel","NMFC",4,"West Coast Eagles","North Melbourne"
2024,13,"Elliot","Yeo","WCE",4,"West Coast Eagles","North Melbourne"
2024,13,"Jamie","Cripps","WCE",1,"West Coast Eagles","North Melbourne"
2024,13,"Jack","Sinclair","STK",10,"St Kilda","Gold Coast Suns"
2024,13,"Josh","Battle","STK",7,"St Kilda","Gold Coast Suns"
2024,13,"Bodhi","Uwland","GCFC",6,"St Kilda","Gold Coast Suns"
2024,13,"Sam","Collins","GCFC",5,"St Kilda","Gold Coast Suns"
2024,13,"Sam","Flanders","GCFC",1,"St Kilda","Gold Coast Suns"
2024,13,"Marcus","Windhager","STK",1,"St Kilda","Gold Coast Suns"
2024,13,"Isaac","Heeney","SYD",9,"Sydney Swans","Geelong Cats"
2024,13,"Errol","Gulden","SYD",8,"Sydney Swans","Geelong Cats"
2024,13,"Chad","Warner","SYD",7,"Sydney Swans","Geelong Cats"
2024,13,"Tom","Papley","SYD",3,"Sydney Swans","Geelong Cats"
2024,13,"Brodie","Grundy","SYD",2,"Sydney Swans","Geelong Cats"
2024,13,"Jeremy","Cameron","GEEL",1,"Sydney Swans","Geelong Cats"
2024,13,"Tom","De Koning","CARL",10,"Essendon","Carlton"
2024,13,"Elijah","Hollands","CARL",7,"Essendon","Carlton"
2024,13,"Nic","Martin","ESS",5,"Essendon","Carlton"
2024,13,"George","Hewett","CARL",3,"Essendon","Carlton"
2024,13,"Alex","Cincotta","CARL",2,"Essendon","Carlton"
2024,13,"Sam","Durham","ESS",2,"Essendon","Carlton"
2024,13,"Jacob","Weitering","CARL",1,"Essendon","Carlton"
2024,13,"Jack","Crisp","COLL",10,"Collingwood","Melbourne"
2024,13,"Jeremy","Howe","COLL",7,"Collingwood","Melbourne"
2024,13,"Josh","Daicos","COLL",7,"Collingwood","Melbourne"
2024,13,"Max","Gawn","MELB",4,"Collingwood","Melbourne"
2024,13,"Brayden","Maynard","COLL",1,"Collingwood","Melbourne"
2024,13,"Alex","Neal-Bullen","MELB",1,"Collingwood","Melbourne"
2024,14,"Joe","Daniher","BL",9,"Brisbane Lions","St Kilda"
2024,14,"Hugh","McCluggage","BL",7,"Brisbane Lions","St Kilda"
2024,14,"Dayne","Zorko","BL",5,"Brisbane Lions","St Kilda"
2024,14,"Jack","Higgins","STK",5,"Brisbane Lions","St Kilda"
2024,14,"Jarrod","Berry","BL",4,"Brisbane Lions","St Kilda"
2024,14,"Marcus","Bontempelli","WB",10,"Western Bulldogs","Fremantle"
2024,14,"Bailey","Dale","WB",7,"Western Bulldogs","Fremantle"
2024,14,"Adam","Treloar","WB",5,"Western Bulldogs","Fremantle"
2024,14,"Tom","Liberatore","WB",4,"Western Bulldogs","Fremantle"
2024,14,"Lachie","Bramble","WB",3,"Western Bulldogs","Fremantle"
2024,14,"Rory","Lobb","WB",1,"Western Bulldogs","Fremantle"
2024,14,"James","Sicily","HAW",10,"Richmond","Hawthorn"
2024,14,"Jai","Newcombe","HAW",8,"Richmond","Hawthorn"
2024,14,"Joshua","Weddle","HAW",3,"Richmond","Hawthorn"
2024,14,"Mabior","Chol","HAW",3,"Richmond","Hawthorn"
2024,14,"Tim","Taranto","RICH",3,"Richmond","Hawthorn"
2024,14,"Jack","Scrimshaw","HAW",3,"Richmond","Hawthorn"
2024,14,"Joel","Amartey","SYD",10,"Adelaide Crows","Sydney Swans"
2024,14,"Brodie","Grundy","SYD",8,"Adelaide Crows","Sydney Swans"
2024,14,"Isaac","Heeney","SYD",5,"Adelaide Crows","Sydney Swans"
2024,14,"Errol","Gulden","SYD",5,"Adelaide Crows","Sydney Swans"
2024,14,"James","Rowbottom","SYD",2,"Adelaide Crows","Sydney Swans"
2024,14,"Bobby","Hill","COLL",8,"North Melbourne","Collingwood"
2024,14,"Luke","Davies-Uniacke","NMFC",8,"North Melbourne","Collingwood"
2024,14,"Nick","Daicos","COLL",7,"North Melbourne","Collingwood"
2024,14,"George","Wardlaw","NMFC",5,"North Melbourne","Collingwood"
2024,14,"Jeremy","Howe","COLL",1,"North Melbourne","Collingwood"
2024,14,"Tristan","Xerri","NMFC",1,"North Melbourne","Collingwood"
2024,14,"Toby","Bedford","GWS",10,"GWS Giants","Port Adelaide"
2024,14,"Josh","Kelly","GWS",8,"GWS Giants","Port Adelaide"
2024,14,"Dan","Houston","PORT",5,"GWS Giants","Port Adelaide"
2024,14,"Callan","Ward","GWS",3,"GWS Giants","Port Adelaide"
2024,14,"Kieren","Briggs","GWS",2,"GWS Giants","Port Adelaide"
2024,14,"Brent","Daniels","GWS",1,"GWS Giants","Port Adelaide"
2024,14,"Lachie","Whitfield","GWS",1,"GWS Giants","Port Adelaide"
2024,15,"Patrick","Cripps","CARL",9,"Carlton","Geelong Cats"
2024,15,"Tom","De Koning","CARL",7,"Carlton","Geelong Cats"
2024,15,"Sam","Walsh","CARL",7,"Carlton","Geelong Cats"
2024,15,"Charlie","Curnow","CARL",4,"Carlton","Geelong Cats"
2024,15,"Alex","Cincotta","CARL",2,"Carlton","Geelong Cats"
2024,15,"Matthew","Kennedy","CARL",1,"Carlton","Geelong Cats"
2024,15,"Oscar","McInerney","BL",10,"Port Adelaide","Brisbane Lions"
2024,15,"Lachie","Neale","BL",8,"Port Adelaide","Brisbane Lions"
2024,15,"Eric","Hipwood","BL",6,"Port Adelaide","Brisbane Lions"
2024,15,"Josh","Dunkley","BL",4,"Port Adelaide","Brisbane Lions"
2024,15,"Zak","Butters","PORT",1,"Port Adelaide","Brisbane Lions"
2024,15,"Cameron","Rayner","BL",1,"Port Adelaide","Brisbane Lions"
2024,15,"Errol","Gulden","SYD",9,"GWS Giants","Sydney Swans"
2024,15,"James","Rowbottom","SYD",9,"GWS Giants","Sydney Swans"
2024,15,"Brodie","Grundy","SYD",6,"GWS Giants","Sydney Swans"
2024,15,"Isaac","Heeney","SYD",4,"GWS Giants","Sydney Swans"
2024,15,"Tom","Green","GWS",2,"GWS Giants","Sydney Swans"
2024,15,"Luke","Davies-Uniacke","NMFC",9,"Melbourne","North Melbourne"
2024,15,"Steven","May","MELB",8,"Melbourne","North Melbourne"
2024,15,"Jack","Viney","MELB",7,"Melbourne","North Melbourne"
2024,15,"Cameron","Zurhaar","NMFC",3,"Melbourne","North Melbourne"
2024,15,"Harry","Sheezel","NMFC",2,"Melbourne","North Melbourne"
2024,15,"Trent","Rivers","MELB",1,"Melbourne","North Melbourne"
2024,15,"Sam","Durham","ESS",10,"Essendon","West Coast Eagles"
2024,15,"Jake","Stringer","ESS",6,"Essendon","West Coast Eagles"
2024,15,"Zach","Merrett","ESS",4,"Essendon","West Coast Eagles"
2024,15,"Jye","Caldwell","ESS",3,"Essendon","West Coast Eagles"
2024,15,"Tom","Barrass","WCE",3,"Essendon","West Coast Eagles"
2024,15,"Liam","Ryan","WCE",2,"Essendon","West Coast Eagles"
2024,15,"Jamie","Cripps","WCE",2,"Essendon","West Coast Eagles"
2024,15,"Hayden","Young","FRE",10,"Fremantle","Gold Coast Suns"
2024,15,"Sean","Darcy","FRE",7,"Fremantle","Gold Coast Suns"
2024,15,"Andrew","Brayshaw","FRE",6,"Fremantle","Gold Coast Suns"
2024,15,"Caleb","Serong","FRE",3,"Fremantle","Gold Coast Suns"
2024,15,"Josh","Treacy","FRE",2,"Fremantle","Gold Coast Suns"
2024,15,"Wil","Powell","GCFC",1,"Fremantle","Gold Coast Suns"
2024,15,"Heath","Chapman","FRE",1,"Fremantle","Gold Coast Suns"
2024,16,"Josh","Dunkley","BL",9,"Brisbane Lions","Melbourne"
2024,16,"Kysaiah","Pickett","MELB",9,"Brisbane Lions","Melbourne"
2024,16,"Hugh","McCluggage","BL",6,"Brisbane Lions","Melbourne"
2024,16,"Jack","Viney","MELB",4,"Brisbane Lions","Melbourne"
2024,16,"Dayne","Zorko","BL",2,"Brisbane Lions","Melbourne"
2024,16,"Marcus","Bontempelli","WB",10,"North Melbourne","Western Bulldogs"
2024,16,"Rory","Lobb","WB",7,"North Melbourne","Western Bulldogs"
2024,16,"Liam","Jones","WB",6,"North Melbourne","Western Bulldogs"
2024,16,"Tristan","Xerri","NMFC",3,"North Melbourne","Western Bulldogs"
2024,16,"Charlie","Comben","NMFC",3,"North Melbourne","Western Bulldogs"
2024,16,"Tom","Liberatore","WB",1,"North Melbourne","Western Bulldogs"
2024,16,"Nick","Blakey","SYD",10,"Sydney Swans","Fremantle"
2024,16,"Caleb","Serong","FRE",7,"Sydney Swans","Fremantle"
2024,16,"Nathan","Fyfe","FRE",6,"Sydney Swans","Fremantle"
2024,16,"Andrew","Brayshaw","FRE",3,"Sydney Swans","Fremantle"
2024,16,"Jeremy","Sharp","FRE",2,"Sydney Swans","Fremantle"
2024,16,"Hayden","McLean","SYD",1,"Sydney Swans","Fremantle"
2024,16,"Josh","Draper","FRE",1,"Sydney Swans","Fremantle"
2024,16,"Noah","Anderson","GCFC",8,"Gold Coast Suns","Collingwood"
2024,16,"Nick","Daicos","COLL",8,"Gold Coast Suns","Collingwood"
2024,16,"Sam","Flanders","GCFC",8,"Gold Coast Suns","Collingwood"
2024,16,"Bodhi","Uwland","GCFC",2,"Gold Coast Suns","Collingwood"
2024,16,"Jarrod","Witts","GCFC",2,"Gold Coast Suns","Collingwood"
2024,16,"Ben","Ainsworth","GCFC",1,"Gold Coast Suns","Collingwood"
2024,16,"Jordan","De Goey","COLL",1,"Gold Coast Suns","Collingwood"
2024,16,"Izak","Rankine","ADEL",10,"Adelaide Crows","GWS Giants"
2024,16,"Mitchell","Hinge","ADEL",8,"Adelaide Crows","GWS Giants"
2024,16,"Jordan","Dawson","ADEL",3,"Adelaide Crows","GWS Giants"
2024,16,"Darcy","Fogarty","ADEL",3,"Adelaide Crows","GWS Giants"
2024,16,"Harry","Himmelberg","GWS",2,"Adelaide Crows","GWS Giants"
2024,16,"Ben","Keays","ADEL",2,"Adelaide Crows","GWS Giants"
2024,16,"Joshua","Rachele","ADEL",1,"Adelaide Crows","GWS Giants"
2024,16,"Tom","Green","GWS",1,"Adelaide Crows","GWS Giants"
2024,16,"Oliver","Dempsey","GEEL",9,"Geelong Cats","Essendon"
2024,16,"Jye","Caldwell","ESS",5,"Geelong Cats","Essendon"
2024,16,"Zach","Tuohy","GEEL",5,"Geelong Cats","Essendon"
2024,16,"Max","Holmes","GEEL",5,"Geelong Cats","Essendon"
2024,16,"Mitch","Duncan","GEEL",3,"Geelong Cats","Essendon"
2024,16,"Tom","Stewart","GEEL",2,"Geelong Cats","Essendon"
2024,16,"Nic","Martin","ESS",1,"Geelong Cats","Essendon"
2024,16,"Jason","Horne-Francis","PORT",6,"St Kilda","Port Adelaide"
2024,16,"Zak","Butters","PORT",5,"St Kilda","Port Adelaide"
2024,16,"Brandon","Zerk-Thatcher","PORT",4,"St Kilda","Port Adelaide"
2024,16,"Callum","Wilkie","STK",4,"St Kilda","Port Adelaide"
2024,16,"Rowan","Marshall","STK",3,"St Kilda","Port Adelaide"
2024,16,"Connor","Rozee","PORT",3,"St Kilda","Port Adelaide"
2024,16,"Aliir","Aliir","PORT",2,"St Kilda","Port Adelaide"
2024,16,"Josh","Battle","STK",2,"St Kilda","Port Adelaide"
2024,16,"Nasiah","Wanganeen-Milera","STK",1,"St Kilda","Port Adelaide"
2024,16,"Patrick","Cripps","CARL",10,"Richmond","Carlton"
2024,16,"Sam","Walsh","CARL",8,"Richmond","Carlton"
2024,16,"Nicholas","Newman","CARL",6,"Richmond","Carlton"
2024,16,"Adam","Saad","CARL",2,"Richmond","Carlton"
2024,16,"Blake","Acres","CARL",2,"Richmond","Carlton"
2024,16,"Elijah","Hollands","CARL",1,"Richmond","Carlton"
2024,16,"Ben","Miller","RICH",1,"Richmond","Carlton"
2024,16,"James","Worpel","HAW",10,"West Coast Eagles","Hawthorn"
2024,16,"Jai","Newcombe","HAW",8,"West Coast Eagles","Hawthorn"
2024,16,"Dylan","Moore","HAW",5,"West Coast Eagles","Hawthorn"
2024,16,"James","Sicily","HAW",3,"West Coast Eagles","Hawthorn"
2024,16,"Lloyd","Meek","HAW",3,"West Coast Eagles","Hawthorn"
2024,16,"Jarman","Impey","HAW",1,"West Coast Eagles","Hawthorn"
2024,17,"Zach","Merrett","ESS",10,"Collingwood","Essendon"
2024,17,"Ben","McKay","ESS",5,"Collingwood","Essendon"
2024,17,"Jye","Caldwell","ESS",4,"Collingwood","Essendon"
2024,17,"Andrew","McGrath","ESS",3,"Collingwood","Essendon"
2024,17,"Jack","Crisp","COLL",3,"Collingwood","Essendon"
2024,17,"Steele","Sidebottom","COLL",2,"Collingwood","Essendon"
2024,17,"Nick","Daicos","COLL",2,"Collingwood","Essendon"
2024,17,"Scott","Pendlebury","COLL",1,"Collingwood","Essendon"
2024,17,"Harry","Sheezel","NMFC",10,"North Melbourne","Gold Coast Suns"
2024,17,"Luke","Davies-Uniacke","NMFC",8,"North Melbourne","Gold Coast Suns"
2024,17,"Colby","McKercher","NMFC",5,"North Melbourne","Gold Coast Suns"
2024,17,"Tristan","Xerri","NMFC",3,"North Melbourne","Gold Coast Suns"
2024,17,"Noah","Anderson","GCFC",2,"North Melbourne","Gold Coast Suns"
2024,17,"Sam","Day","GCFC",1,"North Melbourne","Gold Coast Suns"
2024,17,"Aidan","Corr","NMFC",1,"North Melbourne","Gold Coast Suns"
2024,17,"Connor","Rozee","PORT",10,"Port Adelaide","Western Bulldogs"
2024,17,"Jason","Horne-Francis","PORT",4,"Port Adelaide","Western Bulldogs"
2024,17,"Mitchell","Georgiades","PORT",4,"Port Adelaide","Western Bulldogs"
2024,17,"Ollie","Wines","PORT",4,"Port Adelaide","Western Bulldogs"
2024,17,"Brandon","Zerk-Thatcher","PORT",4,"Port Adelaide","Western Bulldogs"
2024,17,"Zak","Butters","PORT",4,"Port Adelaide","Western Bulldogs"
2024,17,"Jeremy","Cameron","GEEL",10,"Geelong Cats","Hawthorn"
2024,17,"Sam","De Koning","GEEL",7,"Geelong Cats","Hawthorn"
2024,17,"Tom","Stewart","GEEL",6,"Geelong Cats","Hawthorn"
2024,17,"Brad","Close","GEEL",5,"Geelong Cats","Hawthorn"
2024,17,"Mitch","Duncan","GEEL",1,"Geelong Cats","Hawthorn"
2024,17,"Shaun","Mannagh","GEEL",1,"Geelong Cats","Hawthorn"
2024,17,"Jesse","Hogan","GWS",10,"GWS Giants","Carlton"
2024,17,"Kieren","Briggs","GWS",4,"GWS Giants","Carlton"
2024,17,"Callan","Ward","GWS",4,"GWS Giants","Carlton"
2024,17,"Patrick","Cripps","CARL",4,"GWS Giants","Carlton"
2024,17,"Jack","Buckley","GWS",4,"GWS Giants","Carlton"
2024,17,"Brent","Daniels","GWS",4,"GWS Giants","Carlton"
2024,17,"Andrew","Brayshaw","FRE",9,"Fremantle","Richmond"
2024,17,"Toby","Nankervis","RICH",9,"Fremantle","Richmond"
2024,17,"Josh","Treacy","FRE",5,"Fremantle","Richmond"
2024,17,"Hayden","Young","FRE",5,"Fremantle","Richmond"
2024,17,"Shai","Bolton","RICH",2,"Fremantle","Richmond"
2024,17,"Trent","Rivers","MELB",10,"Melbourne","West Coast Eagles"
2024,17,"Jacob","Van Rooyen","MELB",7,"Melbourne","West Coast Eagles"
2024,17,"Caleb","Windsor","MELB",7,"Melbourne","West Coast Eagles"
2024,17,"Ed","Langdon","MELB",2,"Melbourne","West Coast Eagles"
2024,17,"Judd","McVee","MELB",2,"Melbourne","West Coast Eagles"
2024,17,"Kysaiah","Pickett","MELB",1,"Melbourne","West Coast Eagles"
2024,17,"Tom","McDonald","MELB",1,"Melbourne","West Coast Eagles"
2024,17,"Mattaes","Phillipou","STK",10,"St Kilda","Sydney Swans"
2024,17,"Chad","Warner","SYD",4,"St Kilda","Sydney Swans"
2024,17,"Liam","Henry","STK",4,"St Kilda","Sydney Swans"
2024,17,"Isaac","Heeney","SYD",3,"St Kilda","Sydney Swans"
2024,17,"Bradley","Hill","STK",3,"St Kilda","Sydney Swans"
2024,17,"Callum","Wilkie","STK",2,"St Kilda","Sydney Swans"
2024,17,"Oliver","Florent","SYD",2,"St Kilda","Sydney Swans"
2024,17,"Rowan","Marshall","STK",1,"St Kilda","Sydney Swans"
2024,17,"Jack","Steele","STK",1,"St Kilda","Sydney Swans"
2024,17,"Lachie","Neale","BL",10,"Brisbane Lions","Adelaide Crows"
2024,17,"Josh","Dunkley","BL",8,"Brisbane Lions","Adelaide Crows"
2024,17,"Ben","Keays","ADEL",5,"Brisbane Lions","Adelaide Crows"
2024,17,"Darcy","Wilmot","BL",3,"Brisbane Lions","Adelaide Crows"
2024,17,"Mark","Keane","ADEL",2,"Brisbane Lions","Adelaide Crows"
2024,17,"Oscar","McInerney","BL",2,"Brisbane Lions","Adelaide Crows"
2024,18,"Patrick","Dangerfield","GEEL",9,"Collingwood","Geelong Cats"
2024,18,"Gryan","Miers","GEEL",8,"Collingwood","Geelong Cats"
2024,18,"Max","Holmes","GEEL",7,"Collingwood","Geelong Cats"
2024,18,"Zach","Guthrie","GEEL",2,"Collingwood","Geelong Cats"
2024,18,"Jack","Bowes","GEEL",2,"Collingwood","Geelong Cats"
2024,18,"Tom","Stewart","GEEL",1,"Collingwood","Geelong Cats"
2024,18,"Darcy","Cameron","COLL",1,"Collingwood","Geelong Cats"
2024,18,"Conor","Nash","HAW",9,"Hawthorn","Fremantle"
2024,18,"Will","Day","HAW",5,"Hawthorn","Fremantle"
2024,18,"Karl","Amon","HAW",4,"Hawthorn","Fremantle"
2024,18,"Lloyd","Meek","HAW",4,"Hawthorn","Fremantle"
2024,18,"James","Sicily","HAW",3,"Hawthorn","Fremantle"
2024,18,"Caleb","Serong","FRE",3,"Hawthorn","Fremantle"
2024,18,"Hayden","Young","FRE",2,"Hawthorn","Fremantle"
2024,18,"Errol","Gulden","SYD",9,"Sydney Swans","North Melbourne"
2024,18,"Chad","Warner","SYD",9,"Sydney Swans","North Melbourne"
2024,18,"Tom","Papley","SYD",5,"Sydney Swans","North Melbourne"
2024,18,"Logan","McDonald","SYD",3,"Sydney Swans","North Melbourne"
2024,18,"Brodie","Grundy","SYD",3,"Sydney Swans","North Melbourne"
2024,18,"Nick","Blakey","SYD",1,"Sydney Swans","North Melbourne"
2024,18,"Bailey","Dale","WB",9,"Western Bulldogs","Carlton"
2024,18,"Jamarra","Ugle-Hagan","WB",9,"Western Bulldogs","Carlton"
2024,18,"Patrick","Cripps","CARL",6,"Western Bulldogs","Carlton"
2024,18,"Rhylee","West","WB",4,"Western Bulldogs","Carlton"
2024,18,"Jacob","Weitering","CARL",1,"Western Bulldogs","Carlton"
2024,18,"Marcus","Bontempelli","WB",1,"Western Bulldogs","Carlton"
2024,18,"Ben","Keays","ADEL",8,"Adelaide Crows","St Kilda"
2024,18,"Lachlan","Sholl","ADEL",6,"Adelaide Crows","St Kilda"
2024,18,"Jordan","Dawson","ADEL",5,"Adelaide Crows","St Kilda"
2024,18,"Rory","Laird","ADEL",5,"Adelaide Crows","St Kilda"
2024,18,"Jake","Soligo","ADEL",3,"Adelaide Crows","St Kilda"
2024,18,"Nasiah","Wanganeen-Milera","STK",3,"Adelaide Crows","St Kilda"
2024,18,"Judd","McVee","MELB",9,"Melbourne","Essendon"
2024,18,"Nic","Martin","ESS",6,"Melbourne","Essendon"
2024,18,"Trent","Rivers","MELB",6,"Melbourne","Essendon"
2024,18,"Kysaiah","Pickett","MELB",4,"Melbourne","Essendon"
2024,18,"Ben","McKay","ESS",3,"Melbourne","Essendon"
2024,18,"Ed","Langdon","MELB",2,"Melbourne","Essendon"
2024,18,"Noah","Anderson","GCFC",10,"Gold Coast Suns","Port Adelaide"
2024,18,"Sam","Flanders","GCFC",5,"Gold Coast Suns","Port Adelaide"
2024,18,"Wil","Powell","GCFC",5,"Gold Coast Suns","Port Adelaide"
2024,18,"Sam","Collins","GCFC",4,"Gold Coast Suns","Port Adelaide"
2024,18,"Ned","Moyle","GCFC",3,"Gold Coast Suns","Port Adelaide"
2024,18,"Aliir","Aliir","PORT",2,"Gold Coast Suns","Port Adelaide"
2024,18,"Connor","Rozee","PORT",1,"Gold Coast Suns","Port Adelaide"
2024,18,"Toby","Greene","GWS",10,"Richmond","GWS Giants"
2024,18,"Lachie","Whitfield","GWS",6,"Richmond","GWS Giants"
2024,18,"Harry","Himmelberg","GWS",4,"Richmond","GWS Giants"
2024,18,"Dion","Prestia","RICH",3,"Richmond","GWS Giants"
2024,18,"Toby","Nankervis","RICH",3,"Richmond","GWS Giants"
2024,18,"Kieren","Briggs","GWS",3,"Richmond","GWS Giants"
2024,18,"Jesse","Hogan","GWS",1,"Richmond","GWS Giants"
2024,18,"Lachie","Neale","BL",10,"West Coast Eagles","Brisbane Lions"
2024,18,"Oscar","McInerney","BL",4,"West Coast Eagles","Brisbane Lions"
2024,18,"Hugh","McCluggage","BL",4,"West Coast Eagles","Brisbane Lions"
2024,18,"Tim","Kelly","WCE",3,"West Coast Eagles","Brisbane Lions"
2024,18,"Brady","Hough","WCE",3,"West Coast Eagles","Brisbane Lions"
2024,18,"Cameron","Rayner","BL",2,"West Coast Eagles","Brisbane Lions"
2024,18,"Josh","Dunkley","BL",2,"West Coast Eagles","Brisbane Lions"
2024,18,"Liam","Ryan","WCE",1,"West Coast Eagles","Brisbane Lions"
2024,18,"Elliot","Yeo","WCE",1,"West Coast Eagles","Brisbane Lions"
2024,19,"Ben","Keays","ADEL",10,"Essendon","Adelaide Crows"
2024,19,"Darcy","Fogarty","ADEL",8,"Essendon","Adelaide Crows"
2024,19,"Zach","Merrett","ESS",5,"Essendon","Adelaide Crows"
2024,19,"Sam","Durham","ESS",5,"Essendon","Adelaide Crows"
2024,19,"Max","Michalanney","ADEL",1,"Essendon","Adelaide Crows"
2024,19,"Sam","Berry","ADEL",1,"Essendon","Adelaide Crows"
2024,19,"Jesse","Hogan","GWS",8,"GWS Giants","Gold Coast Suns"
2024,19,"Lachie","Whitfield","GWS",7,"GWS Giants","Gold Coast Suns"
2024,19,"Sam","Flanders","GCFC",5,"GWS Giants","Gold Coast Suns"
2024,19,"Jack","Buckley","GWS",5,"GWS Giants","Gold Coast Suns"
2024,19,"Ned","Moyle","GCFC",4,"GWS Giants","Gold Coast Suns"
2024,19,"Connor","Idun","GWS",1,"GWS Giants","Gold Coast Suns"
2024,19,"Tim","Membrey","STK",9,"St Kilda","West Coast Eagles"
2024,19,"Jack","Sinclair","STK",8,"St Kilda","West Coast Eagles"
2024,19,"Rowan","Marshall","STK",6,"St Kilda","West Coast Eagles"
2024,19,"Jack","Steele","STK",5,"St Kilda","West Coast Eagles"
2024,19,"Nasiah","Wanganeen-Milera","STK",1,"St Kilda","West Coast Eagles"
2024,19,"Josh","Battle","STK",1,"St Kilda","West Coast Eagles"
2024,19,"Jack","Ginnivan","HAW",8,"Hawthorn","Collingwood"
2024,19,"Connor","MacDonald","HAW",8,"Hawthorn","Collingwood"
2024,19,"James","Sicily","HAW",5,"Hawthorn","Collingwood"
2024,19,"Conor","Nash","HAW",4,"Hawthorn","Collingwood"
2024,19,"Dylan","Moore","HAW",3,"Hawthorn","Collingwood"
2024,19,"Jarman","Impey","HAW",1,"Hawthorn","Collingwood"
2024,19,"Massimo","D'Ambrosio","HAW",1,"Hawthorn","Collingwood"
2024,19,"Adam","Treloar","WB",9,"Geelong Cats","Western Bulldogs"
2024,19,"Rory","Lobb","WB",9,"Geelong Cats","Western Bulldogs"
2024,19,"Ed","Richards","WB",6,"Geelong Cats","Western Bulldogs"
2024,19,"Buku","Khamis","WB",2,"Geelong Cats","Western Bulldogs"
2024,19,"Jamarra","Ugle-Hagan","WB",2,"Geelong Cats","Western Bulldogs"
2024,19,"Bailey","Dale","WB",1,"Geelong Cats","Western Bulldogs"
2024,19,"Tom","Stewart","GEEL",1,"Geelong Cats","Western Bulldogs"
2024,19,"Charlie","Dixon","PORT",8,"Port Adelaide","Richmond"
2024,19,"Ollie","Wines","PORT",5,"Port Adelaide","Richmond"
2024,19,"Aliir","Aliir","PORT",5,"Port Adelaide","Richmond"
2024,19,"Daniel","Rioli","RICH",4,"Port Adelaide","Richmond"
2024,19,"Connor","Rozee","PORT",3,"Port Adelaide","Richmond"
2024,19,"Logan","Evans","PORT",3,"Port Adelaide","Richmond"
2024,19,"Travis","Boak","PORT",2,"Port Adelaide","Richmond"
2024,19,"Hugh","McCluggage","BL",9,"Brisbane Lions","Sydney Swans"
2024,19,"Cameron","Rayner","BL",7,"Brisbane Lions","Sydney Swans"
2024,19,"Errol","Gulden","SYD",7,"Brisbane Lions","Sydney Swans"
2024,19,"Oscar","McInerney","BL",5,"Brisbane Lions","Sydney Swans"
2024,19,"Dayne","Zorko","BL",2,"Brisbane Lions","Sydney Swans"
2024,19,"Andrew","Brayshaw","FRE",9,"Fremantle","Melbourne"
2024,19,"Caleb","Serong","FRE",9,"Fremantle","Melbourne"
2024,19,"Josh","Treacy","FRE",6,"Fremantle","Melbourne"
2024,19,"Hayden","Young","FRE",4,"Fremantle","Melbourne"
2024,19,"Brandon","Walker","FRE",1,"Fremantle","Melbourne"
2024,19,"Michael","Walters","FRE",1,"Fremantle","Melbourne"
2024,19,"Harry","Sheezel","NMFC",10,"Carlton","North Melbourne"
2024,19,"Patrick","Cripps","CARL",8,"Carlton","North Melbourne"
2024,19,"Tristan","Xerri","NMFC",5,"Carlton","North Melbourne"
2024,19,"Luke","Davies-Uniacke","NMFC",3,"Carlton","North Melbourne"
2024,19,"Charlie","Curnow","CARL",2,"Carlton","North Melbourne"
2024,19,"Tom","De Koning","CARL",1,"Carlton","North Melbourne"
2024,19,"Adam","Saad","CARL",1,"Carlton","North Melbourne"
2024,20,"Ollie","Wines","PORT",10,"Carlton","Port Adelaide"
2024,20,"Willem","Drew","PORT",6,"Carlton","Port Adelaide"
2024,20,"Miles","Bergman","PORT",4,"Carlton","Port Adelaide"
2024,20,"Charlie","Curnow","CARL",4,"Carlton","Port Adelaide"
2024,20,"Aliir","Aliir","PORT",3,"Carlton","Port Adelaide"
2024,20,"Travis","Boak","PORT",2,"Carlton","Port Adelaide"
2024,20,"Jason","Horne-Francis","PORT",1,"Carlton","Port Adelaide"
2024,20,"Tom","Stewart","GEEL",10,"North Melbourne","Geelong Cats"
2024,20,"Harry","Sheezel","NMFC",8,"North Melbourne","Geelong Cats"
2024,20,"Oliver","Dempsey","GEEL",3,"North Melbourne","Geelong Cats"
2024,20,"Tyson","Stengle","GEEL",3,"North Melbourne","Geelong Cats"
2024,20,"Tristan","Xerri","NMFC",3,"North Melbourne","Geelong Cats"
2024,20,"Luke","Davies-Uniacke","NMFC",2,"North Melbourne","Geelong Cats"
2024,20,"Sam","De Koning","GEEL",1,"North Melbourne","Geelong Cats"
2024,20,"Lachie","Neale","BL",10,"Gold Coast Suns","Brisbane Lions"
2024,20,"Dayne","Zorko","BL",8,"Gold Coast Suns","Brisbane Lions"
2024,20,"Josh","Dunkley","BL",6,"Gold Coast Suns","Brisbane Lions"
2024,20,"Cameron","Rayner","BL",3,"Gold Coast Suns","Brisbane Lions"
2024,20,"Bodhi","Uwland","GCFC",2,"Gold Coast Suns","Brisbane Lions"
2024,20,"Darcy","Wilmot","BL",1,"Gold Coast Suns","Brisbane Lions"
2024,20,"Cooper","Sharman","STK",10,"St Kilda","Essendon"
2024,20,"Nasiah","Wanganeen-Milera","STK",7,"St Kilda","Essendon"
2024,20,"Jack","Steele","STK",6,"St Kilda","Essendon"
2024,20,"Rowan","Marshall","STK",5,"St Kilda","Essendon"
2024,20,"Anthony","Caminiti","STK",1,"St Kilda","Essendon"
2024,20,"Callum","Wilkie","STK",1,"St Kilda","Essendon"
2024,20,"Finn","Callaghan","GWS",9,"Melbourne","GWS Giants"
2024,20,"Lachie","Whitfield","GWS",6,"Melbourne","GWS Giants"
2024,20,"James","Peatling","GWS",6,"Melbourne","GWS Giants"
2024,20,"Tom","Green","GWS",5,"Melbourne","GWS Giants"
2024,20,"Brent","Daniels","GWS",2,"Melbourne","GWS Giants"
2024,20,"Clayton","Oliver","MELB",1,"Melbourne","GWS Giants"
2024,20,"Toby","Greene","GWS",1,"Melbourne","GWS Giants"
2024,20,"Caleb","Serong","FRE",10,"Fremantle","West Coast Eagles"
2024,20,"Andrew","Brayshaw","FRE",8,"Fremantle","West Coast Eagles"
2024,20,"Josh","Treacy","FRE",5,"Fremantle","West Coast Eagles"
2024,20,"Harley","Reid","WCE",3,"Fremantle","West Coast Eagles"
2024,20,"Tim","Kelly","WCE",2,"Fremantle","West Coast Eagles"
2024,20,"Jaeger","O'Meara","FRE",1,"Fremantle","West Coast Eagles"
2024,20,"Tom","Cole","WCE",1,"Fremantle","West Coast Eagles"
2024,20,"Nick","Daicos","COLL",10,"Collingwood","Richmond"
2024,20,"Josh","Daicos","COLL",8,"Collingwood","Richmond"
2024,20,"Nathan","Broad","RICH",6,"Collingwood","Richmond"
2024,20,"Darcy","Cameron","COLL",3,"Collingwood","Richmond"
2024,20,"Darcy","Moore","COLL",2,"Collingwood","Richmond"
2024,20,"Nick","Vlastuin","RICH",1,"Collingwood","Richmond"
2024,20,"Adam","Treloar","WB",10,"Sydney Swans","Western Bulldogs"
2024,20,"Liam","Jones","WB",7,"Sydney Swans","Western Bulldogs"
2024,20,"Jamarra","Ugle-Hagan","WB",7,"Sydney Swans","Western Bulldogs"
2024,20,"Ed","Richards","WB",2,"Sydney Swans","Western Bulldogs"
2024,20,"Matthew","Roberts","SYD",2,"Sydney Swans","Western Bulldogs"
2024,20,"Tom","Liberatore","WB",2,"Sydney Swans","Western Bulldogs"
2024,20,"Connor","MacDonald","HAW",10,"Adelaide Crows","Hawthorn"
2024,20,"Jarman","Impey","HAW",7,"Adelaide Crows","Hawthorn"
2024,20,"Will","Day","HAW",7,"Adelaide Crows","Hawthorn"
2024,20,"Jai","Newcombe","HAW",3,"Adelaide Crows","Hawthorn"
2024,20,"Mabior","Chol","HAW",2,"Adelaide Crows","Hawthorn"
2024,20,"Jake","Soligo","ADEL",1,"Adelaide Crows","Hawthorn"
2024,21,"Marcus","Bontempelli","WB",10,"Western Bulldogs","Melbourne"
2024,21,"Adam","Treloar","WB",8,"Western Bulldogs","Melbourne"
2024,21,"Jamarra","Ugle-Hagan","WB",5,"Western Bulldogs","Melbourne"
2024,21,"Bailey","Dale","WB",5,"Western Bulldogs","Melbourne"
2024,21,"Tim","English","WB",1,"Western Bulldogs","Melbourne"
2024,21,"Rory","Lobb","WB",1,"Western Bulldogs","Melbourne"
2024,21,"Matt","Rowell","GCFC",8,"West Coast Eagles","Gold Coast Suns"
2024,21,"Elliot","Yeo","WCE",8,"West Coast Eagles","Gold Coast Suns"
2024,21,"Jake","Waterman","WCE",5,"West Coast Eagles","Gold Coast Suns"
2024,21,"Tim","Kelly","WCE",5,"West Coast Eagles","Gold Coast Suns"
2024,21,"Wil","Powell","GCFC",2,"West Coast Eagles","Gold Coast Suns"
2024,21,"Reuben","Ginbey","WCE",2,"West Coast Eagles","Gold Coast Suns"
2024,21,"Luke","Davies-Uniacke","NMFC",10,"North Melbourne","Richmond"
2024,21,"Jackson","Archer","NMFC",5,"North Melbourne","Richmond"
2024,21,"Bailey","Scott","NMFC",5,"North Melbourne","Richmond"
2024,21,"Dion","Prestia","RICH",5,"North Melbourne","Richmond"
2024,21,"Liam","Baker","RICH",3,"North Melbourne","Richmond"
2024,21,"Tristan","Xerri","NMFC",2,"North Melbourne","Richmond"
2024,21,"Jeremy","Cameron","GEEL",10,"Geelong Cats","Adelaide Crows"
2024,21,"Joshua","Rachele","ADEL",5,"Geelong Cats","Adelaide Crows"
2024,21,"Riley","Thilthorpe","ADEL",4,"Geelong Cats","Adelaide Crows"
2024,21,"Tom","Stewart","GEEL",4,"Geelong Cats","Adelaide Crows"
2024,21,"Patrick","Dangerfield","GEEL",3,"Geelong Cats","Adelaide Crows"
2024,21,"Tyson","Stengle","GEEL",2,"Geelong Cats","Adelaide Crows"
2024,21,"Shaun","Mannagh","GEEL",2,"Geelong Cats","Adelaide Crows"
2024,21,"Patrick","Cripps","CARL",9,"Collingwood","Carlton"
2024,21,"Scott","Pendlebury","COLL",6,"Collingwood","Carlton"
2024,21,"Nick","Daicos","COLL",5,"Collingwood","Carlton"
2024,21,"George","Hewett","CARL",3,"Collingwood","Carlton"
2024,21,"Darcy","Cameron","COLL",3,"Collingwood","Carlton"
2024,21,"Jeremy","Howe","COLL",2,"Collingwood","Carlton"
2024,21,"Darcy","Moore","COLL",1,"Collingwood","Carlton"
2024,21,"Jacob","Weitering","CARL",1,"Collingwood","Carlton"
2024,21,"Willem","Drew","PORT",10,"Port Adelaide","Sydney Swans"
2024,21,"Jason","Horne-Francis","PORT",7,"Port Adelaide","Sydney Swans"
2024,21,"Mitchell","Georgiades","PORT",4,"Port Adelaide","Sydney Swans"
2024,21,"Zak","Butters","PORT",3,"Port Adelaide","Sydney Swans"
2024,21,"Kane","Farrell","PORT",3,"Port Adelaide","Sydney Swans"
2024,21,"Dan","Houston","PORT",2,"Port Adelaide","Sydney Swans"
2024,21,"Ollie","Wines","PORT",1,"Port Adelaide","Sydney Swans"
2024,21,"Jesse","Hogan","GWS",10,"GWS Giants","Hawthorn"
2024,21,"Lachie","Whitfield","GWS",6,"GWS Giants","Hawthorn"
2024,21,"Jai","Newcombe","HAW",6,"GWS Giants","Hawthorn"
2024,21,"Brent","Daniels","GWS",5,"GWS Giants","Hawthorn"
2024,21,"Toby","Greene","GWS",2,"GWS Giants","Hawthorn"
2024,21,"Dylan","Moore","HAW",1,"GWS Giants","Hawthorn"
2024,21,"Jye","Caldwell","ESS",10,"Essendon","Fremantle"
2024,21,"Andrew","Brayshaw","FRE",5,"Essendon","Fremantle"
2024,21,"Dylan","Shiel","ESS",4,"Essendon","Fremantle"
2024,21,"Hayden","Young","FRE",4,"Essendon","Fremantle"
2024,21,"Jake","Stringer","ESS",3,"Essendon","Fremantle"
2024,21,"Mason","Redman","ESS",3,"Essendon","Fremantle"
2024,21,"Darcy","Parish","ESS",1,"Essendon","Fremantle"
2024,21,"Lachie","Neale","BL",8,"St Kilda","Brisbane Lions"
2024,21,"Cameron","Rayner","BL",6,"St Kilda","Brisbane Lions"
2024,21,"Oscar","McInerney","BL",5,"St Kilda","Brisbane Lions"
2024,21,"Hugh","McCluggage","BL",5,"St Kilda","Brisbane Lions"
2024,21,"Brandon","Starcevich","BL",3,"St Kilda","Brisbane Lions"
2024,21,"Joe","Daniher","BL",2,"St Kilda","Brisbane Lions"
2024,21,"Harris","Andrews","BL",1,"St Kilda","Brisbane Lions"
2024,22,"Isaac","Heeney","SYD",10,"Sydney Swans","Collingwood"
2024,22,"Darcy","Cameron","COLL",7,"Sydney Swans","Collingwood"
2024,22,"Chad","Warner","SYD",6,"Sydney Swans","Collingwood"
2024,22,"Steele","Sidebottom","COLL",5,"Sydney Swans","Collingwood"
2024,22,"Will","Hayward","SYD",1,"Sydney Swans","Collingwood"
2024,22,"Josh","Daicos","COLL",1,"Sydney Swans","Collingwood"
2024,22,"James","Peatling","GWS",10,"Brisbane Lions","GWS Giants"
2024,22,"Will","Ashcroft","BL",7,"Brisbane Lions","GWS Giants"
2024,22,"Darcy","Jones","GWS",4,"Brisbane Lions","GWS Giants"
2024,22,"Brandon","Starcevich","BL",4,"Brisbane Lions","GWS Giants"
2024,22,"Lachie","Whitfield","GWS",2,"Brisbane Lions","GWS Giants"
2024,22,"Jesse","Hogan","GWS",2,"Brisbane Lions","GWS Giants"
2024,22,"Tom","Green","GWS",1,"Brisbane Lions","GWS Giants"
2024,22,"Tristan","Xerri","NMFC",9,"North Melbourne","West Coast Eagles"
2024,22,"Jeremy","McGovern","WCE",9,"North Melbourne","West Coast Eagles"
2024,22,"Oscar","Allen","WCE",6,"North Melbourne","West Coast Eagles"
2024,22,"Harry","Sheezel","NMFC",4,"North Melbourne","West Coast Eagles"
2024,22,"Paul","Curtis","NMFC",1,"North Melbourne","West Coast Eagles"
2024,22,"Colby","McKercher","NMFC",1,"North Melbourne","West Coast Eagles"
2024,22,"Patrick","Dangerfield","GEEL",10,"Fremantle","Geelong Cats"
2024,22,"Caleb","Serong","FRE",8,"Fremantle","Geelong Cats"
2024,22,"Zach","Guthrie","GEEL",5,"Fremantle","Geelong Cats"
2024,22,"Max","Holmes","GEEL",3,"Fremantle","Geelong Cats"
2024,22,"Heath","Chapman","FRE",2,"Fremantle","Geelong Cats"
2024,22,"Gryan","Miers","GEEL",1,"Fremantle","Geelong Cats"
2024,22,"Hayden","Young","FRE",1,"Fremantle","Geelong Cats"
2024,22,"Matt","Rowell","GCFC",10,"Essendon","Gold Coast Suns"
2024,22,"Mac","Andrew","GCFC",7,"Essendon","Gold Coast Suns"
2024,22,"Zach","Merrett","ESS",6,"Essendon","Gold Coast Suns"
2024,22,"Sam","Collins","GCFC",3,"Essendon","Gold Coast Suns"
2024,22,"Nic","Martin","ESS",3,"Essendon","Gold Coast Suns"
2024,22,"Sam","Flanders","GCFC",1,"Essendon","Gold Coast Suns"
2024,22,"Jason","Horne-Francis","PORT",7,"Melbourne","Port Adelaide"
2024,22,"Kysaiah","Pickett","MELB",7,"Melbourne","Port Adelaide"
2024,22,"Zak","Butters","PORT",7,"Melbourne","Port Adelaide"
2024,22,"Max","Gawn","MELB",6,"Melbourne","Port Adelaide"
2024,22,"Travis","Boak","PORT",3,"Melbourne","Port Adelaide"
2024,22,"Dylan","Moore","HAW",9,"Carlton","Hawthorn"
2024,22,"Massimo","D'Ambrosio","HAW",9,"Carlton","Hawthorn"
2024,22,"James","Sicily","HAW",6,"Carlton","Hawthorn"
2024,22,"Joshua","Weddle","HAW",4,"Carlton","Hawthorn"
2024,22,"Jarman","Impey","HAW",2,"Carlton","Hawthorn"
2024,22,"Daniel","Rioli","RICH",9,"Richmond","St Kilda"
2024,22,"Rowan","Marshall","STK",7,"Richmond","St Kilda"
2024,22,"Josh","Battle","STK",7,"Richmond","St Kilda"
2024,22,"Jack","Sinclair","STK",4,"Richmond","St Kilda"
2024,22,"Callum","Wilkie","STK",3,"Richmond","St Kilda"
2024,22,"Darcy","Fogarty","ADEL",8,"Adelaide Crows","Western Bulldogs"
2024,22,"Reilly","O'Brien","ADEL",8,"Adelaide Crows","Western Bulldogs"
2024,22,"Matt","Crouch","ADEL",5,"Adelaide Crows","Western Bulldogs"
2024,22,"Ben","Keays","ADEL",3,"Adelaide Crows","Western Bulldogs"
2024,22,"Josh","Worrell","ADEL",2,"Adelaide Crows","Western Bulldogs"
2024,22,"Mark","Keane","ADEL",2,"Adelaide Crows","Western Bulldogs"
2024,22,"Sam","Darcy","WB",1,"Adelaide Crows","Western Bulldogs"
2024,22,"Lachlan","Sholl","ADEL",1,"Adelaide Crows","Western Bulldogs"
2025,0,"Will","Day","HAW",10,"Sydney Swans","Hawthorn"
2025,0,"Karl","Amon","HAW",7,"Sydney Swans","Hawthorn"
2025,0,"James","Sicily","HAW",6,"Sydney Swans","Hawthorn"
2025,0,"Sam","Wicks","SYD",5,"Sydney Swans","Hawthorn"
2025,0,"Nick","Blakey","SYD",1,"Sydney Swans","Hawthorn"
2025,0,"Chad","Warner","SYD",1,"Sydney Swans","Hawthorn"
2025,0,"Finn","Callaghan","GWS",10,"GWS Giants","Collingwood"
2025,0,"Sam","Taylor","GWS",8,"GWS Giants","Collingwood"
2025,0,"Josh","Kelly","GWS",6,"GWS Giants","Collingwood"
2025,0,"Toby","Bedford","GWS",2,"GWS Giants","Collingwood"
2025,0,"Lachie","Ash","GWS",2,"GWS Giants","Collingwood"
2025,0,"Toby","Greene","GWS",1,"GWS Giants","Collingwood"
2025,0,"Darcy","Cameron","COLL",1,"GWS Giants","Collingwood"
2025,1,"Toby","Nankervis","RICH",9,"Richmond","Carlton"
2025,1,"Jack","Ross","RICH",9,"Richmond","Carlton"
2025,1,"Jacob","Weitering","CARL",4,"Richmond","Carlton"
2025,1,"Tom","De Koning","CARL",3,"Richmond","Carlton"
2025,1,"Ben","Miller","RICH",2,"Richmond","Carlton"
2025,1,"Tim","Taranto","RICH",2,"Richmond","Carlton"
2025,1,"Nick","Vlastuin","RICH",1,"Richmond","Carlton"
2025,1,"Jye","Caldwell","ESS",9,"Hawthorn","Essendon"
2025,1,"Dylan","Moore","HAW",9,"Hawthorn","Essendon"
2025,1,"Karl","Amon","HAW",6,"Hawthorn","Essendon"
2025,1,"James","Sicily","HAW",2,"Hawthorn","Essendon"
2025,1,"Connor","MacDonald","HAW",2,"Hawthorn","Essendon"
2025,1,"Zach","Merrett","ESS",1,"Hawthorn","Essendon"
2025,1,"Xavier","Duursma","ESS",1,"Hawthorn","Essendon"
2025,1,"Bailey","Smith","GEEL",10,"Geelong Cats","Fremantle"
2025,1,"Jack","Henry","GEEL",4,"Geelong Cats","Fremantle"
2025,1,"Max","Holmes","GEEL",4,"Geelong Cats","Fremantle"
2025,1,"Sam","De Koning","GEEL",4,"Geelong Cats","Fremantle"
2025,1,"Caleb","Serong","FRE",3,"Geelong Cats","Fremantle"
2025,1,"Shannon","Neale","GEEL",3,"Geelong Cats","Fremantle"
2025,1,"Jeremy","Cameron","GEEL",1,"Geelong Cats","Fremantle"
2025,1,"Patrick","Dangerfield","GEEL",1,"Geelong Cats","Fremantle"
2025,1,"Josh","Dunkley","BL",9,"Sydney Swans","Brisbane Lions"
2025,1,"Zac","Bailey","BL",8,"Sydney Swans","Brisbane Lions"
2025,1,"James","Jordon","SYD",4,"Sydney Swans","Brisbane Lions"
2025,1,"Darcy","Wilmot","BL",4,"Sydney Swans","Brisbane Lions"
2025,1,"Jarrod","Berry","BL",3,"Sydney Swans","Brisbane Lions"
2025,1,"Dayne","Zorko","BL",2,"Sydney Swans","Brisbane Lions"
2025,1,"Ed","Richards","WB",10,"Western Bulldogs","North Melbourne"
2025,1,"Bailey","Dale","WB",8,"Western Bulldogs","North Melbourne"
2025,1,"Tristan","Xerri","NMFC",3,"Western Bulldogs","North Melbourne"
2025,1,"Aaron","Naughton","WB",3,"Western Bulldogs","North Melbourne"
2025,1,"Nick","Larkey","NMFC",3,"Western Bulldogs","North Melbourne"
2025,1,"Tom","Liberatore","WB",3,"Western Bulldogs","North Melbourne"
2025,1,"Dan","Houston","COLL",9,"Collingwood","Port Adelaide"
2025,1,"Steele","Sidebottom","COLL",7,"Collingwood","Port Adelaide"
2025,1,"Daniel","McStay","COLL",5,"Collingwood","Port Adelaide"
2025,1,"Nick","Daicos","COLL",5,"Collingwood","Port Adelaide"
2025,1,"Connor","Rozee","PORT",2,"Collingwood","Port Adelaide"
2025,1,"Patrick","Lipinski","COLL",1,"Collingwood","Port Adelaide"
2025,1,"Tim","Membrey","COLL",1,"Collingwood","Port Adelaide"
2025,1,"Jordan","Dawson","ADEL",10,"Adelaide Crows","St Kilda"
2025,1,"Jake","Soligo","ADEL",8,"Adelaide Crows","St Kilda"
2025,1,"Joshua","Rachele","ADEL",4,"Adelaide Crows","St Kilda"
2025,1,"Izak","Rankine","ADEL",3,"Adelaide Crows","St Kilda"
2025,1,"Reilly","O'Brien","ADEL",3,"Adelaide Crows","St Kilda"
2025,1,"Darcy","Wilson","STK",1,"Adelaide Crows","St Kilda"
2025,1,"Josh","Worrell","ADEL",1,"Adelaide Crows","St Kilda"
2025,1,"Toby","Greene","GWS",10,"Melbourne","GWS Giants"
2025,1,"Tom","Green","GWS",6,"Melbourne","GWS Giants"
2025,1,"Christian","Petracca","MELB",6,"Melbourne","GWS Giants"
2025,1,"Finn","Callaghan","GWS",5,"Melbourne","GWS Giants"
2025,1,"Max","Gawn","MELB",2,"Melbourne","GWS Giants"
2025,1,"Jake","Lever","MELB",1,"Melbourne","GWS Giants"
2025,1,"Jarrod","Witts","GCFC",10,"West Coast Eagles","Gold Coast Suns"
2025,1,"Noah","Anderson","GCFC",8,"West Coast Eagles","Gold Coast Suns"
2025,1,"Matt","Rowell","GCFC",5,"West Coast Eagles","Gold Coast Suns"
2025,1,"Touk","Miller","GCFC",4,"West Coast Eagles","Gold Coast Suns"
2025,1,"Ben","King","GCFC",2,"West Coast Eagles","Gold Coast Suns"
2025,1,"Bailey","Humphrey","GCFC",1,"West Coast Eagles","Gold Coast Suns"
2025,2,"Jai","Newcombe","HAW",9,"Carlton","Hawthorn"
2025,2,"Josh","Battle","HAW",9,"Carlton","Hawthorn"
2025,2,"Tom","De Koning","CARL",6,"Carlton","Hawthorn"
2025,2,"Massimo","D'Ambrosio","HAW",2,"Carlton","Hawthorn"
2025,2,"Blake","Hardwick","HAW",2,"Carlton","Hawthorn"
2025,2,"George","Hewett","CARL",1,"Carlton","Hawthorn"
2025,2,"Mabior","Chol","HAW",1,"Carlton","Hawthorn"
2025,2,"Tom","Liberatore","WB",8,"Western Bulldogs","Collingwood"
2025,2,"Nick","Daicos","COLL",8,"Western Bulldogs","Collingwood"
2025,2,"Sam","Darcy","WB",8,"Western Bulldogs","Collingwood"
2025,2,"Steele","Sidebottom","COLL",3,"Western Bulldogs","Collingwood"
2025,2,"Lachie","Schultz","COLL",2,"Western Bulldogs","Collingwood"
2025,2,"Jeremy","Howe","COLL",1,"Western Bulldogs","Collingwood"
2025,2,"Jordan","Dawson","ADEL",10,"Essendon","Adelaide Crows"
2025,2,"Ben","Keays","ADEL",6,"Essendon","Adelaide Crows"
2025,2,"Zach","Merrett","ESS",4,"Essendon","Adelaide Crows"
2025,2,"Riley","Thilthorpe","ADEL",4,"Essendon","Adelaide Crows"
2025,2,"Nicholas","Murray","ADEL",3,"Essendon","Adelaide Crows"
2025,2,"Jake","Soligo","ADEL",3,"Essendon","Adelaide Crows"
2025,2,"Connor","Rozee","PORT",10,"Port Adelaide","Richmond"
2025,2,"Jase","Burgoyne","PORT",7,"Port Adelaide","Richmond"
2025,2,"Joe","Richards","PORT",4,"Port Adelaide","Richmond"
2025,2,"Kane","Farrell","PORT",3,"Port Adelaide","Richmond"
2025,2,"Lachie","Jones","PORT",2,"Port Adelaide","Richmond"
2025,2,"Mitchell","Georgiades","PORT",2,"Port Adelaide","Richmond"
2025,2,"Ollie","Wines","PORT",2,"Port Adelaide","Richmond"
2025,2,"Jack","Macrae","STK",8,"St Kilda","Geelong Cats"
2025,2,"Jack","Sinclair","STK",7,"St Kilda","Geelong Cats"
2025,2,"Rowan","Marshall","STK",6,"St Kilda","Geelong Cats"
2025,2,"Nasiah","Wanganeen-Milera","STK",4,"St Kilda","Geelong Cats"
2025,2,"Mitch","Owens","STK",3,"St Kilda","Geelong Cats"
2025,2,"Marcus","Windhager","STK",2,"St Kilda","Geelong Cats"
2025,2,"Harris","Andrews","BL",9,"Brisbane Lions","West Coast Eagles"
2025,2,"Lachie","Neale","BL",9,"Brisbane Lions","West Coast Eagles"
2025,2,"Dayne","Zorko","BL",3,"Brisbane Lions","West Coast Eagles"
2025,2,"Ryan","Lester","BL",3,"Brisbane Lions","West Coast Eagles"
2025,2,"Liam","Ryan","WCE",2,"Brisbane Lions","West Coast Eagles"
2025,2,"Josh","Dunkley","BL",2,"Brisbane Lions","West Coast Eagles"
2025,2,"Hugh","McCluggage","BL",1,"Brisbane Lions","West Coast Eagles"
2025,2,"Tim","Kelly","WCE",1,"Brisbane Lions","West Coast Eagles"
2025,2,"Tristan","Xerri","NMFC",10,"North Melbourne","Melbourne"
2025,2,"Tom","Powell","NMFC",7,"North Melbourne","Melbourne"
2025,2,"Charlie","Comben","NMFC",6,"North Melbourne","Melbourne"
2025,2,"Cameron","Zurhaar","NMFC",5,"North Melbourne","Melbourne"
2025,2,"Clayton","Oliver","MELB",1,"North Melbourne","Melbourne"
2025,2,"Kade","Chandler","MELB",1,"North Melbourne","Melbourne"
2025,2,"Josh","Treacy","FRE",9,"Fremantle","Sydney Swans"
2025,2,"James","Jordon","SYD",6,"Fremantle","Sydney Swans"
2025,2,"Chad","Warner","SYD",6,"Fremantle","Sydney Swans"
2025,2,"Jaeger","O'Meara","FRE",5,"Fremantle","Sydney Swans"
2025,2,"Tom","Papley","SYD",3,"Fremantle","Sydney Swans"
2025,2,"James","Rowbottom","SYD",1,"Fremantle","Sydney Swans"
2025,3,"Zach","Merrett","ESS",8,"Essendon","Port Adelaide"
2025,3,"Sam","Durham","ESS",7,"Essendon","Port Adelaide"
2025,3,"Xavier","Duursma","ESS",6,"Essendon","Port Adelaide"
2025,3,"Jase","Burgoyne","PORT",4,"Essendon","Port Adelaide"
2025,3,"Ollie","Wines","PORT",3,"Essendon","Port Adelaide"
2025,3,"Dylan","Shiel","ESS",2,"Essendon","Port Adelaide"
2025,3,"Tom","De Koning","CARL",8,"Carlton","Western Bulldogs"
2025,3,"Tom","Liberatore","WB",8,"Carlton","Western Bulldogs"
2025,3,"Sam","Davidson","WB",8,"Carlton","Western Bulldogs"
2025,3,"Brodie","Kemp","CARL",3,"Carlton","Western Bulldogs"
2025,3,"Matthew","Kennedy","WB",3,"Carlton","Western Bulldogs"
2025,3,"Matt","Rowell","GCFC",10,"Melbourne","Gold Coast Suns"
2025,3,"Noah","Anderson","GCFC",8,"Melbourne","Gold Coast Suns"
2025,3,"Touk","Miller","GCFC",6,"Melbourne","Gold Coast Suns"
2025,3,"Jarrod","Witts","GCFC",2,"Melbourne","Gold Coast Suns"
2025,3,"Ben","King","GCFC",2,"Melbourne","Gold Coast Suns"
2025,3,"Bailey","Humphrey","GCFC",1,"Melbourne","Gold Coast Suns"
2025,3,"John","Noble","GCFC",1,"Melbourne","Gold Coast Suns"
2025,3,"Jack","Sinclair","STK",10,"St Kilda","Richmond"
2025,3,"Jack","Macrae","STK",4,"St Kilda","Richmond"
2025,3,"Nasiah","Wanganeen-Milera","STK",4,"St Kilda","Richmond"
2025,3,"Hugo","Garcia","STK",3,"St Kilda","Richmond"
2025,3,"Rowan","Marshall","STK",3,"St Kilda","Richmond"
2025,3,"Mason","Wood","STK",2,"St Kilda","Richmond"
2025,3,"Mitch","Owens","STK",2,"St Kilda","Richmond"
2025,3,"Toby","Nankervis","RICH",2,"St Kilda","Richmond"
2025,3,"Nick","Watson","HAW",8,"Hawthorn","GWS Giants"
2025,3,"Cameron","Mackenzie","HAW",6,"Hawthorn","GWS Giants"
2025,3,"Will","Day","HAW",6,"Hawthorn","GWS Giants"
2025,3,"Blake","Hardwick","HAW",5,"Hawthorn","GWS Giants"
2025,3,"Jesse","Hogan","GWS",5,"Hawthorn","GWS Giants"
2025,3,"Hugh","McCluggage","BL",9,"Brisbane Lions","Geelong Cats"
2025,3,"Will","Ashcroft","BL",7,"Brisbane Lions","Geelong Cats"
2025,3,"Harris","Andrews","BL",5,"Brisbane Lions","Geelong Cats"
2025,3,"Jack","Payne","BL",5,"Brisbane Lions","Geelong Cats"
2025,3,"Max","Holmes","GEEL",3,"Brisbane Lions","Geelong Cats"
2025,3,"Dayne","Zorko","BL",1,"Brisbane Lions","Geelong Cats"
2025,3,"Rory","Laird","ADEL",8,"Adelaide Crows","North Melbourne"
2025,3,"Taylor","Walker","ADEL",5,"Adelaide Crows","North Melbourne"
2025,3,"Jake","Soligo","ADEL",5,"Adelaide Crows","North Melbourne"
2025,3,"Jy","Simpkin","NMFC",4,"Adelaide Crows","North Melbourne"
2025,3,"Izak","Rankine","ADEL",3,"Adelaide Crows","North Melbourne"
2025,3,"Nick","Larkey","NMFC",2,"Adelaide Crows","North Melbourne"
2025,3,"Riley","Thilthorpe","ADEL",2,"Adelaide Crows","North Melbourne"
2025,3,"Mitchell","Hinge","ADEL",1,"Adelaide Crows","North Melbourne"
2025,3,"Luke","Jackson","FRE",8,"West Coast Eagles","Fremantle"
2025,3,"Caleb","Serong","FRE",8,"West Coast Eagles","Fremantle"
2025,3,"Andrew","Brayshaw","FRE",8,"West Coast Eagles","Fremantle"
2025,3,"Josh","Treacy","FRE",4,"West Coast Eagles","Fremantle"
2025,3,"Alex","Pearce","FRE",2,"West Coast Eagles","Fremantle"
2025,4,"Lachie","Schultz","COLL",10,"Collingwood","Carlton"
2025,4,"Darcy","Cameron","COLL",7,"Collingwood","Carlton"
2025,4,"Josh","Daicos","COLL",5,"Collingwood","Carlton"
2025,4,"Scott","Pendlebury","COLL",4,"Collingwood","Carlton"
2025,4,"Darcy","Moore","COLL",2,"Collingwood","Carlton"
2025,4,"Adam","Saad","CARL",1,"Collingwood","Carlton"
2025,4,"George","Hewett","CARL",1,"Collingwood","Carlton"
2025,4,"Patrick","Dangerfield","GEEL",10,"Geelong Cats","Melbourne"
2025,4,"Connor","O'Sullivan","GEEL",5,"Geelong Cats","Melbourne"
2025,4,"Shaun","Mannagh","GEEL",4,"Geelong Cats","Melbourne"
2025,4,"Bailey","Smith","GEEL",4,"Geelong Cats","Melbourne"
2025,4,"Zach","Guthrie","GEEL",4,"Geelong Cats","Melbourne"
2025,4,"Sam","De Koning","GEEL",2,"Geelong Cats","Melbourne"
2025,4,"Steven","May","MELB",1,"Geelong Cats","Melbourne"
2025,4,"Riley","Thilthorpe","ADEL",10,"Gold Coast Suns","Adelaide Crows"
2025,4,"Daniel","Rioli","GCFC",7,"Gold Coast Suns","Adelaide Crows"
2025,4,"Bodhi","Uwland","GCFC",5,"Gold Coast Suns","Adelaide Crows"
2025,4,"Izak","Rankine","ADEL",4,"Gold Coast Suns","Adelaide Crows"
2025,4,"Touk","Miller","GCFC",4,"Gold Coast Suns","Adelaide Crows"
2025,4,"Hugh","McCluggage","BL",9,"Richmond","Brisbane Lions"
2025,4,"Lachie","Neale","BL",9,"Richmond","Brisbane Lions"
2025,4,"Will","Ashcroft","BL",5,"Richmond","Brisbane Lions"
2025,4,"Sam","Lalor","RICH",3,"Richmond","Brisbane Lions"
2025,4,"Jaspa","Fletcher","BL",3,"Richmond","Brisbane Lions"
2025,4,"Jacob","Hopper","RICH",1,"Richmond","Brisbane Lions"
2025,4,"Will","Hayward","SYD",9,"North Melbourne","Sydney Swans"
2025,4,"Riley","Bice","SYD",7,"North Melbourne","Sydney Swans"
2025,4,"Brodie","Grundy","SYD",6,"North Melbourne","Sydney Swans"
2025,4,"Joel","Amartey","SYD",3,"North Melbourne","Sydney Swans"
2025,4,"Tom","McCartin","SYD",2,"North Melbourne","Sydney Swans"
2025,4,"James","Rowbottom","SYD",2,"North Melbourne","Sydney Swans"
2025,4,"Harry","Sheezel","NMFC",1,"North Melbourne","Sydney Swans"
2025,4,"Jesse","Hogan","GWS",10,"GWS Giants","West Coast Eagles"
2025,4,"Tom","Green","GWS",5,"GWS Giants","West Coast Eagles"
2025,4,"Lachie","Whitfield","GWS",4,"GWS Giants","West Coast Eagles"
2025,4,"Darcy","Jones","GWS",4,"GWS Giants","West Coast Eagles"
2025,4,"Toby","Greene","GWS",4,"GWS Giants","West Coast Eagles"
2025,4,"Lachie","Ash","GWS",3,"GWS Giants","West Coast Eagles"
2025,4,"Jason","Horne-Francis","PORT",10,"Port Adelaide","St Kilda"
2025,4,"Mitchell","Georgiades","PORT",6,"Port Adelaide","St Kilda"
2025,4,"Jack","Sinclair","STK",5,"Port Adelaide","St Kilda"
2025,4,"Nasiah","Wanganeen-Milera","STK",4,"Port Adelaide","St Kilda"
2025,4,"Jack","Macrae","STK",3,"Port Adelaide","St Kilda"
2025,4,"Jack","Higgins","STK",2,"Port Adelaide","St Kilda"
2025,4,"Caleb","Serong","FRE",10,"Fremantle","Western Bulldogs"
2025,4,"Sam","Darcy","WB",8,"Fremantle","Western Bulldogs"
2025,4,"Andrew","Brayshaw","FRE",6,"Fremantle","Western Bulldogs"
2025,4,"Luke","Ryan","FRE",2,"Fremantle","Western Bulldogs"
2025,4,"Brennan","Cox","FRE",2,"Fremantle","Western Bulldogs"
2025,4,"Josh","Treacy","FRE",1,"Fremantle","Western Bulldogs"
2025,4,"Michael","Frederick","FRE",1,"Fremantle","Western Bulldogs"
2025,5,"Tom","Atkins","GEEL",10,"Adelaide Crows","Geelong Cats"
2025,5,"Bailey","Smith","GEEL",7,"Adelaide Crows","Geelong Cats"
2025,5,"Patrick","Dangerfield","GEEL",7,"Adelaide Crows","Geelong Cats"
2025,5,"Max","Holmes","GEEL",4,"Adelaide Crows","Geelong Cats"
2025,5,"Mark","Keane","ADEL",1,"Adelaide Crows","Geelong Cats"
2025,5,"Darcy","Fogarty","ADEL",1,"Adelaide Crows","Geelong Cats"
2025,5,"Steele","Sidebottom","COLL",9,"Collingwood","Sydney Swans"
2025,5,"Ned","Long","COLL",9,"Collingwood","Sydney Swans"
2025,5,"Nick","Daicos","COLL",6,"Collingwood","Sydney Swans"
2025,5,"Isaac","Heeney","SYD",4,"Collingwood","Sydney Swans"
2025,5,"Bobby","Hill","COLL",1,"Collingwood","Sydney Swans"
2025,5,"Darcy","Cameron","COLL",1,"Collingwood","Sydney Swans"
2025,5,"Noah","Anderson","GCFC",9,"North Melbourne","Gold Coast Suns"
2025,5,"Matt","Rowell","GCFC",7,"North Melbourne","Gold Coast Suns"
2025,5,"Ben","Long","GCFC",6,"North Melbourne","Gold Coast Suns"
2025,5,"Touk","Miller","GCFC",3,"North Melbourne","Gold Coast Suns"
2025,5,"John","Noble","GCFC",3,"North Melbourne","Gold Coast Suns"
2025,5,"Ben","King","GCFC",1,"North Melbourne","Gold Coast Suns"
2025,5,"Joel","Sudar-Jeffrey","GCFC",1,"North Melbourne","Gold Coast Suns"
2025,5,"Sam","Walsh","CARL",10,"Carlton","West Coast Eagles"
2025,5,"George","Hewett","CARL",8,"Carlton","West Coast Eagles"
2025,5,"Adam","Cerra","CARL",4,"Carlton","West Coast Eagles"
2025,5,"Mitch","McGovern","CARL",3,"Carlton","West Coast Eagles"
2025,5,"Patrick","Cripps","CARL",2,"Carlton","West Coast Eagles"
2025,5,"Jacob","Weitering","CARL",2,"Carlton","West Coast Eagles"
2025,5,"Matthew","Cottrell","CARL",1,"Carlton","West Coast Eagles"
2025,5,"Eric","Hipwood","BL",9,"Western Bulldogs","Brisbane Lions"
2025,5,"Hugh","McCluggage","BL",9,"Western Bulldogs","Brisbane Lions"
2025,5,"Zac","Bailey","BL",3,"Western Bulldogs","Brisbane Lions"
2025,5,"Logan","Morris","BL",3,"Western Bulldogs","Brisbane Lions"
2025,5,"Callum","Ah Chee","BL",2,"Western Bulldogs","Brisbane Lions"
2025,5,"Jaspa","Fletcher","BL",2,"Western Bulldogs","Brisbane Lions"
2025,5,"Jack","Payne","BL",1,"Western Bulldogs","Brisbane Lions"
2025,5,"Ed","Richards","WB",1,"Western Bulldogs","Brisbane Lions"
2025,5,"Zach","Merrett","ESS",10,"Melbourne","Essendon"
2025,5,"Sam","Draper","ESS",6,"Melbourne","Essendon"
2025,5,"Jye","Menzie","ESS",4,"Melbourne","Essendon"
2025,5,"Nic","Martin","ESS",4,"Melbourne","Essendon"
2025,5,"Dylan","Shiel","ESS",3,"Melbourne","Essendon"
2025,5,"Max","Gawn","MELB",2,"Melbourne","Essendon"
2025,5,"Kysaiah","Pickett","MELB",1,"Melbourne","Essendon"
2025,5,"Andrew","Brayshaw","FRE",9,"Richmond","Fremantle"
2025,5,"Josh","Treacy","FRE",9,"Richmond","Fremantle"
2025,5,"Alex","Pearce","FRE",3,"Richmond","Fremantle"
2025,5,"Caleb","Serong","FRE",3,"Richmond","Fremantle"
2025,5,"Shai","Bolton","FRE",3,"Richmond","Fremantle"
2025,5,"Heath","Chapman","FRE",2,"Richmond","Fremantle"
2025,5,"Hayden","Young","FRE",1,"Richmond","Fremantle"
2025,5,"Toby","Greene","GWS",10,"St Kilda","GWS Giants"
2025,5,"Lachie","Ash","GWS",7,"St Kilda","GWS Giants"
2025,5,"Nasiah","Wanganeen-Milera","STK",6,"St Kilda","GWS Giants"
2025,5,"Connor","Idun","GWS",3,"St Kilda","GWS Giants"
2025,5,"Josh","Kelly","GWS",2,"St Kilda","GWS Giants"
2025,5,"Callan","Ward","GWS",2,"St Kilda","GWS Giants"
2025,5,"Zak","Butters","PORT",9,"Port Adelaide","Hawthorn"
2025,5,"Connor","Rozee","PORT",8,"Port Adelaide","Hawthorn"
2025,5,"Jason","Horne-Francis","PORT",7,"Port Adelaide","Hawthorn"
2025,5,"Jack","Gunston","HAW",4,"Port Adelaide","Hawthorn"
2025,5,"Mitchell","Georgiades","PORT",1,"Port Adelaide","Hawthorn"
2025,5,"Willem","Drew","PORT",1,"Port Adelaide","Hawthorn"
2025,6,"Nick","Daicos","COLL",10,"Brisbane Lions","Collingwood"
2025,6,"Josh","Daicos","COLL",8,"Brisbane Lions","Collingwood"
2025,6,"Steele","Sidebottom","COLL",5,"Brisbane Lions","Collingwood"
2025,6,"Jamie","Elliott","COLL",3,"Brisbane Lions","Collingwood"
2025,6,"Isaac","Quaynor","COLL",2,"Brisbane Lions","Collingwood"
2025,6,"Noah","Answerth","BL",1,"Brisbane Lions","Collingwood"
2025,6,"Beau","McCreery","COLL",1,"Brisbane Lions","Collingwood"
2025,6,"George","Hewett","CARL",10,"North Melbourne","Carlton"
2025,6,"Adam","Cerra","CARL",7,"North Melbourne","Carlton"
2025,6,"Charlie","Curnow","CARL",5,"North Melbourne","Carlton"
2025,6,"Tom","De Koning","CARL",4,"North Melbourne","Carlton"
2025,6,"Jesse","Motlop","CARL",2,"North Melbourne","Carlton"
2025,6,"Zac","Williams","CARL",2,"North Melbourne","Carlton"
2025,6,"Peter","Wright","ESS",10,"West Coast Eagles","Essendon"
2025,6,"Andrew","McGrath","ESS",7,"West Coast Eagles","Essendon"
2025,6,"Nic","Martin","ESS",6,"West Coast Eagles","Essendon"
2025,6,"Elijah","Hewett","WCE",5,"West Coast Eagles","Essendon"
2025,6,"Jake","Waterman","WCE",1,"West Coast Eagles","Essendon"
2025,6,"Jeremy","McGovern","WCE",1,"West Coast Eagles","Essendon"
2025,6,"Max","Gawn","MELB",9,"Melbourne","Fremantle"
2025,6,"Kysaiah","Pickett","MELB",9,"Melbourne","Fremantle"
2025,6,"Jake","Bowey","MELB",5,"Melbourne","Fremantle"
2025,6,"Harrison","Petty","MELB",3,"Melbourne","Fremantle"
2025,6,"Shai","Bolton","FRE",3,"Melbourne","Fremantle"
2025,6,"Tom","McDonald","MELB",1,"Melbourne","Fremantle"
2025,6,"Jordan","Dawson","ADEL",8,"Adelaide Crows","GWS Giants"
2025,6,"Max","Michalanney","ADEL",5,"Adelaide Crows","GWS Giants"
2025,6,"Sam","Taylor","GWS",5,"Adelaide Crows","GWS Giants"
2025,6,"Alex","Neal-Bullen","ADEL",4,"Adelaide Crows","GWS Giants"
2025,6,"Izak","Rankine","ADEL",4,"Adelaide Crows","GWS Giants"
2025,6,"Rory","Laird","ADEL",2,"Adelaide Crows","GWS Giants"
2025,6,"Ben","Keays","ADEL",1,"Adelaide Crows","GWS Giants"
2025,6,"Mitchell","Hinge","ADEL",1,"Adelaide Crows","GWS Giants"
2025,6,"Nick","Vlastuin","RICH",10,"Richmond","Gold Coast Suns"
2025,6,"Tim","Taranto","RICH",6,"Richmond","Gold Coast Suns"
2025,6,"Noah","Balta","RICH",5,"Richmond","Gold Coast Suns"
2025,6,"Matt","Rowell","GCFC",3,"Richmond","Gold Coast Suns"
2025,6,"Touk","Miller","GCFC",3,"Richmond","Gold Coast Suns"
2025,6,"Jacob","Hopper","RICH",2,"Richmond","Gold Coast Suns"
2025,6,"John","Noble","GCFC",1,"Richmond","Gold Coast Suns"
2025,6,"Zak","Butters","PORT",10,"Sydney Swans","Port Adelaide"
2025,6,"Connor","Rozee","PORT",8,"Sydney Swans","Port Adelaide"
2025,6,"Kane","Farrell","PORT",6,"Sydney Swans","Port Adelaide"
2025,6,"Brodie","Grundy","SYD",2,"Sydney Swans","Port Adelaide"
2025,6,"Matthew","Roberts","SYD",2,"Sydney Swans","Port Adelaide"
2025,6,"Isaac","Heeney","SYD",1,"Sydney Swans","Port Adelaide"
2025,6,"James","Rowbottom","SYD",1,"Sydney Swans","Port Adelaide"
2025,6,"Marcus","Bontempelli","WB",10,"Western Bulldogs","St Kilda"
2025,6,"Matthew","Kennedy","WB",5,"Western Bulldogs","St Kilda"
2025,6,"Joel","Freijah","WB",5,"Western Bulldogs","St Kilda"
2025,6,"Ryley","Sanders","WB",4,"Western Bulldogs","St Kilda"
2025,6,"Bailey","Dale","WB",3,"Western Bulldogs","St Kilda"
2025,6,"Bailey","Williams","WB",2,"Western Bulldogs","St Kilda"
2025,6,"Tom","Liberatore","WB",1,"Western Bulldogs","St Kilda"
2025,6,"Shaun","Mannagh","GEEL",10,"Geelong Cats","Hawthorn"
2025,6,"Bailey","Smith","GEEL",6,"Geelong Cats","Hawthorn"
2025,6,"Jai","Newcombe","HAW",4,"Geelong Cats","Hawthorn"
2025,6,"Karl","Amon","HAW",3,"Geelong Cats","Hawthorn"
2025,6,"Patrick","Dangerfield","GEEL",3,"Geelong Cats","Hawthorn"
2025,6,"Jack","Gunston","HAW",2,"Geelong Cats","Hawthorn"
2025,6,"Lloyd","Meek","HAW",1,"Geelong Cats","Hawthorn"
2025,6,"Mark","Blicavs","GEEL",1,"Geelong Cats","Hawthorn"
2025,7,"Max","Gawn","MELB",10,"Melbourne","Richmond"
2025,7,"Christian","Petracca","MELB",8,"Melbourne","Richmond"
2025,7,"Jake","Bowey","MELB",6,"Melbourne","Richmond"
2025,7,"Christian","Salem","MELB",2,"Melbourne","Richmond"
2025,7,"Tom","Sparrow","MELB",2,"Melbourne","Richmond"
2025,7,"Thomson","Dow","RICH",1,"Melbourne","Richmond"
2025,7,"Nick","Vlastuin","RICH",1,"Melbourne","Richmond"
2025,7,"Steele","Sidebottom","COLL",10,"Collingwood","Essendon"
2025,7,"Josh","Daicos","COLL",8,"Collingwood","Essendon"
2025,7,"Jamie","Elliott","COLL",5,"Collingwood","Essendon"
2025,7,"Nick","Daicos","COLL",5,"Collingwood","Essendon"
2025,7,"Zach","Reid","ESS",1,"Collingwood","Essendon"
2025,7,"Jeremy","Howe","COLL",1,"Collingwood","Essendon"
2025,7,"Andrew","Brayshaw","FRE",10,"Fremantle","Adelaide Crows"
2025,7,"Caleb","Serong","FRE",7,"Fremantle","Adelaide Crows"
2025,7,"Matthew","Johnson","FRE",4,"Fremantle","Adelaide Crows"
2025,7,"Jordan","Clark","FRE",3,"Fremantle","Adelaide Crows"
2025,7,"Josh","Worrell","ADEL",3,"Fremantle","Adelaide Crows"
2025,7,"Hayden","Young","FRE",2,"Fremantle","Adelaide Crows"
2025,7,"Josh","Treacy","FRE",1,"Fremantle","Adelaide Crows"
2025,7,"Lachie","Neale","BL",10,"St Kilda","Brisbane Lions"
2025,7,"Dayne","Zorko","BL",7,"St Kilda","Brisbane Lions"
2025,7,"Darcy","Wilmot","BL",4,"St Kilda","Brisbane Lions"
2025,7,"Will","Ashcroft","BL",3,"St Kilda","Brisbane Lions"
2025,7,"Zac","Bailey","BL",3,"St Kilda","Brisbane Lions"
2025,7,"Eric","Hipwood","BL",2,"St Kilda","Brisbane Lions"
2025,7,"Hugh","McCluggage","BL",1,"St Kilda","Brisbane Lions"
2025,7,"Zak","Butters","PORT",10,"Port Adelaide","North Melbourne"
2025,7,"Tristan","Xerri","NMFC",8,"Port Adelaide","North Melbourne"
2025,7,"Jason","Horne-Francis","PORT",5,"Port Adelaide","North Melbourne"
2025,7,"Connor","Rozee","PORT",3,"Port Adelaide","North Melbourne"
2025,7,"Paul","Curtis","NMFC",2,"Port Adelaide","North Melbourne"
2025,7,"Luke","Davies-Uniacke","NMFC",1,"Port Adelaide","North Melbourne"
2025,7,"Mitchell","Georgiades","PORT",1,"Port Adelaide","North Melbourne"
2025,7,"Marcus","Bontempelli","WB",7,"GWS Giants","Western Bulldogs"
2025,7,"James","Harmes","WB",5,"GWS Giants","Western Bulldogs"
2025,7,"Tom","Liberatore","WB",5,"GWS Giants","Western Bulldogs"
2025,7,"Tim","English","WB",4,"GWS Giants","Western Bulldogs"
2025,7,"Ed","Richards","WB",4,"GWS Giants","Western Bulldogs"
2025,7,"Joel","Freijah","WB",3,"GWS Giants","Western Bulldogs"
2025,7,"Matthew","Kennedy","WB",2,"GWS Giants","Western Bulldogs"
2025,7,"Bailey","Humphrey","GCFC",10,"Gold Coast Suns","Sydney Swans"
2025,7,"Touk","Miller","GCFC",6,"Gold Coast Suns","Sydney Swans"
2025,7,"Daniel","Rioli","GCFC",5,"Gold Coast Suns","Sydney Swans"
2025,7,"Ben","King","GCFC",4,"Gold Coast Suns","Sydney Swans"
2025,7,"Jarrod","Witts","GCFC",3,"Gold Coast Suns","Sydney Swans"
2025,7,"Noah","Anderson","GCFC",2,"Gold Coast Suns","Sydney Swans"
2025,7,"Nick","Haynes","CARL",8,"Carlton","Geelong Cats"
2025,7,"Sam","Walsh","CARL",7,"Carlton","Geelong Cats"
2025,7,"Patrick","Cripps","CARL",5,"Carlton","Geelong Cats"
2025,7,"Mitch","McGovern","CARL",4,"Carlton","Geelong Cats"
2025,7,"Harry","McKay","CARL",4,"Carlton","Geelong Cats"
2025,7,"Connor","O'Sullivan","GEEL",2,"Carlton","Geelong Cats"
2025,7,"Josh","Battle","HAW",9,"Hawthorn","West Coast Eagles"
2025,7,"Lloyd","Meek","HAW",9,"Hawthorn","West Coast Eagles"
2025,7,"Jack","Gunston","HAW",4,"Hawthorn","West Coast Eagles"
2025,7,"Mabior","Chol","HAW",3,"Hawthorn","West Coast Eagles"
2025,7,"Harry","Morrison","HAW",3,"Hawthorn","West Coast Eagles"
2025,7,"James","Worpel","HAW",2,"Hawthorn","West Coast Eagles"
2025,8,"Zach","Merrett","ESS",10,"Essendon","North Melbourne"
2025,8,"Tristan","Xerri","NMFC",8,"Essendon","North Melbourne"
2025,8,"Sam","Durham","ESS",4,"Essendon","North Melbourne"
2025,8,"Archie","Perkins","ESS",4,"Essendon","North Melbourne"
2025,8,"Jy","Simpkin","NMFC",2,"Essendon","North Melbourne"
2025,8,"Tom","Powell","NMFC",2,"Essendon","North Melbourne"
2025,8,"Jack","Macrae","STK",10,"St Kilda","Fremantle"
2025,8,"Cooper","Sharman","STK",7,"St Kilda","Fremantle"
2025,8,"Callum","Wilkie","STK",6,"St Kilda","Fremantle"
2025,8,"Mitch","Owens","STK",4,"St Kilda","Fremantle"
2025,8,"Jimmy","Webster","STK",2,"St Kilda","Fremantle"
2025,8,"Marcus","Windhager","STK",1,"St Kilda","Fremantle"
2025,8,"Tim","English","WB",10,"Western Bulldogs","Port Adelaide"
2025,8,"Ed","Richards","WB",7,"Western Bulldogs","Port Adelaide"
2025,8,"Bailey","Dale","WB",5,"Western Bulldogs","Port Adelaide"
2025,8,"Marcus","Bontempelli","WB",4,"Western Bulldogs","Port Adelaide"
2025,8,"Matthew","Kennedy","WB",2,"Western Bulldogs","Port Adelaide"
2025,8,"Aaron","Naughton","WB",1,"Western Bulldogs","Port Adelaide"
2025,8,"Rory","Lobb","WB",1,"Western Bulldogs","Port Adelaide"
2025,8,"Jordan","Dawson","ADEL",10,"Adelaide Crows","Carlton"
2025,8,"Izak","Rankine","ADEL",7,"Adelaide Crows","Carlton"
2025,8,"Josh","Worrell","ADEL",7,"Adelaide Crows","Carlton"
2025,8,"Max","Michalanney","ADEL",3,"Adelaide Crows","Carlton"
2025,8,"Reilly","O'Brien","ADEL",2,"Adelaide Crows","Carlton"
2025,8,"Wayne","Milera","ADEL",1,"Adelaide Crows","Carlton"
2025,8,"Patrick","Dangerfield","GEEL",10,"Collingwood","Geelong Cats"
2025,8,"Brody","Mihocek","COLL",8,"Collingwood","Geelong Cats"
2025,8,"Bailey","Smith","GEEL",6,"Collingwood","Geelong Cats"
2025,8,"Mark","O'Connor","GEEL",2,"Collingwood","Geelong Cats"
2025,8,"Josh","Daicos","COLL",2,"Collingwood","Geelong Cats"
2025,8,"Harry","Perryman","COLL",1,"Collingwood","Geelong Cats"
2025,8,"Scott","Pendlebury","COLL",1,"Collingwood","Geelong Cats"
2025,8,"Max","Gawn","MELB",10,"West Coast Eagles","Melbourne"
2025,8,"Christian","Petracca","MELB",8,"West Coast Eagles","Melbourne"
2025,8,"Daniel","Turner","MELB",4,"West Coast Eagles","Melbourne"
2025,8,"Kade","Chandler","MELB",4,"West Coast Eagles","Melbourne"
2025,8,"Jack","Viney","MELB",4,"West Coast Eagles","Melbourne"
2025,8,"Chad","Warner","SYD",10,"Sydney Swans","GWS Giants"
2025,8,"Finn","Callaghan","GWS",6,"Sydney Swans","GWS Giants"
2025,8,"Tom","Green","GWS",5,"Sydney Swans","GWS Giants"
2025,8,"Dane","Rampe","SYD",3,"Sydney Swans","GWS Giants"
2025,8,"Isaac","Heeney","SYD",3,"Sydney Swans","GWS Giants"
2025,8,"Justin","McInerney","SYD",2,"Sydney Swans","GWS Giants"
2025,8,"Sam","Wicks","SYD",1,"Sydney Swans","GWS Giants"
2025,8,"Josh","Battle","HAW",9,"Hawthorn","Richmond"
2025,8,"Massimo","D'Ambrosio","HAW",8,"Hawthorn","Richmond"
2025,8,"Changkuoth","Jiath","HAW",7,"Hawthorn","Richmond"
2025,8,"Jai","Newcombe","HAW",4,"Hawthorn","Richmond"
2025,8,"Jack","Ginnivan","HAW",1,"Hawthorn","Richmond"
2025,8,"Tom","Barrass","HAW",1,"Hawthorn","Richmond"
2025,8,"Will","Ashcroft","BL",9,"Brisbane Lions","Gold Coast Suns"
2025,8,"Josh","Dunkley","BL",8,"Brisbane Lions","Gold Coast Suns"
2025,8,"Lachie","Neale","BL",5,"Brisbane Lions","Gold Coast Suns"
2025,8,"Hugh","McCluggage","BL",4,"Brisbane Lions","Gold Coast Suns"
2025,8,"Mac","Andrew","GCFC",2,"Brisbane Lions","Gold Coast Suns"
2025,8,"Jack","Payne","BL",2,"Brisbane Lions","Gold Coast Suns"
2025,9,"Jamie","Elliott","COLL",9,"Fremantle","Collingwood"
2025,9,"Jack","Crisp","COLL",9,"Fremantle","Collingwood"
2025,9,"Jordan","Clark","FRE",6,"Fremantle","Collingwood"
2025,9,"Shai","Bolton","FRE",3,"Fremantle","Collingwood"
2025,9,"Darcy","Cameron","COLL",2,"Fremantle","Collingwood"
2025,9,"Andrew","Brayshaw","FRE",1,"Fremantle","Collingwood"
2025,9,"Nick","Haynes","CARL",7,"St Kilda","Carlton"
2025,9,"George","Hewett","CARL",6,"St Kilda","Carlton"
2025,9,"Nasiah","Wanganeen-Milera","STK",5,"St Kilda","Carlton"
2025,9,"Harry","McKay","CARL",5,"St Kilda","Carlton"
2025,9,"Jack","Sinclair","STK",4,"St Kilda","Carlton"
2025,9,"Patrick","Cripps","CARL",2,"St Kilda","Carlton"
2025,9,"Jack","Silvagni","CARL",1,"St Kilda","Carlton"
2025,9,"James","Worpel","HAW",10,"Melbourne","Hawthorn"
2025,9,"Harvey","Langford","MELB",8,"Melbourne","Hawthorn"
2025,9,"Changkuoth","Jiath","HAW",4,"Melbourne","Hawthorn"
2025,9,"James","Sicily","HAW",3,"Melbourne","Hawthorn"
2025,9,"Joshua","Weddle","HAW",2,"Melbourne","Hawthorn"
2025,9,"Max","Gawn","MELB",2,"Melbourne","Hawthorn"
2025,9,"Jack","Gunston","HAW",1,"Melbourne","Hawthorn"
2025,9,"Andrew","McGrath","ESS",8,"Essendon","Sydney Swans"
2025,9,"Nic","Martin","ESS",7,"Essendon","Sydney Swans"
2025,9,"Zach","Reid","ESS",7,"Essendon","Sydney Swans"
2025,9,"Chad","Warner","SYD",6,"Essendon","Sydney Swans"
2025,9,"Nick","Blakey","SYD",1,"Essendon","Sydney Swans"
2025,9,"Tom","McCartin","SYD",1,"Essendon","Sydney Swans"
2025,9,"Tom","Liberatore","WB",10,"Gold Coast Suns","Western Bulldogs"
2025,9,"Ed","Richards","WB",6,"Gold Coast Suns","Western Bulldogs"
2025,9,"Touk","Miller","GCFC",4,"Gold Coast Suns","Western Bulldogs"
2025,9,"Bailey","Humphrey","GCFC",3,"Gold Coast Suns","Western Bulldogs"
2025,9,"James","O'Donnell","WB",3,"Gold Coast Suns","Western Bulldogs"
2025,9,"Noah","Anderson","GCFC",2,"Gold Coast Suns","Western Bulldogs"
2025,9,"John","Noble","GCFC",1,"Gold Coast Suns","Western Bulldogs"
2025,9,"Ben","King","GCFC",1,"Gold Coast Suns","Western Bulldogs"
2025,9,"Connor","Rozee","PORT",9,"Port Adelaide","Adelaide Crows"
2025,9,"Riley","Thilthorpe","ADEL",8,"Port Adelaide","Adelaide Crows"
2025,9,"Zak","Butters","PORT",7,"Port Adelaide","Adelaide Crows"
2025,9,"Miles","Bergman","PORT",3,"Port Adelaide","Adelaide Crows"
2025,9,"Josh","Worrell","ADEL",2,"Port Adelaide","Adelaide Crows"
2025,9,"Mark","Keane","ADEL",1,"Port Adelaide","Adelaide Crows"
2025,9,"Tim","Taranto","RICH",9,"Richmond","West Coast Eagles"
2025,9,"Sam","Banks","RICH",9,"Richmond","West Coast Eagles"
2025,9,"Jack","Graham","WCE",4,"Richmond","West Coast Eagles"
2025,9,"Jamie","Cripps","WCE",3,"Richmond","West Coast Eagles"
2025,9,"Tom","J Lynch","RICH",2,"Richmond","West Coast Eagles"
2025,9,"Seth","Campbell","RICH",2,"Richmond","West Coast Eagles"
2025,9,"Nick","Vlastuin","RICH",1,"Richmond","West Coast Eagles"
2025,9,"Jesse","Hogan","GWS",10,"Geelong Cats","GWS Giants"
2025,9,"Tom","Green","GWS",6,"Geelong Cats","GWS Giants"
2025,9,"Max","Holmes","GEEL",5,"Geelong Cats","GWS Giants"
2025,9,"Mark","Blicavs","GEEL",4,"Geelong Cats","GWS Giants"
2025,9,"Bailey","Smith","GEEL",4,"Geelong Cats","GWS Giants"
2025,9,"Finn","Callaghan","GWS",1,"Geelong Cats","GWS Giants"
2025,9,"Tristan","Xerri","NMFC",10,"North Melbourne","Brisbane Lions"
2025,9,"Dayne","Zorko","BL",8,"North Melbourne","Brisbane Lions"
2025,9,"Charlie","Comben","NMFC",5,"North Melbourne","Brisbane Lions"
2025,9,"Jack","Payne","BL",3,"North Melbourne","Brisbane Lions"
2025,9,"Luke","Davies-Uniacke","NMFC",2,"North Melbourne","Brisbane Lions"
2025,9,"Josh","Dunkley","BL",2,"North Melbourne","Brisbane Lions"
2025,10,"Noah","Anderson","GCFC",10,"Gold Coast Suns","Hawthorn"
2025,10,"John","Noble","GCFC",6,"Gold Coast Suns","Hawthorn"
2025,10,"Matt","Rowell","GCFC",4,"Gold Coast Suns","Hawthorn"
2025,10,"Sam","Collins","GCFC",3,"Gold Coast Suns","Hawthorn"
2025,10,"Jai","Newcombe","HAW",3,"Gold Coast Suns","Hawthorn"
2025,10,"Karl","Amon","HAW",2,"Gold Coast Suns","Hawthorn"
2025,10,"Ben","Long","GCFC",1,"Gold Coast Suns","Hawthorn"
2025,10,"Touk","Miller","GCFC",1,"Gold Coast Suns","Hawthorn"
2025,10,"Isaac","Heeney","SYD",10,"Sydney Swans","Carlton"
2025,10,"Chad","Warner","SYD",8,"Sydney Swans","Carlton"
2025,10,"Brodie","Grundy","SYD",5,"Sydney Swans","Carlton"
2025,10,"Adam","Cerra","CARL",3,"Sydney Swans","Carlton"
2025,10,"Justin","McInerney","SYD",2,"Sydney Swans","Carlton"
2025,10,"Patrick","Cripps","CARL",1,"Sydney Swans","Carlton"
2025,10,"James","Jordon","SYD",1,"Sydney Swans","Carlton"
2025,10,"Josh","Daicos","COLL",10,"Collingwood","Adelaide Crows"
2025,10,"Jeremy","Howe","COLL",7,"Collingwood","Adelaide Crows"
2025,10,"Jordan","Dawson","ADEL",6,"Collingwood","Adelaide Crows"
2025,10,"Darcy","Fogarty","ADEL",5,"Collingwood","Adelaide Crows"
2025,10,"Ned","Long","COLL",2,"Collingwood","Adelaide Crows"
2025,10,"Bailey","Smith","GEEL",9,"Port Adelaide","Geelong Cats"
2025,10,"Jeremy","Cameron","GEEL",8,"Port Adelaide","Geelong Cats"
2025,10,"Mark","O'Connor","GEEL",4,"Port Adelaide","Geelong Cats"
2025,10,"Oliver","Dempsey","GEEL",4,"Port Adelaide","Geelong Cats"
2025,10,"Mark","Blicavs","GEEL",4,"Port Adelaide","Geelong Cats"
2025,10,"Gryan","Miers","GEEL",1,"Port Adelaide","Geelong Cats"
2025,10,"Shai","Bolton","FRE",10,"GWS Giants","Fremantle"
2025,10,"Caleb","Serong","FRE",8,"GWS Giants","Fremantle"
2025,10,"Luke","Jackson","FRE",5,"GWS Giants","Fremantle"
2025,10,"Michael","Frederick","FRE",3,"GWS Giants","Fremantle"
2025,10,"Andrew","Brayshaw","FRE",2,"GWS Giants","Fremantle"
2025,10,"Brennan","Cox","FRE",1,"GWS Giants","Fremantle"
2025,10,"Neil","Erasmus","FRE",1,"GWS Giants","Fremantle"
2025,10,"Bailey","Dale","WB",10,"Western Bulldogs","Essendon"
2025,10,"Ed","Richards","WB",8,"Western Bulldogs","Essendon"
2025,10,"Rhylee","West","WB",5,"Western Bulldogs","Essendon"
2025,10,"Tom","Liberatore","WB",3,"Western Bulldogs","Essendon"
2025,10,"Tim","English","WB",2,"Western Bulldogs","Essendon"
2025,10,"Buku","Khamis","WB",1,"Western Bulldogs","Essendon"
2025,10,"Rory","Lobb","WB",1,"Western Bulldogs","Essendon"
2025,10,"Tristan","Xerri","NMFC",9,"Richmond","North Melbourne"
2025,10,"Cameron","Zurhaar","NMFC",8,"Richmond","North Melbourne"
2025,10,"Tim","Taranto","RICH",7,"Richmond","North Melbourne"
2025,10,"Seth","Campbell","RICH",3,"Richmond","North Melbourne"
2025,10,"Colby","McKercher","NMFC",3,"Richmond","North Melbourne"
2025,10,"Max","Gawn","MELB",10,"Brisbane Lions","Melbourne"
2025,10,"Jake","Melksham","MELB",8,"Brisbane Lions","Melbourne"
2025,10,"Zac","Bailey","BL",6,"Brisbane Lions","Melbourne"
2025,10,"Christian","Petracca","MELB",3,"Brisbane Lions","Melbourne"
2025,10,"Jake","Bowey","MELB",2,"Brisbane Lions","Melbourne"
2025,10,"Kysaiah","Pickett","MELB",1,"Brisbane Lions","Melbourne"
2025,10,"Jack","Graham","WCE",7,"West Coast Eagles","St Kilda"
2025,10,"Liam","Baker","WCE",7,"West Coast Eagles","St Kilda"
2025,10,"Brady","Hough","WCE",5,"West Coast Eagles","St Kilda"
2025,10,"Liam","Ryan","WCE",4,"West Coast Eagles","St Kilda"
2025,10,"Harley","Reid","WCE",3,"West Coast Eagles","St Kilda"
2025,10,"Rowan","Marshall","STK",2,"West Coast Eagles","St Kilda"
2025,10,"Jack","Higgins","STK",2,"West Coast Eagles","St Kilda"
2025,11,"Jeremy","Cameron","GEEL",9,"Geelong Cats","Western Bulldogs"
2025,11,"Max","Holmes","GEEL",6,"Geelong Cats","Western Bulldogs"
2025,11,"Ed","Richards","WB",5,"Geelong Cats","Western Bulldogs"
2025,11,"Bailey","Smith","GEEL",5,"Geelong Cats","Western Bulldogs"
2025,11,"Matthew","Kennedy","WB",4,"Geelong Cats","Western Bulldogs"
2025,11,"Shannon","Neale","GEEL",1,"Geelong Cats","Western Bulldogs"
2025,11,"Nic","Martin","ESS",9,"Essendon","Richmond"
2025,11,"Zach","Merrett","ESS",7,"Essendon","Richmond"
2025,11,"Sam","Durham","ESS",5,"Essendon","Richmond"
2025,11,"Andrew","McGrath","ESS",3,"Essendon","Richmond"
2025,11,"Nathan","Broad","RICH",2,"Essendon","Richmond"
2025,11,"Archie","Roberts","ESS",2,"Essendon","Richmond"
2025,11,"Angus","Clarke","ESS",1,"Essendon","Richmond"
2025,11,"Tim","Taranto","RICH",1,"Essendon","Richmond"
2025,11,"Toby","Greene","GWS",10,"Carlton","GWS Giants"
2025,11,"Lachie","Ash","GWS",7,"Carlton","GWS Giants"
2025,11,"Adam","Cerra","CARL",4,"Carlton","GWS Giants"
2025,11,"Lachie","Whitfield","GWS",3,"Carlton","GWS Giants"
2025,11,"Jesse","Hogan","GWS",2,"Carlton","GWS Giants"
2025,11,"Darcy","Jones","GWS",2,"Carlton","GWS Giants"
2025,11,"Tom","Green","GWS",1,"Carlton","GWS Giants"
2025,11,"Patrick","Cripps","CARL",1,"Carlton","GWS Giants"
2025,11,"Lachie","Neale","BL",7,"Hawthorn","Brisbane Lions"
2025,11,"Hugh","McCluggage","BL",6,"Hawthorn","Brisbane Lions"
2025,11,"Callum","Ah Chee","BL",6,"Hawthorn","Brisbane Lions"
2025,11,"Dayne","Zorko","BL",4,"Hawthorn","Brisbane Lions"
2025,11,"Jack","Payne","BL",3,"Hawthorn","Brisbane Lions"
2025,11,"Noah","Answerth","BL",3,"Hawthorn","Brisbane Lions"
2025,11,"Harry","Morrison","HAW",1,"Hawthorn","Brisbane Lions"
2025,11,"Jamie","Elliott","COLL",8,"North Melbourne","Collingwood"
2025,11,"Nick","Daicos","COLL",8,"North Melbourne","Collingwood"
2025,11,"Ned","Long","COLL",8,"North Melbourne","Collingwood"
2025,11,"Isaac","Quaynor","COLL",2,"North Melbourne","Collingwood"
2025,11,"Billy","Frampton","COLL",2,"North Melbourne","Collingwood"
2025,11,"Caleb","Daniel","NMFC",1,"North Melbourne","Collingwood"
2025,11,"Tristan","Xerri","NMFC",1,"North Melbourne","Collingwood"
2025,11,"Luke","Jackson","FRE",9,"Fremantle","Port Adelaide"
2025,11,"Murphy","Reid","FRE",7,"Fremantle","Port Adelaide"
2025,11,"Caleb","Serong","FRE",6,"Fremantle","Port Adelaide"
2025,11,"Alex","Pearce","FRE",5,"Fremantle","Port Adelaide"
2025,11,"Heath","Chapman","FRE",2,"Fremantle","Port Adelaide"
2025,11,"Matthew","Johnson","FRE",1,"Fremantle","Port Adelaide"
2025,11,"Jordan","Dawson","ADEL",10,"Adelaide Crows","West Coast Eagles"
2025,11,"Joshua","Rachele","ADEL",6,"Adelaide Crows","West Coast Eagles"
2025,11,"Reilly","O'Brien","ADEL",5,"Adelaide Crows","West Coast Eagles"
2025,11,"Izak","Rankine","ADEL",4,"Adelaide Crows","West Coast Eagles"
2025,11,"Riley","Thilthorpe","ADEL",2,"Adelaide Crows","West Coast Eagles"
2025,11,"Sam","Berry","ADEL",2,"Adelaide Crows","West Coast Eagles"
2025,11,"Rory","Laird","ADEL",1,"Adelaide Crows","West Coast Eagles"
2025,11,"Kysaiah","Pickett","MELB",10,"Melbourne","Sydney Swans"
2025,11,"Clayton","Oliver","MELB",7,"Melbourne","Sydney Swans"
2025,11,"Christian","Salem","MELB",6,"Melbourne","Sydney Swans"
2025,11,"Christian","Petracca","MELB",4,"Melbourne","Sydney Swans"
2025,11,"Max","Gawn","MELB",2,"Melbourne","Sydney Swans"
2025,11,"Ed","Langdon","MELB",1,"Melbourne","Sydney Swans"
2025,11,"Noah","Anderson","GCFC",10,"St Kilda","Gold Coast Suns"
2025,11,"Jarrod","Witts","GCFC",6,"St Kilda","Gold Coast Suns"
2025,11,"Touk","Miller","GCFC",6,"St Kilda","Gold Coast Suns"
2025,11,"Jack","Sinclair","STK",4,"St Kilda","Gold Coast Suns"
2025,11,"Matt","Rowell","GCFC",2,"St Kilda","Gold Coast Suns"
2025,11,"Joel","Sudar-Jeffrey","GCFC",1,"St Kilda","Gold Coast Suns"
2025,11,"Nasiah","Wanganeen-Milera","STK",1,"St Kilda","Gold Coast Suns"
2025,12,"Hugh","McCluggage","BL",10,"Brisbane Lions","Essendon"
2025,12,"Nic","Martin","ESS",7,"Brisbane Lions","Essendon"
2025,12,"Jye","Caldwell","ESS",5,"Brisbane Lions","Essendon"
2025,12,"Jarrod","Berry","BL",4,"Brisbane Lions","Essendon"
2025,12,"Will","Ashcroft","BL",2,"Brisbane Lions","Essendon"
2025,12,"Noah","Answerth","BL",2,"Brisbane Lions","Essendon"
2025,12,"Jamie","Elliott","COLL",9,"Collingwood","Hawthorn"
2025,12,"Steele","Sidebottom","COLL",9,"Collingwood","Hawthorn"
2025,12,"Brody","Mihocek","COLL",3,"Collingwood","Hawthorn"
2025,12,"Jack","Ginnivan","HAW",3,"Collingwood","Hawthorn"
2025,12,"Nick","Daicos","COLL",3,"Collingwood","Hawthorn"
2025,12,"Ned","Long","COLL",2,"Collingwood","Hawthorn"
2025,12,"Isaac","Quaynor","COLL",1,"Collingwood","Hawthorn"
2025,12,"Jordan","Clark","FRE",9,"Gold Coast Suns","Fremantle"
2025,12,"Noah","Anderson","GCFC",6,"Gold Coast Suns","Fremantle"
2025,12,"Shai","Bolton","FRE",5,"Gold Coast Suns","Fremantle"
2025,12,"Luke","Jackson","FRE",5,"Gold Coast Suns","Fremantle"
2025,12,"Andrew","Brayshaw","FRE",2,"Gold Coast Suns","Fremantle"
2025,12,"Sam","Switkowski","FRE",2,"Gold Coast Suns","Fremantle"
2025,12,"Matt","Rowell","GCFC",1,"Gold Coast Suns","Fremantle"
2025,12,"Dion","Prestia","RICH",9,"GWS Giants","Richmond"
2025,12,"Jacob","Hopper","RICH",8,"GWS Giants","Richmond"
2025,12,"Tim","Taranto","RICH",5,"GWS Giants","Richmond"
2025,12,"Lachie","Ash","GWS",5,"GWS Giants","Richmond"
2025,12,"Toby","Nankervis","RICH",2,"GWS Giants","Richmond"
2025,12,"Ben","Miller","RICH",1,"GWS Giants","Richmond"
2025,12,"Alex","Neal-Bullen","ADEL",8,"Sydney Swans","Adelaide Crows"
2025,12,"Joshua","Rachele","ADEL",6,"Sydney Swans","Adelaide Crows"
2025,12,"Ben","Keays","ADEL",6,"Sydney Swans","Adelaide Crows"
2025,12,"Mark","Keane","ADEL",5,"Sydney Swans","Adelaide Crows"
2025,12,"Josh","Worrell","ADEL",4,"Sydney Swans","Adelaide Crows"
2025,12,"Isaac","Cumming","ADEL",1,"Sydney Swans","Adelaide Crows"
2025,12,"Callum","Wilkie","STK",10,"Melbourne","St Kilda"
2025,12,"Nasiah","Wanganeen-Milera","STK",7,"Melbourne","St Kilda"
2025,12,"Marcus","Windhager","STK",7,"Melbourne","St Kilda"
2025,12,"Christian","Petracca","MELB",2,"Melbourne","St Kilda"
2025,12,"Jack","Sinclair","STK",2,"Melbourne","St Kilda"
2025,12,"Steven","May","MELB",1,"Melbourne","St Kilda"
2025,12,"Bradley","Hill","STK",1,"Melbourne","St Kilda"
2025,12,"Gryan","Miers","GEEL",9,"West Coast Eagles","Geelong Cats"
2025,12,"Bailey","Smith","GEEL",8,"West Coast Eagles","Geelong Cats"
2025,12,"Max","Holmes","GEEL",7,"West Coast Eagles","Geelong Cats"
2025,12,"Liam","Baker","WCE",3,"West Coast Eagles","Geelong Cats"
2025,12,"Jeremy","Cameron","GEEL",2,"West Coast Eagles","Geelong Cats"
2025,12,"Reuben","Ginbey","WCE",1,"West Coast Eagles","Geelong Cats"
2025,13,"Mabior","Chol","HAW",9,"Western Bulldogs","Hawthorn"
2025,13,"Jai","Newcombe","HAW",9,"Western Bulldogs","Hawthorn"
2025,13,"Joshua","Weddle","HAW",5,"Western Bulldogs","Hawthorn"
2025,13,"Josh","Ward","HAW",3,"Western Bulldogs","Hawthorn"
2025,13,"Lloyd","Meek","HAW",2,"Western Bulldogs","Hawthorn"
2025,13,"Matthew","Kennedy","WB",1,"Western Bulldogs","Hawthorn"
2025,13,"James","O'Donnell","WB",1,"Western Bulldogs","Hawthorn"
2025,13,"Cameron","Rayner","BL",9,"Adelaide Crows","Brisbane Lions"
2025,13,"Ben","Keays","ADEL",9,"Adelaide Crows","Brisbane Lions"
2025,13,"Jordan","Dawson","ADEL",3,"Adelaide Crows","Brisbane Lions"
2025,13,"Jarrod","Berry","BL",3,"Adelaide Crows","Brisbane Lions"
2025,13,"Josh","Dunkley","BL",2,"Adelaide Crows","Brisbane Lions"
2025,13,"Will","Ashcroft","BL",2,"Adelaide Crows","Brisbane Lions"
2025,13,"Rory","Laird","ADEL",1,"Adelaide Crows","Brisbane Lions"
2025,13,"Josh","Worrell","ADEL",1,"Adelaide Crows","Brisbane Lions"
2025,13,"Nick","Blakey","SYD",10,"Richmond","Sydney Swans"
2025,13,"Brodie","Grundy","SYD",8,"Richmond","Sydney Swans"
2025,13,"James","Jordon","SYD",5,"Richmond","Sydney Swans"
2025,13,"Tom","McCartin","SYD",4,"Richmond","Sydney Swans"
2025,13,"Isaac","Heeney","SYD",3,"Richmond","Sydney Swans"
2025,13,"Max","Holmes","GEEL",10,"Geelong Cats","Gold Coast Suns"
2025,13,"Tyson","Stengle","GEEL",8,"Geelong Cats","Gold Coast Suns"
2025,13,"Mac","Andrew","GCFC",4,"Geelong Cats","Gold Coast Suns"
2025,13,"Gryan","Miers","GEEL",3,"Geelong Cats","Gold Coast Suns"
2025,13,"Mark","O'Connor","GEEL",3,"Geelong Cats","Gold Coast Suns"
2025,13,"Jack","Henry","GEEL",1,"Geelong Cats","Gold Coast Suns"
2025,13,"Tom","Atkins","GEEL",1,"Geelong Cats","Gold Coast Suns"
2025,13,"Zak","Butters","PORT",10,"GWS Giants","Port Adelaide"
2025,13,"Connor","Rozee","PORT",7,"GWS Giants","Port Adelaide"
2025,13,"Sam","Taylor","GWS",4,"GWS Giants","Port Adelaide"
2025,13,"Esava","Ratugolea","PORT",4,"GWS Giants","Port Adelaide"
2025,13,"Jack","Buckley","GWS",3,"GWS Giants","Port Adelaide"
2025,13,"Miles","Bergman","PORT",2,"GWS Giants","Port Adelaide"
2025,13,"Tristan","Xerri","NMFC",9,"North Melbourne","West Coast Eagles"
2025,13,"Colby","McKercher","NMFC",9,"North Melbourne","West Coast Eagles"
2025,13,"Harry","Edwards","WCE",5,"North Melbourne","West Coast Eagles"
2025,13,"Liam","Baker","WCE",3,"North Melbourne","West Coast Eagles"
2025,13,"Caleb","Daniel","NMFC",2,"North Melbourne","West Coast Eagles"
2025,13,"Elijah","Hewett","WCE",1,"North Melbourne","West Coast Eagles"
2025,13,"Jy","Simpkin","NMFC",1,"North Melbourne","West Coast Eagles"
2025,13,"Tom","De Koning","CARL",10,"Carlton","Essendon"
2025,13,"Sam","Walsh","CARL",7,"Carlton","Essendon"
2025,13,"Jack","Silvagni","CARL",5,"Carlton","Essendon"
2025,13,"Nic","Martin","ESS",5,"Carlton","Essendon"
2025,13,"George","Hewett","CARL",2,"Carlton","Essendon"
2025,13,"Xavier","Duursma","ESS",1,"Carlton","Essendon"
2025,13,"Josh","Daicos","COLL",10,"Melbourne","Collingwood"
2025,13,"Jeremy","Howe","COLL",8,"Melbourne","Collingwood"
2025,13,"Max","Gawn","MELB",4,"Melbourne","Collingwood"
2025,13,"Steven","May","MELB",4,"Melbourne","Collingwood"
2025,13,"Scott","Pendlebury","COLL",2,"Melbourne","Collingwood"
2025,13,"Steele","Sidebottom","COLL",2,"Melbourne","Collingwood"
2025,14,"Ed","Richards","WB",10,"St Kilda","Western Bulldogs"
2025,14,"Sam","Darcy","WB",7,"St Kilda","Western Bulldogs"
2025,14,"Bailey","Williams","WB",4,"St Kilda","Western Bulldogs"
2025,14,"Rory","Lobb","WB",4,"St Kilda","Western Bulldogs"
2025,14,"Bailey","Dale","WB",2,"St Kilda","Western Bulldogs"
2025,14,"Matthew","Kennedy","WB",2,"St Kilda","Western Bulldogs"
2025,14,"Marcus","Windhager","STK",1,"St Kilda","Western Bulldogs"
2025,14,"Jarman","Impey","HAW",10,"Hawthorn","Adelaide Crows"
2025,14,"Dylan","Moore","HAW",6,"Hawthorn","Adelaide Crows"
2025,14,"Sam","Berry","ADEL",4,"Hawthorn","Adelaide Crows"
2025,14,"Izak","Rankine","ADEL",3,"Hawthorn","Adelaide Crows"
2025,14,"Jack","Gunston","HAW",3,"Hawthorn","Adelaide Crows"
2025,14,"Joshua","Weddle","HAW",2,"Hawthorn","Adelaide Crows"
2025,14,"Connor","MacDonald","HAW",1,"Hawthorn","Adelaide Crows"
2025,14,"Jordan","Dawson","ADEL",1,"Hawthorn","Adelaide Crows"
2025,14,"Jesse","Hogan","GWS",9,"Brisbane Lions","GWS Giants"
2025,14,"Aaron","Cadman","GWS",8,"Brisbane Lions","GWS Giants"
2025,14,"Logan","Morris","BL",6,"Brisbane Lions","GWS Giants"
2025,14,"Finn","Callaghan","GWS",5,"Brisbane Lions","GWS Giants"
2025,14,"Tom","Green","GWS",1,"Brisbane Lions","GWS Giants"
2025,14,"Lachie","Neale","BL",1,"Brisbane Lions","GWS Giants"
2025,14,"Max","Holmes","GEEL",10,"Essendon","Geelong Cats"
2025,14,"Bailey","Smith","GEEL",7,"Essendon","Geelong Cats"
2025,14,"Jeremy","Cameron","GEEL",7,"Essendon","Geelong Cats"
2025,14,"Tom","Stewart","GEEL",2,"Essendon","Geelong Cats"
2025,14,"Zach","Guthrie","GEEL",2,"Essendon","Geelong Cats"
2025,14,"Patrick","Dangerfield","GEEL",1,"Essendon","Geelong Cats"
2025,14,"Shannon","Neale","GEEL",1,"Essendon","Geelong Cats"
2025,14,"Caleb","Serong","FRE",9,"North Melbourne","Fremantle"
2025,14,"Andrew","Brayshaw","FRE",8,"North Melbourne","Fremantle"
2025,14,"Josh","Treacy","FRE",4,"North Melbourne","Fremantle"
2025,14,"Luke","McDonald","NMFC",4,"North Melbourne","Fremantle"
2025,14,"Luke","Parker","NMFC",2,"North Melbourne","Fremantle"
2025,14,"Harry","Sheezel","NMFC",2,"North Melbourne","Fremantle"
2025,14,"Luke","Davies-Uniacke","NMFC",1,"North Melbourne","Fremantle"
2025,14,"Mitchell","Georgiades","PORT",10,"Port Adelaide","Melbourne"
2025,14,"Esava","Ratugolea","PORT",8,"Port Adelaide","Melbourne"
2025,14,"Connor","Rozee","PORT",5,"Port Adelaide","Melbourne"
2025,14,"Jason","Horne-Francis","PORT",4,"Port Adelaide","Melbourne"
2025,14,"Max","Gawn","MELB",3,"Port Adelaide","Melbourne"
2025,14,"Adam","Cerra","CARL",9,"West Coast Eagles","Carlton"
2025,14,"George","Hewett","CARL",9,"West Coast Eagles","Carlton"
2025,14,"Jaxon","Binns","CARL",3,"West Coast Eagles","Carlton"
2025,14,"Mitch","McGovern","CARL",3,"West Coast Eagles","Carlton"
2025,14,"Harley","Reid","WCE",2,"West Coast Eagles","Carlton"
2025,14,"Alex","Cincotta","CARL",2,"West Coast Eagles","Carlton"
2025,14,"Tom","McCarthy","WCE",1,"West Coast Eagles","Carlton"
2025,14,"Jacob","Weitering","CARL",1,"West Coast Eagles","Carlton"
2025,15,"Luke","Jackson","FRE",10,"Fremantle","Essendon"
2025,15,"Caleb","Serong","FRE",8,"Fremantle","Essendon"
2025,15,"Luke","Ryan","FRE",5,"Fremantle","Essendon"
2025,15,"Jordan","Clark","FRE",3,"Fremantle","Essendon"
2025,15,"Andrew","Brayshaw","FRE",3,"Fremantle","Essendon"
2025,15,"Heath","Chapman","FRE",1,"Fremantle","Essendon"
2025,15,"Harris","Andrews","BL",8,"Geelong Cats","Brisbane Lions"
2025,15,"Logan","Morris","BL",8,"Geelong Cats","Brisbane Lions"
2025,15,"Cameron","Rayner","BL",5,"Geelong Cats","Brisbane Lions"
2025,15,"Will","Ashcroft","BL",5,"Geelong Cats","Brisbane Lions"
2025,15,"Hugh","McCluggage","BL",2,"Geelong Cats","Brisbane Lions"
2025,15,"Zac","Bailey","BL",1,"Geelong Cats","Brisbane Lions"
2025,15,"Tom","Atkins","GEEL",1,"Geelong Cats","Brisbane Lions"
2025,15,"Tom","Powell","NMFC",10,"Carlton","North Melbourne"
2025,15,"Luke","Parker","NMFC",5,"Carlton","North Melbourne"
2025,15,"Colby","McKercher","NMFC",4,"Carlton","North Melbourne"
2025,15,"Harry","Sheezel","NMFC",4,"Carlton","North Melbourne"
2025,15,"Luke","Davies-Uniacke","NMFC",3,"Carlton","North Melbourne"
2025,15,"Toby","Pink","NMFC",3,"Carlton","North Melbourne"
2025,15,"Sam","Docherty","CARL",1,"Carlton","North Melbourne"
2025,15,"Isaac","Heeney","SYD",9,"Port Adelaide","Sydney Swans"
2025,15,"Brodie","Grundy","SYD",9,"Port Adelaide","Sydney Swans"
2025,15,"Callum","Mills","SYD",6,"Port Adelaide","Sydney Swans"
2025,15,"Justin","McInerney","SYD",3,"Port Adelaide","Sydney Swans"
2025,15,"Nick","Blakey","SYD",2,"Port Adelaide","Sydney Swans"
2025,15,"Zak","Butters","PORT",1,"Port Adelaide","Sydney Swans"
2025,15,"Darcy","Cameron","COLL",10,"Collingwood","St Kilda"
2025,15,"Nick","Daicos","COLL",8,"Collingwood","St Kilda"
2025,15,"Patrick","Lipinski","COLL",6,"Collingwood","St Kilda"
2025,15,"Cooper","Sharman","STK",2,"Collingwood","St Kilda"
2025,15,"Callum","Wilkie","STK",2,"Collingwood","St Kilda"
2025,15,"Rowan","Marshall","STK",1,"Collingwood","St Kilda"
2025,15,"Nasiah","Wanganeen-Milera","STK",1,"Collingwood","St Kilda"
2025,15,"Noah","Anderson","GCFC",9,"GWS Giants","Gold Coast Suns"
2025,15,"Tom","Green","GWS",7,"GWS Giants","Gold Coast Suns"
2025,15,"Bailey","Humphrey","GCFC",5,"GWS Giants","Gold Coast Suns"
2025,15,"Touk","Miller","GCFC",4,"GWS Giants","Gold Coast Suns"
2025,15,"Matt","Rowell","GCFC",3,"GWS Giants","Gold Coast Suns"
2025,15,"Finn","Callaghan","GWS",2,"GWS Giants","Gold Coast Suns"
2025,15,"Marcus","Bontempelli","WB",10,"Western Bulldogs","Richmond"
2025,15,"Ed","Richards","WB",8,"Western Bulldogs","Richmond"
2025,15,"Sam","Darcy","WB",6,"Western Bulldogs","Richmond"
2025,15,"Tim","English","WB",3,"Western Bulldogs","Richmond"
2025,15,"Rory","Lobb","WB",2,"Western Bulldogs","Richmond"
2025,15,"Matthew","Kennedy","WB",1,"Western Bulldogs","Richmond"
2025,16,"Zak","Butters","PORT",10,"Port Adelaide","Carlton"
2025,16,"Connor","Rozee","PORT",7,"Port Adelaide","Carlton"
2025,16,"Miles","Bergman","PORT",6,"Port Adelaide","Carlton"
2025,16,"Mitchell","Georgiades","PORT",5,"Port Adelaide","Carlton"
2025,16,"Esava","Ratugolea","PORT",2,"Port Adelaide","Carlton"
2025,16,"Joel","Freijah","WB",10,"Sydney Swans","Western Bulldogs"
2025,16,"Brodie","Grundy","SYD",8,"Sydney Swans","Western Bulldogs"
2025,16,"Isaac","Heeney","SYD",6,"Sydney Swans","Western Bulldogs"
2025,16,"Aaron","Naughton","WB",4,"Sydney Swans","Western Bulldogs"
2025,16,"Lachie","Bramble","WB",2,"Sydney Swans","Western Bulldogs"
2025,16,"Jake","Melksham","MELB",9,"Gold Coast Suns","Melbourne"
2025,16,"Matt","Rowell","GCFC",9,"Gold Coast Suns","Melbourne"
2025,16,"John","Noble","GCFC",4,"Gold Coast Suns","Melbourne"
2025,16,"Touk","Miller","GCFC",3,"Gold Coast Suns","Melbourne"
2025,16,"Jarrod","Witts","GCFC",2,"Gold Coast Suns","Melbourne"
2025,16,"Kysaiah","Pickett","MELB",2,"Gold Coast Suns","Melbourne"
2025,16,"Sam","Flanders","GCFC",1,"Gold Coast Suns","Melbourne"
2025,16,"Jack","Gunston","HAW",8,"Hawthorn","North Melbourne"
2025,16,"Karl","Amon","HAW",8,"Hawthorn","North Melbourne"
2025,16,"Jai","Newcombe","HAW",7,"Hawthorn","North Melbourne"
2025,16,"Mabior","Chol","HAW",4,"Hawthorn","North Melbourne"
2025,16,"Conor","Nash","HAW",2,"Hawthorn","North Melbourne"
2025,16,"Lloyd","Meek","HAW",1,"Hawthorn","North Melbourne"
2025,16,"Scott","Pendlebury","COLL",10,"Collingwood","West Coast Eagles"
2025,16,"Nick","Daicos","COLL",6,"Collingwood","West Coast Eagles"
2025,16,"Liam","Baker","WCE",5,"Collingwood","West Coast Eagles"
2025,16,"Brady","Hough","WCE",5,"Collingwood","West Coast Eagles"
2025,16,"Darcy","Cameron","COLL",2,"Collingwood","West Coast Eagles"
2025,16,"Jeremy","Howe","COLL",2,"Collingwood","West Coast Eagles"
2025,16,"Daniel","Curtin","ADEL",10,"Richmond","Adelaide Crows"
2025,16,"Riley","Thilthorpe","ADEL",8,"Richmond","Adelaide Crows"
2025,16,"Jordan","Dawson","ADEL",6,"Richmond","Adelaide Crows"
2025,16,"Wayne","Milera","ADEL",2,"Richmond","Adelaide Crows"
2025,16,"Max","Michalanney","ADEL",2,"Richmond","Adelaide Crows"
2025,16,"Jordon","Butts","ADEL",2,"Richmond","Adelaide Crows"
2025,16,"Jordan","Clark","FRE",10,"Fremantle","St Kilda"
2025,16,"Nasiah","Wanganeen-Milera","STK",6,"Fremantle","St Kilda"
2025,16,"Hugo","Garcia","STK",4,"Fremantle","St Kilda"
2025,16,"Rowan","Marshall","STK",3,"Fremantle","St Kilda"
2025,16,"Max","Hall","STK",3,"Fremantle","St Kilda"
2025,16,"Josh","Treacy","FRE",2,"Fremantle","St Kilda"
2025,16,"Luke","Jackson","FRE",1,"Fremantle","St Kilda"
2025,16,"Sean","Darcy","FRE",1,"Fremantle","St Kilda"
2025,17,"Tom","Liberatore","WB",10,"North Melbourne","Western Bulldogs"
2025,17,"Marcus","Bontempelli","WB",7,"North Melbourne","Western Bulldogs"
2025,17,"Aaron","Naughton","WB",7,"North Melbourne","Western Bulldogs"
2025,17,"Rory","Lobb","WB",3,"North Melbourne","Western Bulldogs"
2025,17,"Ed","Richards","WB",2,"North Melbourne","Western Bulldogs"
2025,17,"Nick","Larkey","NMFC",1,"North Melbourne","Western Bulldogs"
2025,17,"Nick","Daicos","COLL",10,"Carlton","Collingwood"
2025,17,"Darcy","Moore","COLL",8,"Carlton","Collingwood"
2025,17,"Darcy","Cameron","COLL",5,"Carlton","Collingwood"
2025,17,"Jamie","Elliott","COLL",5,"Carlton","Collingwood"
2025,17,"Daniel","McStay","COLL",2,"Carlton","Collingwood"
2025,17,"Finn","Callaghan","GWS",10,"West Coast Eagles","GWS Giants"
2025,17,"Xavier","O'Halloran","GWS",6,"West Coast Eagles","GWS Giants"
2025,17,"Toby","Greene","GWS",6,"West Coast Eagles","GWS Giants"
2025,17,"Tom","Green","GWS",4,"West Coast Eagles","GWS Giants"
2025,17,"Connor","Idun","GWS",3,"West Coast Eagles","GWS Giants"
2025,17,"Darcy","Jones","GWS",1,"West Coast Eagles","GWS Giants"
2025,17,"Joel","Sudar-Jeffrey","GCFC",7,"Essendon","Gold Coast Suns"
2025,17,"Zach","Merrett","ESS",6,"Essendon","Gold Coast Suns"
2025,17,"Touk","Miller","GCFC",6,"Essendon","Gold Coast Suns"
2025,17,"Sam","Durham","ESS",6,"Essendon","Gold Coast Suns"
2025,17,"Noah","Anderson","GCFC",5,"Essendon","Gold Coast Suns"
2025,17,"Jeremy","Cameron","GEEL",9,"Geelong Cats","Richmond"
2025,17,"Zach","Guthrie","GEEL",8,"Geelong Cats","Richmond"
2025,17,"Max","Holmes","GEEL",6,"Geelong Cats","Richmond"
2025,17,"Gryan","Miers","GEEL",5,"Geelong Cats","Richmond"
2025,17,"Jack","Martin","GEEL",1,"Geelong Cats","Richmond"
2025,17,"Tom","Atkins","GEEL",1,"Geelong Cats","Richmond"
2025,17,"Zac","Bailey","BL",10,"Brisbane Lions","Port Adelaide"
2025,17,"Hugh","McCluggage","BL",8,"Brisbane Lions","Port Adelaide"
2025,17,"Zak","Butters","PORT",5,"Brisbane Lions","Port Adelaide"
2025,17,"Lachie","Neale","BL",5,"Brisbane Lions","Port Adelaide"
2025,17,"Mitchell","Georgiades","PORT",1,"Brisbane Lions","Port Adelaide"
2025,17,"Cameron","Rayner","BL",1,"Brisbane Lions","Port Adelaide"
2025,17,"Nasiah","Wanganeen-Milera","STK",10,"St Kilda","Hawthorn"
2025,17,"Max","Hall","STK",8,"St Kilda","Hawthorn"
2025,17,"Lloyd","Meek","HAW",4,"St Kilda","Hawthorn"
2025,17,"Tom","Barrass","HAW",4,"St Kilda","Hawthorn"
2025,17,"Josh","Battle","HAW",2,"St Kilda","Hawthorn"
2025,17,"Jack","Gunston","HAW",2,"St Kilda","Hawthorn"
2025,17,"Brodie","Grundy","SYD",10,"Sydney Swans","Fremantle"
2025,17,"James","Jordon","SYD",8,"Sydney Swans","Fremantle"
2025,17,"Chad","Warner","SYD",3,"Sydney Swans","Fremantle"
2025,17,"Hayden","McLean","SYD",3,"Sydney Swans","Fremantle"
2025,17,"Luke","Ryan","FRE",3,"Sydney Swans","Fremantle"
2025,17,"Justin","McInerney","SYD",2,"Sydney Swans","Fremantle"
2025,17,"Shai","Bolton","FRE",1,"Sydney Swans","Fremantle"
2025,17,"Izak","Rankine","ADEL",10,"Adelaide Crows","Melbourne"
2025,17,"Steven","May","MELB",6,"Adelaide Crows","Melbourne"
2025,17,"Kysaiah","Pickett","MELB",5,"Adelaide Crows","Melbourne"
2025,17,"Ben","Keays","ADEL",5,"Adelaide Crows","Melbourne"
2025,17,"Jake","Soligo","ADEL",4,"Adelaide Crows","Melbourne"
2025,18,"Josh","Dunkley","BL",10,"Carlton","Brisbane Lions"
2025,18,"Jarrod","Berry","BL",5,"Carlton","Brisbane Lions"
2025,18,"Darcy","Wilmot","BL",4,"Carlton","Brisbane Lions"
2025,18,"Zac","Bailey","BL",3,"Carlton","Brisbane Lions"
2025,18,"Cameron","Rayner","BL",3,"Carlton","Brisbane Lions"
2025,18,"Lachie","Neale","BL",3,"Carlton","Brisbane Lions"
2025,18,"Dayne","Zorko","BL",2,"Carlton","Brisbane Lions"
2025,18,"Matt","Rowell","GCFC",10,"Gold Coast Suns","Collingwood"
2025,18,"Josh","Daicos","COLL",8,"Gold Coast Suns","Collingwood"
2025,18,"Noah","Anderson","GCFC",6,"Gold Coast Suns","Collingwood"
2025,18,"Jarrod","Witts","GCFC",3,"Gold Coast Suns","Collingwood"
2025,18,"Darcy","Moore","COLL",2,"Gold Coast Suns","Collingwood"
2025,18,"Daniel","Rioli","GCFC",1,"Gold Coast Suns","Collingwood"
2025,18,"Marcus","Bontempelli","WB",9,"Western Bulldogs","Adelaide Crows"
2025,18,"Riley","Thilthorpe","ADEL",9,"Western Bulldogs","Adelaide Crows"
2025,18,"Jordan","Dawson","ADEL",6,"Western Bulldogs","Adelaide Crows"
2025,18,"Ed","Richards","WB",2,"Western Bulldogs","Adelaide Crows"
2025,18,"Daniel","Curtin","ADEL",2,"Western Bulldogs","Adelaide Crows"
2025,18,"Reilly","O'Brien","ADEL",2,"Western Bulldogs","Adelaide Crows"
2025,18,"Aaron","Cadman","GWS",10,"GWS Giants","Geelong Cats"
2025,18,"Finn","Callaghan","GWS",7,"GWS Giants","Geelong Cats"
2025,18,"Connor","Idun","GWS",4,"GWS Giants","Geelong Cats"
2025,18,"Lachie","Whitfield","GWS",3,"GWS Giants","Geelong Cats"
2025,18,"Tom","Stewart","GEEL",2,"GWS Giants","Geelong Cats"
2025,18,"Shannon","Neale","GEEL",2,"GWS Giants","Geelong Cats"
2025,18,"Jake","Stringer","GWS",1,"GWS Giants","Geelong Cats"
2025,18,"Lachie","Ash","GWS",1,"GWS Giants","Geelong Cats"
2025,18,"Tim","Taranto","RICH",10,"Richmond","Essendon"
2025,18,"Jacob","Hopper","RICH",4,"Richmond","Essendon"
2025,18,"Archie","Roberts","ESS",4,"Richmond","Essendon"
2025,18,"Nick","Vlastuin","RICH",3,"Richmond","Essendon"
2025,18,"Jayden","Short","RICH",3,"Richmond","Essendon"
2025,18,"Zach","Merrett","ESS",2,"Richmond","Essendon"
2025,18,"Jordan","Ridley","ESS",2,"Richmond","Essendon"
2025,18,"Tom","Brown","RICH",1,"Richmond","Essendon"
2025,18,"Dion","Prestia","RICH",1,"Richmond","Essendon"
2025,18,"Sam","Switkowski","FRE",10,"Fremantle","Hawthorn"
2025,18,"Andrew","Brayshaw","FRE",7,"Fremantle","Hawthorn"
2025,18,"Caleb","Serong","FRE",4,"Fremantle","Hawthorn"
2025,18,"Lloyd","Meek","HAW",3,"Fremantle","Hawthorn"
2025,18,"Karl","Amon","HAW",2,"Fremantle","Hawthorn"
2025,18,"Michael","Frederick","FRE",2,"Fremantle","Hawthorn"
2025,18,"Luke","Ryan","FRE",1,"Fremantle","Hawthorn"
2025,18,"Jack","Ginnivan","HAW",1,"Fremantle","Hawthorn"
2025,18,"Christian","Petracca","MELB",10,"Melbourne","North Melbourne"
2025,18,"Jake","Melksham","MELB",6,"Melbourne","North Melbourne"
2025,18,"Max","Gawn","MELB",5,"Melbourne","North Melbourne"
2025,18,"Harry","Sheezel","NMFC",4,"Melbourne","North Melbourne"
2025,18,"Bayley","Fritsch","MELB",3,"Melbourne","North Melbourne"
2025,18,"Colby","McKercher","NMFC",2,"Melbourne","North Melbourne"
2025,18,"Brodie","Grundy","SYD",9,"St Kilda","Sydney Swans"
2025,18,"Marcus","Windhager","STK",8,"St Kilda","Sydney Swans"
2025,18,"Callum","Wilkie","STK",5,"St Kilda","Sydney Swans"
2025,18,"Will","Hayward","SYD",3,"St Kilda","Sydney Swans"
2025,18,"Jack","Steele","STK",3,"St Kilda","Sydney Swans"
2025,18,"James","Rowbottom","SYD",2,"St Kilda","Sydney Swans"
2025,18,"Zak","Butters","PORT",9,"Port Adelaide","West Coast Eagles"
2025,18,"Jason","Horne-Francis","PORT",9,"Port Adelaide","West Coast Eagles"
2025,18,"Harry","Edwards","WCE",5,"Port Adelaide","West Coast Eagles"
2025,18,"Joe","Richards","PORT",5,"Port Adelaide","West Coast Eagles"
2025,18,"Harley","Reid","WCE",1,"Port Adelaide","West Coast Eagles"
2025,18,"Mitchell","Georgiades","PORT",1,"Port Adelaide","West Coast Eagles"
2025,19,"Tom","Green","GWS",10,"Essendon","GWS Giants"
2025,19,"Harry","Himmelberg","GWS",7,"Essendon","GWS Giants"
2025,19,"Kieren","Briggs","GWS",6,"Essendon","GWS Giants"
2025,19,"Connor","Idun","GWS",3,"Essendon","GWS Giants"
2025,19,"Finn","Callaghan","GWS",2,"Essendon","GWS Giants"
2025,19,"Jake","Stringer","GWS",2,"Essendon","GWS Giants"
2025,19,"Will","Ashcroft","BL",9,"Brisbane Lions","Western Bulldogs"
2025,19,"Josh","Dunkley","BL",7,"Brisbane Lions","Western Bulldogs"
2025,19,"Ryan","Lester","BL",5,"Brisbane Lions","Western Bulldogs"
2025,19,"Marcus","Bontempelli","WB",3,"Brisbane Lions","Western Bulldogs"
2025,19,"Dayne","Zorko","BL",2,"Brisbane Lions","Western Bulldogs"
2025,19,"Rhylee","West","WB",2,"Brisbane Lions","Western Bulldogs"
2025,19,"Jarrod","Berry","BL",2,"Brisbane Lions","Western Bulldogs"
2025,19,"Dylan","Moore","HAW",9,"Hawthorn","Port Adelaide"
2025,19,"Blake","Hardwick","HAW",8,"Hawthorn","Port Adelaide"
2025,19,"Jarman","Impey","HAW",7,"Hawthorn","Port Adelaide"
2025,19,"Jordon","Sweet","PORT",4,"Hawthorn","Port Adelaide"
2025,19,"Josh","Ward","HAW",1,"Hawthorn","Port Adelaide"
2025,19,"Jack","Gunston","HAW",1,"Hawthorn","Port Adelaide"
2025,19,"Isaac","Heeney","SYD",10,"Sydney Swans","North Melbourne"
2025,19,"Brodie","Grundy","SYD",8,"Sydney Swans","North Melbourne"
2025,19,"Chad","Warner","SYD",6,"Sydney Swans","North Melbourne"
2025,19,"Jy","Simpkin","NMFC",3,"Sydney Swans","North Melbourne"
2025,19,"Nick","Blakey","SYD",3,"Sydney Swans","North Melbourne"
2025,19,"Kysaiah","Pickett","MELB",10,"Carlton","Melbourne"
2025,19,"Jacob","Weitering","CARL",6,"Carlton","Melbourne"
2025,19,"Patrick","Cripps","CARL",6,"Carlton","Melbourne"
2025,19,"Matt","Carroll","CARL",4,"Carlton","Melbourne"
2025,19,"Lachie","Cowan","CARL",2,"Carlton","Melbourne"
2025,19,"Trent","Rivers","MELB",1,"Carlton","Melbourne"
2025,19,"Charlie","Curnow","CARL",1,"Carlton","Melbourne"
2025,19,"Tim","Taranto","RICH",10,"West Coast Eagles","Richmond"
2025,19,"Jacob","Hopper","RICH",8,"West Coast Eagles","Richmond"
2025,19,"Nick","Vlastuin","RICH",5,"West Coast Eagles","Richmond"
2025,19,"Harley","Reid","WCE",3,"West Coast Eagles","Richmond"
2025,19,"Jack","Ross","RICH",2,"West Coast Eagles","Richmond"
2025,19,"Toby","Nankervis","RICH",1,"West Coast Eagles","Richmond"
2025,19,"Rhyan","Mansell","RICH",1,"West Coast Eagles","Richmond"
2025,19,"Nasiah","Wanganeen-Milera","STK",9,"Geelong Cats","St Kilda"
2025,19,"Max","Holmes","GEEL",7,"Geelong Cats","St Kilda"
2025,19,"Shaun","Mannagh","GEEL",6,"Geelong Cats","St Kilda"
2025,19,"Jeremy","Cameron","GEEL",5,"Geelong Cats","St Kilda"
2025,19,"Oisin","Mullin","GEEL",2,"Geelong Cats","St Kilda"
2025,19,"Oliver","Dempsey","GEEL",1,"Geelong Cats","St Kilda"
2025,19,"Patrick","Voss","FRE",9,"Collingwood","Fremantle"
2025,19,"Nick","Daicos","COLL",8,"Collingwood","Fremantle"
2025,19,"Caleb","Serong","FRE",6,"Collingwood","Fremantle"
2025,19,"Darcy","Cameron","COLL",4,"Collingwood","Fremantle"
2025,19,"Jordan","Clark","FRE",2,"Collingwood","Fremantle"
2025,19,"Beau","McCreery","COLL",1,"Collingwood","Fremantle"
2025,19,"Alex","Neal-Bullen","ADEL",10,"Adelaide Crows","Gold Coast Suns"
2025,19,"Matt","Rowell","GCFC",6,"Adelaide Crows","Gold Coast Suns"
2025,19,"Daniel","Curtin","ADEL",6,"Adelaide Crows","Gold Coast Suns"
2025,19,"Josh","Worrell","ADEL",4,"Adelaide Crows","Gold Coast Suns"
2025,19,"Mark","Keane","ADEL",3,"Adelaide Crows","Gold Coast Suns"
2025,19,"Max","Michalanney","ADEL",1,"Adelaide Crows","Gold Coast Suns"
2025,20,"James","Sicily","HAW",10,"Hawthorn","Carlton"
2025,20,"Tom","Barrass","HAW",6,"Hawthorn","Carlton"
2025,20,"Dylan","Moore","HAW",5,"Hawthorn","Carlton"
2025,20,"Jarman","Impey","HAW",5,"Hawthorn","Carlton"
2025,20,"Jack","Gunston","HAW",4,"Hawthorn","Carlton"
2025,20,"Aaron","Naughton","WB",10,"Essendon","Western Bulldogs"
2025,20,"Sam","Darcy","WB",7,"Essendon","Western Bulldogs"
2025,20,"Marcus","Bontempelli","WB",7,"Essendon","Western Bulldogs"
2025,20,"Ed","Richards","WB",4,"Essendon","Western Bulldogs"
2025,20,"Luke","Cleary","WB",1,"Essendon","Western Bulldogs"
2025,20,"Tom","Liberatore","WB",1,"Essendon","Western Bulldogs"
2025,20,"Finn","Callaghan","GWS",10,"GWS Giants","Sydney Swans"
2025,20,"Harry","Himmelberg","GWS",8,"GWS Giants","Sydney Swans"
2025,20,"Jake","Stringer","GWS",5,"GWS Giants","Sydney Swans"
2025,20,"Aaron","Cadman","GWS",3,"GWS Giants","Sydney Swans"
2025,20,"Brodie","Grundy","SYD",3,"GWS Giants","Sydney Swans"
2025,20,"Ryan","Angwin","GWS",1,"GWS Giants","Sydney Swans"
2025,20,"Matt","Rowell","GCFC",10,"Gold Coast Suns","Brisbane Lions"
2025,20,"Noah","Anderson","GCFC",8,"Gold Coast Suns","Brisbane Lions"
2025,20,"Jarrod","Witts","GCFC",6,"Gold Coast Suns","Brisbane Lions"
2025,20,"Alex","Davies","GCFC",2,"Gold Coast Suns","Brisbane Lions"
2025,20,"Ben","Ainsworth","GCFC",2,"Gold Coast Suns","Brisbane Lions"
2025,20,"Bailey","Humphrey","GCFC",1,"Gold Coast Suns","Brisbane Lions"
2025,20,"Ben","Long","GCFC",1,"Gold Coast Suns","Brisbane Lions"
2025,20,"Hayden","Young","FRE",8,"Fremantle","West Coast Eagles"
2025,20,"Murphy","Reid","FRE",8,"Fremantle","West Coast Eagles"
2025,20,"Andrew","Brayshaw","FRE",6,"Fremantle","West Coast Eagles"
2025,20,"Michael","Frederick","FRE",6,"Fremantle","West Coast Eagles"
2025,20,"Caleb","Serong","FRE",1,"Fremantle","West Coast Eagles"
2025,20,"Shai","Bolton","FRE",1,"Fremantle","West Coast Eagles"
2025,20,"Jeremy","Cameron","GEEL",10,"North Melbourne","Geelong Cats"
2025,20,"Bailey","Smith","GEEL",8,"North Melbourne","Geelong Cats"
2025,20,"Max","Holmes","GEEL",5,"North Melbourne","Geelong Cats"
2025,20,"Tom","Atkins","GEEL",3,"North Melbourne","Geelong Cats"
2025,20,"Shannon","Neale","GEEL",2,"North Melbourne","Geelong Cats"
2025,20,"Gryan","Miers","GEEL",2,"North Melbourne","Geelong Cats"
2025,20,"Riley","Thilthorpe","ADEL",10,"Adelaide Crows","Port Adelaide"
2025,20,"Jake","Soligo","ADEL",8,"Adelaide Crows","Port Adelaide"
2025,20,"Ben","Keays","ADEL",4,"Adelaide Crows","Port Adelaide"
2025,20,"Alex","Neal-Bullen","ADEL",3,"Adelaide Crows","Port Adelaide"
2025,20,"Daniel","Curtin","ADEL",2,"Adelaide Crows","Port Adelaide"
2025,20,"James","Peatling","ADEL",2,"Adelaide Crows","Port Adelaide"
2025,20,"Rory","Laird","ADEL",1,"Adelaide Crows","Port Adelaide"
2025,20,"Nick","Daicos","COLL",10,"Richmond","Collingwood"
2025,20,"Nick","Vlastuin","RICH",8,"Richmond","Collingwood"
2025,20,"Josh","Daicos","COLL",3,"Richmond","Collingwood"
2025,20,"Isaac","Quaynor","COLL",3,"Richmond","Collingwood"
2025,20,"Jacob","Hopper","RICH",2,"Richmond","Collingwood"
2025,20,"Tom","Mitchell","COLL",2,"Richmond","Collingwood"
2025,20,"Brayden","Maynard","COLL",1,"Richmond","Collingwood"
2025,20,"Nathan","Broad","RICH",1,"Richmond","Collingwood"
2025,20,"Nasiah","Wanganeen-Milera","STK",10,"St Kilda","Melbourne"
2025,20,"Max","Hall","STK",6,"St Kilda","Melbourne"
2025,20,"Max","Gawn","MELB",5,"St Kilda","Melbourne"
2025,20,"Jack","Viney","MELB",5,"St Kilda","Melbourne"
2025,20,"Christian","Petracca","MELB",2,"St Kilda","Melbourne"
2025,20,"Bayley","Fritsch","MELB",2,"St Kilda","Melbourne"
2025,21,"Tim","English","WB",8,"Western Bulldogs","GWS Giants"
2025,21,"Marcus","Bontempelli","WB",8,"Western Bulldogs","GWS Giants"
2025,21,"Aaron","Naughton","WB",8,"Western Bulldogs","GWS Giants"
2025,21,"Sam","Darcy","WB",4,"Western Bulldogs","GWS Giants"
2025,21,"Rory","Lobb","WB",2,"Western Bulldogs","GWS Giants"
2025,21,"Izak","Rankine","ADEL",9,"Adelaide Crows","Hawthorn"
2025,21,"Jordan","Dawson","ADEL",8,"Adelaide Crows","Hawthorn"
2025,21,"Riley","Thilthorpe","ADEL",5,"Adelaide Crows","Hawthorn"
2025,21,"Josh","Battle","HAW",4,"Adelaide Crows","Hawthorn"
2025,21,"James","Sicily","HAW",2,"Adelaide Crows","Hawthorn"
2025,21,"Wayne","Milera","ADEL",1,"Adelaide Crows","Hawthorn"
2025,21,"Alex","Neal-Bullen","ADEL",1,"Adelaide Crows","Hawthorn"
2025,21,"Max","Gawn","MELB",9,"Melbourne","West Coast Eagles"
2025,21,"Jack","Viney","MELB",9,"Melbourne","West Coast Eagles"
2025,21,"Bayley","Fritsch","MELB",4,"Melbourne","West Coast Eagles"
2025,21,"Christian","Salem","MELB",3,"Melbourne","West Coast Eagles"
2025,21,"Clayton","Oliver","MELB",2,"Melbourne","West Coast Eagles"
2025,21,"Kysaiah","Pickett","MELB",2,"Melbourne","West Coast Eagles"
2025,21,"Christian","Petracca","MELB",1,"Melbourne","West Coast Eagles"
2025,21,"Noah","Anderson","GCFC",10,"Gold Coast Suns","Richmond"
2025,21,"Matt","Rowell","GCFC",8,"Gold Coast Suns","Richmond"
2025,21,"Sam","Collins","GCFC",3,"Gold Coast Suns","Richmond"
2025,21,"Mac","Andrew","GCFC",3,"Gold Coast Suns","Richmond"
2025,21,"John","Noble","GCFC",3,"Gold Coast Suns","Richmond"
2025,21,"Brayden","Fiorini","GCFC",2,"Gold Coast Suns","Richmond"
2025,21,"Touk","Miller","GCFC",1,"Gold Coast Suns","Richmond"
2025,21,"Brodie","Grundy","SYD",9,"Sydney Swans","Essendon"
2025,21,"Nick","Blakey","SYD",9,"Sydney Swans","Essendon"
2025,21,"Isaac","Heeney","SYD",5,"Sydney Swans","Essendon"
2025,21,"Sam","Durham","ESS",3,"Sydney Swans","Essendon"
2025,21,"Justin","McInerney","SYD",2,"Sydney Swans","Essendon"
2025,21,"Andrew","McGrath","ESS",1,"Sydney Swans","Essendon"
2025,21,"Callum","Mills","SYD",1,"Sydney Swans","Essendon"
2025,21,"Logan","Morris","BL",8,"Collingwood","Brisbane Lions"
2025,21,"Hugh","McCluggage","BL",7,"Collingwood","Brisbane Lions"
2025,21,"Lachie","Neale","BL",7,"Collingwood","Brisbane Lions"
2025,21,"Harris","Andrews","BL",3,"Collingwood","Brisbane Lions"
2025,21,"Steele","Sidebottom","COLL",3,"Collingwood","Brisbane Lions"
2025,21,"Josh","Dunkley","BL",1,"Collingwood","Brisbane Lions"
2025,21,"Josh","Daicos","COLL",1,"Collingwood","Brisbane Lions"
2025,21,"Rowan","Marshall","STK",9,"St Kilda","North Melbourne"
2025,21,"Nasiah","Wanganeen-Milera","STK",9,"St Kilda","North Melbourne"
2025,21,"Colby","McKercher","NMFC",5,"St Kilda","North Melbourne"
2025,21,"Harry","Sheezel","NMFC",4,"St Kilda","North Melbourne"
2025,21,"Jack","Sinclair","STK",3,"St Kilda","North Melbourne"
2025,21,"Max","Holmes","GEEL",10,"Geelong Cats","Port Adelaide"
2025,21,"Gryan","Miers","GEEL",4,"Geelong Cats","Port Adelaide"
2025,21,"Bailey","Smith","GEEL",4,"Geelong Cats","Port Adelaide"
2025,21,"Shannon","Neale","GEEL",4,"Geelong Cats","Port Adelaide"
2025,21,"Jeremy","Cameron","GEEL",3,"Geelong Cats","Port Adelaide"
2025,21,"Oisin","Mullin","GEEL",3,"Geelong Cats","Port Adelaide"
2025,21,"Mark","Blicavs","GEEL",2,"Geelong Cats","Port Adelaide"
2025,21,"Luke","Jackson","FRE",8,"Fremantle","Carlton"
2025,21,"Jordan","Clark","FRE",8,"Fremantle","Carlton"
2025,21,"Patrick","Cripps","CARL",8,"Fremantle","Carlton"
2025,21,"George","Hewett","CARL",4,"Fremantle","Carlton"
2025,21,"Jaeger","O'Meara","FRE",1,"Fremantle","Carlton"
2025,21,"Nick","Haynes","CARL",1,"Fremantle","Carlton"
2025,22,"Lloyd","Meek","HAW",10,"Hawthorn","Collingwood"
2025,22,"Jai","Newcombe","HAW",8,"Hawthorn","Collingwood"
2025,22,"Dylan","Moore","HAW",4,"Hawthorn","Collingwood"
2025,22,"Jarman","Impey","HAW",4,"Hawthorn","Collingwood"
2025,22,"Nick","Watson","HAW",3,"Hawthorn","Collingwood"
2025,22,"James","Sicily","HAW",1,"Hawthorn","Collingwood"
2025,22,"Bailey","Smith","GEEL",9,"Geelong Cats","Essendon"
2025,22,"Shaun","Mannagh","GEEL",5,"Geelong Cats","Essendon"
2025,22,"Max","Holmes","GEEL",4,"Geelong Cats","Essendon"
2025,22,"Gryan","Miers","GEEL",3,"Geelong Cats","Essendon"
2025,22,"Connor","O'Sullivan","GEEL",3,"Geelong Cats","Essendon"
2025,22,"Zach","Merrett","ESS",3,"Geelong Cats","Essendon"
2025,22,"Archie","Roberts","ESS",2,"Geelong Cats","Essendon"
2025,22,"Shannon","Neale","GEEL",1,"Geelong Cats","Essendon"
2025,22,"Jack","Sinclair","STK",9,"Richmond","St Kilda"
2025,22,"Callum","Wilkie","STK",9,"Richmond","St Kilda"
2025,22,"Nasiah","Wanganeen-Milera","STK",5,"Richmond","St Kilda"
2025,22,"Marcus","Windhager","STK",3,"Richmond","St Kilda"
2025,22,"Jack","Ross","RICH",3,"Richmond","St Kilda"
2025,22,"Ben","Miller","RICH",1,"Richmond","St Kilda"
2025,22,"Isaac","Heeney","SYD",10,"Brisbane Lions","Sydney Swans"
2025,22,"Harris","Andrews","BL",5,"Brisbane Lions","Sydney Swans"
2025,22,"Nick","Blakey","SYD",4,"Brisbane Lions","Sydney Swans"
2025,22,"Angus","Sheldrick","SYD",3,"Brisbane Lions","Sydney Swans"
2025,22,"Will","Ashcroft","BL",3,"Brisbane Lions","Sydney Swans"
2025,22,"Darcy","Wilmot","BL",2,"Brisbane Lions","Sydney Swans"
2025,22,"Josh","Dunkley","BL",2,"Brisbane Lions","Sydney Swans"
2025,22,"Errol","Gulden","SYD",1,"Brisbane Lions","Sydney Swans"
2025,22,"Matt","Rowell","GCFC",10,"Carlton","Gold Coast Suns"
2025,22,"Touk","Miller","GCFC",8,"Carlton","Gold Coast Suns"
2025,22,"Ben","King","GCFC",6,"Carlton","Gold Coast Suns"
2025,22,"Francis","Evans","CARL",3,"Carlton","Gold Coast Suns"
2025,22,"Cooper","Lord","CARL",2,"Carlton","Gold Coast Suns"
2025,22,"Sam","Collins","GCFC",1,"Carlton","Gold Coast Suns"
2025,22,"Aliir","Aliir","PORT",10,"Port Adelaide","Fremantle"
2025,22,"Caleb","Serong","FRE",7,"Port Adelaide","Fremantle"
2025,22,"Zak","Butters","PORT",6,"Port Adelaide","Fremantle"
2025,22,"Luke","Jackson","FRE",4,"Port Adelaide","Fremantle"
2025,22,"Shai","Bolton","FRE",2,"Port Adelaide","Fremantle"
2025,22,"Michael","Frederick","FRE",1,"Port Adelaide","Fremantle"
2025,22,"Finn","Callaghan","GWS",10,"GWS Giants","North Melbourne"
2025,22,"Toby","Greene","GWS",8,"GWS Giants","North Melbourne"
2025,22,"Harry","Himmelberg","GWS",6,"GWS Giants","North Melbourne"
2025,22,"Tom","Green","GWS",4,"GWS Giants","North Melbourne"
2025,22,"Colby","McKercher","NMFC",1,"GWS Giants","North Melbourne"
2025,22,"Aaron","Cadman","GWS",1,"GWS Giants","North Melbourne"
2025,22,"Ed","Richards","WB",10,"Melbourne","Western Bulldogs"
2025,22,"Aaron","Naughton","WB",7,"Melbourne","Western Bulldogs"
2025,22,"Max","Gawn","MELB",5,"Melbourne","Western Bulldogs"
2025,22,"Marcus","Bontempelli","WB",4,"Melbourne","Western Bulldogs"
2025,22,"Tom","Liberatore","WB",2,"Melbourne","Western Bulldogs"
2025,22,"Bailey","Dale","WB",1,"Melbourne","Western Bulldogs"
2025,22,"Tom","McDonald","MELB",1,"Melbourne","Western Bulldogs"
2025,22,"Jordan","Dawson","ADEL",10,"West Coast Eagles","Adelaide Crows"
2025,22,"Izak","Rankine","ADEL",8,"West Coast Eagles","Adelaide Crows"
2025,22,"Tim","Kelly","WCE",6,"West Coast Eagles","Adelaide Crows"
2025,22,"Riley","Thilthorpe","ADEL",2,"West Coast Eagles","Adelaide Crows"
2025,22,"Tom","McCarthy","WCE",2,"West Coast Eagles","Adelaide Crows"
2025,22,"Reuben","Ginbey","WCE",1,"West Coast Eagles","Adelaide Crows"
2025,22,"Mark","Keane","ADEL",1,"West Coast Eagles","Adelaide Crows"
2026,0,"Justin","McInerney","SYD",10,"Sydney Swans","Carlton"
2026,0,"Errol","Gulden","SYD",8,"Sydney Swans","Carlton"
2026,0,"Isaac","Heeney","SYD",5,"Sydney Swans","Carlton"
2026,0,"Tom","McCartin","SYD",3,"Sydney Swans","Carlton"
2026,0,"Sam","Walsh","CARL",3,"Sydney Swans","Carlton"
2026,0,"Chad","Warner","SYD",1,"Sydney Swans","Carlton"
2026,0,"Christian","Petracca","GCFC",10,"Gold Coast Suns","Geelong Cats"
2026,0,"Bailey","Humphrey","GCFC",8,"Gold Coast Suns","Geelong Cats"
2026,0,"John","Noble","GCFC",4,"Gold Coast Suns","Geelong Cats"
2026,0,"Touk","Miller","GCFC",4,"Gold Coast Suns","Geelong Cats"
2026,0,"Sam","Collins","GCFC",3,"Gold Coast Suns","Geelong Cats"
2026,0,"Wil","Powell","GCFC",1,"Gold Coast Suns","Geelong Cats"
2026,0,"Jake","Stringer","GWS",10,"GWS Giants","Hawthorn"
2026,0,"Clayton","Oliver","GWS",7,"GWS Giants","Hawthorn"
2026,0,"Finn","Callaghan","GWS",6,"GWS Giants","Hawthorn"
2026,0,"Stephen","Coniglio","GWS",5,"GWS Giants","Hawthorn"
2026,0,"Joseph","Fonti","GWS",2,"GWS Giants","Hawthorn"
2026,0,"Ed","Richards","WB",10,"Brisbane Lions","Western Bulldogs"
2026,0,"Charlie","Cameron","BL",6,"Brisbane Lions","Western Bulldogs"
2026,0,"Lachie","Neale","BL",4,"Brisbane Lions","Western Bulldogs"
2026,0,"Rory","Lobb","WB",3,"Brisbane Lions","Western Bulldogs"
2026,0,"Bailey","Williams","WB",3,"Brisbane Lions","Western Bulldogs"
2026,0,"Harris","Andrews","BL",2,"Brisbane Lions","Western Bulldogs"
2026,0,"Connor","Budarick","WB",1,"Brisbane Lions","Western Bulldogs"
2026,0,"Ryan","Lester","BL",1,"Brisbane Lions","Western Bulldogs"
2026,0,"Nick","Daicos","COLL",10,"St Kilda","Collingwood"
2026,0,"Jack","Sinclair","STK",6,"St Kilda","Collingwood"
2026,0,"Jordan","De Goey","COLL",4,"St Kilda","Collingwood"
2026,0,"Josh","Daicos","COLL",4,"St Kilda","Collingwood"
2026,0,"Scott","Pendlebury","COLL",2,"St Kilda","Collingwood"
2026,0,"Dan","Houston","COLL",2,"St Kilda","Collingwood"
2026,0,"Isaac","Quaynor","COLL",2,"St Kilda","Collingwood"
2026,1,"Sam","Walsh","CARL",10,"Carlton","Richmond"
2026,1,"Patrick","Cripps","CARL",6,"Carlton","Richmond"
2026,1,"Jayden","Short","RICH",6,"Carlton","Richmond"
2026,1,"Jagga","Smith","CARL",5,"Carlton","Richmond"
2026,1,"Tim","Taranto","RICH",2,"Carlton","Richmond"
2026,1,"Jacob","Weitering","CARL",1,"Carlton","Richmond"
2026,1,"Nick","Watson","HAW",9,"Essendon","Hawthorn"
2026,1,"Tom","Barrass","HAW",5,"Essendon","Hawthorn"
2026,1,"Jack","Gunston","HAW",4,"Essendon","Hawthorn"
2026,1,"Conor","Nash","HAW",4,"Essendon","Hawthorn"
2026,1,"James","Sicily","HAW",3,"Essendon","Hawthorn"
2026,1,"Jarman","Impey","HAW",3,"Essendon","Hawthorn"
2026,1,"Zach","Merrett","ESS",1,"Essendon","Hawthorn"
2026,1,"Jai","Newcombe","HAW",1,"Essendon","Hawthorn"
2026,1,"Marcus","Bontempelli","WB",10,"Western Bulldogs","GWS Giants"
2026,1,"Aaron","Naughton","WB",8,"Western Bulldogs","GWS Giants"
2026,1,"Tom","Liberatore","WB",6,"Western Bulldogs","GWS Giants"
2026,1,"Matthew","Kennedy","WB",3,"Western Bulldogs","GWS Giants"
2026,1,"Tim","English","WB",2,"Western Bulldogs","GWS Giants"
2026,1,"Lachie","Jaques","WB",1,"Western Bulldogs","GWS Giants"
2026,1,"Max","Holmes","GEEL",8,"Geelong Cats","Fremantle"
2026,1,"Luke","Jackson","FRE",7,"Geelong Cats","Fremantle"
2026,1,"Shannon","Neale","GEEL",7,"Geelong Cats","Fremantle"
2026,1,"Shaun","Mannagh","GEEL",4,"Geelong Cats","Fremantle"
2026,1,"Caleb","Serong","FRE",2,"Geelong Cats","Fremantle"
2026,1,"Jeremy","Cameron","GEEL",2,"Geelong Cats","Fremantle"
2026,1,"Nick","Blakey","SYD",8,"Sydney Swans","Brisbane Lions"
2026,1,"Joel","Amartey","SYD",8,"Sydney Swans","Brisbane Lions"
2026,1,"Tom","McCartin","SYD",7,"Sydney Swans","Brisbane Lions"
2026,1,"Riley","Bice","SYD",4,"Sydney Swans","Brisbane Lions"
2026,1,"Isaac","Heeney","SYD",2,"Sydney Swans","Brisbane Lions"
2026,1,"Jarrod","Berry","BL",1,"Sydney Swans","Brisbane Lions"
2026,1,"Wayne","Milera","ADEL",10,"Collingwood","Adelaide Crows"
2026,1,"Riley","Thilthorpe","ADEL",5,"Collingwood","Adelaide Crows"
2026,1,"Josh","Worrell","ADEL",5,"Collingwood","Adelaide Crows"
2026,1,"Nick","Daicos","COLL",4,"Collingwood","Adelaide Crows"
2026,1,"Alex","Neal-Bullen","ADEL",3,"Collingwood","Adelaide Crows"
2026,1,"Dan","Houston","COLL",3,"Collingwood","Adelaide Crows"
2026,1,"Charlie","Comben","NMFC",10,"North Melbourne","Port Adelaide"
2026,1,"Luke","Parker","NMFC",6,"North Melbourne","Port Adelaide"
2026,1,"Harry","Sheezel","NMFC",4,"North Melbourne","Port Adelaide"
2026,1,"Tristan","Xerri","NMFC",4,"North Melbourne","Port Adelaide"
2026,1,"Dylan","Stephens","NMFC",4,"North Melbourne","Port Adelaide"
2026,1,"Luke","Davies-Uniacke","NMFC",2,"North Melbourne","Port Adelaide"
2026,1,"Jacob","Van Rooyen","MELB",9,"Melbourne","St Kilda"
2026,1,"Max","Hall","STK",8,"Melbourne","St Kilda"
2026,1,"Max","Gawn","MELB",7,"Melbourne","St Kilda"
2026,1,"Callum","Wilkie","STK",2,"Melbourne","St Kilda"
2026,1,"Jack","Sinclair","STK",2,"Melbourne","St Kilda"
2026,1,"Jack","Steele","MELB",1,"Melbourne","St Kilda"
2026,1,"Caleb","Windsor","MELB",1,"Melbourne","St Kilda"
2026,1,"Christian","Petracca","GCFC",10,"Gold Coast Suns","West Coast Eagles"
2026,1,"Jarrod","Witts","GCFC",8,"Gold Coast Suns","West Coast Eagles"
2026,1,"Noah","Anderson","GCFC",6,"Gold Coast Suns","West Coast Eagles"
2026,1,"Ben","King","GCFC",3,"Gold Coast Suns","West Coast Eagles"
2026,1,"Touk","Miller","GCFC",2,"Gold Coast Suns","West Coast Eagles"
2026,1,"Milan","Murdock","WCE",1,"Gold Coast Suns","West Coast Eagles"
2026,2,"Jai","Newcombe","HAW",9,"Hawthorn","Sydney Swans"
2026,2,"Tom","Barrass","HAW",7,"Hawthorn","Sydney Swans"
2026,2,"Dylan","Moore","HAW",6,"Hawthorn","Sydney Swans"
2026,2,"Jack","Gunston","HAW",6,"Hawthorn","Sydney Swans"
2026,2,"Jack","Ginnivan","HAW",1,"Hawthorn","Sydney Swans"
2026,2,"Brodie","Grundy","SYD",1,"Hawthorn","Sydney Swans"
2026,2,"Marcus","Bontempelli","WB",9,"Adelaide Crows","Western Bulldogs"
2026,2,"Joel","Freijah","WB",8,"Adelaide Crows","Western Bulldogs"
2026,2,"Bailey","Williams","WB",5,"Adelaide Crows","Western Bulldogs"
2026,2,"Jordon","Butts","ADEL",4,"Adelaide Crows","Western Bulldogs"
2026,2,"Buku","Khamis","WB",2,"Adelaide Crows","Western Bulldogs"
2026,2,"Tom","Liberatore","WB",2,"Adelaide Crows","Western Bulldogs"
2026,2,"Bodhi","Uwland","GCFC",8,"Richmond","Gold Coast Suns"
2026,2,"Ben","King","GCFC",8,"Richmond","Gold Coast Suns"
2026,2,"Touk","Miller","GCFC",8,"Richmond","Gold Coast Suns"
2026,2,"Sam","Collins","GCFC",4,"Richmond","Gold Coast Suns"
2026,2,"Ethan","Read","GCFC",2,"Richmond","Gold Coast Suns"
2026,2,"Callum","Wilkie","STK",10,"GWS Giants","St Kilda"
2026,2,"Darcy","Wilson","STK",6,"GWS Giants","St Kilda"
2026,2,"Jack","Sinclair","STK",6,"GWS Giants","St Kilda"
2026,2,"Lachie","Ash","GWS",4,"GWS Giants","St Kilda"
2026,2,"Clayton","Oliver","GWS",3,"GWS Giants","St Kilda"
2026,2,"Ryan","Angwin","GWS",1,"GWS Giants","St Kilda"
2026,2,"Shai","Bolton","FRE",10,"Fremantle","Melbourne"
2026,2,"Andrew","Brayshaw","FRE",6,"Fremantle","Melbourne"
2026,2,"Max","Gawn","MELB",6,"Fremantle","Melbourne"
2026,2,"Josh","Treacy","FRE",6,"Fremantle","Melbourne"
2026,2,"Murphy","Reid","FRE",1,"Fremantle","Melbourne"
2026,2,"Isaiah","Dudley","FRE",1,"Fremantle","Melbourne"
2026,2,"Zak","Butters","PORT",10,"Port Adelaide","Essendon"
2026,2,"Jason","Horne-Francis","PORT",8,"Port Adelaide","Essendon"
2026,2,"Aliir","Aliir","PORT",6,"Port Adelaide","Essendon"
2026,2,"Jase","Burgoyne","PORT",2,"Port Adelaide","Essendon"
2026,2,"Joe","Richards","PORT",2,"Port Adelaide","Essendon"
2026,2,"Nate","Caddy","ESS",1,"Port Adelaide","Essendon"
2026,2,"Jordon","Sweet","PORT",1,"Port Adelaide","Essendon"
2026,2,"Harley","Reid","WCE",10,"West Coast Eagles","North Melbourne"
2026,2,"Tristan","Xerri","NMFC",6,"West Coast Eagles","North Melbourne"
2026,2,"Nick","Larkey","NMFC",5,"West Coast Eagles","North Melbourne"
2026,2,"Reuben","Ginbey","WCE",4,"West Coast Eagles","North Melbourne"
2026,2,"Milan","Murdock","WCE",2,"West Coast Eagles","North Melbourne"
2026,2,"Elliot","Yeo","WCE",2,"West Coast Eagles","North Melbourne"
2026,2,"Jack","Graham","WCE",1,"West Coast Eagles","North Melbourne"
2026,3,"Bailey","Smith","GEEL",9,"Geelong Cats","Adelaide Crows"
2026,3,"Joshua","Rachele","ADEL",6,"Geelong Cats","Adelaide Crows"
2026,3,"Shaun","Mannagh","GEEL",5,"Geelong Cats","Adelaide Crows"
2026,3,"Max","Holmes","GEEL",4,"Geelong Cats","Adelaide Crows"
2026,3,"Sam","De Koning","GEEL",2,"Geelong Cats","Adelaide Crows"
2026,3,"Tom","Stewart","GEEL",2,"Geelong Cats","Adelaide Crows"
2026,3,"Gryan","Miers","GEEL",1,"Geelong Cats","Adelaide Crows"
2026,3,"Oisin","Mullin","GEEL",1,"Geelong Cats","Adelaide Crows"
2026,3,"Nick","Daicos","COLL",10,"Collingwood","GWS Giants"
2026,3,"Finn","Callaghan","GWS",4,"Collingwood","GWS Giants"
2026,3,"Josh","Daicos","COLL",4,"Collingwood","GWS Giants"
2026,3,"Billy","Frampton","COLL",3,"Collingwood","GWS Giants"
2026,3,"Clayton","Oliver","GWS",3,"Collingwood","GWS Giants"
2026,3,"Jack","Crisp","COLL",2,"Collingwood","GWS Giants"
2026,3,"Steele","Sidebottom","COLL",2,"Collingwood","GWS Giants"
2026,3,"Tim","Membrey","COLL",1,"Collingwood","GWS Giants"
2026,3,"Connor","Idun","GWS",1,"Collingwood","GWS Giants"
2026,3,"Will","Ashcroft","BL",9,"St Kilda","Brisbane Lions"
2026,3,"Jarrod","Berry","BL",9,"St Kilda","Brisbane Lions"
2026,3,"Callum","Wilkie","STK",6,"St Kilda","Brisbane Lions"
2026,3,"Zac","Bailey","BL",4,"St Kilda","Brisbane Lions"
2026,3,"Nasiah","Wanganeen-Milera","STK",1,"St Kilda","Brisbane Lions"
2026,3,"Dayne","Zorko","BL",1,"St Kilda","Brisbane Lions"
2026,3,"Josh","Treacy","FRE",9,"Fremantle","Richmond"
2026,3,"Caleb","Serong","FRE",9,"Fremantle","Richmond"
2026,3,"Shai","Bolton","FRE",6,"Fremantle","Richmond"
2026,3,"Jordan","Clark","FRE",3,"Fremantle","Richmond"
2026,3,"Luke","Jackson","FRE",2,"Fremantle","Richmond"
2026,3,"Tim","Taranto","RICH",1,"Fremantle","Richmond"
2026,3,"Finn","O'Sullivan","NMFC",9,"Essendon","North Melbourne"
2026,3,"Harry","Sheezel","NMFC",5,"Essendon","North Melbourne"
2026,3,"Colby","McKercher","NMFC",5,"Essendon","North Melbourne"
2026,3,"Luke","Parker","NMFC",4,"Essendon","North Melbourne"
2026,3,"Luke","Davies-Uniacke","NMFC",3,"Essendon","North Melbourne"
2026,3,"Isaac","Kako","ESS",2,"Essendon","North Melbourne"
2026,3,"Toby","Pink","NMFC",1,"Essendon","North Melbourne"
2026,3,"Peter","Wright","ESS",1,"Essendon","North Melbourne"
2026,3,"Jake","Waterman","WCE",10,"Port Adelaide","West Coast Eagles"
2026,3,"Zak","Butters","PORT",8,"Port Adelaide","West Coast Eagles"
2026,3,"Harley","Reid","WCE",5,"Port Adelaide","West Coast Eagles"
2026,3,"Tim","Kelly","WCE",5,"Port Adelaide","West Coast Eagles"
2026,3,"Jobe","Shanahan","WCE",2,"Port Adelaide","West Coast Eagles"
2026,3,"Kysaiah","Pickett","MELB",10,"Carlton","Melbourne"
2026,3,"Jake","Lever","MELB",6,"Carlton","Melbourne"
2026,3,"Max","Gawn","MELB",6,"Carlton","Melbourne"
2026,3,"Jack","Steele","MELB",4,"Carlton","Melbourne"
2026,3,"Bayley","Fritsch","MELB",2,"Carlton","Melbourne"
2026,3,"Tom","Sparrow","MELB",1,"Carlton","Melbourne"
2026,3,"Elijah","Hollands","CARL",1,"Carlton","Melbourne"
2026,4,"Will","Ashcroft","BL",10,"Brisbane Lions","Collingwood"
2026,4,"Zac","Bailey","BL",8,"Brisbane Lions","Collingwood"
2026,4,"Logan","Morris","BL",4,"Brisbane Lions","Collingwood"
2026,4,"Kai","Lohmann","BL",3,"Brisbane Lions","Collingwood"
2026,4,"Darcy","Wilmot","BL",2,"Brisbane Lions","Collingwood"
2026,4,"Lachie","Neale","BL",2,"Brisbane Lions","Collingwood"
2026,4,"Sam","Draper","BL",1,"Brisbane Lions","Collingwood"
2026,4,"Caleb","Daniel","NMFC",10,"North Melbourne","Carlton"
2026,4,"Cooper","Trembath","NMFC",5,"North Melbourne","Carlton"
2026,4,"Luke","Davies-Uniacke","NMFC",4,"North Melbourne","Carlton"
2026,4,"Dylan","Stephens","NMFC",3,"North Melbourne","Carlton"
2026,4,"Ben","Ainsworth","CARL",3,"North Melbourne","Carlton"
2026,4,"Elijah","Hollands","CARL",2,"North Melbourne","Carlton"
2026,4,"Finn","O'Sullivan","NMFC",2,"North Melbourne","Carlton"
2026,4,"Oliver","Hollands","CARL",1,"North Melbourne","Carlton"
2026,4,"Caleb","Serong","FRE",8,"Adelaide Crows","Fremantle"
2026,4,"Alex","Pearce","FRE",5,"Adelaide Crows","Fremantle"
2026,4,"Andrew","Brayshaw","FRE",4,"Adelaide Crows","Fremantle"
2026,4,"Jye","Amiss","FRE",4,"Adelaide Crows","Fremantle"
2026,4,"Murphy","Reid","FRE",3,"Adelaide Crows","Fremantle"
2026,4,"Lachlan","McAndrew","ADEL",2,"Adelaide Crows","Fremantle"
2026,4,"Wayne","Milera","ADEL",2,"Adelaide Crows","Fremantle"
2026,4,"Josh","Worrell","ADEL",1,"Adelaide Crows","Fremantle"
2026,4,"James","Peatling","ADEL",1,"Adelaide Crows","Fremantle"
2026,4,"Aliir","Aliir","PORT",10,"Richmond","Port Adelaide"
2026,4,"Zak","Butters","PORT",7,"Richmond","Port Adelaide"
2026,4,"Darcy","Byrne-Jones","PORT",6,"Richmond","Port Adelaide"
2026,4,"Kane","Farrell","PORT",5,"Richmond","Port Adelaide"
2026,4,"Jordon","Sweet","PORT",2,"Richmond","Port Adelaide"
2026,4,"Brodie","Grundy","SYD",9,"West Coast Eagles","Sydney Swans"
2026,4,"Isaac","Heeney","SYD",9,"West Coast Eagles","Sydney Swans"
2026,4,"Tom","Papley","SYD",5,"West Coast Eagles","Sydney Swans"
2026,4,"Chad","Warner","SYD",3,"West Coast Eagles","Sydney Swans"
2026,4,"Nick","Blakey","SYD",2,"West Coast Eagles","Sydney Swans"
2026,4,"Jai","Serong","SYD",1,"West Coast Eagles","Sydney Swans"
2026,4,"James","Jordon","SYD",1,"West Coast Eagles","Sydney Swans"
2026,4,"Max","Gawn","MELB",10,"Melbourne","Gold Coast Suns"
2026,4,"Jack","Steele","MELB",8,"Melbourne","Gold Coast Suns"
2026,4,"Kysaiah","Pickett","MELB",6,"Melbourne","Gold Coast Suns"
2026,4,"Tom","Sparrow","MELB",4,"Melbourne","Gold Coast Suns"
2026,4,"Jake","Melksham","MELB",2,"Melbourne","Gold Coast Suns"
2026,4,"Marcus","Bontempelli","WB",9,"Western Bulldogs","Essendon"
2026,4,"Matthew","Kennedy","WB",9,"Western Bulldogs","Essendon"
2026,4,"Arthur","Jones","WB",4,"Western Bulldogs","Essendon"
2026,4,"Zach","Merrett","ESS",3,"Western Bulldogs","Essendon"
2026,4,"Sam","Darcy","WB",3,"Western Bulldogs","Essendon"
2026,4,"Bailey","Williams","WB",2,"Western Bulldogs","Essendon"
2026,4,"Connor","MacDonald","HAW",7,"Hawthorn","Geelong Cats"
2026,4,"Jarman","Impey","HAW",5,"Hawthorn","Geelong Cats"
2026,4,"Tom","Stewart","GEEL",5,"Hawthorn","Geelong Cats"
2026,4,"Jack","Ginnivan","HAW",4,"Hawthorn","Geelong Cats"
2026,4,"Jack","Gunston","HAW",3,"Hawthorn","Geelong Cats"
2026,4,"Nick","Watson","HAW",3,"Hawthorn","Geelong Cats"
2026,4,"Bailey","Smith","GEEL",2,"Hawthorn","Geelong Cats"
2026,4,"Joshua","Weddle","HAW",1,"Hawthorn","Geelong Cats"
2026,5,"Joshua","Rachele","ADEL",10,"Adelaide Crows","Carlton"
2026,5,"Sam","Berry","ADEL",7,"Adelaide Crows","Carlton"
2026,5,"Sam","Walsh","CARL",5,"Adelaide Crows","Carlton"
2026,5,"Wayne","Milera","ADEL",4,"Adelaide Crows","Carlton"
2026,5,"Marc","Pittonet","CARL",2,"Adelaide Crows","Carlton"
2026,5,"Josh","Worrell","ADEL",1,"Adelaide Crows","Carlton"
2026,5,"Alex","Neal-Bullen","ADEL",1,"Adelaide Crows","Carlton"
2026,5,"Luke","Jackson","FRE",9,"Collingwood","Fremantle"
2026,5,"Luke","Ryan","FRE",6,"Collingwood","Fremantle"
2026,5,"Nick","Daicos","COLL",6,"Collingwood","Fremantle"
2026,5,"Alex","Pearce","FRE",5,"Collingwood","Fremantle"
2026,5,"Jack","Crisp","COLL",2,"Collingwood","Fremantle"
2026,5,"Billy","Frampton","COLL",1,"Collingwood","Fremantle"
2026,5,"Brayden","Maynard","COLL",1,"Collingwood","Fremantle"
2026,5,"Lachie","Neale","BL",10,"North Melbourne","Brisbane Lions"
2026,5,"Luke","Davies-Uniacke","NMFC",6,"North Melbourne","Brisbane Lions"
2026,5,"Jy","Simpkin","NMFC",4,"North Melbourne","Brisbane Lions"
2026,5,"Zac","Bailey","BL",4,"North Melbourne","Brisbane Lions"
2026,5,"Jarrod","Berry","BL",4,"North Melbourne","Brisbane Lions"
2026,5,"Luke","Parker","NMFC",1,"North Melbourne","Brisbane Lions"
2026,5,"Sam","Draper","BL",1,"North Melbourne","Brisbane Lions"
2026,5,"Archie","Roberts","ESS",10,"Essendon","Melbourne"
2026,5,"Darcy","Parish","ESS",7,"Essendon","Melbourne"
2026,5,"Isaac","Kako","ESS",5,"Essendon","Melbourne"
2026,5,"Zach","Merrett","ESS",4,"Essendon","Melbourne"
2026,5,"Peter","Wright","ESS",3,"Essendon","Melbourne"
2026,5,"Max","Gawn","MELB",1,"Essendon","Melbourne"
2026,5,"Isaac","Heeney","SYD",10,"Sydney Swans","Gold Coast Suns"
2026,5,"Justin","McInerney","SYD",7,"Sydney Swans","Gold Coast Suns"
2026,5,"Brodie","Grundy","SYD",6,"Sydney Swans","Gold Coast Suns"
2026,5,"Callum","Mills","SYD",3,"Sydney Swans","Gold Coast Suns"
2026,5,"Tom","McCartin","SYD",3,"Sydney Swans","Gold Coast Suns"
2026,5,"Tom","Papley","SYD",1,"Sydney Swans","Gold Coast Suns"
2026,5,"Jai","Newcombe","HAW",10,"Hawthorn","Western Bulldogs"
2026,5,"Jack","Ginnivan","HAW",7,"Hawthorn","Western Bulldogs"
2026,5,"Josh","Battle","HAW",6,"Hawthorn","Western Bulldogs"
2026,5,"Tom","Barrass","HAW",3,"Hawthorn","Western Bulldogs"
2026,5,"Blake","Hardwick","HAW",2,"Hawthorn","Western Bulldogs"
2026,5,"Mitch","Lewis","HAW",1,"Hawthorn","Western Bulldogs"
2026,5,"James","O'Donnell","WB",1,"Hawthorn","Western Bulldogs"
2026,5,"Max","Holmes","GEEL",9,"Geelong Cats","West Coast Eagles"
2026,5,"Bailey","Smith","GEEL",9,"Geelong Cats","West Coast Eagles"
2026,5,"Tanner","Bruhn","GEEL",6,"Geelong Cats","West Coast Eagles"
2026,5,"Tom","Atkins","GEEL",3,"Geelong Cats","West Coast Eagles"
2026,5,"Mark","O'Connor","GEEL",2,"Geelong Cats","West Coast Eagles"
2026,5,"James","Worpel","GEEL",1,"Geelong Cats","West Coast Eagles"
2026,5,"Finn","Callaghan","GWS",10,"GWS Giants","Richmond"
2026,5,"Clayton","Oliver","GWS",6,"GWS Giants","Richmond"
2026,5,"Lachie","Ash","GWS",4,"GWS Giants","Richmond"
2026,5,"Toby","Greene","GWS",3,"GWS Giants","Richmond"
2026,5,"Jake","Stringer","GWS",3,"GWS Giants","Richmond"
2026,5,"Aaron","Cadman","GWS",2,"GWS Giants","Richmond"
2026,5,"Lachie","Whitfield","GWS",1,"GWS Giants","Richmond"
2026,5,"Jayden","Laverde","GWS",1,"GWS Giants","Richmond"
2026,5,"Nasiah","Wanganeen-Milera","STK",9,"Port Adelaide","St Kilda"
2026,5,"Zak","Butters","PORT",9,"Port Adelaide","St Kilda"
2026,5,"Callum","Wilkie","STK",4,"Port Adelaide","St Kilda"
2026,5,"Jason","Horne-Francis","PORT",4,"Port Adelaide","St Kilda"
2026,5,"Jack","Silvagni","STK",3,"Port Adelaide","St Kilda"
2026,5,"Hugo","Garcia","STK",1,"Port Adelaide","St Kilda"
2026,6,"Nick","Daicos","COLL",10,"Carlton","Collingwood"
2026,6,"Oliver","Florent","CARL",6,"Carlton","Collingwood"
2026,6,"Jamie","Elliott","COLL",4,"Carlton","Collingwood"
2026,6,"Patrick","Lipinski","COLL",3,"Carlton","Collingwood"
2026,6,"Harry","Perryman","COLL",3,"Carlton","Collingwood"
2026,6,"Sam","Walsh","CARL",2,"Carlton","Collingwood"
2026,6,"Darcy","Cameron","COLL",2,"Carlton","Collingwood"
2026,6,"Jeremy","Cameron","GEEL",10,"Geelong Cats","Western Bulldogs"
2026,6,"Max","Holmes","GEEL",6,"Geelong Cats","Western Bulldogs"
2026,6,"Bailey","Smith","GEEL",6,"Geelong Cats","Western Bulldogs"
2026,6,"Lawson","Humphries","GEEL",4,"Geelong Cats","Western Bulldogs"
2026,6,"Oisin","Mullin","GEEL",4,"Geelong Cats","Western Bulldogs"
2026,6,"Nick","Blakey","SYD",10,"Sydney Swans","GWS Giants"
2026,6,"Justin","McInerney","SYD",8,"Sydney Swans","GWS Giants"
2026,6,"Clayton","Oliver","GWS",6,"Sydney Swans","GWS Giants"
2026,6,"Brodie","Grundy","SYD",4,"Sydney Swans","GWS Giants"
2026,6,"Lachie","Ash","GWS",1,"Sydney Swans","GWS Giants"
2026,6,"Chad","Warner","SYD",1,"Sydney Swans","GWS Giants"
2026,6,"Matt","Rowell","GCFC",9,"Gold Coast Suns","Essendon"
2026,6,"Christian","Petracca","GCFC",8,"Gold Coast Suns","Essendon"
2026,6,"Darcy","Parish","ESS",5,"Gold Coast Suns","Essendon"
2026,6,"Zach","Merrett","ESS",4,"Gold Coast Suns","Essendon"
2026,6,"Sam","Collins","GCFC",3,"Gold Coast Suns","Essendon"
2026,6,"Touk","Miller","GCFC",1,"Gold Coast Suns","Essendon"
2026,6,"Zak","Butters","PORT",8,"Hawthorn","Port Adelaide"
2026,6,"Jason","Horne-Francis","PORT",8,"Hawthorn","Port Adelaide"
2026,6,"Nick","Watson","HAW",8,"Hawthorn","Port Adelaide"
2026,6,"Conor","Nash","HAW",2,"Hawthorn","Port Adelaide"
2026,6,"Jarman","Impey","HAW",2,"Hawthorn","Port Adelaide"
2026,6,"Mitch","Lewis","HAW",2,"Hawthorn","Port Adelaide"
2026,6,"Taylor","Walker","ADEL",10,"Adelaide Crows","St Kilda"
2026,6,"Jack","Sinclair","STK",5,"Adelaide Crows","St Kilda"
2026,6,"Brayden","Cook","ADEL",4,"Adelaide Crows","St Kilda"
2026,6,"Lachlan","McAndrew","ADEL",4,"Adelaide Crows","St Kilda"
2026,6,"Callum","Wilkie","STK",3,"Adelaide Crows","St Kilda"
2026,6,"Wayne","Milera","ADEL",3,"Adelaide Crows","St Kilda"
2026,6,"Sam","Berry","ADEL",1,"Adelaide Crows","St Kilda"
2026,6,"Harry","Sheezel","NMFC",10,"North Melbourne","Richmond"
2026,6,"Paul","Curtis","NMFC",8,"North Melbourne","Richmond"
2026,6,"Colby","McKercher","NMFC",5,"North Melbourne","Richmond"
2026,6,"Cameron","Zurhaar","NMFC",5,"North Melbourne","Richmond"
2026,6,"George","Wardlaw","NMFC",1,"North Melbourne","Richmond"
2026,6,"Luke","Davies-Uniacke","NMFC",1,"North Melbourne","Richmond"
2026,6,"Harris","Andrews","BL",8,"Melbourne","Brisbane Lions"
2026,6,"Kade","Chandler","MELB",8,"Melbourne","Brisbane Lions"
2026,6,"Harvey","Langford","MELB",8,"Melbourne","Brisbane Lions"
2026,6,"Lachie","Neale","BL",3,"Melbourne","Brisbane Lions"
2026,6,"Charlie","Cameron","BL",2,"Melbourne","Brisbane Lions"
2026,6,"Kysaiah","Pickett","MELB",1,"Melbourne","Brisbane Lions"
2026,6,"Jye","Amiss","FRE",10,"West Coast Eagles","Fremantle"
2026,6,"Jordan","Clark","FRE",8,"West Coast Eagles","Fremantle"
2026,6,"Murphy","Reid","FRE",5,"West Coast Eagles","Fremantle"
2026,6,"Reuben","Ginbey","WCE",3,"West Coast Eagles","Fremantle"
2026,6,"Caleb","Serong","FRE",2,"West Coast Eagles","Fremantle"
2026,6,"Heath","Chapman","FRE",1,"West Coast Eagles","Fremantle"
2026,6,"Luke","Ryan","FRE",1,"West Coast Eagles","Fremantle"
2026,7,"Charlie","Curnow","SYD",10,"Western Bulldogs","Sydney Swans"
2026,7,"Marcus","Bontempelli","WB",8,"Western Bulldogs","Sydney Swans"
2026,7,"Brodie","Grundy","SYD",6,"Western Bulldogs","Sydney Swans"
2026,7,"Tom","McCartin","SYD",4,"Western Bulldogs","Sydney Swans"
2026,7,"Tom","Papley","SYD",2,"Western Bulldogs","Sydney Swans"
2026,7,"Kysaiah","Pickett","MELB",10,"Richmond","Melbourne"
2026,7,"Tom","Sparrow","MELB",8,"Richmond","Melbourne"
2026,7,"Caleb","Windsor","MELB",6,"Richmond","Melbourne"
2026,7,"Bayley","Fritsch","MELB",2,"Richmond","Melbourne"
2026,7,"Jack","Steele","MELB",2,"Richmond","Melbourne"
2026,7,"Blake","Howes","MELB",1,"Richmond","Melbourne"
2026,7,"Max","Gawn","MELB",1,"Richmond","Melbourne"
2026,7,"Jai","Newcombe","HAW",9,"Hawthorn","Gold Coast Suns"
2026,7,"Jack","Gunston","HAW",7,"Hawthorn","Gold Coast Suns"
2026,7,"Jarman","Impey","HAW",5,"Hawthorn","Gold Coast Suns"
2026,7,"Josh","Battle","HAW",4,"Hawthorn","Gold Coast Suns"
2026,7,"Karl","Amon","HAW",2,"Hawthorn","Gold Coast Suns"
2026,7,"Connor","MacDonald","HAW",2,"Hawthorn","Gold Coast Suns"
2026,7,"Jack","Scrimshaw","HAW",1,"Hawthorn","Gold Coast Suns"
2026,7,"Scott","Pendlebury","COLL",10,"Essendon","Collingwood"
2026,7,"Nick","Daicos","COLL",8,"Essendon","Collingwood"
2026,7,"Jordan","De Goey","COLL",4,"Essendon","Collingwood"
2026,7,"Josh","Daicos","COLL",3,"Essendon","Collingwood"
2026,7,"Dan","Houston","COLL",2,"Essendon","Collingwood"
2026,7,"Jack","Crisp","COLL",2,"Essendon","Collingwood"
2026,7,"Roan","Steele","COLL",1,"Essendon","Collingwood"
2026,7,"Jason","Horne-Francis","PORT",10,"Port Adelaide","Geelong Cats"
2026,7,"Mitchell","Georgiades","PORT",8,"Port Adelaide","Geelong Cats"
2026,7,"Zak","Butters","PORT",6,"Port Adelaide","Geelong Cats"
2026,7,"Jase","Burgoyne","PORT",3,"Port Adelaide","Geelong Cats"
2026,7,"Jordon","Sweet","PORT",2,"Port Adelaide","Geelong Cats"
2026,7,"Kane","Farrell","PORT",1,"Port Adelaide","Geelong Cats"
2026,7,"Shai","Bolton","FRE",9,"Fremantle","Carlton"
2026,7,"Luke","Jackson","FRE",9,"Fremantle","Carlton"
2026,7,"Sam","Walsh","CARL",5,"Fremantle","Carlton"
2026,7,"Andrew","Brayshaw","FRE",4,"Fremantle","Carlton"
2026,7,"Patrick","Cripps","CARL",2,"Fremantle","Carlton"
2026,7,"Brodie","Kemp","CARL",1,"Fremantle","Carlton"
2026,7,"Nasiah","Wanganeen-Milera","STK",7,"St Kilda","West Coast Eagles"
2026,7,"Jack","Higgins","STK",7,"St Kilda","West Coast Eagles"
2026,7,"Hugo","Garcia","STK",7,"St Kilda","West Coast Eagles"
2026,7,"Callum","Wilkie","STK",7,"St Kilda","West Coast Eagles"
2026,7,"Bradley","Hill","STK",1,"St Kilda","West Coast Eagles"
2026,7,"Marcus","Windhager","STK",1,"St Kilda","West Coast Eagles"
2026,7,"Lachie","Neale","BL",10,"Brisbane Lions","Adelaide Crows"
2026,7,"Charlie","Cameron","BL",8,"Brisbane Lions","Adelaide Crows"
2026,7,"Zac","Bailey","BL",5,"Brisbane Lions","Adelaide Crows"
2026,7,"Sam","Draper","BL",3,"Brisbane Lions","Adelaide Crows"
2026,7,"Will","Ashcroft","BL",2,"Brisbane Lions","Adelaide Crows"
2026,7,"Jordan","Dawson","ADEL",1,"Brisbane Lions","Adelaide Crows"
2026,7,"Ty","Gallop","BL",1,"Brisbane Lions","Adelaide Crows"
2026,7,"Toby","Greene","GWS",10,"GWS Giants","North Melbourne"
2026,7,"Lachie","Ash","GWS",6,"GWS Giants","North Melbourne"
2026,7,"Harry","Sheezel","NMFC",6,"GWS Giants","North Melbourne"
2026,7,"Tristan","Xerri","NMFC",6,"GWS Giants","North Melbourne"
2026,7,"Brent","Daniels","GWS",1,"GWS Giants","North Melbourne"
2026,7,"Lachie","Whitfield","GWS",1,"GWS Giants","North Melbourne"
2026,8,"Connor","MacDonald","HAW",8,"Collingwood","Hawthorn"
2026,8,"Dan","Houston","COLL",8,"Collingwood","Hawthorn"
2026,8,"Jai","Newcombe","HAW",4,"Collingwood","Hawthorn"
2026,8,"Massimo","D'Ambrosio","HAW",4,"Collingwood","Hawthorn"
2026,8,"Nick","Watson","HAW",2,"Collingwood","Hawthorn"
2026,8,"Nick","Daicos","COLL",2,"Collingwood","Hawthorn"
2026,8,"Lachie","Schultz","COLL",1,"Collingwood","Hawthorn"
2026,8,"Brayden","Maynard","COLL",1,"Collingwood","Hawthorn"
2026,8,"Shai","Bolton","FRE",10,"Western Bulldogs","Fremantle"
2026,8,"Luke","Jackson","FRE",8,"Western Bulldogs","Fremantle"
2026,8,"Marcus","Bontempelli","WB",5,"Western Bulldogs","Fremantle"
2026,8,"Hayden","Young","FRE",3,"Western Bulldogs","Fremantle"
2026,8,"Bailey","Dale","WB",3,"Western Bulldogs","Fremantle"
2026,8,"Josh","Treacy","FRE",1,"Western Bulldogs","Fremantle"
2026,8,"Aliir","Aliir","PORT",8,"Adelaide Crows","Port Adelaide"
2026,8,"Wayne","Milera","ADEL",8,"Adelaide Crows","Port Adelaide"
2026,8,"Sam","Berry","ADEL",8,"Adelaide Crows","Port Adelaide"
2026,8,"Joshua","Rachele","ADEL",2,"Adelaide Crows","Port Adelaide"
2026,8,"Ollie","Wines","PORT",2,"Adelaide Crows","Port Adelaide"
2026,8,"Brayden","Cook","ADEL",2,"Adelaide Crows","Port Adelaide"
2026,8,"Hugh","McCluggage","BL",9,"Essendon","Brisbane Lions"
2026,8,"Darcy","Wilmot","BL",9,"Essendon","Brisbane Lions"
2026,8,"Zac","Bailey","BL",4,"Essendon","Brisbane Lions"
2026,8,"Cameron","Rayner","BL",3,"Essendon","Brisbane Lions"
2026,8,"Kai","Lohmann","BL",2,"Essendon","Brisbane Lions"
2026,8,"Ryan","Lester","BL",2,"Essendon","Brisbane Lions"
2026,8,"Sam","Durham","ESS",1,"Essendon","Brisbane Lions"
2026,8,"Noah","Balta","RICH",10,"West Coast Eagles","Richmond"
2026,8,"Harley","Reid","WCE",6,"West Coast Eagles","Richmond"
2026,8,"Jack","Ross","RICH",5,"West Coast Eagles","Richmond"
2026,8,"Seth","Campbell","RICH",4,"West Coast Eagles","Richmond"
2026,8,"Kane","McAuliffe","RICH",4,"West Coast Eagles","Richmond"
2026,8,"Elliot","Yeo","WCE",1,"West Coast Eagles","Richmond"
2026,8,"Max","Holmes","GEEL",10,"Geelong Cats","North Melbourne"
2026,8,"Tristan","Xerri","NMFC",8,"Geelong Cats","North Melbourne"
2026,8,"Connor","O'Sullivan","GEEL",5,"Geelong Cats","North Melbourne"
2026,8,"Shaun","Mannagh","GEEL",4,"Geelong Cats","North Melbourne"
2026,8,"Oisin","Mullin","GEEL",2,"Geelong Cats","North Melbourne"
2026,8,"Jy","Simpkin","NMFC",1,"Geelong Cats","North Melbourne"
2026,8,"Rowan","Marshall","STK",10,"Carlton","St Kilda"
2026,8,"Cooper","Sharman","STK",7,"Carlton","St Kilda"
2026,8,"Nasiah","Wanganeen-Milera","STK",5,"Carlton","St Kilda"
2026,8,"Bradley","Hill","STK",4,"Carlton","St Kilda"
2026,8,"Max","Hall","STK",2,"Carlton","St Kilda"
2026,8,"Mitch","Owens","STK",2,"Carlton","St Kilda"
2026,8,"Malcolm","Rosas Jr","SYD",10,"Sydney Swans","Melbourne"
2026,8,"Brodie","Grundy","SYD",8,"Sydney Swans","Melbourne"
2026,8,"Isaac","Heeney","SYD",5,"Sydney Swans","Melbourne"
2026,8,"Kysaiah","Pickett","MELB",4,"Sydney Swans","Melbourne"
2026,8,"Justin","McInerney","SYD",2,"Sydney Swans","Melbourne"
2026,8,"Joel","Amartey","SYD",1,"Sydney Swans","Melbourne"
2026,8,"Christian","Petracca","GCFC",9,"Gold Coast Suns","GWS Giants"
2026,8,"John","Noble","GCFC",9,"Gold Coast Suns","GWS Giants"
2026,8,"Finn","Callaghan","GWS",4,"Gold Coast Suns","GWS Giants"
2026,8,"Bodhi","Uwland","GCFC",3,"Gold Coast Suns","GWS Giants"
2026,8,"Mac","Andrew","GCFC",2,"Gold Coast Suns","GWS Giants"
2026,8,"Noah","Anderson","GCFC",2,"Gold Coast Suns","GWS Giants"
2026,8,"Clayton","Oliver","GWS",1,"Gold Coast Suns","GWS Giants"
2026,9,"Luke","Jackson","FRE",10,"Fremantle","Hawthorn"
2026,9,"Jack","Gunston","HAW",8,"Fremantle","Hawthorn"
2026,9,"Michael","Frederick","FRE",5,"Fremantle","Hawthorn"
2026,9,"Caleb","Serong","FRE",5,"Fremantle","Hawthorn"
2026,9,"Nick","Watson","HAW",1,"Fremantle","Hawthorn"
2026,9,"Jai","Newcombe","HAW",1,"Fremantle","Hawthorn"
2026,9,"Ryan","Lester","BL",9,"Brisbane Lions","Carlton"
2026,9,"Lachie","Neale","BL",9,"Brisbane Lions","Carlton"
2026,9,"Patrick","Cripps","CARL",4,"Brisbane Lions","Carlton"
2026,9,"Sam","Walsh","CARL",3,"Brisbane Lions","Carlton"
2026,9,"Levi","Ashcroft","BL",2,"Brisbane Lions","Carlton"
2026,9,"Harry","McKay","CARL",2,"Brisbane Lions","Carlton"
2026,9,"Bruce","Reville","BL",1,"Brisbane Lions","Carlton"
2026,9,"Marcus","Bontempelli","WB",9,"Port Adelaide","Western Bulldogs"
2026,9,"Ryley","Sanders","WB",6,"Port Adelaide","Western Bulldogs"
2026,9,"Michael","Sellwood","WB",4,"Port Adelaide","Western Bulldogs"
2026,9,"Bailey","Dale","WB",3,"Port Adelaide","Western Bulldogs"
2026,9,"Mitchell","Georgiades","PORT",3,"Port Adelaide","Western Bulldogs"
2026,9,"Zak","Butters","PORT",2,"Port Adelaide","Western Bulldogs"
2026,9,"Tim","English","WB",2,"Port Adelaide","Western Bulldogs"
2026,9,"Ed","Richards","WB",1,"Port Adelaide","Western Bulldogs"
2026,9,"Luke","Davies-Uniacke","NMFC",10,"North Melbourne","Sydney Swans"
2026,9,"Harry","Sheezel","NMFC",5,"North Melbourne","Sydney Swans"
2026,9,"Luke","Parker","NMFC",4,"North Melbourne","Sydney Swans"
2026,9,"Isaac","Heeney","SYD",4,"North Melbourne","Sydney Swans"
2026,9,"Colby","McKercher","NMFC",3,"North Melbourne","Sydney Swans"
2026,9,"Nick","Blakey","SYD",2,"North Melbourne","Sydney Swans"
2026,9,"Finn","O'Sullivan","NMFC",1,"North Melbourne","Sydney Swans"
2026,9,"Callum","Mills","SYD",1,"North Melbourne","Sydney Swans"
2026,9,"Lachie","Ash","GWS",5,"GWS Giants","Essendon"
2026,9,"Finn","Callaghan","GWS",5,"GWS Giants","Essendon"
2026,9,"Lachie","Whitfield","GWS",4,"GWS Giants","Essendon"
2026,9,"Archie","Roberts","ESS",4,"GWS Giants","Essendon"
2026,9,"Sam","Durham","ESS",3,"GWS Giants","Essendon"
2026,9,"Peter","Wright","ESS",3,"GWS Giants","Essendon"
2026,9,"Toby","Greene","GWS",3,"GWS Giants","Essendon"
2026,9,"Brent","Daniels","GWS",2,"GWS Giants","Essendon"
2026,9,"Clayton","Oliver","GWS",1,"GWS Giants","Essendon"
2026,9,"Daniel","Rioli","GCFC",9,"Gold Coast Suns","St Kilda"
2026,9,"Bodhi","Uwland","GCFC",8,"Gold Coast Suns","St Kilda"
2026,9,"John","Noble","GCFC",7,"Gold Coast Suns","St Kilda"
2026,9,"Noah","Anderson","GCFC",4,"Gold Coast Suns","St Kilda"
2026,9,"Bailey","Humphrey","GCFC",1,"Gold Coast Suns","St Kilda"
2026,9,"Mac","Andrew","GCFC",1,"Gold Coast Suns","St Kilda"
2026,9,"Bailey","Smith","GEEL",10,"Geelong Cats","Collingwood"
2026,9,"Oisin","Mullin","GEEL",7,"Geelong Cats","Collingwood"
2026,9,"Jordan","De Goey","COLL",4,"Geelong Cats","Collingwood"
2026,9,"Max","Holmes","GEEL",4,"Geelong Cats","Collingwood"
2026,9,"Scott","Pendlebury","COLL",3,"Geelong Cats","Collingwood"
2026,9,"Shannon","Neale","GEEL",1,"Geelong Cats","Collingwood"
2026,9,"Shaun","Mannagh","GEEL",1,"Geelong Cats","Collingwood"
2026,9,"Kade","Chandler","MELB",10,"Melbourne","West Coast Eagles"
2026,9,"Jacob","Van Rooyen","MELB",7,"Melbourne","West Coast Eagles"
2026,9,"Tom","Sparrow","MELB",4,"Melbourne","West Coast Eagles"
2026,9,"Jake","Waterman","WCE",3,"Melbourne","West Coast Eagles"
2026,9,"Ed","Langdon","MELB",3,"Melbourne","West Coast Eagles"
2026,9,"Harley","Reid","WCE",2,"Melbourne","West Coast Eagles"
2026,9,"Brady","Hough","WCE",1,"Melbourne","West Coast Eagles"
2026,9,"Izak","Rankine","ADEL",10,"Richmond","Adelaide Crows"
2026,9,"Jordan","Dawson","ADEL",7,"Richmond","Adelaide Crows"
2026,9,"Wayne","Milera","ADEL",7,"Richmond","Adelaide Crows"
2026,9,"Rory","Laird","ADEL",2,"Richmond","Adelaide Crows"
2026,9,"Tim","Taranto","RICH",2,"Richmond","Adelaide Crows"
2026,9,"Josh","Worrell","ADEL",1,"Richmond","Adelaide Crows"
2026,9,"Alex","Neal-Bullen","ADEL",1,"Richmond","Adelaide Crows"
2026,10,"Shaun","Mannagh","GEEL",10,"Brisbane Lions","Geelong Cats"
2026,10,"Tom","Stewart","GEEL",7,"Brisbane Lions","Geelong Cats"
2026,10,"Bailey","Smith","GEEL",7,"Brisbane Lions","Geelong Cats"
2026,10,"Oisin","Mullin","GEEL",2,"Brisbane Lions","Geelong Cats"
2026,10,"Shannon","Neale","GEEL",2,"Brisbane Lions","Geelong Cats"
2026,10,"Levi","Ashcroft","BL",1,"Brisbane Lions","Geelong Cats"
2026,10,"Charlie","Cameron","BL",1,"Brisbane Lions","Geelong Cats"
2026,10,"Brodie","Grundy","SYD",10,"Sydney Swans","Collingwood"
2026,10,"Nick","Blakey","SYD",8,"Sydney Swans","Collingwood"
2026,10,"Nick","Daicos","COLL",5,"Sydney Swans","Collingwood"
2026,10,"Isaac","Heeney","SYD",4,"Sydney Swans","Collingwood"
2026,10,"Isaac","Quaynor","COLL",2,"Sydney Swans","Collingwood"
2026,10,"Justin","McInerney","SYD",1,"Sydney Swans","Collingwood"
2026,10,"Bodhi","Uwland","GCFC",8,"Gold Coast Suns","Port Adelaide"
2026,10,"John","Noble","GCFC",8,"Gold Coast Suns","Port Adelaide"
2026,10,"Sam","Collins","GCFC",6,"Gold Coast Suns","Port Adelaide"
2026,10,"Noah","Anderson","GCFC",6,"Gold Coast Suns","Port Adelaide"
2026,10,"Mac","Andrew","GCFC",1,"Gold Coast Suns","Port Adelaide"
2026,10,"Christian","Petracca","GCFC",1,"Gold Coast Suns","Port Adelaide"
2026,10,"Jordan","Dawson","ADEL",10,"Adelaide Crows","North Melbourne"
2026,10,"Izak","Rankine","ADEL",7,"Adelaide Crows","North Melbourne"
2026,10,"Joshua","Rachele","ADEL",4,"Adelaide Crows","North Melbourne"
2026,10,"Rory","Laird","ADEL",4,"Adelaide Crows","North Melbourne"
2026,10,"Lachlan","McAndrew","ADEL",3,"Adelaide Crows","North Melbourne"
2026,10,"James","Peatling","ADEL",1,"Adelaide Crows","North Melbourne"
2026,10,"Josh","Worrell","ADEL",1,"Adelaide Crows","North Melbourne"
2026,10,"Daniel","Turner","MELB",9,"Melbourne","Hawthorn"
2026,10,"Max","Gawn","MELB",8,"Melbourne","Hawthorn"
2026,10,"Tom","Sparrow","MELB",7,"Melbourne","Hawthorn"
2026,10,"Kade","Chandler","MELB",4,"Melbourne","Hawthorn"
2026,10,"Dylan","Moore","HAW",2,"Melbourne","Hawthorn"
2026,10,"Patrick","Cripps","CARL",9,"Carlton","Western Bulldogs"
2026,10,"Oliver","Florent","CARL",8,"Carlton","Western Bulldogs"
2026,10,"Matt","Carroll","CARL",7,"Carlton","Western Bulldogs"
2026,10,"Jagga","Smith","CARL",2,"Carlton","Western Bulldogs"
2026,10,"Bailey","Dale","WB",2,"Carlton","Western Bulldogs"
2026,10,"Aaron","Naughton","WB",1,"Carlton","Western Bulldogs"
2026,10,"Lachie","Cowan","CARL",1,"Carlton","Western Bulldogs"
2026,10,"Murphy","Reid","FRE",8,"Essendon","Fremantle"
2026,10,"Shai","Bolton","FRE",8,"Essendon","Fremantle"
2026,10,"Patrick","Voss","FRE",8,"Essendon","Fremantle"
2026,10,"Caleb","Serong","FRE",3,"Essendon","Fremantle"
2026,10,"Karl","Worner","FRE",3,"Essendon","Fremantle"
2026,10,"Hugo","Garcia","STK",10,"St Kilda","Richmond"
2026,10,"Max","Hall","STK",8,"St Kilda","Richmond"
2026,10,"Jack","Sinclair","STK",5,"St Kilda","Richmond"
2026,10,"Tom","De Koning","STK",3,"St Kilda","Richmond"
2026,10,"Sam","Flanders","STK",2,"St Kilda","Richmond"
2026,10,"Jack","Macrae","STK",1,"St Kilda","Richmond"
2026,10,"Darcy","Wilson","STK",1,"St Kilda","Richmond"
2026,10,"Harley","Reid","WCE",10,"West Coast Eagles","GWS Giants"
2026,10,"Bailey","J Williams","WCE",8,"West Coast Eagles","GWS Giants"
2026,10,"Clayton","Oliver","GWS",6,"West Coast Eagles","GWS Giants"
2026,10,"Tim","Kelly","WCE",4,"West Coast Eagles","GWS Giants"
2026,10,"Brady","Hough","WCE",1,"West Coast Eagles","GWS Giants"
2026,10,"Harvey","Thomas","GWS",1,"West Coast Eagles","GWS Giants"
2026,11,"Jarman","Impey","HAW",10,"Hawthorn","Adelaide Crows"
2026,11,"Blake","Hardwick","HAW",7,"Hawthorn","Adelaide Crows"
2026,11,"Wayne","Milera","ADEL",5,"Hawthorn","Adelaide Crows"
2026,11,"Jordan","Dawson","ADEL",3,"Hawthorn","Adelaide Crows"
2026,11,"Joshua","Weddle","HAW",2,"Hawthorn","Adelaide Crows"
2026,11,"Sam","Berry","ADEL",2,"Hawthorn","Adelaide Crows"
2026,11,"Josh","Worrell","ADEL",1,"Hawthorn","Adelaide Crows"
2026,11,"Darcy","Parish","ESS",9,"Richmond","Essendon"
2026,11,"Patrick","Retschko","RICH",6,"Richmond","Essendon"
2026,11,"Tim","Taranto","RICH",6,"Richmond","Essendon"
2026,11,"Jayden","Short","RICH",4,"Richmond","Essendon"
2026,11,"Zach","Merrett","ESS",3,"Richmond","Essendon"
2026,11,"Jack","Ross","RICH",2,"Richmond","Essendon"
2026,11,"Murphy","Reid","FRE",9,"Fremantle","St Kilda"
2026,11,"Josh","Treacy","FRE",6,"Fremantle","St Kilda"
2026,11,"Shai","Bolton","FRE",5,"Fremantle","St Kilda"
2026,11,"Luke","Jackson","FRE",5,"Fremantle","St Kilda"
2026,11,"Patrick","Voss","FRE",3,"Fremantle","St Kilda"
2026,11,"Matthew","Johnson","FRE",1,"Fremantle","St Kilda"
2026,11,"Max","Hall","STK",1,"Fremantle","St Kilda"
2026,11,"Jy","Simpkin","NMFC",7,"North Melbourne","Gold Coast Suns"
2026,11,"Sam","Collins","GCFC",6,"North Melbourne","Gold Coast Suns"
2026,11,"Matt","Rowell","GCFC",5,"North Melbourne","Gold Coast Suns"
2026,11,"Luke","Davies-Uniacke","NMFC",5,"North Melbourne","Gold Coast Suns"
2026,11,"Jack","Darling","NMFC",3,"North Melbourne","Gold Coast Suns"
2026,11,"Noah","Anderson","GCFC",2,"North Melbourne","Gold Coast Suns"
2026,11,"Charlie","Comben","NMFC",1,"North Melbourne","Gold Coast Suns"
2026,11,"Finn","O'Sullivan","NMFC",1,"North Melbourne","Gold Coast Suns"
2026,11,"Max","Holmes","GEEL",9,"Geelong Cats","Sydney Swans"
2026,11,"Lawson","Humphries","GEEL",9,"Geelong Cats","Sydney Swans"
2026,11,"Bailey","Smith","GEEL",5,"Geelong Cats","Sydney Swans"
2026,11,"Jack","Martin","GEEL",3,"Geelong Cats","Sydney Swans"
2026,11,"Gryan","Miers","GEEL",2,"Geelong Cats","Sydney Swans"
2026,11,"Jeremy","Cameron","GEEL",1,"Geelong Cats","Sydney Swans"
2026,11,"Riley","Bice","SYD",1,"Geelong Cats","Sydney Swans"
2026,11,"Nick","Daicos","COLL",10,"Collingwood","West Coast Eagles"
2026,11,"Bailey","J Williams","WCE",7,"Collingwood","West Coast Eagles"
2026,11,"Darcy","Cameron","COLL",7,"Collingwood","West Coast Eagles"
2026,11,"Jack","Crisp","COLL",3,"Collingwood","West Coast Eagles"
2026,11,"Elliot","Yeo","WCE",2,"Collingwood","West Coast Eagles"
2026,11,"Reuben","Ginbey","WCE",1,"Collingwood","West Coast Eagles"
2026,11,"Patrick","Cripps","CARL",10,"Port Adelaide","Carlton"
2026,11,"Jagga","Smith","CARL",8,"Port Adelaide","Carlton"
2026,11,"Jason","Horne-Francis","PORT",5,"Port Adelaide","Carlton"
2026,11,"Sam","Walsh","CARL",3,"Port Adelaide","Carlton"
2026,11,"Will","Hayward","CARL",2,"Port Adelaide","Carlton"
2026,11,"Nick","Haynes","CARL",1,"Port Adelaide","Carlton"
2026,11,"George","Hewett","CARL",1,"Port Adelaide","Carlton"
2026,11,"Clayton","Oliver","GWS",9,"GWS Giants","Brisbane Lions"
2026,11,"Toby","Greene","GWS",7,"GWS Giants","Brisbane Lions"
2026,11,"Phoenix","Gothard","GWS",6,"GWS Giants","Brisbane Lions"
2026,11,"Brent","Daniels","GWS",5,"GWS Giants","Brisbane Lions"
2026,11,"Jake","Stringer","GWS",3,"GWS Giants","Brisbane Lions"
2026,11,"Ed","Richards","WB",10,"Western Bulldogs","Melbourne"
2026,11,"Marcus","Bontempelli","WB",8,"Western Bulldogs","Melbourne"
2026,11,"Ryley","Sanders","WB",5,"Western Bulldogs","Melbourne"
2026,11,"Kysaiah","Pickett","MELB",3,"Western Bulldogs","Melbourne"
2026,11,"Harvey","Langford","MELB",2,"Western Bulldogs","Melbourne"
2026,11,"Max","Gawn","MELB",1,"Western Bulldogs","Melbourne"
2026,11,"Bailey","Dale","WB",1,"Western Bulldogs","Melbourne"
2026,12,"James","Sicily","HAW",9,"St Kilda","Hawthorn"
2026,12,"Cameron","Mackenzie","HAW",7,"St Kilda","Hawthorn"
2026,12,"Nick","Watson","HAW",6,"St Kilda","Hawthorn"
2026,12,"Connor","MacDonald","HAW",3,"St Kilda","Hawthorn"
2026,12,"Massimo","D'Ambrosio","HAW",2,"St Kilda","Hawthorn"
2026,12,"Jai","Newcombe","HAW",2,"St Kilda","Hawthorn"
2026,12,"Jack","Gunston","HAW",1,"St Kilda","Hawthorn"
2026,12,"Patrick","Cripps","CARL",10,"Carlton","Geelong Cats"
2026,12,"Jagga","Smith","CARL",7,"Carlton","Geelong Cats"
2026,12,"Sam","Walsh","CARL",4,"Carlton","Geelong Cats"
2026,12,"Connor","O'Sullivan","GEEL",3,"Carlton","Geelong Cats"
2026,12,"Oliver","Dempsey","GEEL",2,"Carlton","Geelong Cats"
2026,12,"Max","Holmes","GEEL",2,"Carlton","Geelong Cats"
2026,12,"Will","Hayward","CARL",1,"Carlton","Geelong Cats"
2026,12,"Tom","Stewart","GEEL",1,"Carlton","Geelong Cats"
2026,12,"Isaac","Heeney","SYD",10,"Sydney Swans","Richmond"
2026,12,"Charlie","Curnow","SYD",8,"Sydney Swans","Richmond"
2026,12,"Chad","Warner","SYD",6,"Sydney Swans","Richmond"
2026,12,"Tom","McCartin","SYD",4,"Sydney Swans","Richmond"
2026,12,"Nick","Blakey","SYD",1,"Sydney Swans","Richmond"
2026,12,"Peter","Ladhams","SYD",1,"Sydney Swans","Richmond"
2026,12,"Josh","Treacy","FRE",9,"Brisbane Lions","Fremantle"
2026,12,"Jye","Amiss","FRE",9,"Brisbane Lions","Fremantle"
2026,12,"Matthew","Johnson","FRE",5,"Brisbane Lions","Fremantle"
2026,12,"Patrick","Voss","FRE",3,"Brisbane Lions","Fremantle"
2026,12,"Zac","Bailey","BL",2,"Brisbane Lions","Fremantle"
2026,12,"Sam","Switkowski","FRE",1,"Brisbane Lions","Fremantle"
2026,12,"Shai","Bolton","FRE",1,"Brisbane Lions","Fremantle"
2026,12,"Jordan","De Goey","COLL",10,"Western Bulldogs","Collingwood"
2026,12,"Marcus","Bontempelli","WB",5,"Western Bulldogs","Collingwood"
2026,12,"Tim","English","WB",5,"Western Bulldogs","Collingwood"
2026,12,"Ed","Richards","WB",4,"Western Bulldogs","Collingwood"
2026,12,"Nick","Daicos","COLL",3,"Western Bulldogs","Collingwood"
2026,12,"Brayden","Maynard","COLL",2,"Western Bulldogs","Collingwood"
2026,12,"Lachie","Schultz","COLL",1,"Western Bulldogs","Collingwood"
2026,12,"Finn","Callaghan","GWS",10,"Melbourne","GWS Giants"
2026,12,"Toby","Bedford","GWS",4,"Melbourne","GWS Giants"
2026,12,"Toby","Greene","GWS",4,"Melbourne","GWS Giants"
2026,12,"Connor","Idun","GWS",4,"Melbourne","GWS Giants"
2026,12,"Harvey","Thomas","GWS",4,"Melbourne","GWS Giants"
2026,12,"Lachie","Ash","GWS",3,"Melbourne","GWS Giants"
2026,12,"Clayton","Oliver","GWS",1,"Melbourne","GWS Giants"
2026,12,"Reuben","Ginbey","WCE",10,"West Coast Eagles","Essendon"
2026,12,"Harley","Reid","WCE",7,"West Coast Eagles","Essendon"
2026,12,"Jake","Waterman","WCE",4,"West Coast Eagles","Essendon"
2026,12,"Milan","Murdock","WCE",3,"West Coast Eagles","Essendon"
2026,12,"Tom","McCarthy","WCE",2,"West Coast Eagles","Essendon"
2026,12,"Sullivan","Robey","ESS",2,"West Coast Eagles","Essendon"
2026,12,"Tim","Kelly","WCE",1,"West Coast Eagles","Essendon"
2026,12,"Liam","Baker","WCE",1,"West Coast Eagles","Essendon"
2026,13,"Jordan","Dawson","ADEL",10,"Adelaide Crows","Geelong Cats"
2026,13,"Daniel","Curtin","ADEL",8,"Adelaide Crows","Geelong Cats"
2026,13,"Patrick","Dangerfield","GEEL",6,"Adelaide Crows","Geelong Cats"
2026,13,"Sam","De Koning","GEEL",4,"Adelaide Crows","Geelong Cats"
2026,13,"Alex","Neal-Bullen","ADEL",1,"Adelaide Crows","Geelong Cats"
2026,13,"Max","Holmes","GEEL",1,"Adelaide Crows","Geelong Cats"
2026,13,"Jai","Newcombe","HAW",10,"Hawthorn","Western Bulldogs"
2026,13,"Jarman","Impey","HAW",7,"Hawthorn","Western Bulldogs"
2026,13,"Bailey","Dale","WB",6,"Hawthorn","Western Bulldogs"
2026,13,"Marcus","Bontempelli","WB",5,"Hawthorn","Western Bulldogs"
2026,13,"Michael","Sellwood","WB",1,"Hawthorn","Western Bulldogs"
2026,13,"Josh","Ward","HAW",1,"Hawthorn","Western Bulldogs"
2026,13,"Luke","Jackson","FRE",10,"North Melbourne","Fremantle"
2026,13,"Andrew","Brayshaw","FRE",8,"North Melbourne","Fremantle"
2026,13,"Patrick","Voss","FRE",6,"North Melbourne","Fremantle"
2026,13,"Sam","Switkowski","FRE",2,"North Melbourne","Fremantle"
2026,13,"Hayden","Young","FRE",2,"North Melbourne","Fremantle"
2026,13,"Josh","Treacy","FRE",1,"North Melbourne","Fremantle"
2026,13,"Nathan","O'Driscoll","FRE",1,"North Melbourne","Fremantle"
2026,13,"Logan","Morris","BL",10,"Gold Coast Suns","Brisbane Lions"
2026,13,"Lachie","Neale","BL",8,"Gold Coast Suns","Brisbane Lions"
2026,13,"Darcy","Wilmot","BL",6,"Gold Coast Suns","Brisbane Lions"
2026,13,"Josh","Dunkley","BL",4,"Gold Coast Suns","Brisbane Lions"
2026,13,"Ben","King","GCFC",1,"Gold Coast Suns","Brisbane Lions"
2026,13,"Zac","Bailey","BL",1,"Gold Coast Suns","Brisbane Lions"
2026,13,"Esava","Ratugolea","PORT",10,"West Coast Eagles","Port Adelaide"
2026,13,"Jason","Horne-Francis","PORT",7,"West Coast Eagles","Port Adelaide"
2026,13,"Jordon","Sweet","PORT",4,"West Coast Eagles","Port Adelaide"
2026,13,"Tom","McCarthy","WCE",4,"West Coast Eagles","Port Adelaide"
2026,13,"Harley","Reid","WCE",2,"West Coast Eagles","Port Adelaide"
2026,13,"Darcy","Byrne-Jones","PORT",2,"West Coast Eagles","Port Adelaide"
2026,13,"Tim","Kelly","WCE",1,"West Coast Eagles","Port Adelaide"
2026,13,"Isaac","Heeney","SYD",10,"Sydney Swans","St Kilda"
2026,13,"Liam","Ryan","STK",8,"Sydney Swans","St Kilda"
2026,13,"Chad","Warner","SYD",4,"Sydney Swans","St Kilda"
2026,13,"Jai","Serong","SYD",3,"Sydney Swans","St Kilda"
2026,13,"Max","Hall","STK",3,"Sydney Swans","St Kilda"
2026,13,"Nasiah","Wanganeen-Milera","STK",1,"Sydney Swans","St Kilda"
2026,13,"Hugo","Garcia","STK",1,"Sydney Swans","St Kilda"
2026,13,"Sam","Durham","ESS",8,"Essendon","Carlton"
2026,13,"Zach","Reid","ESS",7,"Essendon","Carlton"
2026,13,"Harry","McKay","CARL",6,"Essendon","Carlton"
2026,13,"George","Hewett","CARL",6,"Essendon","Carlton"
2026,13,"Will","Setterfield","ESS",2,"Essendon","Carlton"
2026,13,"Nicholas","Newman","CARL",1,"Essendon","Carlton"
2026,13,"Kysaiah","Pickett","MELB",10,"Collingwood","Melbourne"
2026,13,"Bayley","Fritsch","MELB",6,"Collingwood","Melbourne"
2026,13,"Nick","Daicos","COLL",6,"Collingwood","Melbourne"
2026,13,"Max","Gawn","MELB",4,"Collingwood","Melbourne"
2026,13,"Harvey","Langford","MELB",2,"Collingwood","Melbourne"
2026,13,"Jake","Lever","MELB",1,"Collingwood","Melbourne"
2026,13,"Beau","McCreery","COLL",1,"Collingwood","Melbourne"
2026,14,"Jordan","Dawson","ADEL",10,"Western Bulldogs","Adelaide Crows"
2026,14,"Sam","Berry","ADEL",7,"Western Bulldogs","Adelaide Crows"
2026,14,"Lachlan","McAndrew","ADEL",7,"Western Bulldogs","Adelaide Crows"
2026,14,"Joshua","Rachele","ADEL",4,"Western Bulldogs","Adelaide Crows"
2026,14,"Rory","Laird","ADEL",2,"Western Bulldogs","Adelaide Crows"
2026,14,"Max","Holmes","GEEL",10,"Geelong Cats","Gold Coast Suns"
2026,14,"Bailey","Smith","GEEL",7,"Geelong Cats","Gold Coast Suns"
2026,14,"Tom","Atkins","GEEL",4,"Geelong Cats","Gold Coast Suns"
2026,14,"Noah","Anderson","GCFC",3,"Geelong Cats","Gold Coast Suns"
2026,14,"Jeremy","Cameron","GEEL",2,"Geelong Cats","Gold Coast Suns"
2026,14,"Connor","O'Sullivan","GEEL",2,"Geelong Cats","Gold Coast Suns"
2026,14,"Oliver","Dempsey","GEEL",1,"Geelong Cats","Gold Coast Suns"
2026,14,"Lawson","Humphries","GEEL",1,"Geelong Cats","Gold Coast Suns"
2026,14,"Kysaiah","Pickett","MELB",10,"Melbourne","Essendon"
2026,14,"Max","Gawn","MELB",8,"Melbourne","Essendon"
2026,14,"Ed","Langdon","MELB",6,"Melbourne","Essendon"
2026,14,"Koltyn","Tholstrup","MELB",2,"Melbourne","Essendon"
2026,14,"Jake","Bowey","MELB",2,"Melbourne","Essendon"
2026,14,"Jack","Steele","MELB",1,"Melbourne","Essendon"
2026,14,"Will","Setterfield","ESS",1,"Melbourne","Essendon"
2026,14,"Jack","Darling","NMFC",8,"North Melbourne","West Coast Eagles"
2026,14,"Tim","Kelly","WCE",6,"North Melbourne","West Coast Eagles"
2026,14,"Harry","Sheezel","NMFC",5,"North Melbourne","West Coast Eagles"
2026,14,"Nick","Larkey","NMFC",5,"North Melbourne","West Coast Eagles"
2026,14,"Jobe","Shanahan","WCE",3,"North Melbourne","West Coast Eagles"
2026,14,"Jake","Waterman","WCE",2,"North Melbourne","West Coast Eagles"
2026,14,"Tom","Blamires","NMFC",1,"North Melbourne","West Coast Eagles"
2026,14,"Isaac","Heeney","SYD",10,"Port Adelaide","Sydney Swans"
2026,14,"Zak","Butters","PORT",4,"Port Adelaide","Sydney Swans"
2026,14,"Joe","Richards","PORT",4,"Port Adelaide","Sydney Swans"
2026,14,"Callum","Mills","SYD",4,"Port Adelaide","Sydney Swans"
2026,14,"Jai","Serong","SYD",3,"Port Adelaide","Sydney Swans"
2026,14,"Darcy","Byrne-Jones","PORT",3,"Port Adelaide","Sydney Swans"
2026,14,"Logan","McDonald","SYD",1,"Port Adelaide","Sydney Swans"
2026,14,"Brodie","Grundy","SYD",1,"Port Adelaide","Sydney Swans"
2026,14,"Will","Ashcroft","BL",10,"Richmond","Brisbane Lions"
2026,14,"Tim","Taranto","RICH",6,"Richmond","Brisbane Lions"
2026,14,"Zac","Bailey","BL",6,"Richmond","Brisbane Lions"
2026,14,"Lachie","Neale","BL",6,"Richmond","Brisbane Lions"
2026,14,"Darcy","Wilmot","BL",1,"Richmond","Brisbane Lions"
2026,14,"Sam","Draper","BL",1,"Richmond","Brisbane Lions"
2026,14,"Nasiah","Wanganeen-Milera","STK",9,"St Kilda","GWS Giants"
2026,14,"Liam","Ryan","STK",9,"St Kilda","GWS Giants"
2026,14,"Cooper","Sharman","STK",4,"St Kilda","GWS Giants"
2026,14,"Brent","Daniels","GWS",4,"St Kilda","GWS Giants"
2026,14,"Clayton","Oliver","GWS",2,"St Kilda","GWS Giants"
2026,14,"Aaron","Cadman","GWS",2,"St Kilda","GWS Giants"
2026,15,"Luke","Jackson","FRE",10,"Fremantle","Geelong Cats"
2026,15,"Andrew","Brayshaw","FRE",8,"Fremantle","Geelong Cats"
2026,15,"Murphy","Reid","FRE",5,"Fremantle","Geelong Cats"
2026,15,"Alex","Pearce","FRE",3,"Fremantle","Geelong Cats"
2026,15,"Max","Holmes","GEEL",2,"Fremantle","Geelong Cats"
2026,15,"Jye","Amiss","FRE",1,"Fremantle","Geelong Cats"
2026,15,"Connor","O'Sullivan","GEEL",1,"Fremantle","Geelong Cats"
2026,15,"Jai","Newcombe","HAW",8,"Gold Coast Suns","Hawthorn"
2026,15,"Mac","Andrew","GCFC",7,"Gold Coast Suns","Hawthorn"
2026,15,"Noah","Anderson","GCFC",5,"Gold Coast Suns","Hawthorn"
2026,15,"Ben","Long","GCFC",5,"Gold Coast Suns","Hawthorn"
2026,15,"Will","Day","HAW",4,"Gold Coast Suns","Hawthorn"
2026,15,"Dylan","Moore","HAW",1,"Gold Coast Suns","Hawthorn"
2026,15,"Mark","Keane","ADEL",9,"Adelaide Crows","Melbourne"
2026,15,"Max","Gawn","MELB",8,"Adelaide Crows","Melbourne"
2026,15,"Kade","Chandler","MELB",4,"Adelaide Crows","Melbourne"
2026,15,"Wayne","Milera","ADEL",4,"Adelaide Crows","Melbourne"
2026,15,"Sam","Berry","ADEL",3,"Adelaide Crows","Melbourne"
2026,15,"James","Borlase","ADEL",2,"Adelaide Crows","Melbourne"
2026,15,"Sam","Walsh","CARL",8,"GWS Giants","Carlton"
2026,15,"George","Hewett","CARL",8,"GWS Giants","Carlton"
2026,15,"Patrick","Cripps","CARL",8,"GWS Giants","Carlton"
2026,15,"Jagga","Smith","CARL",4,"GWS Giants","Carlton"
2026,15,"Nick","Haynes","CARL",1,"GWS Giants","Carlton"
2026,15,"Nicholas","Newman","CARL",1,"GWS Giants","Carlton"
2026,15,"Jordan","De Goey","COLL",9,"Collingwood","Port Adelaide"
2026,15,"Nick","Daicos","COLL",9,"Collingwood","Port Adelaide"
2026,15,"Jeremy","Howe","COLL",6,"Collingwood","Port Adelaide"
2026,15,"Darcy","Byrne-Jones","PORT",3,"Collingwood","Port Adelaide"
2026,15,"Jason","Horne-Francis","PORT",3,"Collingwood","Port Adelaide"
2026,15,"Caleb","Daniel","NMFC",10,"Richmond","North Melbourne"
2026,15,"Cooper","Trembath","NMFC",7,"Richmond","North Melbourne"
2026,15,"Harry","Sheezel","NMFC",6,"Richmond","North Melbourne"
2026,15,"Luke","Parker","NMFC",5,"Richmond","North Melbourne"
2026,15,"Tom","Brown","RICH",1,"Richmond","North Melbourne"
2026,15,"George","Wardlaw","NMFC",1,"Richmond","North Melbourne"
2026,15,"Marcus","Bontempelli","WB",10,"St Kilda","Western Bulldogs"
2026,15,"Nasiah","Wanganeen-Milera","STK",7,"St Kilda","Western Bulldogs"
2026,15,"Hugo","Garcia","STK",6,"St Kilda","Western Bulldogs"
2026,15,"Bailey","Dale","WB",5,"St Kilda","Western Bulldogs"
2026,15,"Buku","Khamis","WB",1,"St Kilda","Western Bulldogs"
2026,15,"James","O'Donnell","WB",1,"St Kilda","Western Bulldogs"
2026,16,"Chad","Warner","SYD",9,"Brisbane Lions","Sydney Swans"
2026,16,"Will","Ashcroft","BL",8,"Brisbane Lions","Sydney Swans"
2026,16,"Conor","McKenna","BL",5,"Brisbane Lions","Sydney Swans"
2026,16,"Zac","Bailey","BL",4,"Brisbane Lions","Sydney Swans"
2026,16,"Josh","Dunkley","BL",2,"Brisbane Lions","Sydney Swans"
2026,16,"Levi","Ashcroft","BL",2,"Brisbane Lions","Sydney Swans"
2026,16,"Jai","Newcombe","HAW",10,"Hawthorn","GWS Giants"
2026,16,"Cameron","Mackenzie","HAW",6,"Hawthorn","GWS Giants"
2026,16,"Will","Day","HAW",6,"Hawthorn","GWS Giants"
2026,16,"Blake","Hardwick","HAW",4,"Hawthorn","GWS Giants"
2026,16,"Jack","Ginnivan","HAW",2,"Hawthorn","GWS Giants"
2026,16,"Callum","Brown","GWS",1,"Hawthorn","GWS Giants"
2026,16,"Finn","Callaghan","GWS",1,"Hawthorn","GWS Giants"
2026,16,"Patrick","Cripps","CARL",9,"Carlton","West Coast Eagles"
2026,16,"Sam","Walsh","CARL",8,"Carlton","West Coast Eagles"
2026,16,"Ben","Ainsworth","CARL",7,"Carlton","West Coast Eagles"
2026,16,"George","Hewett","CARL",4,"Carlton","West Coast Eagles"
2026,16,"Lachie","Cowan","CARL",1,"Carlton","West Coast Eagles"
2026,16,"Harley","Reid","WCE",1,"Carlton","West Coast Eagles"
2026,16,"Nick","Daicos","COLL",10,"Collingwood","Richmond"
2026,16,"Tim","Taranto","RICH",7,"Collingwood","Richmond"
2026,16,"Jordan","De Goey","COLL",7,"Collingwood","Richmond"
2026,16,"Josh","Daicos","COLL",2,"Collingwood","Richmond"
2026,16,"Lachie","Schultz","COLL",2,"Collingwood","Richmond"
2026,16,"Dan","Houston","COLL",1,"Collingwood","Richmond"
2026,16,"Jack","Crisp","COLL",1,"Collingwood","Richmond"
2026,16,"Zak","Butters","PORT",10,"Port Adelaide","Adelaide Crows"
2026,16,"Jordon","Sweet","PORT",7,"Port Adelaide","Adelaide Crows"
2026,16,"Jason","Horne-Francis","PORT",7,"Port Adelaide","Adelaide Crows"
2026,16,"Darcy","Fogarty","ADEL",2,"Port Adelaide","Adelaide Crows"
2026,16,"Mitchell","Georgiades","PORT",2,"Port Adelaide","Adelaide Crows"
2026,16,"Josh","Lai","PORT",2,"Port Adelaide","Adelaide Crows"
2026,16,"Harry","Sheezel","NMFC",10,"North Melbourne","Essendon"
2026,16,"Luke","Davies-Uniacke","NMFC",7,"North Melbourne","Essendon"
2026,16,"Caleb","Daniel","NMFC",6,"North Melbourne","Essendon"
2026,16,"Sam","Durham","ESS",5,"North Melbourne","Essendon"
2026,16,"Colby","McKercher","NMFC",1,"North Melbourne","Essendon"
2026,16,"Luke","Parker","NMFC",1,"North Melbourne","Essendon"
2026,16,"Andrew","Brayshaw","FRE",10,"Fremantle","Gold Coast Suns"
2026,16,"Michael","Frederick","FRE",6,"Fremantle","Gold Coast Suns"
2026,16,"Luke","Jackson","FRE",6,"Fremantle","Gold Coast Suns"
2026,16,"Brennan","Cox","FRE",4,"Fremantle","Gold Coast Suns"
2026,16,"Murphy","Reid","FRE",3,"Fremantle","Gold Coast Suns"
2026,16,"Karl","Worner","FRE",1,"Fremantle","Gold Coast Suns"
